# FaultStick File From SMI
# ====================================
# X  .m
# Y  .m
# T  .m
# FaultStick Start End Sign
# FaultName
# inline
# xline
# ====================================
# ~Values
  573012.500    4207065.341       2202.600   1                    F01   1530   2550
  573012.500    4206586.221       2477.000   2                    F01   1530   2512
  573012.500    4206061.569       2756.400   2                    F01   1530   2470
  573012.500    4205511.432       2993.800   2                    F01   1530   2426
  573012.500    4204556.933       3263.400   2                    F01   1530   2350
  573012.500    4203577.630       3545.000   2                    F01   1530   2271
  573012.500    4203140.304       3670.200   2                    F01   1530   2236
  573012.500    4202806.961       3765.800   3                    F01   1530   2210
  573262.500    4207032.040       2403.800   1                    F01   1550   2548
  573262.500    4206723.840       2585.000   2                    F01   1550   2523
  573262.500    4206244.381       2773.600   2                    F01   1550   2485
  573262.500    4205819.293       2964.800   2                    F01   1550   2451
  573262.500    4205432.260       3101.800   2                    F01   1550   2420
  573262.500    4204886.200       3305.200   2                    F01   1550   2376
  573262.500    4204469.604       3422.800   2                    F01   1550   2343
  573262.500    4203744.470       3660.400   2                    F01   1550   2285
  573262.500    4203390.399       3743.800   2                    F01   1550   2256
  573262.500    4203161.370       3800.000   3                    F01   1550   2238
  573512.500    4208936.282       1149.400   1                    F01   1570   2700
  573512.500    4208619.589       1372.400   2                    F01   1570   2675
  573512.500    4208411.291       1519.400   2                    F01   1570   2658
  573512.500    4208140.472       1693.200   2                    F01   1570   2636
  573512.500    4207978.045       1808.400   2                    F01   1570   2623
  573512.500    4207715.381       2021.400   2                    F01   1570   2602
  573512.500    4207261.407       2332.600   2                    F01   1570   2566
  573512.500    4206836.316       2589.800   2                    F01   1570   2532
  573512.500    4206453.021       2810.400   2                    F01   1570   2501
  573512.500    4206115.597       2994.000   2                    F01   1570   2474
  573512.500    4205757.107       3143.400   2                    F01   1570   2446
  573512.500    4205031.976       3368.800   2                    F01   1570   2388
  573512.500    4204594.653       3493.800   2                    F01   1570   2353
  573512.500    4204123.687       3618.800   2                    F01   1570   2315
  573512.500    4203548.745       3763.200   3                    F01   1570   2269
  574012.500    4209123.852       1159.200   1                    F01   1610   2715
  574012.500    4208927.789       1330.800   2                    F01   1610   2699
  574012.500    4208761.285       1482.600   2                    F01   1610   2686
  574012.500    4208544.491       1698.200   2                    F01   1610   2669
  574012.500    4208265.515       1945.600   2                    F01   1610   2646
  574012.500    4207965.472       2178.200   2                    F01   1610   2622
  574012.500    4207586.255       2457.600   2                    F01   1610   2592
  574012.500    4207319.513       2609.400   2                    F01   1610   2571
  574012.500    4206965.442       2776.000   2                    F01   1610   2542
  574012.500    4206673.889       2918.000   2                    F01   1610   2519
  574012.500    4206327.972       3011.200   2                    F01   1610   2491
  574012.500    4205857.010       3175.400   2                    F01   1610   2454
  574012.500    4205303.134       3322.400   2                    F01   1610   2409
  574012.500    4204719.699       3481.600   2                    F01   1610   2363
  574012.500    4204219.513       3633.400   2                    F01   1610   2323
  574012.500    4203648.986       3775.600   3                    F01   1610   2277
  573762.500    4209186.377       1142.000   1                    F01   1590   2720
  573762.500    4208932.205       1330.800   2                    F01   1590   2700
  573762.500    4208678.033       1541.400   2                    F01   1590   2679
  573762.500    4208415.368       1769.200   2                    F01   1590   2658
  573762.500    4208132.312       1972.600   2                    F01   1590   2636
  573762.500    4207886.297       2158.800   2                    F01   1590   2616
  573762.500    4207357.229       2455.200   2                    F01   1590   2574
  573762.500    4207015.390       2658.400   2                    F01   1590   2546
  573762.500    4206423.797       2925.600   2                    F01   1590   2499
  573762.500    4206086.377       3097.000   2                    F01   1590   2472
  573762.500    4205344.592       3310.000   2                    F01   1590   2413
  573762.500    4204802.948       3432.600   2                    F01   1590   2369
  573762.500    4204261.306       3562.400   2                    F01   1590   2326
  573762.500    4203819.568       3694.600   2                    F01   1590   2291
  573762.500    4203627.917       3751.000   3                    F01   1590   2275
  573887.500    4209177.881       1137.200   1                    F01   1600   2719
  573887.500    4208961.428       1303.800   2                    F01   1600   2702
  573887.500    4208757.208       1497.200   2                    F01   1600   2686
  573887.500    4208527.844       1700.600   2                    F01   1600   2667
  573887.500    4208319.543       1891.600   2                    F01   1600   2651
  573887.500    4208094.598       2068.000   2                    F01   1600   2633
  573887.500    4207807.122       2259.200   2                    F01   1600   2610
  573887.500    4207465.286       2479.600   2                    F01   1600   2582
  573887.500    4206952.868       2753.800   2                    F01   1600   2541
  573887.500    4206578.067       2915.600   2                    F01   1600   2511
  573887.500    4206215.500       3045.400   2                    F01   1600   2482
  573887.500    4205836.282       3175.400   2                    F01   1600   2452
  573887.500    4205182.165       3356.600   2                    F01   1600   2400
  573887.500    4204552.856       3511.000   2                    F01   1600   2349
  573887.500    4204128.106       3633.400   2                    F01   1600   2315
  573887.500    4203653.064       3790.200   3                    F01   1600   2277
  574137.500    4209294.433       1132.200   1                    F01   1620   2729
  574137.500    4209086.132       1245.000   2                    F01   1620   2712
  574137.500    4208923.709       1374.800   2                    F01   1620   2699
  574137.500    4208752.789       1519.400   2                    F01   1620   2685
  574137.500    4208536.337       1739.800   2                    F01   1620   2668
  574137.500    4208323.620       1984.800   2                    F01   1620   2651
  574137.500    4208065.374       2173.400   2                    F01   1620   2630
  574137.500    4207781.979       2349.800   2                    F01   1620   2608
  574137.500    4207611.401       2462.400   2                    F01   1620   2594
  574137.500    4207236.261       2680.400   2                    F01   1620   2564
  574137.500    4206894.763       2822.400   2                    F01   1620   2537
  574137.500    4206511.126       2962.200   2                    F01   1620   2506
  574137.500    4206178.122       3065.200   2                    F01   1620   2479
  574137.500    4205690.509       3209.600   2                    F01   1620   2440
  574137.500    4205265.417       3319.800   2                    F01   1620   2406
  574137.500    4204773.727       3462.000   2                    F01   1620   2367
  574137.500    4204336.401       3599.200   2                    F01   1620   2332
  574137.500    4203927.963       3719.200   2                    F01   1620   2299
  574137.500    4203778.112       3758.400   3                    F01   1620   2287
  574262.500    4209515.301       1127.400   1                    F01   1630   2746
  574262.500    4209240.405       1274.400   2                    F01   1630   2724
  574262.500    4208982.156       1472.800   2                    F01   1630   2704
  574262.500    4208678.033       1717.800   2                    F01   1630   2679
  574262.500    4208369.494       1984.800   2                    F01   1630   2655
  574262.500    4208082.364       2205.200   2                    F01   1630   2632
  574262.500    4207807.122       2394.000   2                    F01   1630   2610
  574262.500    4207461.206       2602.200   2                    F01   1630   2582
  574262.500    4207023.883       2795.600   2                    F01   1630   2547
  574262.500    4206736.413       2905.600   2                    F01   1630   2524
  574262.500    4206361.273       3028.200   2                    F01   1630   2494
  574262.500    4205940.600       3165.400   2                    F01   1630   2460
  574262.500    4205377.893       3322.200   2                    F01   1630   2415
  574262.500    4204923.578       3442.200   2                    F01   1630   2379
  574262.500    4204419.653       3599.200   2                    F01   1630   2339
  574262.500    4203894.662       3743.600   2                    F01   1630   2297
  574262.500    4203707.092       3787.800   3                    F01   1630   2282
  574387.500    4209602.972       1147.000   1                    F01   1640   2753
  574387.500    4209361.374       1294.000   2                    F01   1640   2734
  574387.500    4209048.755       1514.400   2                    F01   1640   2709
  574387.500    4208740.558       1720.200   2                    F01   1640   2684
  574387.500    4208448.669       1945.600   2                    F01   1640   2661
  574387.500    4208131.976       2173.400   2                    F01   1640   2636
  574387.500    4207877.801       2325.200   2                    F01   1640   2615
  574387.500    4207598.828       2513.800   2                    F01   1640   2593
  574387.500    4207256.988       2695.200   2                    F01   1640   2566
  574387.500    4206869.616       2874.000   2                    F01   1640   2535
  574387.500    4206511.126       2994.000   2                    F01   1640   2506
  574387.500    4206223.993       3089.600   2                    F01   1640   2483
  574387.500    4205565.460       3278.200   2                    F01   1640   2430
  574387.500    4205031.976       3425.200   2                    F01   1640   2388
  574387.500    4204657.174       3515.800   2                    F01   1640   2358
  574387.500    4204419.653       3596.800   2                    F01   1640   2339
  574387.500    4203994.565       3714.200   2                    F01   1640   2305
  574387.500    4203707.092       3790.200   3                    F01   1640   2282
  574887.500    4210440.579       1134.800   1                    F01   1680   2820
  574887.500    4210052.868       1262.200   2                    F01   1680   2789
  574887.500    4209665.493       1423.800   2                    F01   1680   2758
  574887.500    4209186.377       1627.200   2                    F01   1680   2720
  574887.500    4208794.586       1825.600   2                    F01   1680   2689
  574887.500    4208278.088       2077.800   2                    F01   1680   2647
  574887.500    4207952.899       2239.600   2                    F01   1680   2621
  574887.500    4207665.429       2415.800   2                    F01   1680   2598
  574887.500    4207427.908       2531.000   2                    F01   1680   2579
  574887.500    4207002.820       2746.600   2                    F01   1680   2545
  574887.500    4206644.668       2918.000   2                    F01   1680   2517
  574887.500    4206248.800       3062.600   2                    F01   1680   2485
  574887.500    4205977.978       3170.400   2                    F01   1680   2463
  574887.500    4205332.019       3364.000   2                    F01   1680   2412
  574887.500    4204723.776       3520.800   2                    F01   1680   2363
  574887.500    4204261.306       3645.600   2                    F01   1680   2326
  574887.500    4203757.043       3770.600   3                    F01   1680   2286
  574762.500    4210086.169       1171.400   1                    F01   1670   2792
  574762.500    4209715.445       1306.200   2                    F01   1670   2762
  574762.500    4209352.878       1470.400   2                    F01   1670   2733
  574762.500    4209015.454       1671.200   2                    F01   1670   2706
  574762.500    4208757.208       1823.000   2                    F01   1670   2686
  574762.500    4208503.039       1970.000   2                    F01   1670   2665
  574762.500    4208227.798       2141.600   2                    F01   1670   2643
  574762.500    4207890.374       2335.000   2                    F01   1670   2616
  574762.500    4207702.807       2445.200   2                    F01   1670   2601
  574762.500    4207407.177       2599.600   2                    F01   1670   2578
  574762.500    4207057.184       2776.000   2                    F01   1670   2550
  574762.500    4206548.846       2964.600   2                    F01   1670   2509
  574762.500    4206119.674       3101.800   2                    F01   1670   2475
  574762.500    4205677.935       3248.800   2                    F01   1670   2439
  574762.500    4205332.019       3351.800   2                    F01   1670   2412
  574762.500    4204852.899       3484.000   2                    F01   1670   2373
  574762.500    4204331.985       3628.600   2                    F01   1670   2332
  574762.500    4203865.439       3756.000   2                    F01   1670   2294
  574762.500    4203711.169       3800.000   3                    F01   1670   2282
  574637.500    4209807.190       1200.800   1                    F01   1660   2770
  574637.500    4209582.245       1313.600   2                    F01   1660   2752
  574637.500    4209319.580       1480.200   2                    F01   1660   2731
  574637.500    4209061.328       1641.800   2                    F01   1660   2710
  574637.500    4208831.964       1786.400   2                    F01   1660   2692
  574637.500    4208648.810       1886.800   2                    F01   1660   2677
  574637.500    4208457.165       1999.400   2                    F01   1660   2662
  574637.500    4208211.148       2151.400   2                    F01   1660   2642
  574637.500    4208007.269       2264.000   2                    F01   1660   2626
  574637.500    4207790.475       2374.200   2                    F01   1660   2608
  574637.500    4207648.779       2474.800   2                    F01   1660   2597
  574637.500    4207252.911       2690.200   2                    F01   1660   2565
  574637.500    4206873.694       2871.600   2                    F01   1660   2535
  574637.500    4206423.459       3030.600   2                    F01   1660   2499
  574637.500    4206073.803       3143.400   2                    F01   1660   2471
  574637.500    4205573.956       3278.200   2                    F01   1660   2431
  574637.500    4205157.022       3393.400   2                    F01   1660   2398
  574637.500    4204403.003       3591.800   2                    F01   1660   2337
  574637.500    4203890.585       3733.800   2                    F01   1660   2296
  574637.500    4203694.519       3787.800   3                    F01   1660   2281
  574512.500    4209607.049       1200.800   1                    F01   1650   2754
  574512.500    4209361.374       1350.200   2                    F01   1650   2734
  574512.500    4209094.629       1568.400   2                    F01   1650   2713
  574512.500    4208765.362       1776.600   2                    F01   1650   2686
  574512.500    4208427.942       2006.800   2                    F01   1650   2659
  574512.500    4208090.518       2207.600   2                    F01   1650   2632
  574512.500    4207836.346       2352.200   2                    F01   1650   2612
  574512.500    4207582.177       2484.600   2                    F01   1650   2592
  574512.500    4207223.687       2692.800   2                    F01   1650   2563
  574512.500    4206811.511       2888.600   2                    F01   1650   2530
  574512.500    4206365.350       3045.400   2                    F01   1650   2494
  574512.500    4206057.153       3153.200   2                    F01   1650   2470
  574512.500    4205173.672       3393.400   2                    F01   1650   2399
  574512.500    4204544.702       3542.800   2                    F01   1650   2349
  574512.500    4204003.058       3689.800   2                    F01   1650   2305
  574512.500    4203774.032       3760.800   3                    F01   1650   2287
  575512.500    4211469.494       1117.600   1                    F01   1730   2903
  575512.500    4211115.423       1196.000   2                    F01   1730   2874
  575512.500    4210782.080       1294.000   2                    F01   1730   2848
  575512.500    4210486.114       1384.600   2                    F01   1730   2824
  575512.500    4210181.988       1445.800   2                    F01   1730   2800
  575512.500    4209927.820       1512.000   2                    F01   1730   2779
  575512.500    4209519.378       1649.200   2                    F01   1730   2747
  575512.500    4209148.657       1793.600   2                    F01   1730   2717
  575512.500    4208831.964       1953.000   2                    F01   1730   2692
  575512.500    4208573.715       2097.400   2                    F01   1730   2671
  575512.500    4208277.746       2229.800   2                    F01   1730   2647
  575512.500    4207973.626       2376.800   2                    F01   1730   2623
  575512.500    4207669.507       2516.400   2                    F01   1730   2599
  575512.500    4207336.163       2692.800   2                    F01   1730   2572
  575512.500    4206990.246       2817.600   2                    F01   1730   2544
  575512.500    4206594.378       2974.400   2                    F01   1730   2513
  575512.500    4206332.052       3062.600   2                    F01   1730   2492
  575512.500    4205944.677       3192.600   2                    F01   1730   2461
  575512.500    4205552.890       3327.200   2                    F01   1730   2429
  575512.500    4205057.119       3486.400   2                    F01   1730   2390
  575512.500    4204623.874       3606.400   2                    F01   1730   2355
  575512.500    4204228.006       3721.600   2                    F01   1730   2323
  575512.500    4203990.484       3770.600   3                    F01   1730   2304
  575637.500    4211561.242       1110.200   1                    F01   1740   2910
  575637.500    4211244.546       1203.400   2                    F01   1740   2885
  575637.500    4210911.203       1311.200   2                    F01   1740   2858
  575637.500    4210648.538       1401.800   2                    F01   1740   2837
  575637.500    4210436.163       1458.000   2                    F01   1740   2820
  575637.500    4210236.017       1490.000   2                    F01   1740   2804
  575637.500    4210036.218       1526.600   2                    F01   1740   2788
  575637.500    4209794.616       1588.000   2                    F01   1740   2769
  575637.500    4209473.507       1710.400   2                    F01   1740   2743
  575637.500    4209140.161       1886.800   2                    F01   1740   2716
  575637.500    4208823.810       2041.000   2                    F01   1740   2691
  575637.500    4208544.491       2163.600   2                    F01   1740   2669
  575637.500    4208244.449       2276.400   2                    F01   1740   2645
  575637.500    4207982.123       2403.800   2                    F01   1740   2624
  575637.500    4207698.730       2543.400   2                    F01   1740   2601
  575637.500    4207423.828       2678.000   2                    F01   1740   2579
  575637.500    4207111.212       2822.600   2                    F01   1740   2554
  575637.500    4206932.141       2893.600   2                    F01   1740   2540
  575637.500    4206803.015       2937.800   2                    F01   1740   2529
  575637.500    4206486.322       3052.800   2                    F01   1740   2504
  575637.500    4206111.181       3185.200   2                    F01   1740   2474
  575637.500    4205698.663       3300.200   2                    F01   1740   2441
  575637.500    4205344.592       3395.800   2                    F01   1740   2413
  575637.500    4204927.997       3525.600   2                    F01   1740   2379
  575637.500    4204511.059       3665.200   2                    F01   1740   2346
  575637.500    4204111.114       3780.400   3                    F01   1740   2314
  575387.500    4211219.403       1115.200   1                    F01   1720   2883
  575387.500    4210919.357       1208.200   2                    F01   1720   2859
  575387.500    4210602.664       1308.600   2                    F01   1720   2833
  575387.500    4210261.163       1394.400   2                    F01   1720   2806
  575387.500    4209806.851       1521.800   2                    F01   1720   2770
  575387.500    4209444.623       1651.600   2                    F01   1720   2741
  575387.500    4209152.734       1761.800   2                    F01   1720   2717
  575387.500    4208811.236       1933.400   2                    F01   1720   2690
  575387.500    4208507.113       2097.400   2                    F01   1720   2666
  575387.500    4208269.592       2212.600   2                    F01   1720   2647
  575387.500    4207919.598       2379.200   2                    F01   1720   2619
  575387.500    4207461.206       2607.000   2                    F01   1720   2582
  575387.500    4207115.292       2744.200   2                    F01   1720   2554
  575387.500    4206798.596       2864.200   2                    F01   1720   2529
  575387.500    4206457.098       2999.000   2                    F01   1720   2502
  575387.500    4206069.384       3136.200   2                    F01   1720   2471
  575387.500    4205452.987       3337.000   2                    F01   1720   2421
  575387.500    4204961.297       3471.800   2                    F01   1720   2382
  575387.500    4204482.177       3638.400   2                    F01   1720   2344
  575387.500    4204007.135       3746.200   2                    F01   1720   2306
  575387.500    4203832.138       3785.400   3                    F01   1720   2292
  575262.500    4211002.948       1134.800   1                    F01   1710   2865
  575262.500    4210765.429       1210.600   2                    F01   1710   2846
  575262.500    4210527.908       1284.200   2                    F01   1710   2827
  575262.500    4210273.736       1343.000   2                    F01   1710   2807
  575262.500    4210090.582       1384.600   2                    F01   1710   2792
  575262.500    4209919.665       1450.800   2                    F01   1710   2779
  575262.500    4209690.301       1534.000   2                    F01   1710   2760
  575262.500    4209448.700       1627.200   2                    F01   1710   2741
  575262.500    4209177.881       1705.400   2                    F01   1710   2719
  575262.500    4208986.233       1781.400   2                    F01   1710   2704
  575262.500    4208732.061       1911.200   2                    F01   1710   2684
  575262.500    4208473.816       2041.000   2                    F01   1710   2663
  575262.500    4208090.518       2222.400   2                    F01   1710   2632
  575262.500    4207682.080       2416.000   2                    F01   1710   2600
  575262.500    4207315.436       2597.200   2                    F01   1710   2570
  575262.500    4206978.012       2763.800   2                    F01   1710   2543
  575262.500    4206427.874       2979.200   2                    F01   1710   2499
  575262.500    4206107.104       3082.000   2                    F01   1710   2474
  575262.500    4205827.789       3192.400   2                    F01   1710   2451
  575262.500    4205498.861       3288.000   2                    F01   1710   2425
  575262.500    4205140.371       3408.000   2                    F01   1710   2396
  575262.500    4204798.871       3523.200   2                    F01   1710   2369
  575262.500    4204315.335       3662.800   2                    F01   1710   2330
  575262.500    4203915.390       3775.600   3                    F01   1710   2298
  575137.500    4210869.745       1127.400   1                    F01   1700   2855
  575137.500    4210623.730       1203.400   2                    F01   1700   2835
  575137.500    4210361.407       1269.400   2                    F01   1700   2814
  575137.500    4210152.771       1313.600   2                    F01   1700   2797
  575137.500    4209957.043       1394.400   2                    F01   1700   2782
  575137.500    4209752.823       1477.600   2                    F01   1700   2765
  575137.500    4209527.874       1563.400   2                    F01   1700   2747
  575137.500    4209240.405       1663.800   2                    F01   1700   2724
  575137.500    4208932.205       1766.800   2                    F01   1700   2700
  575137.500    4208715.411       1859.800   2                    F01   1700   2682
  575137.500    4208453.085       2004.400   2                    F01   1700   2661
  575137.500    4208103.091       2156.400   2                    F01   1700   2633
  575137.500    4207844.503       2288.600   2                    F01   1700   2613
  575137.500    4207536.303       2450.200   2                    F01   1700   2588
  575137.500    4207181.891       2636.600   2                    F01   1700   2560
  575137.500    4206786.364       2824.800   2                    F01   1700   2528
  575137.500    4206423.797       2979.200   2                    F01   1700   2499
  575137.500    4206107.104       3087.200   2                    F01   1700   2474
  575137.500    4205648.712       3239.200   2                    F01   1700   2437
  575137.500    4205107.071       3393.400   2                    F01   1700   2394
  575137.500    4204694.552       3545.400   2                    F01   1700   2361
  575137.500    4204015.631       3724.000   2                    F01   1700   2306
  575137.500    4203794.760       3790.200   3                    F01   1700   2289
  575012.500    4210523.828       1154.400   1                    F01   1690   2827
  575012.500    4210215.292       1257.200   2                    F01   1690   2802
  575012.500    4209911.169       1374.800   2                    F01   1690   2778
  575012.500    4209607.049       1516.800   2                    F01   1690   2754
  575012.500    4209257.055       1649.200   2                    F01   1690   2726
  575012.500    4208911.139       1774.000   2                    F01   1690   2698
  575012.500    4208607.016       1896.600   2                    F01   1690   2674
  575012.500    4208261.438       2050.800   2                    F01   1690   2646
  575012.500    4208011.346       2175.800   2                    F01   1690   2626
  575012.500    4207711.303       2342.400   2                    F01   1690   2602
  575012.500    4207349.075       2560.600   2                    F01   1690   2573
  575012.500    4206940.295       2761.400   2                    F01   1690   2540
  575012.500    4206511.465       2945.000   2                    F01   1690   2506
  575012.500    4206124.093       3089.600   2                    F01   1690   2475
  575012.500    4205615.411       3251.400   2                    F01   1690   2434
  575012.500    4205248.767       3359.200   2                    F01   1690   2405
  575012.500    4204744.842       3518.200   2                    F01   1690   2365
  575012.500    4204320.092       3626.200   2                    F01   1690   2331
  575012.500    4204031.942       3697.200   2                    F01   1690   2308
  575012.500    4203744.470       3780.400   3                    F01   1690   2285
  575887.500    4211623.764       1117.600   1                    F01   1760   2915
  575887.500    4211323.718       1210.600   2                    F01   1760   2891
  575887.500    4211044.403       1303.800   2                    F01   1760   2869
  575887.500    4210748.779       1421.400   2                    F01   1760   2845
  575887.500    4210456.891       1502.200   2                    F01   1760   2822
  575887.500    4210156.845       1580.600   2                    F01   1760   2798
  575887.500    4209981.848       1637.000   2                    F01   1760   2784
  575887.500    4209686.221       1732.400   2                    F01   1760   2760
  575887.500    4209415.402       1850.000   2                    F01   1760   2738
  575887.500    4209069.482       1997.000   2                    F01   1760   2711
  575887.500    4208652.887       2173.400   2                    F01   1760   2677
  575887.500    4208452.746       2251.600   2                    F01   1760   2661
  575887.500    4208098.675       2430.600   2                    F01   1760   2633
  575887.500    4207661.010       2658.400   2                    F01   1760   2598
  575887.500    4207265.484       2832.200   2                    F01   1760   2566
  575887.500    4206815.246       3001.200   2                    F01   1760   2530
  575887.500    4206411.224       3146.000   2                    F01   1760   2498
  575887.500    4205857.010       3337.000   2                    F01   1760   2454
  575887.500    4205315.368       3506.000   2                    F01   1760   2410
  575887.500    4204852.899       3645.600   2                    F01   1760   2373
  575887.500    4204477.759       3780.400   3                    F01   1760   2343
  576137.500    4211665.222       1112.600   1                    F01   1780   2918
  576137.500    4211361.096       1213.200   2                    F01   1780   2894
  576137.500    4210998.529       1333.200   2                    F01   1780   2865
  576137.500    4210665.185       1453.200   2                    F01   1780   2838
  576137.500    4210177.914       1592.800   2                    F01   1780   2799
  576137.500    4209836.072       1705.400   2                    F01   1780   2772
  576137.500    4209419.476       1877.000   2                    F01   1780   2739
  576137.500    4209069.482       2016.600   2                    F01   1780   2711
  576137.500    4208727.984       2148.800   2                    F01   1780   2683
  576137.500    4208452.746       2281.200   2                    F01   1780   2661
  576137.500    4208236.291       2413.400   2                    F01   1780   2644
  576137.500    4207865.231       2590.000   2                    F01   1780   2614
  576137.500    4207457.132       2798.200   2                    F01   1780   2582
  576137.500    4207040.194       2964.600   2                    F01   1780   2548
  576137.500    4206636.172       3109.200   2                    F01   1780   2516
  576137.500    4206236.227       3246.400   2                    F01   1780   2484
  576137.500    4205836.282       3393.400   2                    F01   1780   2452
  576137.500    4205344.592       3528.200   2                    F01   1780   2413
  576137.500    4204944.647       3658.000   2                    F01   1780   2381
  576137.500    4204544.702       3782.800   3                    F01   1780   2349
  576637.500    4211565.320       1149.400   1                    F01   1820   2910
  576637.500    4211331.878       1237.600   2                    F01   1820   2892
  576637.500    4210998.529       1374.800   2                    F01   1820   2865
  576637.500    4210752.856       1465.400   2                    F01   1820   2845
  576637.500    4210506.842       1529.200   2                    F01   1820   2826
  576637.500    4210169.418       1612.400   2                    F01   1820   2799
  576637.500    4209919.324       1710.400   2                    F01   1820   2779
  576637.500    4209615.204       1872.000   2                    F01   1820   2754
  576637.500    4209423.556       2038.600   2                    F01   1820   2739
  576637.500    4209181.958       2193.000   2                    F01   1820   2720
  576637.500    4209036.184       2303.200   2                    F01   1820   2708
  576637.500    4208740.216       2447.600   2                    F01   1820   2684
  576637.500    4208390.222       2589.800   2                    F01   1820   2656
  576637.500    4208094.598       2712.200   2                    F01   1820   2633
  576637.500    4207831.930       2837.200   2                    F01   1820   2612
  576637.500    4207503.003       2937.600   2                    F01   1820   2585
  576637.500    4207198.541       3062.600   2                    F01   1820   2561
  576637.500    4206790.442       3172.800   2                    F01   1820   2528
  576637.500    4206398.651       3297.800   2                    F01   1820   2497
  576637.500    4205844.436       3454.600   2                    F01   1820   2453
  576637.500    4205319.446       3587.000   2                    F01   1820   2411
  576637.500    4204677.902       3731.400   2                    F01   1820   2359
  576637.500    4204578.003       3763.200   3                    F01   1820   2351
  576387.500    4211665.222       1134.800   1                    F01   1800   2918
  576387.500    4211390.320       1223.000   2                    F01   1800   2896
  576387.500    4211023.675       1343.000   2                    F01   1800   2867
  576387.500    4210598.584       1472.800   2                    F01   1800   2833
  576387.500    4210248.590       1568.400   2                    F01   1800   2805
  576387.500    4209902.673       1693.200   2                    F01   1800   2777
  576387.500    4209465.350       1874.600   2                    F01   1800   2742
  576387.500    4209169.385       2048.400   2                    F01   1800   2719
  576387.500    4208886.331       2210.200   2                    F01   1800   2696
  576387.500    4208577.792       2371.800   2                    F01   1800   2671
  576387.500    4208265.176       2516.200   2                    F01   1800   2646
  576387.500    4207940.326       2665.600   2                    F01   1800   2620
  576387.500    4207673.584       2805.400   2                    F01   1800   2599
  576387.500    4207240.338       2974.400   2                    F01   1800   2564
  576387.500    4206852.966       3128.600   2                    F01   1800   2533
  576387.500    4206456.759       3246.200   2                    F01   1800   2502
  576387.500    4206040.503       3373.600   2                    F01   1800   2468
  576387.500    4205457.065       3528.200   2                    F01   1800   2422
  576387.500    4205023.480       3645.600   2                    F01   1800   2387
  576387.500    4204627.951       3770.600   3                    F01   1800   2355
  576887.500    4210744.360       1448.200   1                    F01   1840   2845
  576887.500    4210365.484       1644.200   2                    F01   1840   2814
  576887.500    4210044.372       1832.800   2                    F01   1840   2789
  576887.500    4209673.651       2065.600   2                    F01   1840   2759
  576887.500    4209411.322       2224.800   2                    F01   1840   2738
  576887.500    4209177.881       2366.800   2                    F01   1840   2719
  576887.500    4208815.314       2553.000   2                    F01   1840   2690
  576887.500    4208369.494       2729.400   2                    F01   1840   2655
  576887.500    4207932.171       2891.000   2                    F01   1840   2620
  576887.500    4207490.429       3028.200   2                    F01   1840   2584
  576887.500    4206965.442       3192.400   2                    F01   1840   2542
  576887.500    4206415.301       3336.800   2                    F01   1840   2498
  576887.500    4205890.310       3491.400   2                    F01   1840   2456
  576887.500    4205340.515       3645.600   2                    F01   1840   2412
  576887.500    4204848.822       3758.400   3                    F01   1840   2373
  577137.500    4211086.200       1455.600   1                    F01   1860   2872
  577137.500    4210823.535       1565.800   2                    F01   1860   2851
  577137.500    4210540.481       1715.200   2                    F01   1860   2828
  577137.500    4210248.590       1864.800   2                    F01   1860   2805
  577137.500    4209927.820       2053.400   2                    F01   1860   2779
  577137.500    4209669.574       2205.200   2                    F01   1860   2759
  577137.500    4209327.734       2384.000   2                    F01   1860   2731
  577137.500    4208936.282       2562.800   2                    F01   1860   2700
  577137.500    4208415.368       2758.800   2                    F01   1860   2658
  577137.500    4207990.277       2920.600   2                    F01   1860   2624
  577137.500    4207465.286       3092.000   2                    F01   1860   2582
  577137.500    4206852.966       3290.400   2                    F01   1860   2533
  577137.500    4206398.651       3422.800   2                    F01   1860   2497
  577137.500    4205911.038       3574.600   2                    F01   1860   2458
  577137.500    4205469.638       3704.400   2                    F01   1860   2423
  577137.500    4205131.875       3785.400   3                    F01   1860   2396
  578137.500    4211398.477       1487.400   1                    F01   1940   2897
  578137.500    4210902.710       1705.400   2                    F01   1940   2857
  578137.500    4210548.636       1906.400   2                    F01   1940   2829
  578137.500    4210202.719       2107.200   2                    F01   1940   2801
  578137.500    4209756.900       2349.600   2                    F01   1940   2766
  578137.500    4209398.752       2528.600   2                    F01   1940   2737
  578137.500    4209002.881       2695.200   2                    F01   1940   2705
  578137.500    4208623.666       2859.400   2                    F01   1940   2675
  578137.500    4208215.228       3021.000   2                    F01   1940   2642
  578137.500    4207748.681       3202.400   2                    F01   1940   2605
  578137.500    4207365.384       3349.200   2                    F01   1940   2574
  578137.500    4206902.917       3491.400   2                    F01   1940   2537
  578137.500    4206481.903       3604.000   2                    F01   1940   2504
  578137.500    4206123.755       3709.400   2                    F01   1940   2475
  578137.500    4205928.027       3756.000   3                    F01   1940   2459
  578387.500    4211707.016       1362.400   1                    F01   1960   2922
  578387.500    4211423.620       1529.000   2                    F01   1960   2899
  578387.500    4211123.578       1744.600   2                    F01   1960   2875
  578387.500    4210927.853       1859.800   2                    F01   1960   2859
  578387.500    4210673.681       2031.200   2                    F01   1960   2839
  578387.500    4210352.911       2229.600   2                    F01   1960   2813
  578387.500    4210019.568       2403.600   2                    F01   1960   2787
  578387.500    4209711.029       2538.400   2                    F01   1960   2762
  578387.500    4209390.256       2653.400   2                    F01   1960   2736
  578387.500    4209061.328       2793.000   2                    F01   1960   2710
  578387.500    4208736.139       2920.400   2                    F01   1960   2684
  578387.500    4208365.417       3072.400   2                    F01   1960   2654
  578387.500    4208052.801       3202.400   2                    F01   1960   2629
  578387.500    4207594.409       3386.000   2                    F01   1960   2593
  578387.500    4207090.484       3564.800   2                    F01   1960   2552
  578387.500    4206552.923       3702.000   2                    F01   1960   2509
  578387.500    4206252.878       3778.000   3                    F01   1960   2485
  578887.500    4211761.044       1526.800   1                    F01   2000   2926
  578887.500    4211511.291       1693.400   2                    F01   2000   2906
  578887.500    4211223.480       1938.200   2                    F01   2000   2883
  578887.500    4210952.661       2131.800   2                    F01   2000   2861
  578887.500    4210615.237       2305.800   2                    F01   2000   2834
  578887.500    4210190.484       2518.800   2                    F01   2000   2800
  578887.500    4209698.794       2670.800   2                    F01   2000   2761
  578887.500    4209436.130       2761.200   2                    F01   2000   2740
  578887.500    4209119.433       2876.400   2                    F01   2000   2715
  578887.500    4208765.362       3030.600   2                    F01   2000   2686
  578887.500    4208161.197       3263.400   2                    F01   2000   2638
  578887.500    4207498.584       3501.000   2                    F01   2000   2585
  578887.500    4207077.914       3628.400   2                    F01   2000   2551
  578887.500    4206573.651       3763.200   2                    F01   2000   2511
  578887.500    4206453.021       3787.800   3                    F01   2000   2501
  579137.500    4211969.342       1583.000   1                    F01   2020   2943
  579137.500    4211740.314       1774.200   2                    F01   2020   2924
  579137.500    4211444.348       1989.800   2                    F01   2020   2901
  579137.500    4211086.200       2178.400   2                    F01   2020   2872
  579137.500    4210677.759       2367.000   2                    F01   2020   2839
  579137.500    4210186.069       2531.000   2                    F01   2020   2800
  579137.500    4209794.617       2656.000   2                    F01   2020   2769
  579137.500    4209444.623       2783.400   2                    F01   2020   2741
  579137.500    4208965.167       2947.600   2                    F01   2020   2702
  579137.500    4208469.397       3136.200   2                    F01   2020   2663
  579137.500    4207898.529       3368.800   2                    F01   2020   2617
  579137.500    4207352.814       3567.400   2                    F01   2020   2573
  579137.500    4206882.190       3694.600   2                    F01   2020   2536
  579137.500    4206561.078       3782.800   3                    F01   2020   2510
  579387.500    4212094.391       1644.200   1                    F01   2040   2953
  579387.500    4211877.936       1825.600   2                    F01   2040   2935
  579387.500    4211602.698       1997.000   2                    F01   2040   2913
  579387.500    4211077.704       2224.800   2                    F01   2040   2871
  579387.500    4210673.682       2398.800   2                    F01   2040   2839
  579387.500    4210265.240       2567.600   2                    F01   2040   2806
  579387.500    4209944.470       2670.600   2                    F01   2040   2781
  579387.500    4209402.826       2851.800   2                    F01   2040   2737
  579387.500    4209073.563       2989.200   2                    F01   2040   2711
  579387.500    4208636.240       3138.600   2                    F01   2040   2676
  579387.500    4208107.168       3334.600   2                    F01   2040   2634
  579387.500    4207648.779       3489.000   2                    F01   2040   2597
  579387.500    4207186.310       3631.000   2                    F01   2040   2560
  579387.500    4206740.491       3753.400   2                    F01   2040   2524
  579387.500    4206673.550       3770.600   3                    F01   2040   2519
  579637.500    4212119.531       1764.400   1                    F01   2060   2955
  579637.500    4211919.391       1931.000   2                    F01   2060   2939
  579637.500    4211602.698       2100.000   2                    F01   2060   2913
  579637.500    4211269.354       2249.400   2                    F01   2060   2887
  579637.500    4211015.179       2362.000   2                    F01   2060   2866
  579637.500    4210732.129       2506.600   2                    F01   2060   2844
  579637.500    4210148.691       2732.000   2                    F01   2060   2797
  579637.500    4209548.602       2923.000   2                    F01   2060   2749
  579637.500    4208931.866       3116.600   2                    F01   2060   2700
  579637.500    4208302.893       3310.000   2                    F01   2060   2649
  579637.500    4207544.458       3550.000   2                    F01   2060   2589
  579637.500    4207181.891       3660.200   2                    F01   2060   2560
  579637.500    4206857.043       3763.200   3                    F01   2060   2534
  579887.500    4212136.185       1842.600   1                    F01   2080   2956
  579887.500    4211877.936       1999.400   2                    F01   2080   2935
  579887.500    4211490.222       2200.400   2                    F01   2080   2904
  579887.500    4211056.976       2408.600   2                    F01   2080   2870
  579887.500    4210557.132       2602.000   2                    F01   2080   2830
  579887.500    4210036.218       2812.800   2                    F01   2080   2788
  579887.500    4209536.029       2974.400   2                    F01   2080   2748
  579887.500    4208865.265       3180.200   2                    F01   2080   2694
  579887.500    4208119.403       3425.200   2                    F01   2080   2635
  579887.500    4207552.954       3579.600   2                    F01   2080   2589
  579887.500    4207119.369       3719.200   2                    F01   2080   2555
  579887.500    4206815.247       3780.400   3                    F01   2080   2530
  578637.500    4211744.394       1414.000   1                    F01   1980   2925
  578637.500    4211456.921       1656.600   2                    F01   1980   2902
  578637.500    4211036.249       1926.000   2                    F01   1980   2868
  578637.500    4210644.458       2195.400   2                    F01   1980   2837
  578637.500    4210311.114       2362.000   2                    F01   1980   2810
  578637.500    4209977.771       2533.600   2                    F01   1980   2783
  578637.500    4209669.574       2631.600   2                    F01   1980   2759
  578637.500    4209302.927       2773.600   2                    F01   1980   2729
  578637.500    4208890.411       2937.800   2                    F01   1980   2696
  578637.500    4208698.761       3023.400   2                    F01   1980   2681
  578637.500    4208269.592       3185.200   2                    F01   1980   2647
  578637.500    4207710.962       3400.800   2                    F01   1980   2602
  578637.500    4207227.765       3569.800   2                    F01   1980   2563
  578637.500    4206661.319       3704.400   2                    F01   1980   2518
  578637.500    4206398.651       3768.200   3                    F01   1980   2497
  577887.500    4210931.930       1536.400   1                    F01   1920   2860
  577887.500    4210519.412       1727.600   2                    F01   1920   2827
  577887.500    4210207.135       1933.400   2                    F01   1920   2802
  577887.500    4209957.043       2112.200   2                    F01   1920   2782
  577887.500    4209665.494       2330.200   2                    F01   1920   2758
  577887.500    4209461.273       2469.800   2                    F01   1920   2742
  577887.500    4209198.608       2602.000   2                    F01   1920   2721
  577887.500    4208881.915       2717.200   2                    F01   1920   2696
  577887.500    4208682.110       2778.400   2                    F01   1920   2680
  577887.500    4208340.271       2910.600   2                    F01   1920   2652
  577887.500    4207956.976       3077.200   2                    F01   1920   2622
  577887.500    4207486.014       3226.600   2                    F01   1920   2584
  577887.500    4207081.988       3369.000   2                    F01   1920   2552
  577887.500    4206569.571       3523.200   2                    F01   1920   2511
  577887.500    4206144.482       3643.200   2                    F01   1920   2477
  577887.500    4205677.936       3753.400   2                    F01   1920   2439
  577887.500    4205561.044       3768.200   3                    F01   1920   2430
  577637.500    4211048.483       1441.000   1                    F01   1900   2869
  577637.500    4210752.856       1573.200   2                    F01   1900   2845
  577637.500    4210440.240       1730.000   2                    F01   1900   2820
  577637.500    4210186.069       1894.200   2                    F01   1900   2800
  577637.500    4209927.820       2095.000   2                    F01   1900   2779
  577637.500    4209686.221       2259.200   2                    F01   1900   2760
  577637.500    4209336.227       2464.800   2                    F01   1900   2732
  577637.500    4208919.635       2658.400   2                    F01   1900   2699
  577637.500    4208598.520       2793.200   2                    F01   1900   2673
  577637.500    4208257.022       2954.800   2                    F01   1900   2646
  577637.500    4207965.472       3047.800   2                    F01   1900   2622
  577637.500    4207386.114       3248.600   2                    F01   1900   2576
  577637.500    4206906.994       3393.200   2                    F01   1900   2538
  577637.500    4206515.204       3493.600   2                    F01   1900   2506
  577637.500    4206061.230       3613.800   2                    F01   1900   2470
  577637.500    4205736.041       3689.600   2                    F01   1900   2444
  577637.500    4205515.509       3763.200   3                    F01   1900   2426
  577387.500    4210907.123       1482.600   1                    F01   1880   2858
  577387.500    4210586.014       1659.000   2                    F01   1880   2832
  577387.500    4210315.191       1796.200   2                    F01   1880   2810
  577387.500    4210032.141       1984.800   2                    F01   1880   2788
  577387.500    4209740.249       2171.000   2                    F01   1880   2764
  577387.500    4209448.700       2337.600   2                    F01   1880   2741
  577387.500    4209061.328       2540.800   2                    F01   1880   2710
  577387.500    4208761.285       2687.800   2                    F01   1880   2686
  577387.500    4208406.872       2834.800   2                    F01   1880   2658
  577387.500    4208061.297       2976.800   2                    F01   1880   2630
  577387.500    4207744.601       3082.200   2                    F01   1880   2605
  577387.500    4207223.688       3248.800   2                    F01   1880   2563
  577387.500    4206861.120       3356.600   2                    F01   1880   2534
  577387.500    4206344.623       3513.400   2                    F01   1880   2493
  577387.500    4205807.059       3648.200   2                    F01   1880   2450
  577387.500    4205319.446       3760.800   3                    F01   1880   2411
  572887.500    4208169.690       1181.200   1                    F01   1520   2639
  572887.500    4207869.647       1404.200   2                    F01   1520   2615
  572887.500    4207527.807       1617.400   2                    F01   1520   2587
  572887.500    4207290.289       1823.000   2                    F01   1520   2568
  572887.500    4206936.218       2153.800   2                    F01   1520   2540
  572887.500    4206648.745       2354.800   2                    F01   1520   2517
  572887.500    4206490.399       2474.800   2                    F01   1520   2504
  572887.500    4206286.178       2589.800   2                    F01   1520   2488
  572887.500    4206086.035       2687.800   2                    F01   1520   2472
  572887.500    4205761.187       2859.400   2                    F01   1520   2446
  572887.500    4205457.064       2977.000   2                    F01   1520   2422
  572887.500    4205123.721       3089.600   2                    F01   1520   2395
  572887.500    4204619.796       3219.600   2                    F01   1520   2355
  572887.500    4203823.645       3432.400   2                    F01   1520   2291
  572887.500    4203398.553       3540.400   2                    F01   1520   2257
  572887.500    4202802.545       3704.400   2                    F01   1520   2209
  572887.500    4202527.984       3773.200   3                    F01   1520   2187
  573137.500    4208356.921       1156.800   1                    F01   1540   2654
  573137.500    4208223.718       1267.000   2                    F01   1540   2643
  573137.500    4207894.455       1529.200   2                    F01   1540   2617
  573137.500    4207536.303       1916.200   2                    F01   1540   2588
  573137.500    4207227.765       2163.600   2                    F01   1540   2563
  573137.500    4206877.771       2408.600   2                    F01   1540   2535
  573137.500    4206511.126       2594.800   2                    F01   1540   2506
  573137.500    4206107.104       2790.800   2                    F01   1540   2474
  573137.500    4205640.216       2962.200   2                    F01   1540   2436
  573137.500    4205061.197       3175.400   2                    F01   1540   2390
  573137.500    4204411.499       3373.800   2                    F01   1540   2338
  573137.500    4203735.635       3589.200   2                    F01   1540   2284
  573137.500    4203444.766       3675.000   2                    F01   1540   2261
  573137.500    4202986.035       3773.200   3                    F01   1540   2224
  573387.500    4208677.691       1178.800   1                    F01   1560   2679
  573387.500    4208652.887       1203.400   2                    F01   1560   2677
  573387.500    4208344.690       1369.800   2                    F01   1560   2653
  573387.500    4208148.626       1485.000   2                    F01   1560   2637
  573387.500    4207952.899       1703.000   2                    F01   1560   2621
  573387.500    4207840.426       1857.600   2                    F01   1560   2612
  573387.500    4207702.807       2055.800   2                    F01   1560   2601
  573387.500    4207311.016       2330.200   2                    F01   1560   2570
  573387.500    4206969.519       2508.800   2                    F01   1560   2543
  573387.500    4206619.522       2675.400   2                    F01   1560   2515
  573387.500    4206044.241       2932.600   2                    F01   1560   2469
  573387.500    4205611.334       3094.400   2                    F01   1560   2434
  573387.500    4205148.526       3253.600   2                    F01   1560   2397
  573387.500    4204681.979       3417.800   2                    F01   1560   2360
  573387.500    4204102.960       3596.800   2                    F01   1560   2313
  573387.500    4203686.026       3719.200   2                    F01   1560   2280
  573387.500    4203419.281       3787.600   3                    F01   1560   2259
  573637.500    4209098.706       1132.200   1                    F01   1580   2713
  573637.500    4208890.411       1289.000   2                    F01   1580   2696
  573637.500    4208715.411       1421.400   2                    F01   1580   2682
  573637.500    4208473.816       1605.000   2                    F01   1580   2663
  573637.500    4208169.354       1808.400   2                    F01   1580   2639
  573637.500    4207882.220       1987.200   2                    F01   1580   2616
  573637.500    4207644.702       2148.800   2                    F01   1580   2597
  573637.500    4207140.435       2494.200   2                    F01   1580   2556
  573637.500    4206757.483       2707.200   2                    F01   1580   2526
  573637.500    4206419.720       2866.600   2                    F01   1580   2499
  573637.500    4206007.202       3079.600   2                    F01   1580   2466
  573637.500    4205482.208       3238.800   2                    F01   1580   2424
  573637.500    4205040.469       3383.600   2                    F01   1580   2388
  573637.500    4204502.905       3508.600   2                    F01   1580   2345
  573637.500    4204044.513       3635.800   2                    F01   1580   2309
  573637.500    4203603.112       3756.000   3                    F01   1580   2273
  572637.500    4208007.269       1183.800   1                    F01   1500   2626
  572637.500    4207744.601       1421.400   2                    F01   1500   2605
  572637.500    4207440.481       1659.000   2                    F01   1500   2580
  572637.500    4207194.464       1852.400   2                    F01   1500   2561
  572637.500    4206911.410       2085.200   2                    F01   1500   2538
  572637.500    4206436.370       2411.000   2                    F01   1500   2500
  572637.500    4206036.425       2643.800   2                    F01   1500   2468
  572637.500    4205682.013       2800.600   2                    F01   1500   2440
  572637.500    4205219.543       2947.400   2                    F01   1500   2403
  572637.500    4204873.968       3052.800   2                    F01   1500   2375
  572637.500    4204398.925       3204.600   2                    F01   1500   2337
  572637.500    4203882.089       3363.800   2                    F01   1500   2296
  572637.500    4203494.717       3464.200   2                    F01   1500   2265
  572637.500    4202940.503       3584.400   2                    F01   1500   2220
  572637.500    4202469.537       3670.200   2                    F01   1500   2183
  572637.500    4202157.263       3731.400   2                    F01   1500   2158
  572637.500    4201903.091       3797.600   3                    F01   1500   2137
  572387.500    4208069.451       1142.000   1                    F01   1480   2631
  572387.500    4207819.699       1289.000   2                    F01   1480   2611
  572387.500    4207573.681       1453.200   2                    F01   1480   2591
  572387.500    4207298.785       1673.600   2                    F01   1480   2569
  572387.500    4207040.533       1891.600   2                    F01   1480   2548
  572387.500    4206827.819       2050.800   2                    F01   1480   2531
  572387.500    4206515.545       2281.200   2                    F01   1480   2506
  572387.500    4206252.877       2457.600   2                    F01   1480   2485
  572387.500    4206073.803       2560.400   2                    F01   1480   2471
  572387.500    4205719.732       2719.600   2                    F01   1480   2443
  572387.500    4205394.543       2834.600   2                    F01   1480   2417
  572387.500    4205053.042       2915.600   2                    F01   1480   2389
  572387.500    4204540.283       3065.200   2                    F01   1480   2348
  572387.500    4203961.264       3212.000   2                    F01   1480   2302
  572387.500    4203265.350       3366.400   2                    F01   1480   2246
  572387.500    4202765.167       3491.200   2                    F01   1480   2206
  572387.500    4202223.864       3626.200   2                    F01   1480   2163
  572387.500    4201836.151       3729.000   3                    F01   1480   2132
  572137.500    4208011.346       1117.600   1                    F01   1460   2626
  572137.500    4207823.773       1298.800   2                    F01   1460   2611
  572137.500    4207661.352       1455.600   2                    F01   1460   2598
  572137.500    4207411.258       1673.600   2                    F01   1460   2578
  572137.500    4207186.309       1830.400   2                    F01   1460   2560
  572137.500    4206894.763       1982.400   2                    F01   1460   2537
  572137.500    4206598.455       2146.400   2                    F01   1460   2513
  572137.500    4206306.906       2300.800   2                    F01   1460   2490
  572137.500    4205978.320       2445.400   2                    F01   1460   2463
  572137.500    4205649.054       2580.000   2                    F01   1460   2437
  572137.500    4205269.836       2729.400   2                    F01   1460   2407
  572137.500    4204832.171       2886.200   2                    F01   1460   2372
  572137.500    4204374.121       3025.800   2                    F01   1460   2335
  572137.500    4203852.868       3155.800   2                    F01   1460   2293
  572137.500    4203478.067       3275.600   2                    F01   1460   2263
  572137.500    4202899.047       3400.600   2                    F01   1460   2217
  572137.500    4202177.990       3581.800   2                    F01   1460   2159
  572137.500    4201248.635       3738.800   3                    F01   1460   2085
  571137.500    4208032.074       1112.600   1                    F01   1380   2628
  571137.500    4207736.108       1227.800   2                    F01   1380   2604
  571137.500    4207465.286       1343.000   2                    F01   1380   2582
  571137.500    4207182.232       1504.600   2                    F01   1380   2560
  571137.500    4206944.711       1659.000   2                    F01   1380   2541
  571137.500    4206723.840       1823.000   2                    F01   1380   2523
  571137.500    4206423.797       2001.800   2                    F01   1380   2499
  571137.500    4206103.027       2190.600   2                    F01   1380   2473
  571137.500    4205777.838       2369.400   2                    F01   1380   2447
  571137.500    4205398.620       2541.000   2                    F01   1380   2417
  571137.500    4204865.472       2722.200   2                    F01   1380   2374
  571137.500    4204311.257       2886.400   2                    F01   1380   2330
  571137.500    4203636.413       3084.800   2                    F01   1380   2276
  571137.500    4202865.405       3253.800   2                    F01   1380   2214
  571137.500    4202294.543       3356.600   2                    F01   1380   2169
  571137.500    4201648.919       3484.000   2                    F01   1380   2117
  571137.500    4201115.435       3609.000   2                    F01   1380   2074
  571137.500    4200840.533       3675.000   2                    F01   1380   2052
  571137.501    4200411.367       3770.600   2                    F01   1380   2018
  571137.501    4200315.544       3797.600   3                    F01   1380   2010
  570887.500    4207823.773       1122.400   1                    F01   1360   2611
  570887.500    4207473.779       1284.200   2                    F01   1360   2583
  570887.500    4207119.708       1497.200   2                    F01   1360   2555
  570887.500    4206711.267       1732.400   2                    F01   1360   2522
  570887.500    4206390.496       1965.200   2                    F01   1360   2496
  570887.500    4205928.027       2237.000   2                    F01   1360   2459
  570887.500    4205627.984       2381.600   2                    F01   1360   2435
  570887.500    4205057.119       2614.400   2                    F01   1360   2390
  570887.500    4204644.601       2749.000   2                    F01   1360   2357
  570887.500    4204053.009       2935.200   2                    F01   1360   2309
  570887.500    4203511.367       3082.200   2                    F01   1360   2266
  570887.500    4202898.706       3214.400   2                    F01   1360   2217
  570887.500    4202394.781       3300.200   2                    F01   1360   2177
  570887.500    4201898.675       3408.000   2                    F01   1360   2137
  570887.500    4201390.332       3493.800   2                    F01   1360   2096
  570887.500    4200998.883       3611.400   2                    F01   1360   2065
  570887.501    4200632.237       3702.000   2                    F01   1360   2036
  570887.501    4200190.496       3792.600   3                    F01   1360   2000
  571637.500    4207944.744       1107.800   1                    F01   1420   2621
  571637.500    4207719.458       1279.200   2                    F01   1420   2603
  571637.500    4207407.177       1504.600   2                    F01   1420   2578
  571637.500    4207048.690       1747.200   2                    F01   1420   2549
  571637.500    4206623.599       2019.200   2                    F01   1420   2515
  571637.500    4206319.818       2183.200   2                    F01   1420   2491
  571637.500    4206002.783       2322.800   2                    F01   1420   2465
  571637.500    4205615.411       2506.400   2                    F01   1420   2434
  571637.500    4205202.893       2675.600   2                    F01   1420   2401
  571637.500    4204411.160       2927.800   2                    F01   1420   2338
  571637.500    4203698.938       3128.600   2                    F01   1420   2281
  571637.500    4203136.227       3239.000   2                    F01   1420   2236
  571637.500    4202577.935       3354.000   2                    F01   1420   2191
  571637.500    4202061.438       3476.600   2                    F01   1420   2150
  571637.500    4201348.538       3611.400   2                    F01   1420   2093
  571637.501    4200794.662       3716.800   2                    F01   1420   2049
  571637.501    4200444.668       3773.000   3                    F01   1420   2021
  571887.500    4208040.570       1117.600   1                    F01   1440   2628
  571887.500    4207836.346       1252.400   2                    F01   1440   2612
  571887.500    4207552.954       1443.400   2                    F01   1440   2589
  571887.500    4207286.212       1656.600   2                    F01   1440   2568
  571887.500    4206961.023       1881.800   2                    F01   1440   2542
  571887.500    4206640.591       2065.600   2                    F01   1440   2516
  571887.500    4206436.709       2168.600   2                    F01   1440   2500
  571887.500    4206240.304       2264.000   2                    F01   1440   2484
  571887.500    4205890.310       2433.000   2                    F01   1440   2456
  571887.500    4205536.236       2587.400   2                    F01   1440   2428
  571887.500    4205027.896       2763.600   2                    F01   1440   2387
  571887.500    4204423.730       2935.200   2                    F01   1440   2339
  571887.500    4203690.441       3141.000   2                    F01   1440   2280
  571887.500    4203111.422       3275.600   2                    F01   1440   2234
  571887.500    4202565.362       3395.600   2                    F01   1440   2190
  571887.500    4202069.592       3513.200   2                    F01   1440   2151
  571887.500    4201548.678       3626.000   2                    F01   1440   2109
  571887.500    4200990.387       3707.000   2                    F01   1440   2064
  571887.501    4200748.788       3756.000   3                    F01   1440   2045
  571387.500    4208015.423       1129.800   1                    F01   1400   2626
  571387.500    4207702.807       1289.000   2                    F01   1400   2601
  571387.500    4207477.859       1406.600   2                    F01   1400   2583
  571387.500    4207215.533       1553.600   2                    F01   1400   2562
  571387.500    4206902.917       1734.800   2                    F01   1400   2537
  571387.500    4206652.822       1918.600   2                    F01   1400   2517
  571387.500    4206407.147       2085.200   2                    F01   1400   2498
  571387.500    4206069.726       2283.600   2                    F01   1400   2471
  571387.500    4205811.138       2403.600   2                    F01   1400   2450
  571387.500    4205344.592       2592.400   2                    F01   1400   2413
  571387.500    4204798.870       2795.600   2                    F01   1400   2369
  571387.500    4204032.281       3025.800   2                    F01   1400   2308
  571387.500    4203357.098       3182.600   2                    F01   1400   2254
  571387.500    4202840.600       3275.800   2                    F01   1400   2212
  571387.500    4202277.893       3393.400   2                    F01   1400   2167
  571387.500    4201561.251       3557.600   2                    F01   1400   2110
  571387.500    4201052.911       3638.400   2                    F01   1400   2069
  571387.501    4200627.819       3738.800   2                    F01   1400   2035
  571387.501    4200461.319       3768.200   3                    F01   1400   2022
  570637.500    4207769.744       1107.800   1                    F01   1340   2607
  570637.500    4207490.429       1289.000   2                    F01   1340   2584
  570637.500    4207148.590       1480.200   2                    F01   1340   2557
  570637.500    4206794.519       1683.200   2                    F01   1340   2529
  570637.500    4206490.399       1864.600   2                    F01   1340   2504
  570637.500    4206198.510       2063.200   2                    F01   1340   2481
  570637.500    4205911.376       2227.200   2                    F01   1340   2458
  570637.500    4205586.187       2381.600   2                    F01   1340   2432
  570637.500    4205115.563       2567.800   2                    F01   1340   2394
  570637.500    4204690.475       2739.200   2                    F01   1340   2360
  570637.500    4204257.229       2859.200   2                    F01   1340   2326
  570637.500    4203798.840       2976.800   2                    F01   1340   2289
  570637.500    4203348.944       3101.800   2                    F01   1340   2253
  570637.500    4202765.506       3226.600   2                    F01   1340   2206
  570637.500    4202219.787       3307.400   2                    F01   1340   2163
  570637.500    4201840.570       3395.800   2                    F01   1340   2132
  570637.500    4201307.080       3496.200   2                    F01   1340   2090
  570637.500    4200953.009       3606.400   2                    F01   1340   2061
  570637.501    4200511.268       3719.200   2                    F01   1340   2026
  570637.501    4200173.846       3792.600   3                    F01   1340   1999
  570387.500    4207798.629       1115.200   1                    F01   1320   2609
  570387.500    4207490.429       1286.600   2                    F01   1320   2584
  570387.500    4207103.057       1512.000   2                    F01   1320   2553
  570387.500    4206715.344       1737.400   2                    F01   1320   2522
  570387.500    4206453.021       1894.200   2                    F01   1320   2501
  570387.500    4206223.654       2036.200   2                    F01   1320   2483
  570387.500    4205906.961       2220.000   2                    F01   1320   2458
  570387.500    4205569.537       2381.600   2                    F01   1320   2431
  570387.500    4205053.042       2607.000   2                    F01   1320   2389
  570387.500    4204598.730       2754.000   2                    F01   1320   2353
  570387.500    4203944.613       2915.600   2                    F01   1320   2301
  570387.500    4203357.098       3062.600   2                    F01   1320   2254
  570387.500    4202948.657       3158.200   2                    F01   1320   2221
  570387.500    4202378.131       3278.200   2                    F01   1320   2175
  570387.500    4201898.675       3381.200   2                    F01   1320   2137
  570387.500    4201498.730       3452.200   2                    F01   1320   2105
  570387.500    4201094.705       3562.400   2                    F01   1320   2073
  570387.501    4200794.662       3631.000   2                    F01   1320   2049
  570387.501    4200373.649       3731.400   2                    F01   1320   2015
  570387.501    4200086.178       3787.800   3                    F01   1320   1992
  561762.500    4208115.325       1183.800   1                    F02   630   2634
  561762.500    4207740.185       1392.000   2                    F02   630   2604
  561762.500    4207402.761       1580.600   2                    F02   630   2577
  561762.500    4207060.924       1744.600   2                    F02   630   2550
  561762.500    4206744.228       1896.600   2                    F02   630   2525
  561762.500    4206294.332       2041.000   2                    F02   630   2489
  561762.500    4205973.562       2175.800   2                    F02   630   2463
  561762.500    4205702.740       2303.200   2                    F02   630   2441
  561762.500    4205002.752       2587.400   2                    F02   630   2385
  561762.500    4204435.964       2734.400   2                    F02   630   2340
  561762.500    4203990.145       2856.800   2                    F02   630   2304
  561762.500    4203532.094       3006.400   2                    F02   630   2268
  561762.500    4203040.063       3153.200   2                    F02   630   2228
  561762.500    4202590.166       3295.400   2                    F02   630   2192
  561762.500    4202144.347       3425.200   2                    F02   630   2157
  561762.500    4201615.279       3574.600   2                    F02   630   2114
  561762.500    4200907.134       3731.200   3                    F02   630   2058
  567773.761    4203437.499       2830.000   1                    F02   1111   2260
  567727.890    4203437.499       2815.200   2                    F02   1107   2260
  567578.037    4203437.499       2805.400   2                    F02   1095   2260
  567357.166    4203437.499       2798.000   2                    F02   1078   2260
  567031.977    4203437.499       2739.200   2                    F02   1052   2260
  566757.079    4203437.499       2732.000   2                    F02   1030   2260
  566523.636    4203437.499       2719.800   2                    F02   1011   2260
  566307.183    4203437.499       2690.400   2                    F02   994   2260
  566127.768    4203437.499       2680.600   2                    F02   979   2260
  565998.644    4203437.499       2710.000   2                    F02   969   2260
  565848.793    4203437.499       2746.600   2                    F02   957   2260
  565594.622    4203437.499       2790.800   2                    F02   937   2260
  565269.432    4203437.499       2832.400   2                    F02   911   2260
  565057.058    4203437.499       2861.800   2                    F02   894   2260
  564832.109    4203437.499       2898.600   2                    F02   876   2260
  564519.493    4203437.499       2886.200   2                    F02   851   2260
  564090.325    4203437.499       2891.200   2                    F02   816   2260
  563802.854    4203437.499       2903.400   2                    F02   793   2260
  563540.528    4203437.499       2950.000   2                    F02   772   2260
  563273.784    4203437.499       2977.000   2                    F02   751   2260
  562957.090    4203437.499       2950.000   2                    F02   726   2260
  562719.570    4203437.499       2947.600   2                    F02   707   2260
  562273.751    4203437.499       3021.000   2                    F02   671   2260
  561911.184    4203437.499       3050.400   2                    F02   642   2260
  561661.431    4203437.499       3038.200   2                    F02   622   2260
  561415.415    4203437.499       3035.800   2                    F02   602   2260
  561265.563    4203437.499       3006.400   2                    F02   590   2260
  561032.120    4203437.499       2981.800   2                    F02   572   2260
  560844.550    4203437.499       2994.000   2                    F02   557   2260
  560540.429    4203437.499       3040.600   2                    F02   532   2260
  560236.308    4203437.499       3109.200   3                    F02   508   2260
  561887.500    4207461.205       1524.200   1                    F02   640   2582
  561887.500    4207090.484       1705.400   2                    F02   640   2552
  561887.500    4206694.619       1881.800   2                    F02   640   2521
  561887.500    4206273.604       2043.400   2                    F02   640   2487
  561887.500    4205952.834       2168.400   2                    F02   640   2461
  561887.500    4205657.207       2315.400   2                    F02   640   2438
  561887.500    4205298.717       2464.800   2                    F02   640   2409
  561887.500    4204944.646       2599.600   2                    F02   640   2381
  561887.500    4204440.380       2724.400   2                    F02   640   2340
  561887.500    4203936.117       2883.800   2                    F02   640   2300
  561887.500    4203586.123       2998.800   2                    F02   640   2272
  561887.500    4203248.699       3106.600   2                    F02   640   2245
  561887.500    4202798.803       3236.400   2                    F02   640   2209
  561887.500    4202244.591       3388.400   2                    F02   640   2165
  561887.500    4201711.443       3555.000   2                    F02   640   2122
  561887.500    4201148.733       3675.000   2                    F02   640   2077
  561887.501    4200732.137       3755.800   3                    F02   640   2044
  562012.500    4206994.662       1752.200   1                    F02   650   2545
  562012.500    4206540.349       1948.000   2                    F02   650   2508
  562012.500    4205961.327       2153.800   2                    F02   650   2462
  562012.500    4205632.061       2313.000   2                    F02   650   2436
  562012.500    4205148.864       2514.000   2                    F02   650   2397
  562012.500    4204707.125       2653.600   2                    F02   650   2362
  562012.500    4204294.607       2759.000   2                    F02   650   2329
  562012.500    4203936.117       2883.800   2                    F02   650   2300
  562012.500    4203361.175       3067.600   2                    F02   650   2254
  562012.500    4202573.858       3300.200   2                    F02   650   2191
  562012.500    4201802.849       3508.400   2                    F02   650   2129
  562012.500    4201019.610       3694.600   2                    F02   650   2067
  562012.501    4200711.411       3748.400   3                    F02   650   2042
  562137.500    4206527.776       1926.000   1                    F02   660   2507
  562137.500    4206148.897       2080.400   2                    F02   660   2477
  562137.500    4205807.058       2234.600   2                    F02   660   2450
  562137.500    4205440.414       2379.200   2                    F02   660   2420
  562137.500    4204827.755       2597.200   2                    F02   660   2371
  562137.500    4204223.589       2781.000   2                    F02   660   2323
  562137.500    4203794.421       2937.600   2                    F02   660   2289
  562137.500    4203411.126       3060.200   2                    F02   660   2258
  562137.500    4203098.849       3141.000   2                    F02   660   2233
  562137.500    4202653.030       3253.600   2                    F02   660   2197
  562137.500    4202532.061       3292.800   3                    F02   660   2188
  559762.500    4208827.886       1122.400   1                    F02   470   2691
  559762.500    4208561.141       1257.200   2                    F02   470   2670
  559762.500    4208265.175       1404.200   2                    F02   470   2646
  559762.500    4207911.104       1524.200   2                    F02   470   2618
  559762.500    4207636.205       1612.400   2                    F02   470   2596
  559762.500    4207360.967       1747.200   2                    F02   470   2574
  559762.500    4206894.420       1982.400   2                    F02   470   2537
  559762.500    4206561.077       2112.200   2                    F02   470   2510
  559762.500    4206098.607       2283.600   2                    F02   470   2473
  559762.500    4205536.236       2494.200   2                    F02   470   2428
  559762.500    4205023.479       2714.600   2                    F02   470   2387
  559762.500    4204606.884       2854.200   2                    F02   470   2354
  559762.500    4204240.240       2967.000   2                    F02   470   2324
  559762.500    4203698.595       3160.600   2                    F02   470   2281
  559762.500    4203206.905       3288.000   2                    F02   470   2242
  559762.500    4202748.516       3403.200   2                    F02   470   2205
  559762.500    4202169.494       3506.000   2                    F02   470   2159
  559762.500    4201698.531       3577.000   2                    F02   470   2121
  559762.500    4201331.887       3657.800   2                    F02   470   2092
  559762.500    4201031.841       3716.600   3                    F02   470   2068
  559887.500    4208740.215       1115.200   1                    F02   480   2684
  559887.500    4208323.620       1318.400   2                    F02   480   2651
  559887.500    4207948.482       1443.400   2                    F02   480   2621
  559887.500    4207702.807       1551.200   2                    F02   480   2601
  559887.500    4207415.337       1695.600   2                    F02   480   2578
  559887.500    4207052.767       1874.400   2                    F02   480   2549
  559887.500    4206581.804       2099.800   2                    F02   480   2512
  559887.500    4206065.307       2286.000   2                    F02   480   2470
  559887.500    4205527.743       2464.800   2                    F02   480   2427
  559887.500    4205036.053       2660.800   2                    F02   480   2388
  559887.500    4204478.100       2874.000   2                    F02   480   2343
  559887.500    4203898.739       3082.200   2                    F02   480   2297
  559887.500    4203286.077       3246.400   2                    F02   480   2248
  559887.500    4202828.026       3354.000   2                    F02   480   2211
  559887.500    4202181.728       3469.200   2                    F02   480   2160
  559887.500    4201673.726       3574.400   2                    F02   480   2119
  559887.500    4201031.841       3701.800   3                    F02   480   2068
  560137.500    4208652.886       1115.200   1                    F02   500   2677
  560137.500    4208360.998       1235.200   2                    F02   500   2654
  560137.500    4207956.975       1362.600   2                    F02   500   2622
  560137.500    4207581.835       1529.200   2                    F02   500   2592
  560137.500    4207227.764       1715.200   2                    F02   500   2563
  560137.500    4206873.693       1901.600   2                    F02   500   2535
  560137.500    4206411.223       2109.600   2                    F02   500   2498
  560137.500    4205915.456       2298.400   2                    F02   500   2458
  560137.500    4205452.648       2445.200   2                    F02   500   2421
  560137.500    4205135.955       2562.800   2                    F02   500   2396
  560137.500    4204681.640       2749.000   2                    F02   500   2360
  560137.500    4204102.617       2935.200   2                    F02   500   2313
  560137.500    4203377.825       3163.000   2                    F02   500   2255
  560137.500    4202877.639       3297.600   2                    F02   500   2215
  560137.500    4202011.147       3498.600   2                    F02   500   2146
  560137.500    4201565.328       3591.600   2                    F02   500   2110
  560137.500    4201002.959       3689.600   3                    F02   500   2065
  560262.500    4208115.325       1259.600   1                    F02   510   2634
  560262.500    4207786.059       1419.000   2                    F02   510   2608
  560262.500    4207469.362       1597.800   2                    F02   510   2583
  560262.500    4207040.194       1793.600   2                    F02   510   2548
  560262.500    4206648.745       1972.600   2                    F02   510   2517
  560262.500    4206194.771       2158.600   2                    F02   510   2481
  560262.500    4205940.600       2278.800   2                    F02   510   2460
  560262.500    4205640.557       2379.200   2                    F02   510   2436
  560262.500    4205169.591       2550.600   2                    F02   510   2399
  560262.500    4204723.775       2709.800   2                    F02   510   2363
  560262.500    4204190.627       2886.200   2                    F02   510   2320
  560262.500    4203653.063       3040.400   2                    F02   510   2277
  560262.500    4203219.478       3185.000   2                    F02   510   2243
  560262.500    4202740.359       3344.200   2                    F02   510   2204
  560262.500    4202152.843       3474.000   2                    F02   510   2157
  560262.500    4201611.202       3584.400   2                    F02   510   2114
  560262.500    4201002.959       3709.200   2                    F02   510   2065
  560262.501    4200794.662       3758.200   3                    F02   510   2049
  559637.500    4208861.187       1132.200   1                    F02   460   2694
  559637.500    4208581.872       1262.200   2                    F02   460   2672
  559637.500    4208136.053       1465.400   2                    F02   460   2636
  559637.500    4207786.059       1615.000   2                    F02   460   2608
  559637.500    4207323.589       1818.200   2                    F02   460   2571
  559637.500    4206815.246       2028.800   2                    F02   460   2530
  559637.500    4206290.255       2222.400   2                    F02   460   2488
  559637.500    4205844.436       2371.800   2                    F02   460   2453
  559637.500    4205427.840       2570.400   2                    F02   460   2419
  559637.500    4204969.451       2768.800   2                    F02   460   2383
  559637.500    4204506.981       2940.200   2                    F02   460   2346
  559637.500    4203902.819       3116.400   2                    F02   460   2297
  559637.500    4203190.255       3310.000   2                    F02   460   2240
  559637.500    4202557.207       3452.200   2                    F02   460   2190
  559637.500    4201911.248       3552.400   2                    F02   460   2138
  559637.500    4201527.950       3653.000   3                    F02   460   2107
  559512.500    4208923.708       1122.400   1                    F02   450   2699
  559512.500    4208565.221       1276.800   2                    F02   450   2670
  559512.500    4208240.368       1421.400   2                    F02   450   2644
  559512.500    4207911.104       1583.000   2                    F02   450   2618
  559512.500    4207507.079       1759.400   2                    F02   450   2586
  559512.500    4207131.942       1926.000   2                    F02   450   2556
  559512.500    4206715.343       2114.600   2                    F02   450   2522
  559512.500    4206261.031       2261.600   2                    F02   450   2486
  559512.500    4205890.310       2384.000   2                    F02   450   2456
  559512.500    4205477.791       2545.800   2                    F02   450   2423
  559512.500    4204969.451       2793.200   2                    F02   450   2383
  559512.500    4204548.778       2954.800   2                    F02   450   2349
  559512.500    4204023.784       3106.800   2                    F02   450   2307
  559512.500    4203494.716       3248.800   2                    F02   450   2265
  559512.500    4203048.559       3346.600   2                    F02   450   2229
  559512.500    4202523.565       3474.200   2                    F02   450   2187
  559512.500    4201723.675       3613.800   3                    F02   450   2123
  559387.500    4209044.338       1117.600   1                    F02   440   2709
  559387.500    4208581.872       1308.600   2                    F02   440   2672
  559387.500    4208123.479       1497.200   2                    F02   440   2635
  559387.500    4207648.437       1690.800   2                    F02   440   2597
  559387.500    4207219.268       1916.200   2                    F02   440   2563
  559387.500    4206669.472       2129.200   2                    F02   440   2519
  559387.500    4206202.926       2293.400   2                    F02   440   2481
  559387.500    4205761.187       2462.400   2                    F02   440   2446
  559387.500    4205248.766       2683.000   2                    F02   440   2405
  559387.500    4204840.325       2854.400   2                    F02   440   2372
  559387.500    4204194.365       3040.600   2                    F02   440   2321
  559387.500    4203677.868       3187.600   2                    F02   440   2279
  559387.500    4203277.923       3295.400   2                    F02   440   2247
  559387.500    4202860.988       3415.400   2                    F02   440   2214
  559387.500    4202365.221       3515.800   2                    F02   440   2174
  559387.500    4201848.723       3579.400   2                    F02   440   2133
  559387.500    4201215.334       3657.800   3                    F02   440   2082
  559262.500    4209040.258       1129.800   1                    F02   430   2708
  559262.500    4208715.410       1240.000   2                    F02   430   2682
  559262.500    4208261.095       1431.200   2                    F02   430   2646
  559262.500    4207931.832       1561.000   2                    F02   430   2620
  559262.500    4207686.156       1678.600   2                    F02   430   2600
  559262.500    4207131.942       1962.800   2                    F02   430   2556
  559262.500    4206919.567       2050.800   2                    F02   430   2539
  559262.500    4206598.455       2180.800   2                    F02   430   2513
  559262.500    4206173.705       2340.000   2                    F02   430   2479
  559262.500    4205744.875       2506.400   2                    F02   430   2445
  559262.500    4205402.697       2653.400   2                    F02   430   2417
  559262.500    4204969.451       2817.600   2                    F02   430   2383
  559262.500    4204452.953       2986.600   2                    F02   430   2341
  559262.500    4203915.389       3123.800   2                    F02   430   2298
  559262.500    4203302.727       3285.400   2                    F02   430   2249
  559262.500    4202677.837       3430.000   2                    F02   430   2199
  559262.500    4202031.875       3545.200   2                    F02   430   2148
  559262.500    4201494.311       3658.000   2                    F02   430   2105
  559262.500    4200894.564       3746.000   3                    F02   430   2057
  558887.500    4209206.762       1120.000   1                    F02   400   2722
  558887.500    4208894.488       1242.600   2                    F02   400   2697
  558887.500    4208465.319       1414.000   2                    F02   400   2662
  558887.500    4208098.675       1561.000   2                    F02   400   2633
  558887.500    4207715.380       1717.800   2                    F02   400   2602
  558887.500    4207415.337       1877.000   2                    F02   400   2578
  558887.500    4207086.068       2041.000   2                    F02   400   2552
  558887.500    4206715.343       2200.400   2                    F02   400   2522
  558887.500    4206448.601       2332.600   2                    F02   400   2501
  558887.500    4206002.782       2526.200   2                    F02   400   2465
  558887.500    4205523.665       2710.000   2                    F02   400   2427
  558887.500    4205140.371       2842.200   2                    F02   400   2396
  558887.500    4204519.555       3030.600   2                    F02   400   2347
  558887.500    4204081.890       3133.600   2                    F02   400   2312
  558887.500    4203669.375       3241.400   2                    F02   400   2279
  558887.500    4203202.489       3337.000   2                    F02   400   2241
  558887.500    4202794.387       3395.800   2                    F02   400   2209
  558887.500    4202369.637       3449.600   2                    F02   400   2175
  558887.500    4202011.147       3508.400   2                    F02   400   2146
  558887.500    4201678.142       3550.000   2                    F02   400   2119
  558887.500    4201152.813       3613.800   3                    F02   400   2077
  559137.500    4209144.240       1120.000   1                    F02   420   2717
  559137.500    4208827.886       1225.400   2                    F02   420   2691
  559137.500    4208410.949       1396.800   2                    F02   420   2658
  559137.500    4208073.528       1512.000   2                    F02   420   2631
  559137.500    4207573.681       1739.800   2                    F02   420   2591
  559137.500    4207202.617       1926.000   2                    F02   420   2561
  559137.500    4206815.246       2092.600   2                    F02   420   2530
  559137.500    4206427.874       2269.000   2                    F02   420   2499
  559137.500    4205973.562       2462.400   2                    F02   420   2463
  559137.500    4205461.141       2663.400   2                    F02   420   2422
  559137.500    4205019.402       2837.200   2                    F02   420   2387
  559137.500    4204502.904       3008.800   2                    F02   420   2345
  559137.500    4204069.317       3104.200   2                    F02   420   2311
  559137.500    4203386.321       3280.600   2                    F02   420   2256
  559137.500    4202740.359       3420.200   2                    F02   420   2204
  559137.500    4202069.253       3535.400   2                    F02   420   2151
  559137.500    4201594.552       3621.200   2                    F02   420   2113
  559137.500    4201036.260       3684.800   3                    F02   420   2068
  559012.500    4209161.229       1110.200   1                    F02   410   2718
  559012.500    4208844.536       1242.600   2                    F02   410   2693
  559012.500    4208440.172       1404.200   2                    F02   410   2660
  559012.500    4207952.898       1590.400   2                    F02   410   2621
  559012.500    4207665.087       1725.000   2                    F02   410   2598
  559012.500    4207319.512       1906.400   2                    F02   410   2571
  559012.500    4206906.994       2095.000   2                    F02   410   2538
  559012.500    4206519.280       2259.200   2                    F02   410   2507
  559012.500    4206236.226       2384.000   2                    F02   410   2484
  559012.500    4205861.089       2550.600   2                    F02   410   2454
  559012.500    4205452.648       2690.200   2                    F02   410   2421
  559012.500    4204781.881       2932.800   2                    F02   410   2368
  559012.500    4204227.666       3082.200   2                    F02   410   2323
  559012.500    4203665.294       3224.400   2                    F02   410   2278
  559012.500    4203194.332       3332.200   2                    F02   410   2241
  559012.500    4202586.089       3435.000   2                    F02   410   2192
  559012.500    4202127.700       3513.400   2                    F02   410   2155
  559012.500    4201590.474       3586.800   2                    F02   410   2112
  559012.500    4201161.306       3650.600   3                    F02   410   2078
  558762.500    4209257.055       1122.400   1                    F02   390   2726
  558762.500    4208931.865       1254.800   2                    F02   390   2700
  558762.500    4208585.949       1391.800   2                    F02   390   2672
  558762.500    4208231.878       1526.600   2                    F02   390   2644
  558762.500    4207944.402       1651.600   2                    F02   390   2621
  558762.500    4207590.331       1823.000   2                    F02   390   2592
  558762.500    4207286.211       1972.400   2                    F02   390   2568
  558762.500    4206961.022       2124.400   2                    F02   390   2542
  558762.500    4206686.123       2261.600   2                    F02   390   2520
  558762.500    4206360.933       2406.000   2                    F02   390   2494
  558762.500    4205873.659       2619.200   2                    F02   390   2455
  558762.500    4205511.092       2746.600   2                    F02   390   2426
  558762.500    4205065.273       2888.600   2                    F02   390   2390
  558762.500    4204648.678       3008.600   2                    F02   390   2357
  558762.500    4204127.764       3163.000   2                    F02   390   2315
  558762.500    4203590.200       3270.800   2                    F02   390   2272
  558762.500    4203148.800       3349.200   2                    F02   390   2237
  558762.500    4202702.642       3408.000   2                    F02   390   2201
  558762.500    4202194.640       3488.800   2                    F02   390   2161
  558762.500    4201661.153       3537.800   2                    F02   390   2118
  558762.500    4201198.684       3601.400   3                    F02   390   2081
  558637.500    4209327.733       1115.200   1                    F02   380   2731
  558637.500    4208998.464       1225.400   2                    F02   380   2705
  558637.500    4208607.015       1406.600   2                    F02   380   2674
  558637.500    4208219.301       1553.600   2                    F02   380   2643
  558637.500    4207844.503       1705.400   2                    F02   380   2613
  558637.500    4207535.961       1857.400   2                    F02   380   2588
  558637.500    4207215.191       2028.800   2                    F02   380   2562
  558637.500    4206940.294       2146.400   2                    F02   380   2540
  558637.500    4206727.916       2244.400   2                    F02   380   2523
  558637.500    4206319.478       2442.800   2                    F02   380   2491
  558637.500    4206032.006       2570.200   2                    F02   380   2468
  558637.500    4205715.313       2687.800   2                    F02   380   2442
  558637.500    4205215.127       2861.800   2                    F02   380   2402
  558637.500    4204744.503       3011.200   2                    F02   380   2365
  558637.500    4204111.113       3165.600   2                    F02   380   2314
  558637.500    4203615.343       3275.800   2                    F02   380   2274
  558637.500    4203198.751       3351.600   2                    F02   380   2241
  558637.500    4202877.639       3412.800   2                    F02   380   2215
  558637.500    4202406.676       3484.000   2                    F02   380   2178
  558637.500    4201848.723       3557.400   2                    F02   380   2133
  558637.500    4201319.314       3594.200   2                    F02   380   2091
  558637.500    4201106.939       3613.800   3                    F02   380   2074
  558512.500    4209331.811       1120.000   1                    F02   370   2732
  558512.500    4208919.292       1308.600   2                    F02   370   2699
  558512.500    4208490.124       1475.200   2                    F02   370   2664
  558512.500    4208060.955       1639.400   2                    F02   370   2630
  558512.500    4207640.282       1830.400   2                    F02   370   2596
  558512.500    4207090.148       2082.800   2                    F02   370   2552
  558512.500    4206690.200       2269.000   2                    F02   370   2520
  558512.500    4206336.129       2425.600   2                    F02   370   2492
  558512.500    4205769.341       2663.200   2                    F02   370   2447
  558512.500    4205165.175       2874.000   2                    F02   370   2398
  558512.500    4204573.583       3069.800   2                    F02   370   2351
  558512.500    4203923.543       3224.200   2                    F02   370   2299
  558512.500    4203206.905       3351.600   2                    F02   370   2242
  558512.500    4202619.390       3442.200   2                    F02   370   2195
  558512.500    4201973.769       3515.800   2                    F02   370   2143
  558512.500    4201432.128       3572.000   2                    F02   370   2100
  558512.500    4201023.687       3613.800   3                    F02   370   2067
  558262.500    4209369.527       1122.400   1                    F02   350   2735
  558262.500    4208994.390       1279.200   2                    F02   350   2705
  558262.500    4208494.542       1502.200   2                    F02   350   2665
  558262.500    4208119.402       1673.600   2                    F02   350   2635
  558262.500    4207702.807       1852.400   2                    F02   350   2601
  558262.500    4207202.617       2070.400   2                    F02   350   2561
  558262.500    4206765.294       2254.200   2                    F02   350   2526
  558262.500    4206127.831       2514.000   2                    F02   350   2475
  558262.500    4205502.938       2773.600   2                    F02   350   2425
  558262.500    4204852.898       3011.200   2                    F02   350   2373
  558262.500    4204152.569       3207.200   2                    F02   350   2317
  558262.500    4203619.762       3310.000   2                    F02   350   2275
  558262.500    4203119.576       3388.200   2                    F02   350   2235
  558262.500    4202531.722       3447.200   2                    F02   350   2188
  558262.500    4201882.024       3506.000   2                    F02   350   2136
  558262.500    4201002.959       3574.600   3                    F02   350   2065
  558387.500    4209319.237       1122.400   1                    F02   360   2731
  558387.500    4209048.418       1242.600   2                    F02   360   2709
  558387.500    4208652.886       1399.200   2                    F02   360   2677
  558387.500    4208257.021       1563.400   2                    F02   360   2646
  558387.500    4207827.852       1759.400   2                    F02   360   2611
  558387.500    4207502.663       1926.000   2                    F02   360   2585
  558387.500    4207065.340       2124.400   2                    F02   360   2550
  558387.500    4206715.343       2278.800   2                    F02   360   2522
  558387.500    4206252.877       2467.400   2                    F02   360   2485
  558387.500    4205852.932       2651.200   2                    F02   360   2453
  558387.500    4205461.141       2793.200   2                    F02   360   2422
  558387.500    4204827.755       3016.000   2                    F02   360   2371
  558387.500    4204223.589       3182.600   2                    F02   360   2323
  558387.500    4203598.696       3309.800   2                    F02   360   2273
  558387.500    4203090.355       3373.800   2                    F02   360   2232
  558387.500    4202544.634       3449.600   2                    F02   360   2189
  558387.500    4201969.353       3510.800   2                    F02   360   2143
  558387.500    4201402.904       3564.800   3                    F02   360   2097
  558137.500    4209248.559       1161.600   1                    F02   340   2725
  558137.500    4208865.264       1323.400   2                    F02   340   2694
  558137.500    4208511.193       1467.800   2                    F02   340   2666
  558137.500    4208257.021       1583.000   2                    F02   340   2646
  558137.500    4207865.230       1803.400   2                    F02   340   2614
  558137.500    4207452.715       1997.000   2                    F02   340   2581
  558137.500    4206931.798       2202.800   2                    F02   340   2540
  558137.500    4206669.472       2300.800   2                    F02   340   2519
  558137.500    4206107.103       2545.600   2                    F02   340   2474
  558137.500    4205602.837       2754.000   2                    F02   340   2433
  558137.500    4204982.024       2977.000   2                    F02   340   2384
  558137.500    4204265.386       3175.400   2                    F02   340   2326
  558137.500    4203777.770       3266.000   2                    F02   340   2287
  558137.500    4203252.776       3336.800   2                    F02   340   2245
  558137.500    4202648.613       3405.400   2                    F02   340   2197
  558137.500    4202190.221       3457.000   2                    F02   340   2160
  558137.500    4201723.675       3496.200   2                    F02   340   2123
  558137.500    4201198.684       3545.200   3                    F02   340   2081
  558012.500    4209269.286       1164.200   1                    F02   330   2727
  558012.500    4208923.708       1318.400   2                    F02   330   2699
  558012.500    4208552.648       1472.800   2                    F02   330   2669
  558012.500    4208223.717       1607.600   2                    F02   330   2643
  558012.500    4207998.430       1739.800   2                    F02   330   2625
  558012.500    4207694.310       1906.400   2                    F02   330   2601
  558012.500    4207252.910       2092.600   2                    F02   330   2565
  558012.500    4206852.623       2249.400   2                    F02   330   2533
  558012.500    4206477.825       2403.600   2                    F02   330   2503
  558012.500    4205865.166       2668.200   2                    F02   330   2454
  558012.500    4205448.571       2827.400   2                    F02   330   2421
  558012.500    4204819.597       3006.200   2                    F02   330   2371
  558012.500    4204315.334       3167.800   2                    F02   330   2330
  558012.500    4203719.323       3288.000   2                    F02   330   2283
  558012.500    4203115.160       3354.000   2                    F02   330   2234
  558012.500    4202527.645       3425.000   2                    F02   330   2187
  558012.500    4202031.875       3464.200   2                    F02   330   2148
  558012.500    4201506.884       3535.400   2                    F02   330   2106
  558012.500    4201056.987       3579.400   3                    F02   330   2070
  557887.500    4209319.237       1142.000   1                    F02   320   2731
  557887.500    4208990.310       1286.600   2                    F02   320   2704
  557887.500    4208661.043       1443.400   2                    F02   320   2678
  557887.500    4208386.144       1561.000   2                    F02   320   2656
  557887.500    4208115.325       1712.800   2                    F02   320   2634
  557887.500    4207811.202       1874.600   2                    F02   320   2610
  557887.500    4207348.736       2053.400   2                    F02   320   2573
  557887.500    4207015.389       2190.600   2                    F02   320   2546
  557887.500    4206777.868       2286.000   2                    F02   320   2527
  557887.500    4206415.300       2440.400   2                    F02   320   2498
  557887.500    4206081.957       2570.200   2                    F02   320   2472
  557887.500    4205590.267       2785.800   2                    F02   320   2432
  557887.500    4205090.419       2945.000   2                    F02   320   2392
  557887.500    4204727.852       3020.800   2                    F02   320   2363
  557887.500    4204427.807       3099.200   2                    F02   320   2339
  557887.500    4203890.246       3219.400   2                    F02   320   2296
  557887.500    4203411.126       3297.800   2                    F02   320   2258
  557887.500    4203044.481       3363.800   2                    F02   320   2229
  557887.500    4202606.817       3408.000   2                    F02   320   2194
  557887.500    4202132.116       3474.000   2                    F02   320   2156
  557887.500    4201623.775       3537.800   2                    F02   320   2115
  557887.500    4201194.607       3574.600   3                    F02   320   2081
  557762.500    4209315.160       1149.400   1                    F02   310   2730
  557762.500    4208915.215       1325.800   2                    F02   310   2698
  557762.500    4208590.365       1470.400   2                    F02   310   2672
  557762.500    4208227.797       1671.200   2                    F02   310   2643
  557762.500    4208044.304       1779.000   2                    F02   310   2629
  557762.500    4207998.430       1801.000   2                    F02   310   2625
  557762.500    4207623.632       1979.800   2                    F02   310   2595
  557762.500    4207169.320       2156.200   2                    F02   310   2559
  557762.500    4206702.773       2322.800   2                    F02   310   2521
  557762.500    4206373.507       2455.000   2                    F02   310   2495
  557762.500    4206052.733       2575.000   2                    F02   310   2469
  557762.500    4205731.963       2717.200   2                    F02   310   2444
  557762.500    4205352.746       2859.200   2                    F02   310   2413
  557762.500    4204936.150       2986.600   2                    F02   310   2380
  557762.500    4204577.660       3074.800   2                    F02   310   2351
  557762.500    4204223.589       3172.800   2                    F02   310   2323
  557762.500    4203757.042       3258.600   2                    F02   310   2286
  557762.500    4203377.825       3312.400   2                    F02   310   2255
  557762.500    4203156.954       3356.400   2                    F02   310   2238
  557762.500    4202673.760       3425.000   2                    F02   310   2199
  557762.500    4202344.491       3459.400   2                    F02   310   2173
  557762.500    4201873.528       3515.800   2                    F02   310   2135
  557762.500    4201432.128       3559.800   2                    F02   310   2100
  557762.500    4200869.417       3591.600   3                    F02   310   2055
  560012.500    4208715.410       1112.600   1                    F02   490   2682
  560012.500    4208302.892       1281.800   2                    F02   490   2649
  560012.500    4207898.528       1443.400   2                    F02   490   2617
  560012.500    4207573.003       1595.200   2                    F02   490   2591
  560012.500    4207315.093       1725.200   2                    F02   490   2570
  560012.500    4207031.701       1859.800   2                    F02   490   2548
  560012.500    4206731.997       2014.200   2                    F02   490   2524
  560012.500    4206310.982       2166.000   2                    F02   490   2490
  560012.500    4205923.611       2300.800   2                    F02   490   2459
  560012.500    4205452.987       2479.600   2                    F02   490   2421
  560012.500    4204886.199       2690.200   2                    F02   490   2376
  560012.500    4204411.159       2879.000   2                    F02   490   2338
  560012.500    4203848.788       3043.000   2                    F02   490   2293
  560012.500    4203282.000       3212.000   2                    F02   490   2248
  560012.500    4202577.935       3378.600   2                    F02   490   2191
  560012.500    4201919.402       3508.400   3                    F02   490   2139
  560887.500    4207732.030       1450.600   1                    F02   560   2604
  560887.500    4207377.956       1661.200   2                    F02   560   2575
  560887.500    4206961.022       1879.200   2                    F02   560   2542
  560887.500    4206527.776       2033.800   2                    F02   560   2507
  560887.500    4205965.404       2244.400   2                    F02   560   2462
  560887.500    4205527.743       2398.600   2                    F02   560   2427
  560887.500    4205136.294       2513.800   2                    F02   560   2396
  560887.500    4204811.104       2609.400   2                    F02   560   2370
  560887.500    4204186.211       2808.000   2                    F02   560   2320
  560887.500    4203532.094       2976.800   2                    F02   560   2268
  560887.500    4203173.604       3087.200   2                    F02   560   2239
  560887.500    4202644.536       3243.800   2                    F02   560   2197
  560887.500    4202102.892       3351.600   2                    F02   560   2153
  560887.500    4201632.268       3442.200   2                    F02   560   2116
  560887.500    4201011.114       3552.400   2                    F02   560   2066
  560887.501    4200482.046       3648.000   2                    F02   560   2024
  560887.501    4200094.672       3753.400   3                    F02   560   1993
  561012.500    4208319.543       1139.600   1                    F02   570   2651
  561012.500    4207969.549       1347.800   2                    F02   570   2623
  561012.500    4207615.478       1551.000   2                    F02   570   2594
  561012.500    4207269.561       1732.400   2                    F02   570   2567
  561012.500    4206840.392       1943.000   2                    F02   570   2532
  561012.500    4206256.954       2168.200   2                    F02   570   2486
  561012.500    4205632.061       2371.800   2                    F02   570   2436
  561012.500    4205102.993       2521.200   2                    F02   570   2393
  561012.500    4204632.030       2643.600   2                    F02   570   2356
  561012.500    4204161.404       2780.800   2                    F02   570   2318
  561012.500    4203540.591       2974.400   2                    F02   570   2268
  561012.500    4203140.304       3096.800   2                    F02   570   2236
  561012.500    4202653.029       3239.000   2                    F02   570   2197
  561012.500    4202106.969       3356.600   2                    F02   570   2154
  561012.500    4201282.274       3503.600   2                    F02   570   2088
  561012.501    4200657.043       3640.600   2                    F02   570   2038
  561012.501    4200294.475       3738.600   3                    F02   570   2009
  560762.500    4208336.193       1125.000   1                    F02   550   2652
  560762.500    4207873.723       1372.400   2                    F02   550   2615
  560762.500    4207461.205       1600.000   2                    F02   550   2582
  560762.500    4207098.980       1798.400   2                    F02   550   2553
  560762.500    4206961.361       1854.800   2                    F02   550   2542
  560762.500    4206352.776       2094.800   2                    F02   550   2493
  560762.500    4205969.485       2237.000   2                    F02   550   2463
  560762.500    4205344.591       2455.000   2                    F02   550   2413
  560762.500    4204923.577       2580.000   2                    F02   550   2379
  560762.500    4204461.107       2727.000   2                    F02   550   2342
  560762.500    4203886.165       2901.000   2                    F02   550   2296
  560762.500    4203377.825       3033.200   2                    F02   550   2255
  560762.500    4203086.275       3123.800   2                    F02   550   2232
  560762.500    4202519.488       3273.200   2                    F02   550   2187
  560762.500    4202002.993       3378.600   2                    F02   550   2145
  560762.500    4201548.678       3437.400   2                    F02   550   2109
  560762.500    4201028.106       3555.000   2                    F02   550   2067
  560762.501    4200619.665       3655.400   2                    F02   550   2035
  560762.501    4200244.524       3758.200   3                    F02   550   2005
  560512.500    4208632.158       1100.400   1                    F02   530   2676
  560512.500    4208265.514       1198.400   2                    F02   530   2646
  560512.500    4207973.626       1301.600   2                    F02   530   2623
  560512.500    4207765.328       1418.800   2                    F02   530   2606
  560512.500    4207340.578       1644.400   2                    F02   530   2572
  560512.500    4206994.662       1818.200   2                    F02   530   2545
  560512.500    4206715.343       1928.400   2                    F02   530   2522
  560512.500    4206248.800       2129.200   2                    F02   530   2485
  560512.500    4205869.582       2266.400   2                    F02   530   2455
  560512.500    4205498.861       2396.400   2                    F02   530   2425
  560512.500    4204965.374       2599.600   2                    F02   530   2382
  560512.500    4204790.374       2658.400   2                    F02   530   2368
  560512.500    4204403.002       2790.800   2                    F02   530   2337
  560512.500    4204032.281       2896.000   2                    F02   530   2308
  560512.500    4203411.465       3087.200   2                    F02   530   2258
  560512.500    4202936.425       3204.800   2                    F02   530   2220
  560512.500    4202461.382       3322.200   2                    F02   530   2182
  560512.500    4201865.374       3454.400   2                    F02   530   2134
  560512.500    4201294.509       3535.400   2                    F02   530   2089
  560512.500    4200840.533       3606.400   2                    F02   530   2052
  560512.501    4200490.540       3667.600   3                    F02   530   2024
  560637.500    4208227.798       1171.400   1                    F02   540   2643
  560637.500    4207794.552       1414.000   2                    F02   540   2609
  560637.500    4207377.617       1639.400   2                    F02   540   2575
  560637.500    4206956.945       1850.200   2                    F02   540   2542
  560637.500    4206348.699       2087.600   2                    F02   540   2493
  560637.500    4205598.760       2349.800   2                    F02   540   2433
  560637.500    4204990.517       2570.200   2                    F02   540   2384
  560637.500    4204215.435       2834.800   2                    F02   540   2322
  560637.500    4203607.189       3006.200   2                    F02   540   2274
  560637.500    4203073.705       3160.600   2                    F02   540   2231
  560637.500    4202573.858       3283.000   2                    F02   540   2191
  560637.500    4201807.268       3434.800   2                    F02   540   2130
  560637.500    4201240.481       3532.800   2                    F02   540   2084
  560637.501    4200732.137       3630.800   2                    F02   540   2044
  560637.501    4200203.069       3731.200   3                    F02   540   2001
  560387.500    4208573.714       1134.800   1                    F02   520   2671
  560387.500    4208173.769       1242.600   2                    F02   520   2639
  560387.500    4207911.443       1338.200   2                    F02   520   2618
  560387.500    4207586.254       1490.000   2                    F02   520   2592
  560387.500    4207336.162       1619.800   2                    F02   520   2572
  560387.500    4206994.662       1808.400   2                    F02   520   2545
  560387.500    4206552.923       2011.600   2                    F02   520   2509
  560387.500    4206169.625       2168.400   2                    F02   520   2479
  560387.500    4205727.886       2327.800   2                    F02   520   2443
  560387.500    4205257.262       2499.200   2                    F02   520   2406
  560387.500    4204694.552       2695.200   2                    F02   520   2361
  560387.500    4204240.578       2866.600   2                    F02   520   2324
  560387.500    4203473.650       3082.200   2                    F02   520   2263
  560387.500    4203136.226       3192.400   2                    F02   520   2236
  560387.500    4202523.907       3356.600   2                    F02   520   2187
  560387.500    4202032.213       3439.800   2                    F02   520   2148
  560387.500    4201548.678       3523.200   2                    F02   520   2109
  560387.500    4200932.281       3601.400   2                    F02   520   2060
  560387.501    4200402.871       3660.200   2                    F02   520   2017
  560387.501    4199986.275       3704.400   3                    F02   520   1984
  559762.500    4203153.216       2403.800   1                    F04   470   2237
  559762.500    4202894.628       2585.000   2                    F04   470   2217
  559762.500    4202619.732       2781.000   2                    F04   470   2195
  559762.500    4202157.262       3072.400   2                    F04   470   2158
  559762.500    4201732.171       3295.200   3                    F04   470   2124
  559637.500    4203144.723       2435.400   1                    F04   460   2237
  559637.500    4202732.204       2727.000   2                    F04   460   2204
  559637.500    4202286.385       3016.200   2                    F04   460   2168
  559637.500    4202123.620       3116.600   3                    F04   460   2155
  560137.500    4202981.957       2455.200   1                    F04   500   2224
  560137.500    4202657.110       2697.600   2                    F04   500   2198
  560137.500    4202202.794       2984.200   2                    F04   500   2161
  560137.500    4202002.993       3101.800   3                    F04   500   2145
  560262.500    4203111.422       2335.000   1                    F04   510   2234
  560262.500    4202882.055       2511.400   2                    F04   510   2216
  560262.500    4202507.256       2773.600   2                    F04   510   2186
  560262.500    4201953.042       3116.600   3                    F04   510   2141
  561012.500    4202998.607       2330.200   1                    F04   570   2225
  561012.500    4202627.886       2599.600   2                    F04   570   2195
  561012.500    4202132.116       2866.600   2                    F04   570   2156
  561012.500    4201523.873       3138.600   3                    F04   570   2107
  561137.500    4203040.404       2315.600   1                    F04   580   2228
  561137.500    4202669.680       2567.800   2                    F04   580   2199
  561137.500    4202277.892       2776.000   2                    F04   580   2167
  561137.500    4201798.772       3006.200   2                    F04   580   2129
  561137.500    4201523.873       3141.000   3                    F04   580   2107
  562012.500    4202723.708       2540.800   1                    F04   650   2203
  562012.500    4202277.892       2810.200   2                    F04   650   2167
  562012.500    4201807.268       3033.200   2                    F04   650   2130
  562012.500    4201248.635       3275.800   2                    F04   650   2085
  562012.500    4200994.463       3381.000   3                    F04   650   2065
  562137.500    4202682.253       2565.400   1                    F04   660   2200
  562137.500    4202377.792       2749.000   2                    F04   660   2175
  562137.500    4202007.070       2952.400   2                    F04   660   2146
  562137.500    4201478.002       3187.600   2                    F04   660   2103
  562137.500    4201032.183       3373.600   3                    F04   660   2068
  562512.500    4202519.488       2658.400   1                    F04   690   2187
  562512.500    4202111.388       2901.000   2                    F04   690   2154
  562512.500    4201465.429       3209.600   2                    F04   690   2102
  562512.500    4201182.033       3344.200   3                    F04   690   2080
  562637.500    4202515.411       2660.800   1                    F04   700   2186
  562637.500    4202177.990       2874.000   2                    F04   700   2159
  562637.500    4201603.048       3155.600   2                    F04   700   2113
  562637.500    4201011.114       3405.600   3                    F04   700   2066
  562762.500    4202490.267       2673.000   1                    F04   710   2184
  562762.500    4201886.440       3047.800   2                    F04   710   2136
  562762.500    4201290.429       3324.600   2                    F04   710   2088
  562762.500    4200990.386       3452.000   3                    F04   710   2064
  562887.500    4202511.333       2641.200   1                    F04   720   2186
  562887.500    4202165.417       2888.600   2                    F04   720   2158
  562887.500    4201536.446       3239.000   2                    F04   720   2108
  562887.500    4200961.163       3486.400   3                    F04   720   2062
  563012.500    4202577.935       2609.400   1                    F04   730   2191
  563012.500    4202232.018       2834.800   2                    F04   730   2164
  563012.500    4201586.398       3219.400   2                    F04   730   2112
  563012.500    4201056.988       3457.000   3                    F04   730   2070
  563137.500    4202527.984       2636.400   1                    F04   740   2187
  563137.500    4202248.669       2856.800   2                    F04   740   2165
  563137.500    4201765.472       3133.600   2                    F04   740   2126
  563137.500    4201240.481       3383.400   2                    F04   740   2084
  563137.500    4201044.756       3464.400   3                    F04   740   2069
  563262.500    4202586.431       2607.000   1                    F04   750   2192
  563262.500    4202273.815       2822.600   2                    F04   750   2167
  563262.500    4201815.423       3141.000   2                    F04   750   2130
  563262.500    4201598.629       3248.800   2                    F04   750   2113
  563262.500    4201157.229       3449.600   3                    F04   750   2078
  563387.500    4202544.634       2619.200   1                    F04   760   2189
  563387.500    4202273.815       2822.600   2                    F04   760   2167
  563387.500    4201927.895       3045.400   2                    F04   760   2139
  563387.500    4201536.446       3283.000   2                    F04   760   2108
  563387.500    4201140.578       3466.800   3                    F04   760   2076
  563512.500    4202486.187       2656.000   1                    F04   770   2184
  563512.500    4202265.319       2842.200   2                    F04   770   2166
  563512.500    4201882.024       3104.200   2                    F04   770   2136
  563512.500    4201519.457       3288.000   2                    F04   770   2107
  563512.500    4201173.879       3432.400   3                    F04   770   2079
  563637.500    4202452.889       2685.400   1                    F04   780   2181
  563637.500    4202198.717       2883.800   2                    F04   780   2161
  563637.500    4201794.695       3131.200   2                    F04   780   2129
  563637.500    4201352.953       3337.000   2                    F04   780   2093
  563637.500    4201069.561       3435.000   3                    F04   780   2071
  563887.500    4202473.614       2707.400   1                    F04   800   2183
  563887.500    4202102.892       2937.600   2                    F04   800   2153
  563887.500    4201657.073       3172.800   2                    F04   800   2118
  563887.500    4201236.401       3349.200   3                    F04   800   2084
  564387.500    4202523.907       2739.200   1                    F04   840   2187
  564387.500    4202186.144       2915.600   2                    F04   840   2160
  564387.500    4201744.744       3133.600   2                    F04   840   2125
  564387.500    4201269.701       3305.200   3                    F04   840   2087
  564512.500    4202569.439       2746.600   1                    F04   850   2191
  564512.500    4202123.620       2967.000   2                    F04   850   2155
  564512.500    4201577.901       3187.600   2                    F04   850   2111
  564512.500    4201286.352       3297.800   3                    F04   850   2088
  564262.500    4202540.557       2722.000   1                    F04   830   2188
  564262.500    4202236.434       2874.000   2                    F04   830   2164
  564262.500    4201844.646       3062.600   2                    F04   830   2133
  564262.500    4201557.174       3192.200   2                    F04   830   2110
  564262.500    4201161.306       3341.800   3                    F04   830   2078
  564137.500    4202436.239       2771.000   1                    F04   820   2180
  564137.500    4202140.612       2930.400   2                    F04   820   2156
  564137.500    4201719.598       3133.600   2                    F04   820   2123
  564137.500    4201327.807       3302.600   3                    F04   820   2091
  564012.500    4202515.411       2705.000   1                    F04   810   2186
  564012.500    4202323.763       2834.800   2                    F04   810   2171
  564012.500    4201944.549       3033.200   2                    F04   810   2141
  564012.500    4201565.667       3226.600   2                    F04   810   2110
  564012.500    4201311.498       3317.400   3                    F04   810   2090
  563762.500    4202603.081       2626.600   1                    F04   790   2193
  563762.500    4202273.815       2832.400   2                    F04   790   2167
  563762.500    4201811.346       3092.000   2                    F04   790   2130
  563762.500    4201515.380       3234.000   2                    F04   790   2106
  563762.500    4201223.830       3361.400   3                    F04   790   2083
  562387.500    4202536.138       2616.800   1                    F04   680   2188
  562387.500    4201994.836       2962.200   2                    F04   680   2145
  562387.500    4201402.904       3251.200   2                    F04   680   2097
  562387.500    4201036.260       3412.800   3                    F04   680   2068
  562262.500    4202573.858       2604.400   1                    F04   670   2191
  562262.500    4202194.640       2844.600   2                    F04   670   2161
  562262.500    4201919.741       2998.800   2                    F04   670   2139
  562262.500    4201336.303       3280.600   2                    F04   670   2092
  562262.500    4200965.581       3435.000   3                    F04   670   2062
  561887.500    4202790.649       2518.800   1                    F04   640   2208
  561887.500    4202386.288       2768.600   2                    F04   640   2176
  561887.500    4201886.440       3008.600   2                    F04   640   2136
  561887.500    4201319.652       3246.400   2                    F04   640   2091
  561887.500    4200986.309       3373.600   3                    F04   640   2064
  561762.500    4202840.261       2477.000   1                    F04   630   2212
  561762.500    4202456.966       2712.200   2                    F04   630   2182
  561762.500    4201965.273       2989.000   2                    F04   630   2142
  561762.500    4201402.904       3231.600   2                    F04   630   2097
  561762.500    4201078.057       3390.800   3                    F04   630   2071
  561637.500    4202898.705       2457.600   1                    F04   620   2217
  561637.500    4202577.593       2653.600   2                    F04   620   2191
  561637.500    4202177.990       2881.400   2                    F04   620   2159
  561637.500    4201619.698       3148.400   2                    F04   620   2115
  561637.500    4201007.036       3395.800   3                    F04   620   2066
  561512.500    4202890.212       2430.600   1                    F04   610   2216
  561512.500    4202619.732       2614.400   2                    F04   610   2195
  561512.500    4202281.969       2815.200   2                    F04   610   2168
  561512.500    4201798.772       3055.200   2                    F04   610   2129
  561512.500    4201277.859       3288.000   3                    F04   610   2087
  561387.500    4203002.685       2372.000   1                    F04   600   2225
  561387.500    4202478.033       2702.600   2                    F04   600   2183
  561387.500    4202048.864       2925.400   2                    F04   600   2149
  561387.500    4201648.919       3111.600   3                    F04   600   2117
  561262.500    4203007.104       2352.200   1                    F04   590   2226
  561262.500    4202548.711       2650.800   2                    F04   590   2189
  561262.500    4202152.843       2842.400   2                    F04   590   2157
  561262.500    4201632.268       3101.800   3                    F04   590   2116
  560012.500    4203007.104       2457.600   1                    F04   490   2226
  560012.500    4202657.110       2712.400   2                    F04   490   2198
  560012.500    4202294.543       2957.400   2                    F04   490   2169
  560012.500    4202061.098       3097.000   3                    F04   490   2150
  559887.500    4203123.656       2396.400   1                    F04   480   2235
  559887.500    4202915.355       2567.800   2                    F04   480   2218
  559887.500    4202561.284       2815.200   2                    F04   480   2190
  559887.500    4202106.969       3094.400   3                    F04   480   2154
  560887.500    4203003.026       2349.800   1                    F04   560   2225
  560887.500    4202594.585       2631.600   2                    F04   560   2193
  560887.500    4202169.494       2869.200   2                    F04   560   2159
  560887.500    4201673.727       3106.600   2                    F04   560   2119
  560887.500    4201473.922       3212.000   2                    F04   560   2103
  560887.500    4201182.033       3366.200   2                    F04   560   2080
  560887.501    4200819.466       3545.200   2                    F04   560   2051
  560887.501    4200661.120       3613.800   3                    F04   560   2038
  560762.500    4203086.275       2315.600   1                    F04   550   2232
  560762.500    4202711.138       2582.600   2                    F04   550   2202
  560762.500    4202261.242       2827.400   2                    F04   550   2166
  560762.500    4201740.325       3080.000   2                    F04   550   2124
  560762.500    4201503.145       3207.000   2                    F04   550   2105
  560762.500    4201144.655       3408.000   2                    F04   550   2077
  560762.501    4200782.088       3567.200   3                    F04   550   2048
  560637.500    4203111.422       2303.200   1                    F04   540   2234
  560637.500    4202832.104       2511.400   2                    F04   540   2212
  560637.500    4202419.927       2785.800   2                    F04   540   2179
  560637.500    4202015.563       3006.200   2                    F04   540   2146
  560637.500    4201698.531       3168.000   2                    F04   540   2121
  560637.500    4201415.478       3312.400   2                    F04   540   2098
  560637.500    4201140.578       3437.400   3                    F04   540   2076
  560512.500    4203057.055       2315.600   1                    F04   530   2230
  560512.500    4202773.998       2558.000   2                    F04   530   2207
  560512.500    4202503.179       2751.400   2                    F04   530   2185
  560512.500    4202182.067       2930.400   2                    F04   530   2160
  560512.500    4201740.667       3192.400   2                    F04   530   2124
  560512.500    4201336.303       3388.400   2                    F04   530   2092
  560512.500    4201128.005       3491.200   3                    F04   530   2075
  560387.500    4203086.275       2313.000   1                    F04   520   2232
  560387.500    4202815.456       2531.000   2                    F04   520   2210
  560387.500    4202461.382       2790.800   2                    F04   520   2182
  560387.500    4202057.021       3050.400   2                    F04   520   2150
  560387.500    4201944.549       3111.600   2                    F04   520   2141
  560387.500    4201682.220       3283.000   2                    F04   520   2120
  560387.500    4201436.205       3395.800   3                    F04   520   2100
  558262.500    4203973.494       1343.000   1                    F05   350   2303
  558262.500    4203731.896       1580.600   2                    F05   350   2284
  558262.500    4203431.853       1837.800   2                    F05   350   2260
  558262.500    4203098.510       2082.800   2                    F05   350   2233
  558262.500    4202819.533       2278.800   3                    F05   350   2211
  558012.500    4203827.721       1335.600   1                    F05   330   2291
  558012.500    4203594.619       1514.400   2                    F05   330   2273
  558012.500    4203294.573       1734.800   2                    F05   330   2249
  558012.500    4202936.083       1984.800   3                    F05   330   2220
  557887.500    4203790.343       1223.000   1                    F05   320   2288
  557887.500    4203552.822       1450.800   2                    F05   320   2269
  557887.500    4203202.828       1690.800   2                    F05   320   2241
  557887.500    4202998.607       1845.200   2                    F05   320   2225
  557887.500    4202877.639       1930.800   3                    F05   320   2215
  557762.500    4203727.819       1193.600   1                    F05   310   2283
  557762.500    4203486.220       1396.800   2                    F05   310   2264
  557762.500    4203261.272       1583.000   2                    F05   310   2246
  557762.500    4203061.132       1717.800   3                    F05   310   2230
  559637.500    4205948.754       1249.800   1                    F05   460   2461
  559637.500    4205711.236       1428.600   2                    F05   460   2442
  559637.500    4205336.095       1646.600   2                    F05   460   2412
  559637.500    4204965.374       1869.600   2                    F05   460   2382
  559637.500    4204619.457       2055.800   2                    F05   460   2355
  559637.500    4204019.369       2403.600   2                    F05   460   2307
  559637.500    4203619.423       2631.400   2                    F05   460   2275
  559637.500    4203248.699       2837.200   3                    F05   460   2245
  559387.500    4205465.221       1352.800   1                    F05   440   2422
  559387.500    4204807.024       1764.200   2                    F05   440   2370
  559387.500    4204198.784       2126.800   2                    F05   440   2321
  559387.500    4203823.644       2364.400   3                    F05   440   2291
  559262.500    4205302.794       1338.000   1                    F05   430   2409
  559262.500    4204794.454       1685.800   2                    F05   430   2369
  559262.500    4204282.033       2016.600   2                    F05   430   2328
  559262.500    4203852.868       2269.000   3                    F05   430   2293
  559012.500    4205036.052       1367.400   1                    F05   410   2388
  559012.500    4204540.282       1661.400   2                    F05   410   2348
  559012.500    4204073.736       1957.800   2                    F05   410   2311
  559012.500    4203561.318       2283.600   3                    F05   410   2270
  558887.500    4204681.978       1431.200   1                    F05   400   2360
  558887.500    4204498.488       1587.800   2                    F05   400   2345
  558887.500    4204265.044       1722.600   2                    F05   400   2326
  558887.500    4203953.447       1955.400   2                    F05   400   2301
  558887.500    4203598.696       2156.200   2                    F05   400   2273
  558887.500    4203232.052       2386.600   2                    F05   400   2244
  558887.500    4202907.201       2570.400   2                    F05   400   2218
  558887.500    4202561.284       2726.800   3                    F05   400   2190
  558637.500    4204390.429       1396.800   1                    F05   380   2336
  558637.500    4204082.232       1632.000   2                    F05   380   2312
  558637.500    4203778.112       1837.800   2                    F05   380   2287
  558637.500    4203477.727       2038.600   2                    F05   380   2263
  558637.500    4203115.160       2251.800   2                    F05   380   2234
  558637.500    4202977.880       2340.000   3                    F05   380   2223
  560137.500    4206061.230       1637.200   1                    F05   500   2470
  560137.500    4205757.107       1840.200   2                    F05   500   2446
  560137.500    4205265.417       2134.200   2                    F05   500   2406
  560137.500    4204819.597       2374.200   2                    F05   500   2371
  560137.500    4204282.033       2643.800   2                    F05   500   2328
  560137.500    4203802.917       2861.800   3                    F05   500   2289
  560387.500    4206302.828       1661.200   1                    F05   520   2489
  560387.500    4206031.667       1864.600   2                    F05   520   2468
  560387.500    4205777.157       2021.200   2                    F05   520   2447
  560387.500    4205311.291       2251.800   2                    F05   520   2410
  560387.500    4204815.862       2476.800   2                    F05   520   2370
  560387.500    4204415.236       2648.400   2                    F05   520   2338
  560387.500    4203977.910       2847.000   2                    F05   520   2303
  560387.500    4203707.091       2979.200   3                    F05   520   2282
  561012.500    4207386.452       1301.400   1                    F05   570   2576
  561012.500    4207094.564       1570.800   2                    F05   570   2553
  561012.500    4206757.140       1904.000   2                    F05   570   2526
  561012.500    4206644.668       1999.400   3                    F05   570   2517
  560887.500    4207132.281       1372.400   1                    F05   560   2556
  560887.500    4206869.616       1644.400   2                    F05   560   2535
  560887.500    4206507.387       1943.200   2                    F05   560   2506
  560887.500    4206165.548       2146.400   3                    F05   560   2478
  560762.500    4207069.756       1301.400   1                    F05   550   2551
  560762.500    4206969.518       1436.000   2                    F05   550   2543
  560762.500    4206623.598       1737.200   2                    F05   550   2515
  560762.500    4206390.157       1940.600   2                    F05   550   2496
  560762.500    4206123.754       2112.000   3                    F05   550   2475
  560637.500    4206990.584       1303.800   1                    F05   540   2544
  560637.500    4206790.441       1499.600   2                    F05   540   2528
  560637.500    4206373.507       1835.400   2                    F05   540   2495
  560637.500    4206048.998       2097.400   2                    F05   540   2469
  560637.500    4205844.436       2239.400   3                    F05   540   2453
  560512.500    4206978.011       1223.000   1                    F05   530   2543
  560512.500    4206781.945       1389.400   2                    F05   530   2528
  560512.500    4206498.553       1612.400   2                    F05   530   2505
  560512.500    4206277.682       1793.800   2                    F05   530   2487
  560512.500    4205977.978       2021.400   2                    F05   530   2463
  560512.500    4205556.966       2249.400   2                    F05   530   2430
  560512.500    4205232.116       2442.800   3                    F05   530   2404
  560012.500    4206019.774       1583.000   1                    F05   490   2467
  560012.500    4205698.662       1793.800   2                    F05   490   2441
  560012.500    4205248.766       2053.400   2                    F05   490   2405
  560012.500    4204698.629       2350.000   2                    F05   490   2361
  560012.500    4204269.463       2589.800   2                    F05   490   2327
  560012.500    4203715.246       2879.000   2                    F05   490   2282
  560012.500    4203436.272       3026.000   3                    F05   490   2260
  559512.500    4205402.697       1468.000   1                    F05   450   2417
  559512.500    4204932.073       1774.200   2                    F05   450   2380
  559512.500    4204361.208       2109.800   2                    F05   450   2334
  559512.500    4203856.945       2403.600   2                    F05   450   2294
  559512.500    4203686.364       2499.200   3                    F05   450   2280
  559887.500    4205894.387       1524.000   1                    F05   480   2457
  559887.500    4205544.732       1756.800   2                    F05   480   2429
  559887.500    4204898.772       2126.600   2                    F05   480   2377
  559887.500    4204411.159       2425.600   2                    F05   480   2338
  559887.500    4203923.543       2673.000   3                    F05   480   2299
  559762.500    4205998.705       1360.000   1                    F05   470   2465
  559762.500    4205773.760       1507.000   2                    F05   470   2447
  559762.500    4205573.614       1632.000   2                    F05   470   2431
  559762.500    4204973.528       1982.200   2                    F05   470   2383
  559762.500    4204532.128       2241.800   2                    F05   470   2348
  559762.500    4203852.868       2636.200   3                    F05   470   2293
  560262.500    4206303.167       1592.800   1                    F05   510   2489
  560262.500    4206044.240       1751.800   2                    F05   510   2469
  560262.500    4205761.187       1916.200   2                    F05   510   2446
  560262.500    4205444.829       2099.600   2                    F05   510   2421
  560262.500    4205199.157       2227.200   2                    F05   510   2401
  560262.500    4204731.591       2457.200   2                    F05   510   2364
  560262.500    4204307.180       2636.400   2                    F05   510   2330
  560262.500    4203627.917       2932.800   3                    F05   510   2275
  558762.500    4204582.079       1384.400   1                    F05   390   2352
  558762.500    4204211.355       1649.200   2                    F05   390   2322
  558762.500    4203852.868       1891.800   2                    F05   390   2293
  558762.500    4203565.395       2060.800   2                    F05   390   2270
  558762.500    4203365.252       2200.000   2                    F05   390   2254
  558762.500    4203040.404       2418.400   2                    F05   390   2228
  558762.500    4202661.525       2624.000   3                    F05   390   2198
  558137.500    4203873.595       1394.400   1                    F05   340   2295
  558137.500    4203665.294       1570.800   2                    F05   340   2278
  558137.500    4203294.573       1852.600   2                    F05   340   2249
  558137.500    4202998.607       2055.800   2                    F05   340   2225
  558137.500    4202719.631       2271.400   3                    F05   340   2203
  558137.500    4204161.065       1529.000   1                    F06   340   2318
  558137.500    4203915.389       1705.400   2                    F06   340   2298
  558137.500    4203640.490       1872.000   2                    F06   340   2276
  558137.500    4203319.378       2090.000   2                    F06   340   2251
  558137.500    4203119.576       2217.400   2                    F06   340   2235
  558137.500    4202827.688       2396.200   3                    F06   340   2211
  557262.500    4203048.559       1649.200   1                    F06   270   2229
  557262.500    4202819.533       1756.800   2                    F06   270   2211
  557262.500    4202523.565       1918.600   2                    F06   270   2187
  557262.500    4202119.542       2131.600   2                    F06   270   2155
  557262.500    4201902.752       2222.400   3                    F06   270   2137
  557137.500    4202844.338       1693.200   1                    F06   260   2213
  557137.500    4202536.138       1830.400   2                    F06   260   2188
  557137.500    4202111.046       2021.400   2                    F06   260   2154
  557137.500    4201769.548       2148.800   3                    F06   260   2127
  557012.500    4202698.565       1654.000   1                    F06   250   2201
  557012.500    4202269.396       1867.200   2                    F06   250   2167
  557012.500    4201902.752       2046.000   2                    F06   250   2137
  557012.500    4201811.004       2072.800   3                    F06   250   2130
  556887.500    4202577.935       1612.400   1                    F06   240   2191
  556887.500    4202148.766       1830.400   2                    F06   240   2157
  556887.500    4201815.423       1979.800   2                    F06   240   2130
  556887.500    4201657.073       2055.800   3                    F06   240   2118
  556762.500    4202644.536       1450.600   1                    F06   230   2197
  556762.500    4202273.473       1658.800   2                    F06   230   2167
  556762.500    4201894.597       1840.200   2                    F06   230   2137
  556762.500    4201627.852       1972.400   3                    F06   230   2115
  556637.500    4202648.613       1325.800   1                    F06   220   2197
  556637.500    4202294.542       1516.800   2                    F06   220   2169
  556637.500    4201865.374       1698.000   2                    F06   220   2134
  556637.500    4201561.251       1815.600   2                    F06   220   2110
  556637.500    4201381.835       1886.800   3                    F06   220   2096
  556387.500    4202365.221       1269.400   1                    F06   200   2174
  556387.500    4202073.671       1394.400   2                    F06   200   2151
  556387.500    4201648.580       1561.000   2                    F06   200   2117
  556387.500    4201307.079       1705.400   3                    F06   200   2090
  559387.500    4205253.524       1715.200   1                    F06   440   2405
  559387.500    4205073.430       1832.600   2                    F06   440   2391
  559387.500    4204839.986       1950.200   2                    F06   440   2372
  559387.500    4204457.372       2175.800   2                    F06   440   2342
  559387.500    4204086.309       2406.000   2                    F06   440   2312
  559387.500    4203636.413       2709.600   2                    F06   440   2276
  559387.500    4203411.126       2812.400   3                    F06   440   2258
  559137.500    4205236.193       1561.000   1                    F06   420   2404
  559137.500    4205098.574       1641.800   2                    F06   420   2393
  559137.500    4204686.059       1877.000   2                    F06   420   2360
  559137.500    4204327.907       2082.800   2                    F06   420   2331
  559137.500    4203828.060       2406.200   2                    F06   420   2291
  559137.500    4203528.017       2589.800   2                    F06   420   2267
  559137.500    4203206.905       2793.200   2                    F06   420   2242
  559137.500    4202898.705       2972.000   3                    F06   420   2217
  559262.500    4205306.872       1553.600   1                    F06   430   2410
  559262.500    4205182.165       1666.200   2                    F06   430   2400
  559262.500    4204890.276       1850.200   2                    F06   430   2376
  559262.500    4204532.128       2058.000   2                    F06   430   2348
  559262.500    4204107.036       2305.600   2                    F06   430   2314
  559262.500    4203715.587       2553.000   2                    F06   430   2282
  559262.500    4203361.175       2773.400   2                    F06   430   2254
  559262.500    4203065.209       2940.200   2                    F06   430   2230
  559262.500    4202911.278       3011.200   3                    F06   430   2218
  559012.500    4205269.494       1460.600   1                    F06   410   2407
  559012.500    4205211.046       1487.400   2                    F06   410   2402
  559012.500    4204965.374       1649.000   2                    F06   410   2382
  559012.500    4204603.145       1835.400   2                    F06   410   2353
  559012.500    4204182.134       2095.000   2                    F06   410   2320
  559012.500    4203835.875       2330.000   2                    F06   410   2292
  559012.500    4203603.112       2479.600   2                    F06   410   2273
  559012.500    4203278.264       2670.400   2                    F06   410   2247
  559012.500    4202886.132       2893.600   2                    F06   410   2216
  559012.500    4202640.459       2996.400   3                    F06   410   2196
  559637.500    4205761.187       1624.600   1                    F06   460   2446
  559637.500    4205595.025       1713.000   2                    F06   460   2433
  559637.500    4205269.494       1903.800   2                    F06   460   2407
  559637.500    4205019.402       2053.400   2                    F06   460   2387
  559637.500    4204640.523       2266.400   2                    F06   460   2356
  559637.500    4204178.057       2555.400   2                    F06   460   2319
  559637.500    4203848.787       2753.800   2                    F06   460   2293
  559637.500    4203398.894       2974.400   2                    F06   460   2257
  559637.500    4202894.628       3180.200   3                    F06   460   2217
  560262.500    4207115.291       1147.000   1                    F06   510   2554
  560262.500    4206956.945       1333.200   2                    F06   510   2542
  560262.500    4206573.989       1676.200   2                    F06   510   2511
  560262.500    4206240.304       1921.200   2                    F06   510   2484
  560262.500    4205815.893       2175.800   2                    F06   510   2450
  560262.500    4205573.614       2349.800   3                    F06   510   2431
  556512.500    4202727.788       1203.400   1                    F06   210   2203
  556512.500    4202390.365       1377.200   2                    F06   210   2176
  556512.500    4201986.342       1548.800   2                    F06   210   2144
  556512.500    4201561.251       1732.400   2                    F06   210   2110
  556512.500    4201281.936       1830.400   3                    F06   210   2088
  560637.500    4207557.030       1156.800   1                    F06   540   2590
  560637.500    4207411.257       1267.000   2                    F06   540   2578
  560637.500    4207248.833       1443.200   2                    F06   540   2565
  560637.500    4207011.312       1639.400   2                    F06   540   2546
  560637.500    4206690.539       1901.400   3                    F06   540   2520
  560137.500    4207023.882       1196.000   1                    F06   500   2547
  560137.500    4206811.168       1416.600   2                    F06   500   2530
  560137.500    4206452.679       1686.200   2                    F06   500   2501
  560137.500    4205969.823       1984.800   2                    F06   500   2463
  560137.500    4205557.305       2217.600   2                    F06   500   2430
  560137.500    4205140.371       2435.400   3                    F06   500   2396
  559762.500    4206507.049       1284.000   1                    F06   470   2506
  559762.500    4206086.034       1573.400   2                    F06   470   2472
  559762.500    4205890.310       1678.600   2                    F06   470   2456
  559762.500    4205699.001       1781.400   2                    F06   470   2441
  559762.500    4205102.993       2126.800   2                    F06   470   2393
  559762.500    4204677.901       2381.600   2                    F06   470   2359
  559762.500    4204032.281       2741.600   2                    F06   470   2308
  559762.500    4203440.349       3013.600   2                    F06   470   2260
  559762.500    4202927.929       3197.200   3                    F06   470   2219
  559887.500    4206677.965       1296.400   1                    F06   480   2519
  559887.500    4206282.100       1565.800   2                    F06   480   2488
  559887.500    4205882.155       1818.000   2                    F06   480   2456
  559887.500    4205340.514       2121.800   2                    F06   480   2412
  559887.500    4204836.248       2398.800   2                    F06   480   2372
  559887.500    4204336.062       2670.600   3                    F06   480   2332
  560762.500    4207582.177       1247.400   1                    F06   550   2592
  560762.500    4207357.229       1470.400   2                    F06   550   2574
  560762.500    4207081.988       1700.600   2                    F06   550   2552
  560762.500    4206898.839       1823.000   3                    F06   550   2537
  560887.500    4207744.601       1198.400   1                    F06   560   2605
  560887.500    4207494.509       1472.800   2                    F06   560   2585
  560887.500    4207357.229       1646.800   3                    F06   560   2574
  560387.500    4207265.484       1142.200   1                    F06   520   2566
  560387.500    4206902.917       1467.800   2                    F06   520   2537
  560387.500    4206582.143       1759.400   2                    F06   520   2512
  560387.500    4206352.776       1911.400   2                    F06   520   2493
  560387.500    4206027.929       2136.600   2                    F06   520   2467
  560387.500    4205794.826       2291.000   3                    F06   520   2449
  560512.500    4207360.967       1161.600   1                    F06   530   2574
  560512.500    4207128.203       1377.400   2                    F06   530   2555
  560512.500    4206803.014       1676.200   2                    F06   530   2529
  560512.500    4206582.143       1869.800   2                    F06   530   2512
  560512.500    4206290.594       2073.000   3                    F06   530   2488
  560012.500    4206882.189       1262.200   1                    F06   490   2536
  560012.500    4206715.343       1392.000   2                    F06   490   2522
  560012.500    4206440.447       1590.200   2                    F06   490   2500
  560012.500    4206032.006       1845.000   2                    F06   490   2468
  560012.500    4205723.467       2023.800   2                    F06   490   2443
  560012.500    4205306.872       2241.800   2                    F06   490   2410
  560012.500    4204839.986       2504.000   2                    F06   490   2372
  560012.500    4204286.452       2795.600   2                    F06   490   2328
  560012.500    4203873.934       2979.400   3                    F06   490   2295
  558012.500    4204119.610       1487.400   1                    F06   330   2315
  558012.500    4203848.787       1676.000   2                    F06   330   2293
  558012.500    4203548.745       1881.800   2                    F06   330   2269
  558012.500    4203311.223       2026.400   2                    F06   330   2250
  558012.500    4203015.258       2202.600   2                    F06   330   2226
  558012.500    4202702.981       2374.200   3                    F06   330   2201
  558262.500    4204127.764       1634.400   1                    F06   350   2315
  558262.500    4203903.158       1793.600   2                    F06   350   2297
  558262.500    4203607.189       2001.800   2                    F06   350   2274
  558262.500    4203198.409       2256.600   2                    F06   350   2241
  558262.500    4202953.075       2420.800   2                    F06   350   2221
  558262.500    4202890.551       2450.200   3                    F06   350   2216
  557887.500    4204090.386       1384.400   1                    F06   320   2312
  557887.500    4203773.693       1636.800   2                    F06   320   2287
  557887.500    4203590.539       1776.600   2                    F06   320   2272
  557887.500    4203361.174       1945.600   2                    F06   320   2254
  557887.500    4203036.327       2124.400   2                    F06   320   2228
  557887.500    4202769.582       2276.400   3                    F06   320   2207
  557762.500    4204031.942       1352.800   1                    F06   310   2308
  557762.500    4203656.801       1632.000   2                    F06   310   2278
  557762.500    4203327.874       1857.400   2                    F06   310   2251
  557762.500    4203040.062       2024.000   2                    F06   310   2228
  557762.500    4202790.648       2188.200   2                    F06   310   2208
  557762.500    4202632.302       2249.400   3                    F06   310   2196
  557512.500    4203644.567       1492.400   1                    F06   290   2277
  557512.500    4203323.458       1705.600   2                    F06   290   2251
  557512.500    4203011.181       1864.600   2                    F06   290   2226
  557512.500    4202823.272       1975.000   2                    F06   290   2211
  557512.500    4202606.817       2082.600   2                    F06   290   2194
  557512.500    4202357.064       2205.200   3                    F06   290   2174
  557387.500    4203319.378       1600.200   1                    F06   280   2251
  557387.500    4202923.851       1805.800   2                    F06   280   2219
  557387.500    4202773.320       1894.000   2                    F06   280   2207
  557387.500    4202440.316       2050.800   2                    F06   280   2180
  557387.500    4202244.591       2158.800   3                    F06   280   2165
  558387.500    4204656.835       1294.000   1                    F06   360   2358
  558387.500    4204419.314       1492.400   2                    F06   360   2339
  558387.500    4204177.715       1678.600   2                    F06   360   2319
  558387.500    4203906.896       1891.600   2                    F06   360   2298
  558387.500    4203627.578       2073.000   2                    F06   360   2275
  558387.500    4203311.223       2276.200   2                    F06   360   2250
  558387.500    4203115.499       2413.400   3                    F06   360   2234
  558512.500    4204748.580       1433.400   1                    F06   370   2365
  558512.500    4204336.062       1696.000   2                    F06   370   2332
  558512.500    4203840.294       2029.000   2                    F06   370   2292
  558512.500    4203461.077       2241.800   2                    F06   370   2262
  558512.500    4203131.811       2423.200   3                    F06   370   2236
  558637.500    4204848.821       1458.200   1                    F06   380   2373
  558637.500    4204502.904       1693.200   2                    F06   380   2345
  558637.500    4204161.065       1916.200   2                    F06   380   2318
  558637.500    4203686.025       2207.600   2                    F06   380   2280
  558637.500    4203119.576       2518.800   2                    F06   380   2235
  558637.500    4202915.697       2619.000   3                    F06   380   2218
  558762.500    4204786.297       1583.000   1                    F06   390   2368
  558762.500    4204478.438       1801.200   2                    F06   390   2343
  558762.500    4204082.232       2050.800   2                    F06   390   2312
  558762.500    4203802.916       2212.600   2                    F06   390   2289
  558762.500    4203423.699       2437.800   2                    F06   390   2259
  558762.500    4203136.226       2594.800   2                    F06   390   2236
  558762.500    4202673.418       2805.400   3                    F06   390   2199
  558887.500    4205019.402       1543.800   1                    F06   400   2387
  558887.500    4204836.248       1651.600   2                    F06   400   2372
  558887.500    4204494.750       1845.200   2                    F06   400   2345
  558887.500    4204144.756       2072.800   2                    F06   400   2317
  558887.500    4203703.014       2332.800   2                    F06   400   2281
  558887.500    4203532.094       2435.600   2                    F06   400   2268
  558887.500    4203169.866       2636.400   2                    F06   400   2239
  558887.500    4202877.639       2788.400   3                    F06   400   2215
  560137.502    4204313.194       2141.082   1                    F08   500   2330
  560137.502    4204220.092       2202.375   2                    F08   500   2323
  560137.502    4204108.774       2281.778   2                    F08   500   2314
  560137.502    4204084.487       2305.460   3                    F08   500   2312
  559512.500    4204586.156       1556.000   1                    F08   450   2352
  559512.500    4204256.890       1752.000   2                    F08   450   2326
  559512.500    4203952.767       1970.000   2                    F08   450   2301
  559512.500    4203702.672       2171.000   2                    F08   450   2281
  559512.500    4203340.447       2447.800   2                    F08   450   2252
  559512.500    4203002.685       2710.000   3                    F08   450   2225
  559262.500    4204406.740       1499.600   1                    F08   430   2338
  559262.500    4204094.463       1703.200   2                    F08   430   2313
  559262.500    4203944.274       1830.200   2                    F08   430   2301
  559262.500    4203640.490       2068.000   2                    F08   430   2276
  559262.500    4203336.028       2291.000   2                    F08   430   2252
  559262.500    4203015.597       2553.200   2                    F08   430   2226
  559262.500    4202723.708       2756.400   3                    F08   430   2203
  559137.500    4204256.890       1450.800   1                    F08   420   2326
  559137.500    4204144.414       1529.200   2                    F08   420   2317
  559137.500    4203815.490       1815.600   2                    F08   420   2290
  559137.500    4203536.172       2068.000   2                    F08   420   2268
  559137.500    4203248.699       2278.600   2                    F08   420   2245
  559137.500    4203069.286       2428.000   3                    F08   420   2231
  559762.500    4204365.285       1854.800   1                    F08   470   2334
  559762.500    4204140.337       2031.400   2                    F08   470   2316
  559762.500    4203827.721       2269.000   2                    F08   470   2291
  559762.500    4203598.696       2452.600   2                    F08   470   2273
  559762.500    4203294.573       2665.800   3                    F08   470   2249
  560012.500    4204373.781       2001.800   1                    F08   490   2335
  560012.500    4204198.784       2134.200   2                    F08   490   2321
  560012.500    4203936.117       2340.000   2                    F08   490   2300
  560012.500    4203652.724       2597.200   3                    F08   490   2277
  559887.500    4204252.813       1984.800   1                    F08   480   2325
  559887.500    4204052.331       2171.000   2                    F08   480   2309
  559887.500    4203740.050       2421.000   2                    F08   480   2284
  559887.500    4203502.871       2609.400   2                    F08   480   2265
  559887.500    4203156.954       2874.000   3                    F08   480   2238
  559012.500    4204011.211       1558.600   1                    F08   410   2306
  559012.500    4203786.266       1786.200   2                    F08   410   2288
  559012.500    4203489.959       2011.600   2                    F08   410   2264
  559012.500    4203189.916       2234.600   2                    F08   410   2240
  559012.500    4202927.590       2428.200   3                    F08   410   2219
  558887.500    4203731.896       1735.000   1                    F08   400   2284
  558887.500    4203627.916       1820.600   2                    F08   400   2275
  558887.500    4203336.028       2045.800   2                    F08   400   2252
  558887.500    4202944.579       2342.400   3                    F08   400   2221
  558762.500    4203690.441       1720.200   1                    F08   390   2280
  558762.500    4203448.845       1898.800   2                    F08   390   2261
  558762.500    4203136.226       2129.200   2                    F08   390   2236
  558762.500    4202814.776       2317.800   3                    F08   390   2210
  558512.500    4203653.063       1565.800   1                    F08   370   2277
  558512.500    4203402.630       1788.800   2                    F08   370   2257
  558512.500    4203094.091       2004.400   2                    F08   370   2233
  558512.500    4202802.544       2190.600   3                    F08   370   2209
  558387.500    4203652.724       1458.200   1                    F08   360   2277
  558387.500    4203406.707       1683.400   2                    F08   360   2258
  558387.500    4203135.888       1894.200   2                    F08   360   2236
  558387.500    4202819.533       2148.800   2                    F08   360   2211
  558387.500    4202690.407       2246.800   3                    F08   360   2200
  558262.500    4203657.140       1340.600   1                    F08   350   2278
  558262.500    4203448.504       1531.800   2                    F08   350   2261
  558262.500    4203111.083       1840.000   2                    F08   350   2234
  558262.500    4202761.089       2134.200   2                    F08   350   2206
  558262.500    4202627.886       2232.200   3                    F08   350   2195
  558137.500    4203623.501       1308.800   1                    F08   340   2275
  558137.500    4203419.280       1487.400   2                    F08   340   2259
  558137.500    4203077.782       1783.800   2                    F08   340   2231
  558137.500    4202703.319       2060.600   3                    F08   340   2201
  558012.500    4203511.367       1296.400   1                    F08   330   2266
  558012.500    4203303.069       1470.200   2                    F08   330   2249
  558012.500    4202898.705       1764.200   3                    F08   330   2217
  556665.344    4203687.499       1164.200   1                    F09   222   2280
  557019.756    4203687.499       1423.800   2                    F09   251   2280
  557373.828    4203687.499       1695.600   2                    F09   279   2280
  557811.491    4203687.499       2014.200   2                    F09   314   2280
  558186.291    4203687.499       2261.600   2                    F09   344   2280
  558511.480    4203687.499       2489.400   3                    F09   370   2280
  556907.282    4204062.499       1188.600   1                    F09   242   2310
  557157.035    4204062.499       1387.000   2                    F09   262   2310
  557507.030    4204062.499       1676.000   2                    F09   290   2310
  557998.721    4204062.499       1997.000   2                    F09   329   2310
  558390.511    4204062.499       2276.200   2                    F09   360   2310
  558748.661    4204062.499       2491.800   3                    F09   389   2310
  556957.233    4204187.499       1166.600   1                    F09   246   2320
  557215.481    4204187.499       1392.000   2                    F09   266   2320
  557507.030    4204187.499       1627.200   2                    F09   290   2320
  557790.424    4204187.499       1813.200   2                    F09   312   2320
  558098.962    4204187.499       2028.800   2                    F09   337   2320
  558423.812    4204187.499       2237.000   2                    F09   363   2320
  558732.011    4204187.499       2469.800   2                    F09   388   2320
  558865.552    4204187.499       2553.000   3                    F09   398   2320
  557048.979    4204312.499       1166.600   1                    F09   253   2330
  557394.556    4204312.499       1499.800   2                    F09   281   2330
  557707.172    4204312.499       1727.600   2                    F09   306   2330
  558111.195    4204312.499       2009.200   2                    F09   338   2330
  558515.558    4204312.499       2264.000   2                    F09   370   2330
  558890.358    4204312.499       2526.200   3                    F09   400   2330
  557124.075    4204437.499       1169.200   1                    F09   259   2340
  557473.730    4204437.499       1472.800   2                    F09   287   2340
  557769.696    4204437.499       1705.400   2                    F09   311   2340
  558169.641    4204437.499       1999.400   2                    F09   343   2340
  558573.664    4204437.499       2251.800   2                    F09   375   2340
  558857.058    4204437.499       2462.400   3                    F09   398   2340
  557319.800    4204687.499       1183.800   1                    F09   275   2360
  557511.447    4204687.499       1377.200   2                    F09   290   2360
  557790.424    4204687.499       1612.400   2                    F09   312   2360
  558103.040    4204687.499       1857.400   2                    F09   337   2360
  558465.607    4204687.499       2112.200   2                    F09   366   2360
  558807.106    4204687.499       2340.000   2                    F09   394   2360
  558961.376    4204687.499       2428.200   3                    F09   406   2360
  557473.730    4205062.499       1174.000   1                    F09   287   2390
  557740.473    4205062.499       1411.600   2                    F09   308   2390
  558103.040    4205062.499       1705.400   2                    F09   337   2390
  558411.239    4205062.499       1926.000   2                    F09   362   2390
  558753.078    4205062.499       2210.200   2                    F09   389   2390
  559119.723    4205062.499       2450.200   3                    F09   419   2390
  557548.825    4205187.499       1183.800   1                    F09   293   2400
  557865.519    4205187.499       1477.600   2                    F09   318   2400
  558252.892    4205187.499       1752.000   2                    F09   349   2400
  558623.954    4205187.499       2026.400   2                    F09   379   2400
  559023.899    4205187.499       2342.400   2                    F09   411   2400
  559148.946    4205187.499       2425.600   3                    F09   421   2400
  557661.299    4205312.499       1237.600   1                    F09   302   2410
  557998.721    4205312.499       1504.600   2                    F09   329   2410
  558386.434    4205312.499       1823.000   2                    F09   360   2410
  558703.128    4205312.499       2053.400   2                    F09   385   2410
  558998.754    4205312.499       2281.200   2                    F09   409   2410
  559211.469    4205312.499       2433.000   3                    F09   426   2410
  557911.392    4205687.499       1232.800   1                    F09   322   2440
  558169.641    4205687.499       1494.800   2                    F09   343   2440
  558482.257    4205687.499       1788.800   2                    F09   368   2440
  558823.757    4205687.499       2043.600   2                    F09   395   2440
  559098.655    4205687.499       2244.400   2                    F09   417   2440
  559290.643    4205687.499       2371.800   3                    F09   432   2440
  557986.489    4205812.499       1227.800   1                    F09   328   2450
  558202.941    4205812.499       1458.000   2                    F09   345   2450
  558477.840    4205812.499       1727.600   2                    F09   367   2450
  558761.233    4205812.499       1972.600   2                    F09   390   2450
  559053.122    4205812.499       2202.800   2                    F09   413   2450
  559307.293    4205812.499       2366.800   3                    F09   434   2450
  558111.195    4205937.499       1235.200   1                    F09   338   2460
  558298.765    4205937.499       1431.200   2                    F09   353   2460
  558569.586    4205937.499       1703.000   2                    F09   375   2460
  558790.456    4205937.499       1911.200   2                    F09   392   2460
  559119.723    4205937.499       2153.800   2                    F09   419   2460
  559357.244    4205937.499       2300.800   3                    F09   438   2460
  558211.436    4206062.499       1235.200   1                    F09   346   2470
  558469.685    4206062.499       1497.200   2                    F09   367   2470
  558719.778    4206062.499       1749.600   2                    F09   387   2470
  558990.599    4206062.499       1957.800   2                    F09   408   2470
  559240.352    4206062.499       2156.200   2                    F09   428   2470
  559415.349    4206062.499       2281.200   3                    F09   442   2470
  558307.260    4206187.499       1218.000   1                    F09   354   2480
  558565.509    4206187.499       1521.800   2                    F09   374   2480
  558786.379    4206187.499       1742.200   2                    F09   392   2480
  559023.899    4206187.499       1957.800   2                    F09   411   2480
  559278.070    4206187.499       2153.800   2                    F09   431   2480
  559394.622    4206187.499       2239.600   3                    F09   441   2480
  558453.034    4206437.499       1166.600   1                    F09   365   2500
  558736.428    4206437.499       1475.200   2                    F09   388   2500
  559103.073    4206437.499       1823.000   2                    F09   417   2500
  559369.816    4206437.499       2065.600   2                    F09   439   2500
  559461.222    4206437.499       2131.800   3                    F09   446   2500
  558669.827    4206562.499       1323.400   1                    F09   383   2510
  558940.648    4206562.499       1592.800   2                    F09   404   2510
  559207.052    4206562.499       1835.400   2                    F09   426   2510
  559515.591    4206562.499       2122.000   3                    F09   450   2510
  558790.456    4206687.499       1372.400   1                    F09   392   2520
  559053.122    4206687.499       1617.400   2                    F09   413   2520
  559244.770    4206687.499       1788.800   2                    F09   429   2520
  559519.668    4206687.499       2026.400   3                    F09   451   2520
  558990.599    4206812.499       1467.800   1                    F09   408   2530
  559182.246    4206812.499       1651.600   2                    F09   424   2530
  559419.767    4206812.499       1852.400   2                    F09   443   2530
  559611.414    4206812.499       1994.600   3                    F09   458   2530
  556815.536    4203937.499       1166.600   1                    F09   234   2300
  557098.930    4203937.499       1409.000   2                    F09   257   2300
  557486.302    4203937.499       1690.800   2                    F09   288   2300
  557956.926    4203937.499       2009.200   2                    F09   326   2300
  558361.288    4203937.499       2291.000   2                    F09   358   2300
  558727.933    4203937.499       2521.200   3                    F09   387   2300
  557757.123    4205437.499       1213.000   1                    F09   310   2420
  558098.962    4205437.499       1521.800   2                    F09   337   2420
  558482.257    4205437.499       1862.200   2                    F09   368   2420
  558753.078    4205437.499       2087.600   2                    F09   389   2420
  558982.104    4205437.499       2261.600   2                    F09   408   2420
  559223.702    4205437.499       2425.600   3                    F09   427   2420
  557427.856    4204937.499       1193.600   1                    F09   283   2380
  557698.677    4204937.499       1441.000   2                    F09   305   2380
  558044.594    4204937.499       1693.200   2                    F09   333   2380
  558390.511    4204937.499       1962.800   2                    F09   360   2380
  558777.883    4204937.499       2244.400   2                    F09   391   2380
  559057.200    4204937.499       2452.600   3                    F09   414   2380
  557373.828    4204812.499       1178.800   1                    F09   279   2370
  557627.999    4204812.499       1443.400   2                    F09   299   2370
  558011.294    4204812.499       1734.800   2                    F09   330   2370
  558327.988    4204812.499       1972.400   2                    F09   355   2370
  558727.933    4204812.499       2237.000   2                    F09   387   2370
  559053.122    4204812.499       2452.600   3                    F09   413   2370
  557219.559    4204562.499       1178.800   1                    F09   267   2350
  557473.730    4204562.499       1389.400   2                    F09   287   2350
  557757.123    4204562.499       1629.600   2                    F09   310   2350
  558082.312    4204562.499       1872.000   2                    F09   336   2350
  558365.706    4204562.499       2090.200   2                    F09   358   2350
  558778.224    4204562.499       2374.400   2                    F09   391   2350
  558944.726    4204562.499       2489.400   3                    F09   405   2350
  556807.041    4203812.499       1208.200   1                    F09   234   2290
  557053.057    4203812.499       1409.000   2                    F09   253   2290
  557394.556    4203812.499       1663.800   2                    F09   281   2290
  557782.268    4203812.499       1960.200   2                    F09   312   2290
  558211.436    4203812.499       2232.200   2                    F09   346   2290
  558494.830    4203812.499       2440.400   3                    F09   369   2290
  556694.567    4203437.499       1218.000   1                    F09   225   2260
  556953.155    4203437.499       1482.600   2                    F09   245   2260
  557219.559    4203437.499       1698.200   2                    F09   267   2260
  557561.398    4203437.499       1938.200   2                    F09   294   2260
  557882.170    4203437.499       2180.800   2                    F09   320   2260
  558240.659    4203437.499       2428.200   2                    F09   348   2260
  558419.734    4203437.499       2543.200   3                    F09   363   2260
  556648.694    4203562.499       1196.000   1                    F09   221   2270
  556923.932    4203562.499       1406.600   2                    F09   243   2270
  557248.782    4203562.499       1659.000   2                    F09   269   2270
  557648.727    4203562.499       1938.200   2                    F09   301   2270
  557932.121    4203562.499       2141.600   2                    F09   324   2270
  558202.942    4203562.499       2340.000   2                    F09   345   2270
  558403.084    4203562.499       2477.200   3                    F09   361   2270
  556532.142    4203187.499       1213.200   1                    F09   212   2240
  556815.536    4203187.499       1467.800   2                    F09   234   2240
  557165.530    4203187.499       1776.600   2                    F09   262   2240
  557427.856    4203187.499       1979.800   2                    F09   283   2240
  557703.095    4203187.499       2185.600   3                    F09   305   2240
  556519.570    4203062.499       1264.600   1                    F09   211   2230
  556698.985    4203062.499       1409.000   2                    F09   225   2230
  556986.456    4203062.499       1663.800   2                    F09   248   2230
  557265.432    4203062.499       1894.200   2                    F09   270   2230
  557582.126    4203062.499       2166.000   2                    F09   296   2230
  557819.646    4203062.499       2315.400   3                    F09   315   2230
  556515.492    4202937.499       1301.400   1                    F09   210   2220
  556869.564    4202937.499       1585.400   2                    F09   239   2220
  557223.636    4202937.499       1911.200   2                    F09   267   2220
  557590.621    4202937.499       2224.800   2                    F09   296   2220
  557757.123    4202937.499       2374.200   3                    F09   310   2220
  556603.161    4202812.499       1416.400   1                    F09   217   2210
  556819.614    4202812.499       1605.000   2                    F09   235   2210
  557090.435    4202812.499       1835.400   2                    F09   256   2210
  557327.955    4202812.499       2021.400   2                    F09   275   2210
  557578.048    4202812.499       2249.400   2                    F09   295   2210
  557886.247    4202812.499       2482.000   2                    F09   320   2210
  558023.867    4202812.499       2589.800   3                    F09   331   2210
  556465.541    4202687.499       1384.600   1                    F09   206   2200
  556757.090    4202687.499       1612.400   2                    F09   230   2200
  557090.435    4202687.499       1901.400   2                    F09   256   2200
  557440.769    4202687.499       2195.400   2                    F09   284   2200
  557740.473    4202687.499       2437.800   3                    F09   308   2200
  556665.344    4202562.499       1539.000   1                    F09   222   2190
  556757.090    4202562.499       1646.800   2                    F09   230   2190
  557065.629    4202562.499       1906.400   2                    F09   254   2190
  557369.751    4202562.499       2156.200   2                    F09   279   2190
  557615.426    4202562.499       2337.400   3                    F09   298   2190
  556615.733    4203312.499       1232.800   1                    F09   218   2250
  556878.059    4203312.499       1470.400   2                    F09   239   2250
  557132.230    4203312.499       1695.600   2                    F09   260   2250
  557423.779    4203312.499       1916.200   2                    F09   283   2250
  557682.027    4203312.499       2117.000   2                    F09   304   2250
  557886.247    4203312.499       2251.800   3                    F09   320   2250
  557886.247    4205562.499       1247.400   1                    F09   320   2430
  558144.496    4205562.499       1514.400   2                    F09   341   2430
  558423.812    4205562.499       1766.800   2                    F09   363   2430
  558703.128    4205562.499       1977.400   2                    F09   385   2430
  558952.881    4205562.499       2176.000   2                    F09   405   2430
  559269.575    4205562.499       2396.400   3                    F09   431   2430
  556215.448    4203312.499       1259.600   1                    F10   186   2250
  556482.192    4203312.499       1509.600   2                    F10   208   2250
  556732.285    4203312.499       1739.800   2                    F10   228   2250
  557032.329    4203312.499       1970.000   2                    F10   252   2250
  557440.429    4203312.499       2229.800   3                    F10   284   2250
  556215.448    4203187.499       1306.200   1                    F10   186   2240
  556528.065    4203187.499       1597.800   2                    F10   211   2240
  556769.663    4203187.499       1825.600   2                    F10   231   2240
  557140.385    4203187.499       2099.800   2                    F10   260   2240
  557394.556    4203187.499       2266.400   3                    F10   281   2240
  556194.720    4203062.499       1360.000   1                    F10   185   2230
  556502.920    4203062.499       1619.800   2                    F10   209   2230
  556886.214    4203062.499       1943.200   2                    F10   240   2230
  557348.683    4203062.499       2293.400   2                    F10   277   2230
  557419.701    4203062.499       2349.800   3                    F10   283   2230
  556223.943    4202937.499       1443.400   1                    F10   187   2220
  556569.520    4202937.499       1730.000   2                    F10   215   2220
  556907.282    4202937.499       2004.400   2                    F10   242   2220
  557232.132    4202937.499       2259.200   3                    F10   268   2220
  556311.272    4202687.499       1622.200   1                    F10   194   2200
  556528.065    4202687.499       1803.400   2                    F10   211   2200
  556852.914    4202687.499       2085.200   2                    F10   237   2200
  557161.453    4202687.499       2327.600   3                    F10   262   2200
  556303.117    4202562.499       1659.000   1                    F10   193   2190
  556619.811    4202562.499       1911.200   2                    F10   219   2190
  556990.533    4202562.499       2215.000   3                    F10   248   2190
  556261.321    4202437.499       1688.400   1                    F10   190   2180
  556486.269    4202437.499       1889.200   2                    F10   208   2180
  556890.632    4202437.499       2246.800   3                    F10   240   2180
  556348.990    4203437.499       1335.600   1                    F10   197   2260
  556519.570    4203437.499       1502.200   2                    F10   211   2260
  556811.119    4203437.499       1744.600   2                    F10   234   2260
  557165.530    4203437.499       2004.200   2                    F10   262   2260
  557502.952    4203437.499       2229.800   2                    F10   289   2260
  557769.696    4203437.499       2398.600   3                    F10   311   2260
  556194.721    4202312.499       1666.400   1                    F10   185   2170
  556473.697    4202312.499       1930.800   2                    F10   207   2170
  556773.741    4202312.499       2149.000   2                    F10   231   2170
  557036.406    4202312.499       2323.000   3                    F10   252   2170
  556161.420    4202187.499       1734.800   1                    F10   182   2160
  556448.891    4202187.499       1950.400   2                    F10   205   2160
  556715.635    4202187.499       2146.400   2                    F10   226   2160
  557098.930    4202187.499       2369.400   3                    F10   257   2160
  556165.498    4202062.499       1783.800   1                    F10   182   2150
  556448.891    4202062.499       2009.200   2                    F10   205   2150
  556719.712    4202062.499       2202.800   2                    F10   227   2150
  556990.533    4202062.499       2364.400   3                    F10   248   2150
  556173.993    4201937.499       1847.600   1                    F10   183   2140
  556444.814    4201937.499       2043.600   2                    F10   205   2140
  556857.332    4201937.499       2315.400   3                    F10   238   2140
  556178.070    4201812.499       1904.000   1                    F10   183   2130
  556432.241    4201812.499       2097.400   2                    F10   204   2130
  556698.985    4201812.499       2256.600   3                    F10   225   2130
  556169.575    4201687.499       1926.000   1                    F10   183   2120
  556394.523    4201687.499       2097.400   2                    F10   201   2120
  556644.616    4201687.499       2281.200   3                    F10   221   2120
  556182.148    4201562.499       2031.200   1                    F10   184   2110
  556452.969    4201562.499       2210.200   2                    F10   205   2110
  556582.093    4201562.499       2295.800   3                    F10   216   2110
  556223.943    4202812.499       1497.200   1                    F10   187   2210
  556323.845    4202812.499       1561.000   2                    F10   195   2210
  556611.316    4202812.499       1793.600   2                    F10   218   2210
  556911.360    4202812.499       2041.000   2                    F10   242   2210
  557252.859    4202812.499       2342.400   2                    F10   269   2210
  557332.033    4202812.499       2413.400   3                    F10   276   2210
  556898.787    4204812.499       1203.400   1                    F10   241   2370
  557248.782    4204812.499       1524.200   2                    F10   269   2370
  557690.522    4204812.499       1830.400   2                    F10   304   2370
  558194.786    4204812.499       2161.200   3                    F10   345   2370
  557148.880    4205062.499       1267.000   1                    F10   261   2390
  557407.128    4205062.499       1512.000   2                    F10   282   2390
  557640.572    4205062.499       1708.000   2                    F10   300   2390
  557957.266    4205062.499       1933.400   3                    F10   326   2390
  556807.381    4204687.499       1205.800   1                    F10   234   2360
  557215.821    4204687.499       1546.400   2                    F10   266   2360
  557694.940    4204687.499       1899.200   2                    F10   305   2360
  558215.514    4204687.499       2227.200   3                    F10   346   2360
  556644.616    4204437.499       1208.200   1                    F10   221   2340
  557011.261    4204437.499       1504.600   2                    F10   250   2340
  557377.906    4204437.499       1769.200   2                    F10   279   2340
  557915.470    4204437.499       2126.800   3                    F10   322   2340
  556698.984    4204187.499       1345.400   1                    F10   225   2320
  557048.979    4204187.499       1627.000   2                    F10   253   2320
  557307.227    4204187.499       1803.400   2                    F10   274   2320
  557686.444    4204187.499       2077.800   2                    F10   304   2320
  558115.612    4204187.499       2322.800   2                    F10   338   2320
  558298.765    4204187.499       2420.800   3                    F10   353   2320
  556565.103    4204062.499       1245.000   1                    F10   214   2310
  556823.691    4204062.499       1487.600   2                    F10   235   2310
  557111.502    4204062.499       1712.600   2                    F10   258   2310
  557403.051    4204062.499       1928.600   2                    F10   281   2310
  557832.219    4204062.499       2195.400   2                    F10   316   2310
  558228.086    4204062.499       2452.600   3                    F10   347   2310
  556403.018    4203937.499       1186.200   1                    F10   201   2300
  556611.316    4203937.499       1369.800   2                    F10   218   2300
  556923.932    4203937.499       1624.600   2                    F10   243   2300
  557278.004    4203937.499       1896.600   2                    F10   271   2300
  557578.048    4203937.499       2085.200   2                    F10   295   2300
  557977.993    4203937.499       2332.600   2                    F10   327   2300
  558307.260    4203937.499       2538.400   3                    F10   354   2300
  556381.951    4203812.499       1225.400   1                    F10   200   2290
  556669.762    4203812.499       1475.400   2                    F10   223   2290
  557099.269    4203812.499       1823.000   2                    F10   257   2290
  557361.256    4203812.499       1997.000   2                    F10   278   2290
  557794.501    4203812.499       2276.200   2                    F10   313   2290
  558178.136    4203812.499       2513.800   2                    F10   343   2290
  558606.964    4203812.499       2758.800   3                    F10   378   2290
  556307.195    4203687.499       1203.400   1                    F10   194   2280
  556469.619    4203687.499       1367.400   2                    F10   207   2280
  556831.846    4203687.499       1649.200   2                    F10   236   2280
  557036.406    4203687.499       1796.200   2                    F10   252   2280
  557319.800    4203687.499       2014.000   2                    F10   275   2280
  557798.919    4203687.499       2322.800   2                    F10   313   2280
  558415.317    4203687.499       2704.800   3                    F10   362   2280
  556377.873    4203562.499       1321.000   1                    F10   199   2270
  556728.547    4203562.499       1612.400   2                    F10   227   2270
  557036.406    4203562.499       1859.800   2                    F10   252   2270
  557390.479    4203562.499       2107.200   2                    F10   280   2270
  557777.851    4203562.499       2369.400   2                    F10   311   2270
  557857.025    4203562.499       2420.800   3                    F10   318   2270
  556582.093    4204312.499       1223.000   1                    F10   216   2330
  556786.313    4204312.499       1416.400   2                    F10   232   2330
  557211.744    4204312.499       1695.800   2                    F10   266   2330
  557507.030    4204312.499       1908.800   2                    F10   290   2330
  557948.770    4204312.499       2205.200   3                    F10   325   2330
  556769.663    4204562.499       1259.600   1                    F10   231   2350
  557119.997    4204562.499       1539.000   2                    F10   259   2350
  557486.302    4204562.499       1796.200   2                    F10   288   2350
  558107.118    4204562.499       2200.400   3                    F10   338   2350
  557152.958    4204937.499       1352.800   1                    F10   261   2380
  557415.624    4204937.499       1561.000   2                    F10   282   2380
  557732.318    4204937.499       1803.400   2                    F10   308   2380
  558086.390    4204937.499       2053.400   3                    F10   336   2380
  556387.500    4204669.408       1171.400   1                    F11   200   2359
  556387.500    4204511.058       1276.800   2                    F11   200   2346
  556387.500    4204232.085       1443.400   2                    F11   200   2324
  556387.500    4203919.466       1590.400   2                    F11   200   2299
  556387.500    4203478.066       1791.200   2                    F11   200   2263
  556387.500    4203057.055       1960.400   2                    F11   200   2230
  556387.500    4202802.883       2075.200   2                    F11   200   2209
  556387.500    4202473.613       2198.000   2                    F11   200   2183
  556387.500    4202082.164       2332.600   3                    F11   200   2152
  556262.500    4204573.583       1149.400   1                    F11   190   2351
  556262.500    4204386.351       1306.200   2                    F11   190   2336
  556262.500    4204131.841       1470.400   2                    F11   190   2316
  556262.500    4203919.466       1565.800   2                    F11   190   2299
  556262.500    4203457.000       1749.400   2                    F11   190   2262
  556262.500    4203015.258       1925.800   2                    F11   190   2226
  556262.500    4202594.585       2095.000   2                    F11   190   2193
  556262.500    4202077.749       2256.600   2                    F11   190   2151
  556262.500    4201756.975       2342.400   2                    F11   190   2126
  556262.500    4201440.282       2442.800   3                    F11   190   2100
  556512.500    4204669.408       1225.400   1                    F11   210   2359
  556512.500    4204286.110       1477.600   2                    F11   210   2328
  556512.500    4203986.406       1627.200   2                    F11   210   2304
  556512.500    4203515.444       1835.400   2                    F11   210   2266
  556512.500    4203040.404       2043.600   2                    F11   210   2228
  556512.500    4202640.459       2205.200   2                    F11   210   2196
  556512.500    4202310.851       2322.800   3                    F11   210   2170
  556637.500    4204752.657       1269.400   1                    F11   220   2365
  556637.500    4204465.526       1467.800   2                    F11   220   2342
  556637.500    4204044.512       1710.400   2                    F11   220   2309
  556637.500    4203611.266       1877.000   2                    F11   220   2274
  556637.500    4203115.160       2092.600   2                    F11   220   2234
  556637.500    4202669.341       2286.000   2                    F11   220   2199
  556637.500    4202473.613       2371.800   3                    F11   220   2183
  557637.500    4205632.061       1519.400   1                    F11   300   2436
  557637.500    4205302.794       1715.200   2                    F11   300   2409
  557637.500    4204835.909       1935.800   3                    F11   300   2372
  557512.500    4205544.393       1499.800   1                    F11   290   2429
  557512.500    4205165.175       1700.600   2                    F11   290   2398
  557512.500    4204856.975       1842.600   2                    F11   290   2374
  557512.500    4204502.904       1989.800   3                    F11   290   2345
  557387.500    4205478.130       1431.200   1                    F11   280   2423
  557387.500    4205123.720       1639.200   2                    F11   280   2395
  557387.500    4204752.657       1820.600   2                    F11   280   2365
  557387.500    4204398.586       1974.800   3                    F11   280   2337
  557262.500    4205507.015       1362.600   1                    F11   270   2426
  557262.500    4205215.126       1529.200   2                    F11   270   2402
  557262.500    4204852.559       1703.000   2                    F11   270   2373
  557262.500    4204331.984       1896.600   2                    F11   270   2332
  557262.500    4203886.165       2075.400   3                    F11   270   2296
  557137.500    4205561.043       1247.400   1                    F11   260   2430
  557137.500    4205131.875       1489.800   2                    F11   260   2396
  557137.500    4204785.958       1654.000   2                    F11   260   2368
  557137.500    4204311.257       1872.000   2                    F11   260   2330
  557137.500    4203865.099       2051.000   2                    F11   260   2294
  557137.500    4203348.601       2259.200   2                    F11   260   2253
  557137.500    4203107.003       2332.600   3                    F11   260   2234
  557012.500    4205202.892       1345.400   1                    F11   250   2401
  557012.500    4204890.276       1521.800   2                    F11   250   2376
  557012.500    4204578.002       1678.400   2                    F11   250   2351
  557012.500    4204282.033       1818.200   2                    F11   250   2328
  557012.500    4203815.490       2006.800   2                    F11   250   2290
  557012.500    4203277.923       2222.400   2                    F11   250   2247
  557012.500    4202932.348       2322.800   3                    F11   250   2220
  556887.500    4204719.359       1482.400   1                    F11   240   2363
  556887.500    4204494.750       1624.600   2                    F11   240   2345
  556887.500    4203936.116       1891.600   2                    F11   240   2300
  556887.500    4203340.105       2095.000   2                    F11   240   2252
  556887.500    4202865.404       2305.800   2                    F11   240   2214
  556887.500    4202594.243       2393.800   3                    F11   240   2193
  556762.500    4204790.374       1355.200   1                    F11   230   2368
  556762.500    4204594.310       1475.400   2                    F11   230   2353
  556762.500    4204294.268       1649.200   2                    F11   230   2329
  556762.500    4203786.266       1898.800   2                    F11   230   2288
  556762.500    4203373.406       2055.800   2                    F11   230   2255
  556762.500    4202977.538       2212.400   2                    F11   230   2223
  556762.500    4202623.128       2345.000   3                    F11   230   2195
  556257.244    4205312.499       1169.000   1                    F12   190   2410
  556502.920    4205312.499       1377.200   2                    F12   209   2410
  556790.731    4205312.499       1607.400   2                    F12   232   2410
  557165.870    4205312.499       1862.200   2                    F12   262   2410
  557552.903    4205312.499       2117.000   3                    F12   293   2410
  556411.513    4205437.499       1178.800   1                    F12   202   2420
  556669.762    4205437.499       1428.600   2                    F12   223   2420
  556932.087    4205437.499       1641.800   2                    F12   244   2420
  557165.530    4205437.499       1808.400   2                    F12   262   2420
  557573.971    4205437.499       2087.600   3                    F12   295   2420
  556936.505    4205937.499       1377.200   1                    F12   244   2460
  557186.258    4205937.499       1573.200   2                    F12   264   2460
  557473.730    4205937.499       1774.000   2                    F12   287   2460
  557952.848    4205937.499       2114.600   3                    F12   325   2460
  557015.339    4206187.499       1294.000   1                    F12   250   2480
  557198.831    4206187.499       1472.800   2                    F12   265   2480
  557548.825    4206187.499       1752.000   2                    F12   293   2480
  557923.965    4206187.499       2014.200   3                    F12   323   2480
  557344.605    4206437.499       1426.200   1                    F12   277   2500
  557490.380    4206437.499       1553.600   2                    F12   288   2500
  557715.667    4206437.499       1710.400   2                    F12   306   2500
  558040.517    4206437.499       1926.000   3                    F12   332   2500
  556948.738    4206062.499       1301.400   1                    F12   245   2470
  557265.431    4206062.499       1578.200   2                    F12   270   2470
  557607.271    4206062.499       1828.000   2                    F12   298   2470
  558007.216    4206062.499       2114.600   3                    F12   330   2470
  556794.808    4205812.499       1338.000   1                    F12   233   2450
  557132.230    4205812.499       1585.400   2                    F12   260   2450
  557482.225    4205812.499       1845.200   2                    F12   288   2450
  557878.092    4205812.499       2136.600   3                    F12   319   2450
  556649.034    4205687.499       1262.200   1                    F12   221   2440
  556932.087    4205687.499       1494.800   2                    F12   244   2440
  557223.976    4205687.499       1725.000   2                    F12   267   2440
  557719.745    4205687.499       2072.800   2                    F12   307   2440
  557948.770    4205687.499       2224.800   3                    F12   325   2440
  556519.570    4205562.499       1208.200   1                    F12   211   2430
  556736.362    4205562.499       1411.600   2                    F12   228   2430
  557044.561    4205562.499       1651.600   2                    F12   253   2430
  557377.906    4205562.499       1877.000   2                    F12   279   2430
  557661.299    4205562.499       2065.600   3                    F12   302   2430
  556282.049    4205187.499       1254.800   1                    F12   192   2400
  556569.520    4205187.499       1492.400   2                    F12   215   2400
  556882.137    4205187.499       1715.200   2                    F12   240   2400
  557332.033    4205187.499       2011.600   2                    F12   276   2400
  557698.677    4205187.499       2229.800   3                    F12   305   2400
  556215.448    4205062.499       1291.600   1                    F12   186   2390
  556582.093    4205062.499       1573.200   2                    F12   216   2390
  556965.388    4205062.499       1837.800   2                    F12   246   2390
  557303.150    4205062.499       2048.400   3                    F12   273   2390
  556178.070    4204937.499       1338.000   1                    F12   183   2380
  556532.142    4204937.499       1605.000   2                    F12   212   2380
  556902.865    4204937.499       1835.400   2                    F12   241   2380
  557278.004    4204937.499       2073.000   3                    F12   271   2380
  556261.321    4204812.499       1409.000   1                    F12   190   2370
  556494.764    4204812.499       1651.600   2                    F12   209   2370
  556819.614    4204812.499       1862.200   2                    F12   235   2370
  557182.181    4204812.499       2077.800   3                    F12   264   2370
  557686.444    4206687.499       1443.400   1                    F12   304   2520
  558053.089    4206687.499       1734.800   2                    F12   333   2520
  558390.511    4206687.499       1923.600   2                    F12   360   2520
  558615.459    4206687.499       2048.400   3                    F12   378   2520
  557736.395    4206812.499       1450.800   1                    F12   308   2530
  558011.294    4206812.499       1656.600   2                    F12   330   2530
  558336.483    4206812.499       1850.000   2                    F12   356   2530
  558657.254    4206812.499       2053.400   3                    F12   382   2530
  557611.349    4207062.499       1308.600   1                    F12   298   2550
  557907.315    4207062.499       1509.600   2                    F12   322   2550
  558319.493    4207062.499       1737.400   3                    F12   355   2550
  557773.773    4207187.499       1347.800   1                    F12   311   2560
  558048.672    4207187.499       1534.000   2                    F12   333   2560
  558386.434    4207187.499       1739.800   3                    F12   360   2560
  557511.447    4206562.499       1443.200   1                    F12   290   2510
  557798.918    4206562.499       1639.400   2                    F12   313   2510
  558069.740    4206562.499       1810.600   2                    F12   335   2510
  558352.793    4206562.499       2016.600   3                    F12   357   2510
  561448.715    4206937.499       1144.600   1                    F13   605   2540
  561332.164    4206937.499       1396.800   2                    F13   596   2540
  561190.467    4206937.499       1671.200   2                    F13   584   2540
  561090.566    4206937.499       1825.600   3                    F13   576   2540
  561482.016    4206812.499       1188.600   1                    F13   608   2530
  561365.465    4206812.499       1453.200   2                    F13   598   2530
  561252.991    4206812.499       1671.200   2                    F13   589   2530
  561123.867    4206812.499       1872.000   3                    F13   579   2530
  561515.317    4206687.499       1218.000   1                    F13   610   2520
  561415.415    4206687.499       1480.200   2                    F13   602   2520
  561290.369    4206687.499       1732.400   2                    F13   592   2520
  561181.972    4206687.499       1908.800   3                    F13   584   2520
  561373.960    4207062.499       1137.200   1                    F13   599   2550
  561307.019    4207062.499       1350.200   2                    F13   594   2550
  561207.117    4207062.499       1573.200   2                    F13   586   2550
  561082.071    4207062.499       1776.600   3                    F13   576   2550
  561269.641    4207312.499       1134.800   1                    F13   591   2570
  561194.545    4207312.499       1365.000   2                    F13   585   2570
  561052.848    4207312.499       1666.200   3                    F13   573   2570
  561248.574    4207437.499       1107.800   1                    F13   589   2580
  561148.671    4207437.499       1367.400   2                    F13   581   2580
  561069.498    4207437.499       1578.200   3                    F13   575   2580
  561340.319    4207187.499       1120.000   1                    F13   596   2560
  561261.146    4207187.499       1284.200   2                    F13   590   2560
  561190.467    4207187.499       1472.800   2                    F13   584   2560
  561077.993    4207187.499       1710.200   3                    F13   575   2560
  561190.467    4207562.499       1125.000   1                    F13   584   2590
  561086.148    4207562.499       1355.200   2                    F13   576   2590
  561015.470    4207562.499       1507.000   3                    F13   570   2590
  559573.697    4203937.499       1781.400   1                    F14   455   2300
  559773.839    4203937.499       1921.000   2                    F14   471   2300
  560052.815    4203937.499       2161.000   2                    F14   493   2300
  560223.735    4203937.499       2298.200   3                    F14   507   2300
  559306.953    4203812.499       1609.800   1                    F14   434   2290
  559540.396    4203812.499       1815.600   2                    F14   452   2290
  559877.818    4203812.499       2075.400   2                    F14   479   2290
  560161.212    4203812.499       2276.200   3                    F14   502   2290
  558982.104    4203687.499       1497.200   1                    F14   408   2280
  559186.324    4203687.499       1610.000   2                    F14   424   2280
  559470.057    4203687.499       1813.200   2                    F14   447   2280
  559790.490    4203687.499       2058.000   2                    F14   472   2280
  560036.505    4203687.499       2241.800   2                    F14   492   2280
  560340.287    4203687.499       2445.200   3                    F14   516   2280
  558965.454    4203562.499       1440.800   1                    F14   406   2270
  559111.228    4203562.499       1563.400   2                    F14   418   2270
  559440.155    4203562.499       1842.600   2                    F14   444   2270
  559623.647    4203562.499       1982.400   2                    F14   459   2270
  559928.109    4203562.499       2193.000   2                    F14   483   2270
  560065.388    4203562.499       2291.000   3                    F14   494   2270
  558965.454    4203437.499       1494.800   1                    F14   406   2260
  559232.197    4203437.499       1745.000   2                    F14   428   2260
  559453.067    4203437.499       1928.400   2                    F14   445   2260
  559715.733    4203437.499       2122.000   2                    F14   466   2260
  559861.168    4203437.499       2237.000   3                    F14   478   2260
  558811.524    4203312.499       1480.000   1                    F14   394   2250
  559177.829    4203312.499       1803.400   2                    F14   423   2250
  559394.282    4203312.499       1985.000   2                    F14   441   2250
  559719.471    4203312.499       2244.200   3                    F14   467   2250
  558736.428    4203187.499       1497.200   1                    F14   388   2240
  559157.101    4203187.499       1857.200   2                    F14   422   2240
  559448.650    4203187.499       2102.400   2                    F14   445   2240
  559706.899    4203187.499       2310.400   3                    F14   466   2240
  558619.537    4203062.499       1482.600   1                    F14   379   2230
  558948.803    4203062.499       1759.400   2                    F14   405   2230
  559244.770    4203062.499       2023.800   2                    F14   429   2230
  559523.746    4203062.499       2241.800   3                    F14   451   2230
  566137.502    4206174.956       1668.131   1           fp_base_main   980   2479
  566137.502    4205865.804       1766.880   2           fp_base_main   980   2454
  566137.502    4205572.302       1865.884   2           fp_base_main   980   2431
  566137.502    4205365.591       1943.200   2           fp_base_main   980   2414
  566137.502    4204976.837       2134.503   2           fp_base_main   980   2383
  566137.502    4204500.951       2315.135   2           fp_base_main   980   2345
  566137.502    4204217.221       2423.667   2           fp_base_main   980   2322
  566137.502    4203769.135       2598.683   2           fp_base_main   980   2287
  566137.502    4203410.793       2713.436   2           fp_base_main   980   2258
  566137.502    4202916.114       2849.521   2           fp_base_main   980   2218
  566137.501    4202326.201       3015.562   3           fp_base_main   980   2171
  574012.502    4207155.959       2663.830   1           fp_base_main   1610   2557
  574012.502    4206858.341       2788.298   2           fp_base_main   1610   2534
  574012.502    4206603.239       2900.000   2           fp_base_main   1610   2513
  574012.502    4206229.090       2992.553   2           fp_base_main   1610   2483
  574012.502    4205820.927       3088.298   2           fp_base_main   1610   2451
  574012.502    4205618.642       3167.214   2           fp_base_main   1610   2434
  574012.502    4205416.669       3258.387   2           fp_base_main   1610   2418
  574012.502    4205208.683       3311.702   2           fp_base_main   1610   2402
  574012.502    4204851.541       3426.596   2           fp_base_main   1610   2373
  574012.502    4204366.848       3567.021   2           fp_base_main   1610   2334
  574012.502    4204094.739       3665.957   2           fp_base_main   1610   2313
  574012.502    4203695.080       3780.851   3           fp_base_main   1610   2281
  558387.503    4209283.958       1112.727   1           fp_base_main   360   2728
  558387.503    4209097.455       1185.907   2           fp_base_main   360   2713
  558387.503    4208741.405       1338.630   2           fp_base_main   360   2684
  558387.502    4208266.672       1523.170   2           fp_base_main   360   2646
  558387.502    4207986.918       1647.257   2           fp_base_main   360   2624
  558387.502    4207758.029       1758.618   2           fp_base_main   360   2606
  558387.502    4207571.526       1882.705   2           fp_base_main   360   2591
  558387.502    4207198.522       2054.519   2           fp_base_main   360   2561
  558387.502    4207021.225       2140.045   3           fp_base_main   360   2547
  574137.502    4207331.442       2599.434   1           fp_base_main   1620   2572
  574137.502    4206996.123       2764.839   2           fp_base_main   1620   2545
  574137.502    4206536.257       2912.266   2           fp_base_main   1620   2508
  574137.502    4206124.294       3030.926   2           fp_base_main   1620   2475
  574137.502    4205760.233       3142.394   2           fp_base_main   1620   2446
  574137.502    4205147.079       3322.183   2           fp_base_main   1620   2397
  574137.502    4204696.793       3437.247   2           fp_base_main   1620   2361
  574137.502    4204246.508       3613.440   2           fp_base_main   1620   2325
  574137.502    4203796.222       3739.291   3           fp_base_main   1620   2289
  573762.502    4206798.817       2635.106   1           fp_base_main   1590   2529
  573762.502    4206603.239       2753.191   2           fp_base_main   1590   2513
  573762.502    4206059.022       2989.362   2           fp_base_main   1590   2470
  573762.502    4205616.846       3148.936   2           fp_base_main   1590   2434
  573762.502    4205149.159       3321.277   2           fp_base_main   1590   2397
  573762.502    4204783.514       3429.787   2           fp_base_main   1590   2368
  573762.502    4204188.276       3573.404   2           fp_base_main   1590   2320
  573762.502    4203746.100       3697.872   3           fp_base_main   1590   2285
  579137.503    4211422.332       1977.367   1           fp_base_main   2020   2899
  579137.503    4210943.305       2261.432   2           fp_base_main   2020   2860
  579137.503    4210483.439       2441.220   2           fp_base_main   2020   2824
  579137.503    4210167.281       2549.093   2           fp_base_main   2020   2798
  579137.503    4209802.525       2638.965   2           fp_base_main   2020   2769
  579137.503    4209383.862       2787.503   2           fp_base_main   2020   2736
  579137.503    4208982.347       2919.949   2           fp_base_main   2020   2704
  579137.503    4208528.642       3083.500   2           fp_base_main   2020   2667
  579137.502    4207929.786       3320.214   3           fp_base_main   2020   2619
  575887.503    4208950.553       2038.495   1           fp_base_main   1760   2701
  575887.503    4208643.975       2153.559   2           fp_base_main   1760   2677
  575887.503    4208327.818       2272.219   2           fp_base_main   1760   2651
  575887.502    4208097.885       2383.688   2           fp_base_main   1760   2633
  575887.502    4207762.566       2559.881   2           fp_base_main   1760   2606
  575887.502    4207408.086       2746.860   2           fp_base_main   1760   2578
  575887.502    4206925.331       2912.422   2           fp_base_main   1760   2539
  575887.502    4206495.065       3064.940   2           fp_base_main   1760   2505
  575887.502    4205925.747       3231.940   3           fp_base_main   1760   2459
  574512.500    4207332.000       2527.953   1           fp_base_main   1650   2572
  574512.500    4206898.500       2773.698   2           fp_base_main   1650   2537
  574512.502    4206626.803       2887.581   2           fp_base_main   1650   2515
  574512.502    4206184.803       3044.744   2           fp_base_main   1650   2480
  574512.500    4205538.000       3214.123   2           fp_base_main   1650   2428
  574512.500    4204815.000       3424.762   2           fp_base_main   1650   2370
  574512.500    4204160.500       3619.443   2           fp_base_main   1650   2318
  574512.654    4203714.956       3729.399   3           fp_base_main   1650   2282
  561637.502    4207963.378       1323.459   1           fp_base_main   620   2622
  561637.502    4207273.958       1610.599   2           fp_base_main   620   2567
  561637.502    4206766.190       1844.323   2           fp_base_main   620   2526
  561637.502    4206632.062       1930.622   2           fp_base_main   620   2516
  561637.502    4206363.807       2002.537   2           fp_base_main   620   2494
  561637.502    4206038.069       2114.006   2           fp_base_main   620   2468
  561637.502    4205808.136       2218.283   2           fp_base_main   620   2450
  561637.502    4205453.656       2394.475   2           fp_base_main   620   2421
  561637.502    4205022.532       2563.476   2           fp_base_main   620   2387
  561637.502    4204735.115       2682.137   2           fp_base_main   620   2364
  561637.502    4204447.699       2746.860   3           fp_base_main   620   2341
  561137.502    4208255.815       1174.229   1           fp_base_main   580   2645
  561137.502    4207736.895       1453.124   2           fp_base_main   580   2604
  561137.472    4207228.751       1688.579   2           fp_base_main   580   2563
  561137.472    4206807.251       1864.772   2           fp_base_main   580   2530
  561137.472    4206366.751       2008.602   2           fp_base_main   580   2494
  561137.472    4206165.751       2091.305   2           fp_base_main   580   2478
  561137.472    4205897.251       2242.327   2           fp_base_main   580   2457
  561137.472    4205583.251       2355.168   2           fp_base_main   580   2432
  561137.472    4205185.251       2531.230   2           fp_base_main   580   2400
  561137.472    4204833.751       2645.053   2           fp_base_main   580   2372
  561137.502    4204525.286       2723.732   3           fp_base_main   580   2347
  575762.500    4208806.250       2069.059   1           fp_base_main   1750   2689
  575762.500    4208361.665       2242.799   2           fp_base_main   1750   2654
  575762.500    4208160.740       2329.669   2           fp_base_main   1750   2638
  575762.500    4207828.451       2503.409   2           fp_base_main   1750   2611
  575762.500    4207454.724       2677.149   2           fp_base_main   1750   2581
  575762.500    4207247.040       2764.019   2           fp_base_main   1750   2565
  575762.500    4207005.584       2850.889   2           fp_base_main   1750   2545
  575762.502    4206635.396       2959.322   2           fp_base_main   1750   2516
  575762.502    4205960.730       3111.500   2           fp_base_main   1750   2462
  575762.502    4205401.736       3269.011   3           fp_base_main   1750   2417
  562137.502    4207526.715       1423.475   1           fp_base_main   660   2587
  562137.502    4207120.670       1610.599   2           fp_base_main   660   2555
  562137.502    4206756.609       1808.366   2           fp_base_main   660   2526
  562137.502    4206296.743       2013.324   2           fp_base_main   660   2489
  562137.502    4205827.297       2218.283   2           fp_base_main   660   2451
  562137.502    4205434.495       2372.901   2           fp_base_main   660   2420
  562137.502    4205080.015       2513.136   2           fp_base_main   660   2391
  562137.502    4204639.310       2656.966   2           fp_base_main   660   2356
  562137.502    4204169.864       2754.052   2           fp_base_main   660   2319
  562137.502    4203892.028       2793.605   3           fp_base_main   660   2296
  573512.330    4206660.672       2644.930   1           fp_base_main   1570   2518
  573512.330    4206405.172       2801.313   2           fp_base_main   1570   2497
  573512.502    4205913.428       3045.042   2           fp_base_main   1570   2458
  573512.502    4205387.184       3251.817   2           fp_base_main   1570   2416
  573512.502    4204955.927       3388.547   2           fp_base_main   1570   2381
  573512.502    4204526.941       3528.923   2           fp_base_main   1570   2347
  573512.502    4203939.410       3714.568   3           fp_base_main   1570   2300
  559137.503    4209063.546       1115.909   1           fp_base_main   420   2710
  559137.503    4208851.611       1217.724   2           fp_base_main   420   2693
  559137.503    4208588.812       1325.903   2           fp_base_main   420   2672
  559137.502    4208173.421       1453.172   2           fp_base_main   420   2639
  559137.502    4207842.803       1564.532   2           fp_base_main   420   2612
  559137.502    4207681.732       1640.894   2           fp_base_main   420   2600
  559137.502    4207393.501       1764.981   2           fp_base_main   420   2576
  559137.502    4207122.225       1939.976   2           fp_base_main   420   2555
  559137.502    4206842.471       2105.426   2           fp_base_main   420   2532
  559137.502    4206554.240       2216.787   3           fp_base_main   420   2509
  570887.502    4206089.972       2100.589   1           fp_base_main   1360   2472
  570887.502    4205836.299       2245.116   2           fp_base_main   1360   2452
  570886.617    4205609.662       2349.023   2           fp_base_main   1360   2434
  570886.617    4205312.662       2478.470   2           fp_base_main   1360   2410
  570886.617    4204958.162       2640.280   2           fp_base_main   1360   2382
  570886.617    4204526.662       2769.727   2           fp_base_main   1360   2347
  570886.617    4204220.162       2866.813   2           fp_base_main   1360   2323
  570886.617    4203770.162       2981.877   2           fp_base_main   1360   2287
  570887.502    4202711.691       3225.673   3           fp_base_main   1360   2202
  580637.503    4212241.090       1834.979   1           fp_base_main   2140   2964
  580637.503    4211918.950       1946.340   2           fp_base_main   2140   2939
  580637.503    4211113.599       2232.695   2           fp_base_main   2140   2874
  580637.503    4210681.252       2426.781   2           fp_base_main   2140   2840
  580637.503    4210350.634       2550.868   2           fp_base_main   2140   2813
  580637.503    4209537.163       2905.066   3           fp_base_main   2140   2748
  576887.503    4209525.385       2092.431   1           fp_base_main   1840   2747
  576887.503    4208960.133       2423.241   2           fp_base_main   1840   2702
  576887.503    4208720.620       2520.327   2           fp_base_main   1840   2683
  576887.502    4208184.110       2775.626   2           fp_base_main   1840   2640
  576887.502    4207833.694       2908.386   2           fp_base_main   1840   2612
  576887.502    4207478.275       3015.401   2           fp_base_main   1840   2583
  576887.502    4207063.186       3145.990   2           fp_base_main   1840   2550
  576887.502    4206507.515       3289.821   3           fp_base_main   1840   2506
  574387.502    4207344.826       2572.769   1           fp_base_main   1640   2573
  574387.502    4206957.801       2768.435   2           fp_base_main   1640   2542
  574387.502    4206526.676       2941.032   2           fp_base_main   1640   2507
  574387.502    4205682.288       3203.451   2           fp_base_main   1640   2440
  574387.502    4204917.493       3394.512   2           fp_base_main   1640   2378
  574387.502    4204505.182       3516.354   2           fp_base_main   1640   2345
  574387.502    4203872.867       3732.100   3           fp_base_main   1640   2295
  575262.762    4208186.229       2150.110   1           fp_base_main   1710   2640
  575262.762    4207931.729       2258.289   2           fp_base_main   1710   2620
  575262.762    4207541.729       2426.921   2           fp_base_main   1710   2588
  575262.762    4207245.229       2566.917   2           fp_base_main   1710   2565
  575262.762    4206829.729       2757.821   2           fp_base_main   1710   2531
  575262.762    4206583.729       2856.454   2           fp_base_main   1710   2512
  575262.762    4206151.729       2964.633   2           fp_base_main   1710   2477
  575262.762    4205778.729       3079.175   2           fp_base_main   1710   2447
  575262.762    4205422.729       3200.081   2           fp_base_main   1710   2419
  575262.762    4204998.729       3387.803   2           fp_base_main   1710   2385
  575262.502    4204816.218       3453.299   3           fp_base_main   1710   2370
  567137.500    4206047.500       1898.260   1           fp_base_main   1060   2469
  567137.500    4205635.500       2038.495   2           fp_base_main   1060   2436
  567137.500    4205089.500       2232.666   2           fp_base_main   1060   2392
  567137.500    4204620.000       2398.071   2           fp_base_main   1060   2355
  567137.320    4203980.529       2571.331   2           fp_base_main   1060   2303
  567137.500    4203750.000       2631.512   2           fp_base_main   1060   2285
  567137.500    4203294.000       2747.274   2           fp_base_main   1060   2249
  567137.502    4202918.359       2870.444   2           fp_base_main   1060   2218
  567137.502    4202654.872       2928.850   2           fp_base_main   1060   2197
  567137.501    4202148.500       3052.434   3           fp_base_main   1060   2157
  567387.502    4206049.889       1914.104   1           fp_base_main   1080   2469
  567387.502    4205693.169       2070.857   2           fp_base_main   1080   2440
  567387.502    4205303.904       2225.021   2           fp_base_main   1080   2409
  567387.502    4204984.209       2344.135   2           fp_base_main   1080   2384
  567387.502    4204562.666       2484.369   2           fp_base_main   1080   2350
  567387.502    4203931.801       2616.171   2           fp_base_main   1080   2300
  567387.502    4203508.806       2740.497   2           fp_base_main   1080   2266
  567387.502    4203268.190       2813.240   2           fp_base_main   1080   2246
  567387.502    4202962.716       2890.691   2           fp_base_main   1080   2222
  567387.502    4202709.995       2956.289   2           fp_base_main   1080   2202
  567387.501    4202393.838       3032.640   2           fp_base_main   1080   2177
  567387.501    4201980.666       3126.163   3           fp_base_main   1080   2143
  562387.502    4207510.403       1356.120   1           fp_base_main   680   2586
  562387.502    4206909.898       1650.152   2           fp_base_main   680   2538
  562387.502    4206507.515       1833.536   2           fp_base_main   680   2506
  562387.502    4206114.713       2009.729   2           fp_base_main   680   2474
  562387.502    4205769.814       2157.155   2           fp_base_main   680   2447
  562387.502    4205549.461       2265.028   2           fp_base_main   680   2429
  562387.502    4205252.464       2383.688   2           fp_base_main   680   2405
  562387.502    4204869.243       2527.519   2           fp_base_main   680   2375
  562387.502    4204610.568       2628.200   2           fp_base_main   680   2354
  562387.502    4204179.444       2782.818   2           fp_base_main   680   2319
  562387.502    4203863.286       2851.138   3           fp_base_main   680   2294
  570137.502    4205999.747       2106.814   1           fp_base_main   1300   2465
  570137.502    4205626.106       2290.198   2           fp_base_main   1300   2435
  570137.502    4205281.206       2434.029   2           fp_base_main   1300   2407
  570137.502    4205012.951       2567.072   2           fp_base_main   1300   2386
  570137.502    4204562.666       2736.073   2           fp_base_main   1300   2350
  570137.502    4204138.707       2843.544   2           fp_base_main   1300   2316
  570137.502    4203831.730       2914.182   2           fp_base_main   1300   2292
  570137.502    4203524.993       2975.290   2           fp_base_main   1300   2267
  570137.502    4202908.192       3094.694   3           fp_base_main   1300   2218
  557637.503    4209411.118       1115.909   1           fp_base_main   300   2738
  557637.503    4209046.591       1252.723   2           fp_base_main   300   2709
  557637.503    4208682.063       1408.628   2           fp_base_main   300   2680
  557637.503    4208326.013       1574.078   2           fp_base_main   300   2651
  557637.502    4208088.647       1707.710   2           fp_base_main   300   2632
  557637.502    4207978.441       1774.526   2           fp_base_main   300   2623
  557637.502    4207919.099       1822.252   2           fp_base_main   300   2619
  557637.502    4207851.280       1895.432   2           fp_base_main   300   2613
  557637.502    4207656.300       2003.611   2           fp_base_main   300   2598
  557637.502    4207291.773       2121.335   2           fp_base_main   300   2568
  557637.502    4207164.612       2169.061   2           fp_base_main   300   2558
  557637.502    4207088.316       2181.788   3           fp_base_main   300   2552
  576137.561    4208998.368       2035.550   1           fp_base_main   1780   2705
  576137.561    4208672.368       2150.615   2           fp_base_main   1780   2679
  576137.561    4208375.368       2301.637   2           fp_base_main   1780   2655
  576137.561    4208193.368       2416.701   2           fp_base_main   1780   2640
  576137.561    4207743.368       2682.788   2           fp_base_main   1780   2604
  576137.502    4207187.721       2944.926   2           fp_base_main   1780   2560
  576137.502    4206729.241       3110.654   2           fp_base_main   1780   2523
  576137.502    4206417.606       3191.883   2           fp_base_main   1780   2498
  576137.502    4206088.187       3271.484   3           fp_base_main   1780   2472
  568387.502    4206153.035       1941.409   1           fp_base_main   1160   2477
  568387.502    4205788.975       2078.048   2           fp_base_main   1160   2448
  568387.502    4205424.914       2221.879   2           fp_base_main   1160   2419
  568387.502    4205147.079       2326.156   2           fp_base_main   1160   2397
  568387.502    4204763.857       2480.774   2           fp_base_main   1160   2366
  568387.502    4204332.733       2628.200   2           fp_base_main   1160   2332
  568387.502    4203786.642       2807.988   2           fp_base_main   1160   2288
  568387.502    4203320.657       2918.585   2           fp_base_main   1160   2251
  568387.502    4202877.357       3018.601   2           fp_base_main   1160   2215
  568387.501    4202203.807       3172.137   3           fp_base_main   1160   2161
  558887.503    4209105.933       1109.545   1           fp_base_main   400   2713
  558887.503    4208860.089       1220.906   2           fp_base_main   400   2694
  558887.503    4208470.129       1364.083   2           fp_base_main   400   2663
  558887.502    4207936.054       1570.896   2           fp_base_main   400   2620
  558887.502    4207690.210       1679.075   2           fp_base_main   400   2600
  558887.502    4207418.933       1819.071   2           fp_base_main   400   2579
  558887.502    4207240.830       1939.947   2           fp_base_main   400   2564
  558887.502    4206799.668       2153.279   3           fp_base_main   400   2529
  569137.502    4206234.260       2072.947   1           fp_base_main   1220   2484
  569137.502    4205980.585       2171.538   2           fp_base_main   1220   2463
  569137.502    4205444.075       2318.964   2           fp_base_main   1220   2421
  569137.502    4205214.142       2394.475   2           fp_base_main   1220   2402
  569137.502    4204965.048       2459.199   2           fp_base_main   1220   2382
  569137.502    4204754.276       2527.519   2           fp_base_main   1220   2365
  569137.502    4204486.021       2631.796   2           fp_base_main   1220   2344
  569137.502    4204227.347       2732.477   2           fp_base_main   1220   2323
  569137.502    4203930.350       2804.393   2           fp_base_main   1220   2299
  569137.502    4203511.950       2915.805   2           fp_base_main   1220   2266
  569137.502    4202726.006       3115.947   3           fp_base_main   1220   2203
  569637.502    4205980.585       2106.814   1           fp_base_main   1260   2463
  569637.502    4205549.461       2318.964   2           fp_base_main   1260   2429
  569637.502    4205156.659       2462.795   2           fp_base_main   1260   2398
  569637.502    4204838.117       2598.420   2           fp_base_main   1260   2372
  569637.502    4204531.687       2707.646   2           fp_base_main   1260   2348
  569637.502    4204093.022       2834.695   2           fp_base_main   1260   2312
  569637.502    4203744.729       2924.279   2           fp_base_main   1260   2285
  569637.502    4203253.844       3045.481   3           fp_base_main   1260   2245
  579887.503    4212162.539       1819.462   1           fp_base_main   2080   2958
  579887.676    4211421.756       2114.635   2           fp_base_main   2080   2899
  579887.676    4210885.256       2341.168   2           fp_base_main   2080   2856
  579887.676    4210232.756       2542.662   2           fp_base_main   2080   2804
  579887.676    4209295.756       2853.401   2           fp_base_main   2080   2729
  579887.503    4208783.823       3008.433   3           fp_base_main   2080   2688
  573637.502    4206820.897       2613.199   1           fp_base_main   1580   2531
  573637.502    4206689.545       2692.924   2           fp_base_main   1580   2520
  573637.502    4206258.421       2887.095   2           fp_base_main   1580   2486
  573637.502    4205597.364       3167.565   2           fp_base_main   1580   2433
  573637.502    4204938.861       3399.633   2           fp_base_main   1580   2380
  573637.502    4204683.496       3477.084   2           fp_base_main   1580   2360
  573637.502    4204351.894       3552.312   2           fp_base_main   1580   2333
  573637.502    4203595.031       3753.675   3           fp_base_main   1580   2273
  570387.502    4206028.488       2085.240   1           fp_base_main   1320   2467
  570387.502    4205654.847       2275.815   2           fp_base_main   1320   2437
  570387.502    4205233.303       2480.774   2           fp_base_main   1320   2404
  570387.502    4204993.790       2610.221   2           fp_base_main   1320   2385
  570387.502    4204725.535       2703.711   2           fp_base_main   1320   2363
  570387.502    4204016.575       2869.116   2           fp_base_main   1320   2306
  570387.502    4203729.159       2941.032   2           fp_base_main   1320   2283
  570387.502    4203374.679       3016.543   3           fp_base_main   1320   2255
  574637.502    4207647.599       2376.497   1           fp_base_main   1660   2597
  574637.502    4207168.572       2656.966   2           fp_base_main   1660   2558
  574637.502    4206785.351       2840.350   2           fp_base_main   1660   2528
  574637.502    4206342.440       2981.827   2           fp_base_main   1660   2492
  574637.502    4205370.333       3263.278   2           fp_base_main   1660   2415
  574637.502    4204687.213       3491.184   2           fp_base_main   1660   2360
  574637.502    4203892.028       3696.142   3           fp_base_main   1660   2296
  579637.503    4212006.745       1851.515   1           fp_base_main   2060   2946
  579637.503    4211748.070       2006.133   2           fp_base_main   2060   2925
  579637.503    4211211.560       2214.687   2           fp_base_main   2060   2882
  579637.503    4210694.211       2401.667   2           fp_base_main   2060   2841
  579637.503    4209237.969       2861.925   2           fp_base_main   2060   2724
  579637.503    4208384.856       3125.944   3           fp_base_main   2060   2656
  573262.502    4206781.810       2513.830   1           fp_base_main   1550   2528
  573262.502    4206501.198       2673.404   2           fp_base_main   1550   2505
  573262.502    4205982.492       2880.851   2           fp_base_main   1550   2464
  573262.502    4205548.819       3034.043   2           fp_base_main   1550   2429
  573262.502    4205081.132       3222.340   2           fp_base_main   1550   2391
  573262.502    4204689.976       3362.766   2           fp_base_main   1550   2360
  573262.502    4204213.787       3531.915   2           fp_base_main   1550   2322
  573262.502    4203627.053       3694.681   3           fp_base_main   1550   2275
  571387.502    4206220.099       2157.155   1           fp_base_main   1400   2483
  571387.502    4205731.491       2372.901   2           fp_base_main   1400   2444
  571387.502    4205396.173       2513.136   2           fp_base_main   1400   2417
  571387.502    4205060.854       2653.370   2           fp_base_main   1400   2390
  571387.502    4204533.924       2800.797   2           fp_base_main   1400   2348
  571387.502    4203323.420       3166.372   3           fp_base_main   1400   2251
  563887.502    4206890.737       1621.386   1           fp_base_main   800   2536
  563887.502    4206440.451       1797.578   2           fp_base_main   800   2500
  563887.502    4206028.488       1952.196   2           fp_base_main   800   2467
  563887.502    4205511.139       2157.155   2           fp_base_main   800   2426
  563887.502    4205051.273       2354.922   2           fp_base_main   800   2389
  563887.502    4204629.729       2511.196   2           fp_base_main   800   2355
  563887.502    4204299.257       2624.048   2           fp_base_main   800   2329
  563887.502    4204031.264       2716.722   2           fp_base_main   800   2308
  563887.502    4203777.061       2782.818   2           fp_base_main   800   2287
  563887.502    4203240.551       2923.053   2           fp_base_main   800   2244
  563887.502    4203029.779       2962.606   3           fp_base_main   800   2227
  576387.503    4209156.668       2074.319   1           fp_base_main   1800   2718
  576387.503    4208816.425       2221.879   2           fp_base_main   1800   2690
  576387.503    4208529.009       2347.730   2           fp_base_main   1800   2667
  576387.502    4208251.173       2513.136   2           fp_base_main   1800   2645
  576387.502    4207963.757       2692.924   2           fp_base_main   1800   2622
  576387.502    4207666.760       2825.967   2           fp_base_main   1800   2598
  576387.502    4207342.637       2935.857   2           fp_base_main   1800   2572
  576387.502    4207159.340       3014.058   2           fp_base_main   1800   2558
  576387.502    4206768.396       3137.273   2           fp_base_main   1800   2526
  576387.502    4206430.782       3235.884   3           fp_base_main   1800   2499
  562887.502    4206967.950       1554.516   1           fp_base_main   720   2542
  562887.502    4206555.418       1797.578   2           fp_base_main   720   2509
  562887.502    4206200.938       1991.750   2           fp_base_main   720   2481
  562887.502    4205731.491       2139.176   2           fp_base_main   720   2444
  562887.502    4205453.656       2247.049   2           fp_base_main   720   2421
  562887.502    4205070.434       2369.305   2           fp_base_main   720   2391
  562887.502    4204888.404       2455.603   2           fp_base_main   720   2376
  562887.502    4204668.052       2541.902   2           fp_base_main   720   2358
  562887.502    4204380.635       2642.583   2           fp_base_main   720   2335
  562887.502    4203852.418       2773.211   2           fp_base_main   720   2293
  562887.502    4203501.082       2854.037   3           fp_base_main   720   2265
  569887.502    4206018.908       2074.452   1           fp_base_main   1280   2467
  569887.502    4205683.589       2221.879   2           fp_base_main   1280   2440
  569887.502    4205377.011       2376.497   2           fp_base_main   1280   2415
  569887.502    4205147.079       2498.753   2           fp_base_main   1280   2397
  569887.502    4204675.411       2689.357   2           fp_base_main   1280   2359
  569887.502    4204223.240       2827.449   2           fp_base_main   1280   2323
  569887.502    4203588.277       2954.186   2           fp_base_main   1280   2272
  569887.502    4203076.018       3061.482   3           fp_base_main   1280   2231
  577887.500    4209707.500       2336.943   1           fp_base_main   1920   2762
  577887.500    4209353.000       2484.369   2           fp_base_main   1920   2733
  577887.503    4208946.013       2677.180   2           fp_base_main   1920   2701
  577887.503    4208562.251       2794.837   2           fp_base_main   1920   2670
  577887.500    4207839.000       3033.280   2           fp_base_main   1920   2612
  577887.500    4207207.000       3246.802   2           fp_base_main   1920   2562
  577887.500    4206783.000       3381.299   2           fp_base_main   1920   2528
  577887.500    4206239.500       3570.291   2           fp_base_main   1920   2484
  577887.502    4206042.231       3618.180   2           fp_base_main   1920   2468
  577887.502    4205843.666       3666.334   3           fp_base_main   1920   2452
  566387.500    4206124.500       1736.450   1           fp_base_main   1000   2475
  566387.500    4205568.500       1883.877   2           fp_base_main   1000   2430
  566387.500    4205243.000       1984.558   2           fp_base_main   1000   2404
  566387.500    4204907.500       2117.602   2           fp_base_main   1000   2378
  566387.500    4204572.000       2268.624   2           fp_base_main   1000   2351
  566387.500    4204136.000       2474.410   2           fp_base_main   1000   2316
  566387.500    4203739.500       2598.594   2           fp_base_main   1000   2284
  566387.500    4203595.500       2646.593   2           fp_base_main   1000   2273
  566387.502    4203212.000       2756.851   2           fp_base_main   1000   2242
  566387.502    4202834.777       2864.018   2           fp_base_main   1000   2212
  566387.501    4202535.999       2930.109   2           fp_base_main   1000   2188
  566387.501    4202359.983       2991.830   3           fp_base_main   1000   2174
  573387.502    4206727.868       2577.859   1           fp_base_main   1560   2523
  573387.502    4206344.646       2786.414   2           fp_base_main   1560   2493
  573387.502    4206123.731       2895.347   2           fp_base_main   1560   2475
  573387.502    4205906.426       2986.376   2           fp_base_main   1560   2458
  573387.502    4205781.886       3039.644   2           fp_base_main   1560   2448
  573387.502    4205635.686       3099.245   2           fp_base_main   1560   2436
  573387.502    4205157.762       3255.236   2           fp_base_main   1560   2398
  573387.502    4204830.165       3367.402   2           fp_base_main   1560   2371
  573387.502    4204246.508       3552.312   2           fp_base_main   1560   2325
  573387.502    4203652.514       3703.334   3           fp_base_main   1560   2277
  581387.503    4212215.658       1997.247   1           fp_base_main   2200   2962
  581387.503    4211961.337       2121.335   2           fp_base_main   2200   2942
  581387.503    4211690.061       2216.787   2           fp_base_main   2200   2920
  581387.503    4211342.488       2353.601   2           fp_base_main   2200   2892
  581387.503    4211071.212       2512.687   2           fp_base_main   2200   2871
  581387.503    4210477.795       2754.499   3           fp_base_main   2200   2823
  579387.503    4211800.630       1904.191   1           fp_base_main   2040   2929
  579387.503    4211211.560       2146.368   2           fp_base_main   2040   2882
  579387.503    4210780.436       2329.752   2           fp_base_main   2040   2847
  579387.503    4210282.248       2491.561   2           fp_base_main   2040   2808
  579387.503    4209952.445       2597.494   2           fp_base_main   2040   2781
  579387.503    4209614.576       2706.773   2           fp_base_main   2040   2754
  579387.503    4209105.946       2887.255   2           fp_base_main   2040   2713
  579387.503    4208700.979       3055.529   2           fp_base_main   2040   2681
  579387.502    4208110.749       3230.415   3           fp_base_main   2040   2634
  557137.503    4209377.209       1138.181   1           fp_base_main   260   2735
  557137.503    4208995.727       1300.449   2           fp_base_main   260   2705
  557137.503    4208614.244       1462.717   2           fp_base_main   260   2674
  557137.503    4208427.742       1529.533   2           fp_base_main   260   2659
  557137.502    4208215.807       1659.984   2           fp_base_main   260   2642
  557137.502    4207919.099       1819.071   2           fp_base_main   260   2619
  557137.502    4207698.687       1987.702   2           fp_base_main   260   2601
  557137.502    4207206.999       2207.241   3           fp_base_main   260   2562
  561387.502    4208174.797       1203.750   1           fp_base_main   600   2639
  561387.502    4207750.777       1408.209   2           fp_base_main   600   2605
  561387.502    4207024.864       1736.450   2           fp_base_main   600   2547
  561387.502    4206603.321       1898.260   2           fp_base_main   600   2513
  561387.502    4206181.777       2063.665   2           fp_base_main   600   2480
  561387.502    4205932.335       2165.589   2           fp_base_main   600   2460
  561387.502    4205640.854       2300.985   2           fp_base_main   600   2436
  561387.502    4205357.850       2434.029   2           fp_base_main   600   2414
  561387.502    4205089.027       2532.564   2           fp_base_main   600   2392
  561387.502    4204715.954       2642.583   2           fp_base_main   600   2362
  561387.502    4204527.756       2701.621   2           fp_base_main   600   2347
  561387.502    4204331.565       2767.581   3           fp_base_main   600   2332
  558637.503    4209182.229       1115.909   1           fp_base_main   380   2720
  558637.503    4208978.772       1192.270   2           fp_base_main   380   2703
  558637.503    4208699.018       1316.358   2           fp_base_main   380   2681
  558637.502    4208198.853       1529.533   2           fp_base_main   380   2641
  558637.502    4207876.712       1669.529   2           fp_base_main   380   2615
  558637.502    4207681.732       1784.072   2           fp_base_main   380   2600
  558637.502    4207410.456       1949.521   2           fp_base_main   380   2578
  558637.502    4207079.838       2105.426   2           fp_base_main   380   2551
  558637.502    4206808.562       2181.788   3           fp_base_main   380   2530
  578137.503    4209752.465       2357.958   1           fp_base_main   1940   2765
  578138.730    4209198.928       2596.810   2           fp_base_main   1940   2721
  578138.730    4208872.928       2740.640   2           fp_base_main   1940   2695
  578138.730    4208336.428       2974.365   2           fp_base_main   1940   2652
  578138.730    4207896.928       3125.195   2           fp_base_main   1940   2617
  578137.502    4207427.938       3342.591   2           fp_base_main   1940   2579
  578137.502    4207064.938       3462.052   2           fp_base_main   1940   2550
  578137.502    4206572.819       3616.103   3           fp_base_main   1940   2511
  556387.503    4209224.616       1211.360   1           fp_base_main   200   2723
  556387.503    4208758.360       1360.902   2           fp_base_main   200   2686
  556387.503    4208376.878       1570.896   2           fp_base_main   200   2655
  556387.502    4207859.757       1745.891   2           fp_base_main   200   2614
  556387.502    4207681.732       1812.707   2           fp_base_main   200   2600
  556387.502    4207529.139       1911.341   2           fp_base_main   200   2587
  556387.502    4207206.999       2118.153   2           fp_base_main   200   2562
  556387.502    4206927.245       2235.877   3           fp_base_main   200   2539
  574262.502    4207223.987       2638.298   1           fp_base_main   1630   2563
  574262.502    4206696.776       2845.745   2           fp_base_main   1630   2521
  574262.502    4206424.668       2938.298   2           fp_base_main   1630   2499
  574262.502    4206008.002       3075.532   2           fp_base_main   1630   2466
  574262.502    4205429.771       3273.404   2           fp_base_main   1630   2419
  574262.502    4204970.588       3394.681   2           fp_base_main   1630   2383
  574262.502    4204655.963       3490.426   2           fp_base_main   1630   2357
  574262.502    4204315.827       3582.979   2           fp_base_main   1630   2330
  574262.502    4204069.229       3669.149   2           fp_base_main   1630   2311
  574262.502    4203712.087       3771.277   3           fp_base_main   1630   2282
  575012.502    4207866.761       2159.516   1           fp_base_main   1690   2614
  575012.502    4207527.666       2353.601   2           fp_base_main   1690   2587
  575012.502    4207180.093       2541.323   2           fp_base_main   1690   2559
  575012.502    4206976.636       2655.865   2           fp_base_main   1690   2543
  575012.502    4206730.792       2773.589   2           fp_base_main   1690   2523
  575012.502    4206518.857       2869.041   2           fp_base_main   1690   2507
  575012.502    4206078.033       3009.037   2           fp_base_main   1690   2471
  575012.502    4205662.642       3145.851   2           fp_base_main   1690   2438
  575012.502    4205018.360       3365.391   2           fp_base_main   1690   2386
  575012.502    4204272.351       3594.475   3           fp_base_main   1690   2327
  572637.502    4206241.643       2452.876   1           fp_base_main   1500   2484
  572637.502    4205783.889       2674.253   2           fp_base_main   1500   2448
  572637.502    4205396.497       2839.079   2           fp_base_main   1500   2417
  572637.502    4204801.563       3051.701   2           fp_base_main   1500   2369
  572637.502    4204388.254       3194.835   2           fp_base_main   1500   2336
  572637.502    4203779.270       3385.900   3           fp_base_main   1500   2287
  574762.502    4207748.078       2264.513   1           fp_base_main   1670   2605
  574762.502    4207451.369       2455.416   2           fp_base_main   1670   2581
  574762.502    4207078.364       2649.502   2           fp_base_main   1670   2551
  574762.502    4206857.953       2767.226   2           fp_base_main   1670   2534
  574762.502    4206562.527       2894.095   2           fp_base_main   1670   2510
  574762.502    4206316.316       2975.429   2           fp_base_main   1670   2490
  574762.502    4205739.304       3148.042   2           fp_base_main   1670   2444
  574762.502    4205298.114       3266.757   2           fp_base_main   1670   2409
  574762.502    4204797.949       3425.843   2           fp_base_main   1670   2369
  574762.502    4204238.441       3594.475   2           fp_base_main   1670   2324
  574762.502    4203882.391       3677.200   3           fp_base_main   1670   2296
  558137.503    4209309.390       1115.909   1           fp_base_main   340   2730
  558137.503    4209029.636       1239.996   2           fp_base_main   340   2707
  558137.503    4208690.541       1376.810   2           fp_base_main   340   2680
  558137.503    4208393.832       1507.261   2           fp_base_main   340   2657
  558137.502    4208080.169       1656.802   2           fp_base_main   340   2631
  558137.502    4207859.757       1768.163   2           fp_base_main   340   2614
  558137.502    4207673.255       1898.614   2           fp_base_main   340   2599
  558137.502    4207257.863       2067.245   2           fp_base_main   340   2566
  558137.502    4206927.245       2204.060   3           fp_base_main   340   2539
  560137.503    4208580.335       1125.454   1           fp_base_main   500   2671
  560137.503    4208351.446       1239.996   2           fp_base_main   500   2653
  560137.502    4208012.350       1319.539   2           fp_base_main   500   2626
  560137.502    4207571.526       1491.353   2           fp_base_main   500   2591
  560137.502    4207054.406       1733.164   2           fp_base_main   500   2549
  560137.502    4206537.286       2000.429   2           fp_base_main   500   2508
  560137.502    4206206.668       2173.885   2           fp_base_main   500   2482
  560137.502    4205969.301       2254.967   2           fp_base_main   500   2463
  560137.502    4205706.502       2331.329   2           fp_base_main   500   2442
  560137.502    4205325.020       2499.961   2           fp_base_main   500   2411
  560137.502    4205028.312       2595.412   3           fp_base_main   500   2387
  573137.502    4206440.451       2595.838   1           fp_base_main   1540   2500
  573137.502    4206095.552       2768.435   2           fp_base_main   1540   2473
  573137.502    4205549.461       2987.777   2           fp_base_main   1540   2429
  573137.502    4204888.404       3203.522   2           fp_base_main   1540   2376
  573137.502    4204388.357       3369.756   2           fp_base_main   1540   2336
  573137.502    4203614.192       3652.993   3           fp_base_main   1540   2274
  556887.500    4209343.500       1176.361   1           fp_base_main   240   2732
  556887.500    4209021.000       1309.994   2           fp_base_main   240   2707
  556887.500    4208639.500       1446.808   2           fp_base_main   240   2676
  556887.500    4208394.000       1583.623   2           fp_base_main   240   2657
  556887.500    4208182.000       1707.710   2           fp_base_main   240   2640
  556887.500    4207893.500       1834.979   2           fp_base_main   240   2616
  556887.500    4207741.000       1924.068   2           fp_base_main   240   2604
  556887.502    4207591.857       2027.048   2           fp_base_main   240   2592
  556887.502    4207265.939       2172.389   3           fp_base_main   240   2566
  560887.502    4208246.383       1161.730   1           fp_base_main   560   2645
  560887.502    4207847.947       1374.136   2           fp_base_main   560   2613
  560887.449    4207419.063       1609.146   2           fp_base_main   560   2579
  560887.449    4207122.063       1763.764   2           fp_base_main   560   2555
  560887.449    4206815.563       1900.403   2           fp_base_main   560   2530
  560887.449    4206547.063       1993.893   2           fp_base_main   560   2509
  560887.449    4206164.063       2141.319   2           fp_base_main   560   2478
  560887.449    4205761.563       2306.724   2           fp_base_main   560   2446
  560887.449    4205570.063       2367.852   2           fp_base_main   560   2431
  560887.449    4205359.063       2450.555   2           fp_base_main   560   2414
  560887.449    4205071.563       2529.662   2           fp_base_main   560   2391
  560887.449    4204832.063       2590.790   2           fp_base_main   560   2372
  560887.449    4204487.063       2687.876   3           fp_base_main   560   2344
  567887.500    4206086.000       2006.133   1           fp_base_main   1120   2472
  567887.500    4205837.000       2103.219   2           fp_base_main   1120   2452
  567887.500    4205549.500       2203.900   2           fp_base_main   1120   2429
  567887.500    4205195.000       2300.986   2           fp_base_main   1120   2401
  567887.500    4205003.500       2380.092   2           fp_base_main   1120   2385
  567887.500    4204543.500       2516.731   2           fp_base_main   1120   2348
  567887.500    4204342.500       2581.455   2           fp_base_main   1120   2332
  567887.500    4204026.000       2689.328   2           fp_base_main   1120   2307
  567887.500    4203588.500       2804.937   2           fp_base_main   1120   2272
  567887.500    4203353.000       2853.905   2           fp_base_main   1120   2253
  567887.500    4203126.500       2906.316   2           fp_base_main   1120   2235
  567887.502    4202704.000       3012.040   2           fp_base_main   1120   2201
  567887.501    4202429.598       3081.115   2           fp_base_main   1120   2179
  567887.501    4202195.241       3133.207   2           fp_base_main   1120   2161
  567887.501    4202025.812       3193.730   2           fp_base_main   1120   2147
  567887.501    4201747.323       3253.446   3           fp_base_main   1120   2125
  568137.502    4206248.841       1923.430   1           fp_base_main   1140   2485
  568137.502    4205884.780       2060.069   2           fp_base_main   1140   2456
  568137.502    4205348.270       2239.857   2           fp_base_main   1140   2413
  568137.502    4205003.370       2362.113   2           fp_base_main   1140   2385
  568137.502    4204495.602       2545.497   2           fp_base_main   1140   2345
  568137.502    4204093.219       2696.520   2           fp_base_main   1140   2312
  568137.502    4203651.411       2795.261   2           fp_base_main   1140   2277
  568137.502    4203230.215       2888.751   2           fp_base_main   1140   2243
  568137.502    4202945.233       2962.567   2           fp_base_main   1140   2221
  568137.502    4202699.295       3014.728   2           fp_base_main   1140   2201
  568137.501    4202303.987       3115.830   2           fp_base_main   1140   2169
  568137.501    4201802.084       3238.539   3           fp_base_main   1140   2129
  568637.502    4206373.388       1959.388   1           fp_base_main   1180   2495
  568637.502    4205980.585       2056.473   2           fp_base_main   1180   2463
  568637.502    4205453.656       2214.687   2           fp_base_main   1180   2421
  568637.502    4205223.723       2315.369   2           fp_base_main   1180   2403
  568637.502    4204706.374       2509.540   2           fp_base_main   1180   2362
  568637.502    4204371.055       2624.604   2           fp_base_main   1180   2335
  568637.502    4204026.155       2736.073   2           fp_base_main   1180   2307
  568637.502    4203662.095       2836.754   2           fp_base_main   1180   2278
  568637.502    4203287.156       2926.649   2           fp_base_main   1180   2248
  568637.502    4202877.610       3032.707   2           fp_base_main   1180   2215
  568637.501    4202349.383       3159.433   3           fp_base_main   1180   2173
  573887.502    4206996.123       2667.754   1           fp_base_main   1600   2545
  573887.502    4206507.515       2858.329   2           fp_base_main   1600   2506
  573887.502    4206018.908       3023.734   2           fp_base_main   1600   2467
  573887.502    4205597.364       3185.544   2           fp_base_main   1600   2433
  573887.502    4205290.787       3279.034   2           fp_base_main   1600   2408
  573887.502    4204798.114       3434.480   2           fp_base_main   1600   2369
  573887.502    4204208.186       3627.823   2           fp_base_main   1600   2322
  573887.502    4203527.967       3771.653   3           fp_base_main   1600   2267
  576637.503    4209362.516       2060.069   1           fp_base_main   1820   2734
  576637.503    4209065.519       2265.028   2           fp_base_main   1820   2710
  576637.503    4208806.845       2401.667   2           fp_base_main   1820   2690
  576637.503    4208586.492       2466.391   2           fp_base_main   1820   2672
  576637.503    4208356.559       2567.072   2           fp_base_main   1820   2654
  576637.502    4208088.304       2743.265   2           fp_base_main   1820   2632
  576637.502    4207800.888       2879.904   2           fp_base_main   1820   2609
  576637.502    4207379.344       2984.181   2           fp_base_main   1820   2575
  576637.502    4206938.639       3110.033   2           fp_base_main   1820   2540
  576637.502    4206430.871       3235.884   3           fp_base_main   1820   2499
  575387.503    4208442.784       2099.623   1           fp_base_main   1720   2660
  575387.502    4208049.982       2265.028   2           fp_base_main   1720   2629
  575387.502    4207609.277       2473.582   2           fp_base_main   1720   2594
  575387.502    4207324.098       2622.408   2           fp_base_main   1720   2571
  575387.502    4206933.819       2764.970   2           fp_base_main   1720   2540
  575387.502    4206373.726       2932.819   2           fp_base_main   1720   2495
  575387.502    4205974.683       3077.982   2           fp_base_main   1720   2463
  575387.502    4205629.201       3182.104   2           fp_base_main   1720   2435
  575387.502    4205162.624       3329.531   3           fp_base_main   1720   2398
  563637.502    4206986.542       1538.683   1           fp_base_main   780   2544
  563637.502    4206708.706       1693.301   2           fp_base_main   780   2522
  563637.502    4206200.938       1887.473   2           fp_base_main   780   2481
  563637.502    4205894.361       2024.112   2           fp_base_main   780   2457
  563637.502    4205520.720       2182.325   2           fp_base_main   780   2427
  563637.502    4205051.273       2372.901   2           fp_base_main   780   2389
  563637.502    4204629.729       2546.740   2           fp_base_main   780   2355
  563637.502    4204275.597       2651.431   2           fp_base_main   780   2327
  563637.502    4204006.994       2736.073   2           fp_base_main   780   2306
  563637.502    4203604.612       2836.754   2           fp_base_main   780   2273
  563637.502    4203307.615       2919.457   3           fp_base_main   780   2250
  560637.502    4208251.650       1155.939   1           fp_base_main   540   2645
  560637.502    4207861.829       1293.599   2           fp_base_main   540   2614
  560637.502    4207685.922       1384.065   2           fp_base_main   540   2600
  560637.502    4207206.895       1668.131   2           fp_base_main   540   2562
  560637.502    4206823.673       1858.706   2           fp_base_main   540   2531
  560637.502    4206545.837       1995.345   2           fp_base_main   540   2509
  560637.502    4206191.357       2157.155   2           fp_base_main   540   2480
  560637.502    4205846.458       2257.836   2           fp_base_main   540   2453
  560637.502    4205491.978       2390.880   2           fp_base_main   540   2424
  560637.502    4204936.307       2574.264   2           fp_base_main   540   2380
  560637.502    4204669.039       2663.304   3           fp_base_main   540   2359
  565887.502    4206373.388       1603.407   1           fp_base_main   960   2495
  565887.502    4206028.488       1671.727   2           fp_base_main   960   2467
  565887.502    4205654.847       1804.770   2           fp_base_main   960   2437
  565887.502    4205367.431       1930.622   2           fp_base_main   960   2414
  565887.502    4205118.337       2056.473   2           fp_base_main   960   2394
  565887.502    4204668.052       2279.411   2           fp_base_main   960   2358
  565887.502    4204256.088       2448.412   2           fp_base_main   960   2325
  565887.502    4203864.389       2593.899   2           fp_base_main   960   2294
  565887.502    4203413.001       2750.456   2           fp_base_main   960   2258
  565887.502    4203020.199       2851.138   2           fp_base_main   960   2227
  565887.502    4202608.236       2962.606   2           fp_base_main   960   2194
  565887.501    4202435.786       3012.947   3           fp_base_main   960   2180
  566637.502    4206085.971       1736.450   1           fp_base_main   1020   2472
  566637.502    4205760.233       1840.728   2           fp_base_main   1020   2446
  566637.502    4205415.334       1955.792   2           fp_base_main   1020   2418
  566637.502    4205127.917       2074.452   2           fp_base_main   1020   2395
  566637.502    4204783.018       2232.666   2           fp_base_main   1020   2368
  566637.502    4204409.377       2419.646   2           fp_base_main   1020   2338
  566637.502    4204126.026       2495.701   2           fp_base_main   1020   2315
  566637.502    4203582.489       2639.401   2           fp_base_main   1020   2272
  566637.502    4203379.806       2703.457   2           fp_base_main   1020   2255
  566637.502    4203094.783       2783.498   2           fp_base_main   1020   2233
  566637.502    4202730.137       2889.338   2           fp_base_main   1020   2203
  566637.501    4202349.759       2971.177   3           fp_base_main   1020   2173
  571887.502    4206133.874       2232.666   1           fp_base_main   1440   2476
  571887.502    4205798.555       2390.880   2           fp_base_main   1440   2449
  571887.502    4205386.592       2563.476   2           fp_base_main   1440   2416
  571887.502    4205194.981       2624.604   2           fp_base_main   1440   2401
  571887.502    4204744.696       2800.797   2           fp_base_main   1440   2365
  571887.502    4204495.602       2890.691   2           fp_base_main   1440   2345
  571887.502    4203968.672       3030.926   2           fp_base_main   1440   2302
  571887.502    4203681.256       3128.011   3           fp_base_main   1440   2280
  561887.502    4207812.809       1358.876   1           fp_base_main   640   2610
  561887.502    4207158.992       1660.939   2           fp_base_main   640   2558
  561887.502    4206804.512       1837.132   2           fp_base_main   640   2529
  561887.502    4206517.096       1959.388   2           fp_base_main   640   2506
  561887.502    4206095.552       2117.601   2           fp_base_main   640   2473
  561887.502    4205721.911       2261.432   2           fp_base_main   640   2443
  561887.502    4205396.173       2405.263   2           fp_base_main   640   2417
  561887.502    4205080.015       2541.902   2           fp_base_main   640   2391
  561887.502    4204725.535       2660.562   2           fp_base_main   640   2363
  561887.502    4204169.864       2790.010   3           fp_base_main   640   2319
  575637.503    4208663.137       2099.623   1           fp_base_main   1740   2678
  575637.503    4208366.140       2214.687   2           fp_base_main   1740   2654
  575637.502    4208040.402       2365.709   2           fp_base_main   1740   2628
  575637.502    4207676.341       2556.285   2           fp_base_main   1740   2599
  575637.502    4207254.797       2732.477   2           fp_base_main   1740   2565
  575637.502    4206789.416       2890.952   2           fp_base_main   1740   2528
  575637.502    4206417.205       2987.236   2           fp_base_main   1740   2498
  575637.502    4206041.409       3085.785   2           fp_base_main   1740   2468
  575637.502    4205644.982       3177.747   2           fp_base_main   1740   2437
  575637.502    4205041.193       3338.539   3           fp_base_main   1740   2388
  577137.503    4209678.674       2178.729   1           fp_base_main   1860   2759
  577137.503    4209170.905       2466.391   2           fp_base_main   1860   2719
  577137.503    4208739.781       2646.179   2           fp_base_main   1860   2684
  577137.502    4207965.963       2909.912   2           fp_base_main   1860   2622
  577137.502    4207393.501       3059.945   2           fp_base_main   1860   2576
  577137.502    4206841.383       3223.986   2           fp_base_main   1860   2532
  577137.502    4206265.100       3382.199   3           fp_base_main   1860   2486
  571637.502    4206143.455       2211.091   1           fp_base_main   1420   2476
  571637.502    4205856.038       2362.113   2           fp_base_main   1420   2453
  571637.502    4205309.948       2570.668   2           fp_base_main   1420   2410
  571637.502    4204960.987       2692.938   2           fp_base_main   1420   2382
  571637.502    4204594.167       2822.371   2           fp_base_main   1420   2353
  571637.502    4203900.059       3035.362   2           fp_base_main   1420   2297
  571637.502    4203251.367       3215.671   3           fp_base_main   1420   2245
  564637.502    4206524.741       1657.287   1           fp_base_main   860   2507
  564637.502    4206200.560       1795.590   2           fp_base_main   860   2481
  564637.500    4205885.000       1934.217   2           fp_base_main   860   2456
  564637.500    4205501.500       2049.282   2           fp_base_main   860   2425
  564637.500    4205166.000       2207.496   2           fp_base_main   860   2398
  564637.500    4204773.500       2390.880   2           fp_base_main   860   2367
  564637.500    4204313.500       2563.476   2           fp_base_main   860   2330
  564637.500    4203943.000       2697.228   2           fp_base_main   860   2300
  564637.500    4203804.000       2759.173   2           fp_base_main   860   2289
  564637.500    4203384.500       2908.670   2           fp_base_main   860   2256
  564637.500    4203030.000       3016.543   2           fp_base_main   860   2227
  564637.502    4202731.845       3076.974   3           fp_base_main   860   2204
  578387.500    4210311.000       2254.240   1           fp_base_main   1960   2810
  578387.500    4209870.500       2452.008   2           fp_base_main   1960   2775
  578387.500    4209525.500       2570.668   2           fp_base_main   1960   2747
  578387.500    4209219.000       2674.945   2           fp_base_main   1960   2723
  578387.500    4208931.500       2793.605   2           fp_base_main   1960   2700
  578387.500    4208665.000       2907.222   2           fp_base_main   1960   2678
  578387.500    4208452.500       2986.251   2           fp_base_main   1960   2661
  578386.852    4208286.616       3048.975   2           fp_base_main   1960   2648
  578387.500    4207762.500       3332.970   2           fp_base_main   1960   2606
  578387.500    4207073.000       3577.482   3           fp_base_main   1960   2551
  573012.467    4206346.836       2583.079   1           fp_base_main   1530   2493
  573012.467    4205658.336       2905.419   2           fp_base_main   1530   2438
  573012.467    4205249.836       3058.611   2           fp_base_main   1530   2405
  573012.502    4204703.974       3212.039   2           fp_base_main   1530   2361
  573012.502    4204256.303       3356.129   2           fp_base_main   1530   2326
  573012.502    4203732.632       3500.772   3           fp_base_main   1530   2284
  571137.502    4206087.977       2143.412   1           fp_base_main   1380   2472
  571137.502    4205827.297       2268.624   2           fp_base_main   1380   2451
  571137.502    4205463.236       2448.412   2           fp_base_main   1380   2422
  571137.502    4204974.629       2635.392   2           fp_base_main   1380   2383
  571137.502    4204476.441       2800.797   2           fp_base_main   1380   2343
  571137.502    4204025.287       2935.346   2           fp_base_main   1380   2307
  571137.502    4202951.762       3198.921   3           fp_base_main   1380   2221
  563137.502    4207015.284       1520.704   1           fp_base_main   740   2546
  563137.502    4206651.223       1718.472   2           fp_base_main   740   2517
  563137.502    4206181.777       1977.367   2           fp_base_main   740   2480
  563137.502    4205750.653       2121.197   2           fp_base_main   740   2445
  563137.502    4205348.270       2286.602   2           fp_base_main   740   2413
  563137.502    4205003.370       2398.071   2           fp_base_main   740   2385
  563137.502    4204642.619       2552.689   2           fp_base_main   740   2356
  563137.502    4204373.261       2639.815   2           fp_base_main   740   2335
  563137.502    4203738.739       2786.414   2           fp_base_main   740   2284
  563137.502    4203403.420       2876.308   3           fp_base_main   740   2257
  572387.500    4206369.000       2333.908   1           fp_base_main   1480   2495
  572387.500    4206193.000       2411.947   2           fp_base_main   1480   2480
  572387.500    4206029.000       2507.576   2           fp_base_main   1480   2467
  572387.500    4205655.500       2653.800   2           fp_base_main   1480   2437
  572387.500    4205254.500       2778.541   2           fp_base_main   1480   2405
  572387.502    4204913.278       2883.080   2           fp_base_main   1480   2378
  572387.502    4204578.673       2986.013   2           fp_base_main   1480   2351
  572387.502    4204246.552       3072.262   2           fp_base_main   1480   2325
  572387.502    4203831.552       3183.411   3           fp_base_main   1480   2292
  574887.502    4207820.049       2221.879   1           fp_base_main   1680   2611
  574887.502    4207580.536       2340.539   2           fp_base_main   1680   2591
  574887.502    4207264.378       2541.902   2           fp_base_main   1680   2566
  574887.502    4206929.059       2714.498   2           fp_base_main   1680   2539
  574887.502    4206411.625       2914.464   2           fp_base_main   1680   2498
  574887.502    4206073.607       3014.723   2           fp_base_main   1680   2471
  574887.502    4205616.482       3176.394   2           fp_base_main   1680   2434
  574887.502    4205089.595       3361.736   2           fp_base_main   1680   2392
  574887.502    4204744.696       3480.396   2           fp_base_main   1680   2365
  574887.502    4204063.536       3641.685   3           fp_base_main   1680   2310
  565137.502    4206377.745       1661.402   1           fp_base_main   900   2495
  565137.502    4206131.799       1758.287   2           fp_base_main   900   2476
  565137.502    4205728.460       1934.479   2           fp_base_main   900   2443
  565137.502    4205488.120       2015.420   2           fp_base_main   900   2424
  565137.502    4205195.924       2168.218   2           fp_base_main   900   2401
  565137.502    4204850.084       2308.496   2           fp_base_main   900   2373
  565137.502    4204536.602       2421.727   2           fp_base_main   900   2348
  565137.502    4204310.227       2524.213   2           fp_base_main   900   2330
  565137.502    4203989.763       2649.088   2           fp_base_main   900   2304
  565137.502    4203711.460       2757.909   2           fp_base_main   900   2282
  565137.502    4203417.781       2856.857   2           fp_base_main   900   2258
  565137.502    4203155.424       2923.429   2           fp_base_main   900   2237
  565137.502    4202672.299       3037.556   3           fp_base_main   900   2199
  567637.502    4206199.462       1912.337   1           fp_base_main   1100   2481
  567637.502    4205987.266       2015.348   2           fp_base_main   1100   2464
  567637.502    4205626.106       2142.772   2           fp_base_main   1100   2435
  567637.502    4205348.270       2236.262   2           fp_base_main   1100   2413
  567637.502    4205148.918       2327.904   2           fp_base_main   1100   2397
  567637.502    4204827.780       2437.625   2           fp_base_main   1100   2371
  567637.502    4204486.021       2556.285   2           fp_base_main   1100   2344
  567637.502    4204228.648       2608.531   2           fp_base_main   1100   2323
  567637.502    4203911.189       2671.349   2           fp_base_main   1100   2298
  567637.502    4203574.767       2759.718   2           fp_base_main   1100   2271
  567637.502    4203278.873       2853.208   2           fp_base_main   1100   2247
  567637.502    4202816.590       2977.410   2           fp_base_main   1100   2210
  567637.501    4202454.858       3047.057   2           fp_base_main   1100   2181
  567637.501    4202167.353       3116.704   2           fp_base_main   1100   2158
  567637.501    4201838.077       3185.930   3           fp_base_main   1100   2132
  563387.502    4207011.571       1536.211   1           fp_base_main   760   2546
  563387.502    4206699.126       1696.897   2           fp_base_main   760   2521
  563387.502    4206191.357       1909.047   2           fp_base_main   760   2480
  563387.502    4205683.589       2124.793   2           fp_base_main   760   2440
  563387.502    4205166.240       2336.943   2           fp_base_main   760   2398
  563387.502    4204693.484       2519.216   2           fp_base_main   760   2360
  563387.502    4204519.669       2579.504   2           fp_base_main   760   2347
  563387.502    4204198.605       2673.005   2           fp_base_main   760   2321
  563387.502    4203567.427       2838.204   2           fp_base_main   760   2270
  563387.502    4203363.511       2879.904   3           fp_base_main   760   2254
  557387.503    4209402.641       1125.454   1           fp_base_main   280   2737
  557387.503    4209122.887       1259.086   2           fp_base_main   280   2715
  557387.503    4208860.089       1367.265   2           fp_base_main   280   2694
  557387.503    4208504.038       1535.897   2           fp_base_main   280   2665
  557387.502    4208097.124       1710.892   2           fp_base_main   280   2633
  557387.502    4207876.712       1819.071   2           fp_base_main   280   2615
  557387.502    4207580.004       2029.065   2           fp_base_main   280   2591
  557387.502    4207257.863       2165.879   3           fp_base_main   280   2566
  569387.502    4206191.357       2063.665   1           fp_base_main   1240   2480
  569387.502    4205779.394       2225.474   2           fp_base_main   1240   2447
  569387.502    4205242.884       2401.667   2           fp_base_main   1240   2404
  569387.502    4204735.115       2595.838   2           fp_base_main   1240   2364
  569387.502    4204380.635       2728.882   2           fp_base_main   1240   2335
  569387.502    4203925.515       2854.733   2           fp_base_main   1240   2299
  569387.502    4203543.146       2959.464   2           fp_base_main   1240   2268
  569387.502    4203027.095       3081.653   3           fp_base_main   1240   2227
  578637.503    4210512.181       2265.028   1           fp_base_main   1980   2826
  578637.503    4210186.442       2412.454   2           fp_base_main   1980   2800
  578637.503    4209851.123       2559.881   2           fp_base_main   1980   2773
  578637.503    4209381.677       2721.690   2           fp_base_main   1980   2736
  578637.503    4208747.198       2938.809   2           fp_base_main   1980   2685
  578637.503    4208600.150       3002.674   2           fp_base_main   1980   2673
  578637.503    4208396.693       3093.231   2           fp_base_main   1980   2657
  578637.502    4208107.691       3211.636   2           fp_base_main   1980   2634
  578637.502    4207565.564       3416.678   2           fp_base_main   1980   2590
  578637.502    4207385.440       3476.575   2           fp_base_main   1980   2576
  578637.502    4207165.693       3549.402   3           fp_base_main   1980   2558
  564387.502    4206679.965       1653.748   1           fp_base_main   840   2519
  564387.502    4206344.646       1776.004   2           fp_base_main   840   2493
  564387.502    4205846.458       1980.962   2           fp_base_main   840   2453
  564387.502    4205664.428       2056.473   2           fp_base_main   840   2438
  564387.502    4205396.173       2124.793   2           fp_base_main   840   2417
  564387.502    4205223.723       2196.708   2           fp_base_main   840   2403
  564387.502    4204869.243       2362.113   2           fp_base_main   840   2375
  564387.502    4204620.149       2444.816   2           fp_base_main   840   2355
  564387.502    4204265.669       2574.264   2           fp_base_main   840   2326
  564387.502    4203960.195       2691.398   2           fp_base_main   840   2302
  564387.502    4203623.773       2836.754   2           fp_base_main   840   2275
  564387.502    4203221.390       2962.606   2           fp_base_main   840   2243
  564387.502    4202713.621       3084.862   3           fp_base_main   840   2202
  559637.503    4208860.089       1106.363   1           fp_base_main   460   2694
  559637.503    4208622.722       1220.906   2           fp_base_main   460   2675
  559637.502    4208241.240       1389.537   2           fp_base_main   460   2644
  559637.502    4207766.506       1507.261   2           fp_base_main   460   2606
  559637.502    4207605.436       1577.259   2           fp_base_main   460   2593
  559637.502    4207283.295       1733.164   2           fp_base_main   460   2568
  559637.502    4207062.883       1898.614   2           fp_base_main   460   2550
  559637.502    4206715.311       2060.882   2           fp_base_main   460   2522
  559637.502    4206257.532       2232.695   3           fp_base_main   460   2486
  559387.503    4208953.340       1112.727   1           fp_base_main   440   2701
  559387.503    4208715.973       1214.542   2           fp_base_main   440   2682
  559387.503    4208402.310       1344.993   2           fp_base_main   440   2657
  559387.502    4207978.441       1475.444   2           fp_base_main   440   2623
  559387.502    4207622.391       1609.077   2           fp_base_main   440   2595
  559387.502    4207334.160       1780.890   2           fp_base_main   440   2572
  559387.502    4207096.793       1930.431   2           fp_base_main   440   2553
  559387.502    4206723.788       2134.062   2           fp_base_main   440   2523
  559387.502    4206460.989       2223.150   3           fp_base_main   440   2502
  564137.502    4206861.995       1614.194   1           fp_base_main   820   2534
  564137.502    4206564.998       1725.663   2           fp_base_main   820   2510
  564137.502    4206133.874       1887.473   2           fp_base_main   820   2476
  564137.502    4205846.458       2016.920   2           fp_base_main   820   2453
  564137.502    4205606.944       2085.240   2           fp_base_main   820   2434
  564137.502    4205319.528       2203.900   2           fp_base_main   820   2411
  564137.502    4205041.693       2318.964   2           fp_base_main   820   2388
  564137.502    4204811.760       2401.667   2           fp_base_main   820   2370
  564137.502    4204427.435       2532.357   2           fp_base_main   820   2339
  564137.502    4203981.562       2683.793   2           fp_base_main   820   2304
  564137.502    4203687.527       2796.089   2           fp_base_main   820   2280
  564137.502    4203485.428       2875.404   2           fp_base_main   820   2264
  564137.502    4203183.068       2959.010   2           fp_base_main   820   2240
  564137.502    4202914.813       3027.330   3           fp_base_main   820   2218
  565387.502    4206430.871       1617.790   1           fp_base_main   920   2499
  565387.502    4206057.230       1747.238   2           fp_base_main   920   2470
  565387.502    4205559.042       1941.409   2           fp_base_main   920   2430
  565387.502    4205022.532       2189.517   2           fp_base_main   920   2387
  565387.502    4204486.021       2419.646   2           fp_base_main   920   2344
  565387.502    4204095.426       2581.869   2           fp_base_main   920   2313
  565387.502    4203797.326       2685.863   2           fp_base_main   920   2289
  565387.502    4203365.098       2829.563   2           fp_base_main   920   2254
  565387.502    4202914.813       2908.670   2           fp_base_main   920   2218
  565387.501    4202407.044       3059.692   3           fp_base_main   920   2178
  566887.502    4205961.424       1837.132   1           fp_base_main   1040   2462
  566887.502    4205367.431       2060.069   2           fp_base_main   1040   2414
  566887.502    4204888.404       2239.857   2           fp_base_main   1040   2376
  566887.502    4204313.572       2452.008   2           fp_base_main   1040   2330
  566887.502    4203650.308       2625.563   2           fp_base_main   1040   2277
  566887.502    4203426.086       2694.046   2           fp_base_main   1040   2259
  566887.502    4203002.489       2804.393   2           fp_base_main   1040   2225
  566887.501    4202378.303       2962.606   2           fp_base_main   1040   2175
  566887.501    4202292.078       2994.968   3           fp_base_main   1040   2168
  577637.166    4209585.696       2333.457   1           fp_base_main   1900   2752
  577637.503    4209231.196       2492.611   2           fp_base_main   1900   2723
  577637.503    4209026.724       2601.933   2           fp_base_main   1900   2707
  577637.503    4208797.940       2661.158   2           fp_base_main   1900   2689
  577637.503    4208355.105       2822.481   2           fp_base_main   1900   2653
  577637.502    4207940.587       2975.251   2           fp_base_main   1900   2620
  577637.502    4207435.839       3126.287   2           fp_base_main   1900   2580
  577637.502    4207028.236       3234.796   2           fp_base_main   1900   2547
  577637.502    4206764.393       3307.909   2           fp_base_main   1900   2526
  577637.166    4206223.196       3502.080   2           fp_base_main   1900   2483
  577637.502    4205823.308       3615.975   3           fp_base_main   1900   2451
  557887.503    4209360.254       1109.545   1           fp_base_main   320   2734
  557887.503    4209182.229       1195.452   2           fp_base_main   320   2720
  557887.503    4208885.521       1329.084   2           fp_base_main   320   2696
  557887.503    4208605.767       1421.355   2           fp_base_main   320   2673
  557887.503    4208300.581       1567.714   2           fp_base_main   320   2649
  557887.502    4208029.305       1714.074   2           fp_base_main   320   2627
  557887.502    4207842.803       1806.344   2           fp_base_main   320   2612
  557887.502    4207630.868       1965.430   2           fp_base_main   320   2595
  557887.502    4207122.225       2175.424   3           fp_base_main   320   2555
  577387.503    4209601.917       2239.508   1           fp_base_main   1880   2753
  577387.503    4209197.518       2423.755   2           fp_base_main   1880   2721
  577387.503    4208758.942       2603.030   2           fp_base_main   1880   2686
  577387.502    4208212.851       2825.967   2           fp_base_main   1880   2642
  577387.502    4207475.150       3074.075   2           fp_base_main   1880   2583
  577387.502    4207215.476       3139.488   2           fp_base_main   1880   2562
  577387.502    4206752.197       3290.365   2           fp_base_main   1880   2525
  577387.502    4205903.941       3530.737   3           fp_base_main   1880   2457
  562637.502    4207072.767       1524.300   1           fp_base_main   700   2551
  562637.502    4206794.931       1675.322   2           fp_base_main   700   2529
  562637.502    4206430.871       1862.302   2           fp_base_main   700   2499
  562637.502    4206105.133       2013.324   2           fp_base_main   700   2473
  562637.502    4205731.491       2157.155   2           fp_base_main   700   2444
  562637.502    4205444.075       2261.432   2           fp_base_main   700   2421
  562637.502    4205051.273       2408.858   2           fp_base_main   700   2389
  562637.502    4204685.006       2556.829   2           fp_base_main   700   2360
  562637.502    4204227.347       2739.669   2           fp_base_main   700   2323
  562637.502    4203709.998       2869.116   3           fp_base_main   700   2282
  560387.503    4208394.881       1125.170   1           fp_base_main   520   2657
  560387.502    4208145.787       1229.448   2           fp_base_main   520   2637
  560387.502    4207800.888       1326.533   2           fp_base_main   520   2609
  560387.502    4207408.086       1502.726   2           fp_base_main   520   2578
  560387.502    4207015.284       1736.450   2           fp_base_main   520   2546
  560387.502    4206450.032       2045.686   2           fp_base_main   520   2501
  560387.502    4206239.260       2153.559   2           fp_base_main   520   2484
  560387.502    4205961.424       2265.028   2           fp_base_main   520   2462
  560387.502    4205702.750       2344.135   2           fp_base_main   520   2441
  560387.502    4205405.753       2434.029   2           fp_base_main   520   2417
  560387.502    4204830.921       2617.413   3           fp_base_main   520   2371
  581137.503    4212181.749       1863.615   1           fp_base_main   2180   2960
  581137.503    4211915.244       1979.521   2           fp_base_main   2180   2938
  581137.503    4211443.052       2190.876   2           fp_base_main   2180   2900
  581137.503    4211074.392       2344.281   2           fp_base_main   2180   2871
  581137.503    4210657.197       2486.095   2           fp_base_main   2180   2838
  581137.503    4209926.765       2757.681   3           fp_base_main   2180   2779
  565637.502    4206195.369       1633.780   1           fp_base_main   940   2481
  565637.502    4206028.488       1686.110   2           fp_base_main   940   2467
  565637.502    4205626.106       1862.302   2           fp_base_main   940   2435
  565637.502    4205309.948       2006.133   2           fp_base_main   940   2410
  565637.502    4204993.790       2164.346   2           fp_base_main   940   2385
  565637.502    4204514.763       2405.263   2           fp_base_main   940   2346
  565637.502    4204135.954       2540.790   2           fp_base_main   940   2316
  565637.502    4203660.992       2684.621   2           fp_base_main   940   2278
  565637.502    4203144.746       2843.946   2           fp_base_main   940   2237
  565637.501    4202474.108       3030.926   3           fp_base_main   940   2183
  572887.502    4206430.146       2477.949   1           fp_base_main   1520   2499
  572887.500    4205999.500       2700.115   2           fp_base_main   1520   2465
  572887.469    4205396.622       2931.699   2           fp_base_main   1520   2417
  572887.500    4204826.000       3118.888   2           fp_base_main   1520   2371
  572887.500    4204390.000       3239.593   2           fp_base_main   1520   2336
  572887.502    4203743.656       3432.045   3           fp_base_main   1520   2284
  580137.503    4212241.487       1844.257   1           fp_base_main   2100   2964
  580137.500    4211700.000       2070.856   2           fp_base_main   2100   2921
  580137.503    4211309.525       2220.166   2           fp_base_main   2100   2890
  580137.503    4210967.410       2356.039   2           fp_base_main   2100   2862
  580137.503    4210148.298       2615.801   2           fp_base_main   2100   2797
  580137.503    4209231.910       2929.791   3           fp_base_main   2100   2724
  570637.500    4206028.500       2124.793   1           fp_base_main   1340   2467
  570637.500    4205597.500       2329.752   2           fp_base_main   1340   2433
  570637.500    4205195.000       2513.135   2           fp_base_main   1340   2401
  570637.500    4204687.000       2707.307   2           fp_base_main   1340   2360
  570637.500    4204467.000       2790.010   2           fp_base_main   1340   2342
  570637.502    4204096.146       2881.317   2           fp_base_main   1340   2313
  570637.502    4203791.294       2959.350   2           fp_base_main   1340   2288
  570637.502    4203118.022       3125.156   3           fp_base_main   1340   2234
  580387.503    4212241.090       1799.980   1           fp_base_main   2120   2964
  580387.503    4211986.769       1892.250   2           fp_base_main   2120   2944
  580387.503    4211112.382       2227.004   2           fp_base_main   2120   2874
  580387.503    4210565.681       2433.480   2           fp_base_main   2120   2830
  580387.503    4210240.428       2569.959   2           fp_base_main   2120   2804
  580387.503    4209825.036       2729.045   2           fp_base_main   2120   2771
  580387.503    4209596.147       2846.769   3           fp_base_main   2120   2753
  572137.500    4206046.500       2322.146   1           fp_base_main   1460   2469
  572137.500    4205566.500       2507.470   2           fp_base_main   1460   2430
  572137.502    4205219.982       2643.988   2           fp_base_main   1460   2403
  572137.502    4204887.464       2780.050   2           fp_base_main   1460   2376
  572137.502    4204619.035       2862.185   2           fp_base_main   1460   2355
  572137.502    4203976.358       3045.037   2           fp_base_main   1460   2303
  572137.502    4203235.469       3245.407   3           fp_base_main   1460   2244
  559887.503    4208715.973       1112.727   1           fp_base_main   480   2682
  559887.503    4208470.129       1239.996   2           fp_base_main   480   2663
  559887.502    4208020.828       1395.901   2           fp_base_main   480   2627
  559887.502    4207469.798       1596.350   2           fp_base_main   480   2583
  559887.502    4207173.089       1723.619   2           fp_base_main   480   2559
  559887.502    4207062.883       1771.345   2           fp_base_main   480   2550
  559887.502    4206909.218       1863.615   2           fp_base_main   480   2538
  559887.502    4206758.055       1964.981   2           fp_base_main   480   2526
  559887.502    4206512.211       2098.999   2           fp_base_main   480   2506
  559887.502    4205933.961       2324.837   3           fp_base_main   480   2460
  568887.502    4206277.582       2045.686   1           fp_base_main   1200   2487
  568887.502    4205894.361       2153.559   2           fp_base_main   1200   2457
  568887.502    4205444.075       2275.815   2           fp_base_main   1200   2421
  568887.502    4205278.864       2332.126   2           fp_base_main   1200   2407
  568887.502    4205001.029       2423.103   2           fp_base_main   1200   2385
  568887.502    4204778.292       2502.348   2           fp_base_main   1200   2367
  568887.502    4204497.801       2601.084   2           fp_base_main   1200   2345
  568887.502    4204176.846       2706.614   2           fp_base_main   1200   2319
  568887.502    4203848.851       2791.023   2           fp_base_main   1200   2293
  568887.502    4203427.436       2901.270   2           fp_base_main   1200   2259
  568887.502    4202880.246       3025.273   2           fp_base_main   1200   2215
  568887.501    4202478.120       3110.460   3           fp_base_main   1200   2183
  575137.502    4208260.754       2085.240   1           fp_base_main   1700   2646
  575137.502    4207915.854       2196.708   2           fp_base_main   1700   2618
  575137.502    4207503.891       2387.284   2           fp_base_main   1700   2585
  575137.502    4207254.797       2545.497   2           fp_base_main   1700   2565
  575137.502    4206900.317       2746.860   2           fp_base_main   1700   2537
  575137.502    4206384.693       2913.585   2           fp_base_main   1700   2496
  575137.502    4206122.028       2987.929   2           fp_base_main   1700   2475
  575137.502    4205616.525       3181.948   2           fp_base_main   1700   2434
  575137.502    4204648.890       3505.567   3           fp_base_main   1700   2357
  578887.503    4211048.691       2110.410   1           fp_base_main   2000   2869
  578887.503    4210464.278       2376.497   2           fp_base_main   2000   2822
  578887.503    4210119.379       2502.348   2           fp_base_main   2000   2795
  578887.503    4209602.029       2689.328   2           fp_base_main   2000   2753
  578887.503    4208988.875       2897.882   2           fp_base_main   2000   2704
  578887.503    4208724.450       2977.220   2           fp_base_main   2000   2683
  578887.503    4208380.133       3146.404   2           fp_base_main   2000   2655
  578887.502    4207786.547       3367.249   2           fp_base_main   2000   2608
  578887.502    4207582.454       3456.446   3           fp_base_main   2000   2592
  580887.503    4212249.568       1857.251   1           fp_base_main   2160   2965
  580887.503    4212003.724       1949.521   2           fp_base_main   2160   2945
  580887.503    4211249.237       2226.332   2           fp_base_main   2160   2885
  580887.503    4210825.368       2388.600   2           fp_base_main   2160   2851
  580887.503    4210469.318       2550.868   2           fp_base_main   2160   2823
  580887.503    4209706.353       2830.860   3           fp_base_main   2160   2762
  564887.502    4206402.129       1668.131   1           fp_base_main   880   2497
  564887.502    4206076.391       1793.983   2           fp_base_main   880   2471
  564887.502    4205693.169       1959.388   2           fp_base_main   880   2440
  564887.502    4205223.723       2175.134   2           fp_base_main   880   2403
  564887.502    4204763.857       2376.497   2           fp_base_main   880   2366
  564887.502    4204169.864       2613.817   2           fp_base_main   880   2319
  564887.502    4203892.342       2706.773   2           fp_base_main   880   2296
  564887.502    4203716.617       2761.243   2           fp_base_main   880   2282
  564887.502    4203173.487       2941.032   2           fp_base_main   880   2239
  564887.502    4202708.172       3068.389   3           fp_base_main   880   2202
  556637.503    4209385.686       1157.271   1           fp_base_main   220   2736
  556637.503    4209114.410       1268.632   2           fp_base_main   220   2714
  556637.503    4208834.656       1354.538   2           fp_base_main   220   2692
  556637.503    4208614.244       1443.627   2           fp_base_main   220   2674
  556637.503    4208275.149       1609.077   2           fp_base_main   220   2647
  556637.502    4208012.350       1749.073   2           fp_base_main   220   2626
  556637.502    4207817.370       1828.616   2           fp_base_main   220   2610
  556637.502    4207707.164       1924.068   2           fp_base_main   220   2602
  556637.502    4207452.843       2076.791   2           fp_base_main   220   2581
  556637.502    4207164.404       2201.005   3           fp_base_main   220   2558
  577387.501    4198959.446       2517.923   1              fp_che251   1880   1902
  577387.501    4198615.404       2796.584   3              fp_che251   1880   1874
  576887.501    4198829.924       2532.504   1              fp_che251   1840   1891
  576887.501    4198360.408       2819.266   3              fp_che251   1840   1854
  577637.501    4198951.351       2551.946   1              fp_che251   1900   1901
  577637.501    4198631.594       2809.545   3              fp_che251   1900   1876
  578137.501    4199275.155       2545.465   1              fp_che251   1940   1927
  578137.501    4198866.352       2820.886   3              fp_che251   1940   1894
  576387.501    4198566.833       2492.001   1              fp_che251   1800   1870
  576387.501    4198097.316       2791.724   3              fp_che251   1800   1833
  577887.501    4199060.635       2538.985   1              fp_che251   1920   1910
  577887.501    4198769.211       2783.623   3              fp_che251   1920   1887
  576637.501    4198712.545       2516.303   1              fp_che251   1820   1882
  576637.501    4198194.458       2827.367   3              fp_che251   1820   1841
  577137.501    4198914.923       2534.124   1              fp_che251   1860   1898
  577137.501    4198530.405       2804.685   3              fp_che251   1860   1867
  574387.501    4200725.143       2513.253   1          fp_che441_bei   1640   2043
  574387.501    4200530.390       2616.490   2          fp_che441_bei   1640   2027
  574387.501    4200288.264       2717.620   2          fp_che441_bei   1640   2008
  574387.501    4200056.665       2797.681   2          fp_che441_bei   1640   1990
  574387.501    4199556.623       2940.949   3          fp_che441_bei   1640   1950
  573387.501    4200740.934       2536.429   1          fp_che441_bei   1560   2044
  573387.501    4200467.227       2692.337   2          fp_che441_bei   1560   2022
  573387.501    4200204.046       2808.216   2          fp_che441_bei   1560   2001
  573387.501    4199809.276       2943.056   3          fp_che441_bei   1560   1970
  573887.501    4200767.252       2546.963   1          fp_che441_bei   1600   2046
  573887.501    4200493.545       2662.841   2          fp_che441_bei   1600   2024
  573887.501    4200030.347       2814.536   2          fp_che441_bei   1600   1987
  573887.501    4199488.196       2945.162   2          fp_che441_bei   1600   1944
  573887.501    4199135.534       3021.010   2          fp_che441_bei   1600   1916
  573887.501    4198972.362       3061.041   3          fp_che441_bei   1600   1903
  573137.501    4200735.671       2546.963   1          fp_che441_bei   1540   2044
  573137.501    4200493.545       2688.124   2          fp_che441_bei   1540   2024
  573137.501    4200267.210       2785.040   2          fp_che441_bei   1540   2006
  573137.501    4200109.301       2846.139   2          fp_che441_bei   1540   1994
  573137.501    4199882.966       2932.521   3          fp_che441_bei   1540   1976
  573637.501    4200783.043       2530.108   1          fp_che441_bei   1580   2048
  573637.501    4200493.545       2675.482   2          fp_che441_bei   1580   2024
  573637.501    4200019.820       2820.857   2          fp_che441_bei   1580   1987
  573637.501    4199551.359       2945.162   2          fp_che441_bei   1580   1949
  573637.501    4199114.480       3044.186   2          fp_che441_bei   1580   1914
  573637.501    4199009.208       3071.575   3          fp_che441_bei   1580   1906
  574137.501    4200721.617       2540.948   1          fp_che441_bei   1620   2043
  574137.501    4200459.024       2635.298   2          fp_che441_bei   1620   2022
  574137.501    4199993.502       2789.254   2          fp_che441_bei   1620   1984
  574137.501    4199569.021       2902.614   2          fp_che441_bei   1620   1951
  574137.501    4199053.583       3026.187   3          fp_che441_bei   1620   1909
  574637.501    4200698.825       2534.322   1          fp_che441_bei   1660   2041
  574637.501    4200514.599       2631.238   2          fp_che441_bei   1660   2026
  574637.501    4200319.846       2715.513   2          fp_che441_bei   1660   2011
  574637.501    4200109.301       2799.788   3          fp_che441_bei   1660   1994
  563137.501    4200214.683       1865.947   1               fp_F_ch6   740   2002
  563137.501    4199132.107       2257.164   3               fp_F_ch6   740   1916
  561387.501    4199920.015       1643.756   1               fp_F_ch6   600   1979
  561387.501    4199150.709       2032.731   3               fp_F_ch6   600   1917
  561512.501    4199946.998       1678.148   1               fp_F_ch6   610   1981
  561512.501    4199141.356       2061.913   3               fp_F_ch6   610   1916
  560012.501    4200122.154       1580.194   1               fp_F_ch6   490   1995
  560012.501    4199536.146       2032.341   3               fp_F_ch6   490   1948
  561762.501    4199966.868       1705.768   1               fp_F_ch6   630   1982
  561762.501    4199156.287       2090.809   3               fp_F_ch6   630   1918
  563887.501    4200294.308       1940.193   1               fp_F_ch6   800   2009
  563887.501    4199313.044       2310.436   3               fp_F_ch6   800   1930
  560762.501    4199953.818       1637.662   1               fp_F_ch6   550   1981
  560762.501    4199141.356       2061.913   3               fp_F_ch6   550   1916
  562262.501    4200146.104       1774.959   1               fp_F_ch6   670   1997
  562262.501    4199378.840       2065.510   2               fp_F_ch6   670   1935
  562262.501    4199175.880       2135.123   3               fp_F_ch6   670   1919
  560262.501    4200112.857       1613.563   1               fp_F_ch6   510   1994
  560262.501    4199498.955       2017.899   3               fp_F_ch6   510   1945
  563012.501    4200379.471       1788.459   1               fp_F_ch6   730   2015
  563012.501    4199485.780       2113.465   2               fp_F_ch6   730   1944
  563012.501    4198993.292       2285.501   3               fp_F_ch6   730   1904
  563512.501    4200450.167       1830.525   1               fp_F_ch6   770   2021
  563512.501    4199871.535       2058.607   2               fp_F_ch6   770   1975
  563512.501    4199196.464       2326.356   3               fp_F_ch6   770   1921
  560387.501    4200103.942       1593.057   1               fp_F_ch6   520   1993
  560387.501    4199460.294       2026.189   3               fp_F_ch6   520   1942
  560137.501    4200137.191       1597.265   1               fp_F_ch6   500   1996
  560137.501    4199626.971       1962.817   3               fp_F_ch6   500   1955
  562762.501    4200234.193       1810.404   1               fp_F_ch6   710   2004
  562762.501    4199602.074       2043.489   2               fp_F_ch6   710   1953
  562762.501    4199003.587       2260.245   3               fp_F_ch6   710   1905
  562887.501    4200334.491       1780.597   1               fp_F_ch6   720   2012
  562887.501    4198983.338       2265.479   3               fp_F_ch6   720   1904
  563762.501    4200405.880       1923.080   1               fp_F_ch6   790   2017
  563762.501    4199534.512       2237.891   2               fp_F_ch6   790   1948
  563762.501    4199104.349       2393.096   3               fp_F_ch6   790   1913
  563637.501    4200357.843       1915.006   1               fp_F_ch6   780   2014
  563637.501    4199193.033       2326.807   3               fp_F_ch6   780   1920
  562637.501    4200247.603       1791.349   1               fp_F_ch6   700   2005
  562637.501    4198968.525       2231.869   3               fp_F_ch6   700   1902
  561137.501    4199887.387       1640.432   1               fp_F_ch6   580   1976
  561137.501    4199063.181       2044.406   3               fp_F_ch6   580   1910
  562137.501    4200150.240       1752.567   1               fp_F_ch6   660   1997
  562137.501    4199106.640       2138.839   3               fp_F_ch6   660   1914
  561262.501    4199939.314       1626.435   1               fp_F_ch6   590   1980
  561262.501    4199081.126       2072.151   3               fp_F_ch6   590   1911
  564012.501    4200279.840       1925.321   1               fp_F_ch6   810   2007
  564012.501    4199714.381       2170.995   2               fp_F_ch6   810   1962
  564012.501    4199285.839       2361.638   3               fp_F_ch6   810   1928
  560887.501    4199870.562       1661.121   1               fp_F_ch6   560   1975
  560887.501    4199177.462       1991.902   3               fp_F_ch6   560   1919
  563387.501    4200280.189       1878.486   1               fp_F_ch6   760   2007
  563387.501    4199178.914       2296.583   3               fp_F_ch6   760   1919
  563262.501    4200417.953       1788.529   1               fp_F_ch6   750   2018
  563262.501    4199211.347       2292.041   3               fp_F_ch6   750   1922
  562387.501    4200172.006       1785.506   1               fp_F_ch6   680   1999
  562387.501    4199178.395       2155.431   3               fp_F_ch6   680   1919
  561012.501    4199839.829       1657.250   1               fp_F_ch6   570   1972
  561012.501    4199003.587       2061.913   3               fp_F_ch6   570   1905
  561637.501    4199982.434       1710.827   1               fp_F_ch6   620   1984
  561637.501    4199225.538       2035.897   3               fp_F_ch6   620   1923
  562512.501    4200180.674       1791.098   1               fp_F_ch6   690   1999
  562512.501    4199616.381       1999.624   2               fp_F_ch6   690   1954
  562512.501    4199136.224       2179.638   3               fp_F_ch6   690   1916
  560512.501    4199978.899       1665.976   1               fp_F_ch6   530   1983
  560512.501    4199335.127       2053.513   3               fp_F_ch6   530   1932
  562012.501    4200064.404       1747.918   1               fp_F_ch6   650   1990
  562012.501    4199460.156       1998.055   2               fp_F_ch6   650   1942
  562012.501    4199154.741       2127.281   3               fp_F_ch6   650   1917
  559887.501    4200134.844       1581.220   1               fp_F_ch6   480   1996
  559887.501    4199665.237       1923.643   3               fp_F_ch6   480   1958
  560637.501    4199976.400       1648.438   1               fp_F_ch6   540   1983
  560637.501    4199260.355       2027.837   3               fp_F_ch6   540   1926
  561887.501    4199953.483       1758.085   1               fp_F_ch6   640   1981
  561887.501    4199258.251       2050.086   3               fp_F_ch6   640   1926
  581503.847    4198187.500       2247.347   1            fp_F_che142   2209   1840
  581347.255    4198187.500       2391.882   2            fp_F_che142   2197   1840
  581107.146    4198187.500       2564.093   2            fp_F_che142   2178   1840
  581002.751    4198187.500       2640.974   3            fp_F_che142   2169   1840
  580887.501    4197587.213       2155.305   1            fp_F_che142   2160   1792
  580887.501    4198048.368       2589.920   3            fp_F_che142   2160   1829
  579930.102    4196687.500       2107.452   1            fp_F_che142   2083   1720
  579817.419    4196687.500       2168.598   2            fp_F_che142   2074   1720
  579597.984    4196687.500       2290.890   2            fp_F_che142   2057   1720
  579384.480    4196687.500       2399.206   2            fp_F_che142   2040   1720
  579111.668    4196687.500       2481.316   2            fp_F_che142   2018   1720
  578838.857    4196687.500       2568.667   2            fp_F_che142   1996   1720
  578560.115    4196687.500       2628.066   3            fp_F_che142   1974   1720
  578887.500    4196158.417       2064.542   1            fp_F_che142   2000   1678
  578887.500    4196484.088       2386.884   2            fp_F_che142   2000   1704
  578887.500    4196726.795       2609.120   3            fp_F_che142   2000   1723
  579137.500    4196172.967       2052.324   1            fp_F_che142   2020   1679
  579137.500    4196820.416       2582.939   3            fp_F_che142   2020   1731
  579637.500    4196363.776       2054.391   1            fp_F_che142   2060   1694
  579637.500    4196537.737       2184.609   2            fp_F_che142   2060   1708
  579637.501    4196868.599       2408.038   2            fp_F_che142   2060   1734
  579637.501    4197096.856       2555.011   3            fp_F_che142   2060   1753
  579710.667    4196437.500       2076.006   1            fp_F_che142   2066   1700
  579592.054    4196437.500       2114.440   2            fp_F_che142   2056   1700
  579313.311    4196437.500       2219.262   2            fp_F_che142   2034   1700
  579117.599    4196437.500       2269.926   2            fp_F_che142   2018   1700
  578797.342    4196437.500       2364.265   2            fp_F_che142   1993   1700
  578257.650    4196437.500       2460.352   3            fp_F_che142   1950   1700
  580637.501    4197380.570       2090.724   1            fp_F_che142   2140   1775
  580637.501    4197853.426       2602.138   3            fp_F_che142   2140   1813
  580365.942    4196937.500       2084.361   1            fp_F_che142   2118   1740
  580104.955    4196937.500       2198.144   2            fp_F_che142   2097   1740
  579833.528    4196937.500       2367.280   2            fp_F_che142   2076   1740
  579600.823    4196937.500       2486.319   2            fp_F_che142   2057   1740
  579385.296    4196937.500       2601.541   3            fp_F_che142   2040   1740
  579887.500    4196612.671       2071.567   1            fp_F_che142   2080   1714
  579887.501    4196974.392       2358.843   2            fp_F_che142   2080   1743
  579887.501    4197328.101       2610.450   3            fp_F_che142   2080   1771
  580387.501    4197087.397       2086.533   1            fp_F_che142   2120   1752
  580387.501    4197427.309       2358.267   2            fp_F_che142   2120   1779
  580387.501    4197751.580       2598.648   3            fp_F_che142   2120   1805
  579387.500    4196252.989       2048.833   1            fp_F_che142   2040   1685
  579387.501    4196900.438       2572.466   3            fp_F_che142   2040   1737
  581387.501    4197933.448       2143.087   1            fp_F_che142   2200   1820
  581387.501    4198362.656       2514.866   3            fp_F_che142   2200   1854
  580959.398    4197687.500       2197.768   1            fp_F_che142   2166   1800
  580845.840    4197687.500       2287.325   2            fp_F_che142   2157   1800
  580637.369    4197687.500       2422.634   2            fp_F_che142   2140   1800
  580376.701    4197687.500       2550.396   2            fp_F_che142   2119   1800
  580261.547    4197687.500       2604.071   3            fp_F_che142   2110   1800
  580679.127    4197437.500       2102.812   1            fp_F_che142   2143   1780
  580532.974    4197437.500       2225.821   2            fp_F_che142   2132   1780
  580313.745    4197437.500       2425.709   2            fp_F_che142   2114   1780
  580219.789    4197437.500       2499.514   2            fp_F_che142   2107   1780
  580066.041    4197437.500       2597.849   3            fp_F_che142   2094   1780
  578637.500    4196037.943       2056.489   1            fp_F_che142   1980   1668
  578637.500    4196688.522       2596.902   3            fp_F_che142   1980   1720
  580137.500    4196801.438       2088.642   1            fp_F_che142   2100   1729
  580137.501    4197499.811       2596.902   3            fp_F_che142   2100   1785
  581389.013    4197937.500       2124.339   1            fp_F_che142   2200   1820
  581202.280    4197937.500       2265.308   2            fp_F_che142   2185   1820
  580887.917    4197937.500       2490.289   2            fp_F_che142   2160   1820
  580727.059    4197937.500       2609.384   3            fp_F_che142   2147   1820
  578387.500    4196011.364       2032.325   1            fp_F_che142   1960   1666
  578387.500    4196560.476       2542.099   3            fp_F_che142   1960   1710
  580226.841    4196812.500       2048.624   1            fp_F_che142   2107   1730
  580094.475    4196812.500       2118.501   2            fp_F_che142   2097   1730
  579857.710    4196812.500       2238.725   2            fp_F_che142   2078   1730
  579609.356    4196812.500       2370.305   2            fp_F_che142   2058   1730
  579377.882    4196812.500       2495.379   2            fp_F_che142   2039   1730
  579129.445    4196812.500       2583.110   2            fp_F_che142   2019   1730
  579035.770    4196812.500       2617.253   3            fp_F_che142   2012   1730
  581137.501    4197738.972       2144.279   1            fp_F_che142   2180   1804
  581137.501    4198223.867       2555.305   3            fp_F_che142   2180   1843
  580449.009    4197187.500       2108.963   1            fp_F_che142   2125   1760
  580146.713    4197187.500       2351.904   2            fp_F_che142   2101   1760
  579832.343    4197187.500       2543.112   2            fp_F_che142   2076   1760
  579724.246    4197187.500       2613.297   3            fp_F_che142   2067   1760
  567137.501    4197801.399       2136.938   1           fp_F_che16-2   1060   1809
  567137.501    4198479.833       2667.180   3           fp_F_che16-2   1060   1863
  567637.501    4198149.168       2225.312   1           fp_F_che16-2   1100   1837
  567637.501    4198998.635       2801.987   3           fp_F_che16-2   1100   1905
  566637.501    4197582.598       2052.484   1           fp_F_che16-2   1020   1792
  566637.501    4198098.676       2521.055   3           fp_F_che16-2   1020   1833
  566387.501    4197358.047       1953.941   1           fp_F_che16-2   1000   1774
  566387.501    4197658.906       2144.835   2           fp_F_che16-2   1000   1798
  566387.501    4198090.202       2474.365   3           fp_F_che16-2   1000   1832
  566137.501    4197464.117       2017.434   1           fp_F_che16-2   980   1782
  566137.501    4197971.014       2412.176   3           fp_F_che16-2   980   1823
  566887.501    4197770.131       2122.225   1           fp_F_che16-2   1040   1807
  566887.501    4198145.422       2568.174   3           fp_F_che16-2   1040   1837
  567387.501    4197949.628       2175.882   1           fp_F_che16-2   1080   1821
  567387.501    4198702.176       2719.605   3           fp_F_che16-2   1080   1881
  565887.501    4197396.127       1960.685   1           fp_F_che16-2   960   1777
  565887.501    4197952.091       2359.804   3           fp_F_che16-2   960   1821
  560262.501    4198820.672       1634.447   1         fp_F_che20_bei   510   1891
  560262.501    4199058.088       1766.718   2         fp_F_che20_bei   510   1910
  560262.501    4199422.514       1929.734   3         fp_F_che20_bei   510   1939
  559887.501    4198792.041       1602.340   1         fp_F_che20_bei   480   1888
  559887.501    4199135.491       1862.416   3         fp_F_che20_bei   480   1916
  560512.501    4198963.969       1657.585   1         fp_F_che20_bei   530   1902
  560512.501    4199062.022       1754.885   2         fp_F_che20_bei   530   1910
  560512.501    4199160.125       1846.787   2         fp_F_che20_bei   530   1918
  560512.501    4199275.675       1963.070   3         fp_F_che20_bei   530   1927
  560476.645    4198937.500       1688.265   1         fp_F_che20_bei   527   1900
  560368.692    4198937.500       1693.944   2         fp_F_che20_bei   518   1900
  560195.196    4198937.500       1699.623   2         fp_F_che20_bei   505   1900
  560129.653    4198937.500       1700.758   2         fp_F_che20_bei   499   1900
  559998.567    4198937.500       1707.573   2         fp_F_che20_bei   489   1900
  559886.758    4198937.500       1710.980   2         fp_F_che20_bei   480   1900
  559767.239    4198937.500       1739.373   2         fp_F_che20_bei   470   1900
  559593.742    4198937.500       1772.309   2         fp_F_che20_bei   456   1900
  559528.199    4198937.500       1785.937   3         fp_F_che20_bei   451   1900
  559637.501    4198515.178       1524.667   1         fp_F_che20_bei   460   1866
  559637.501    4198785.851       1687.904   2         fp_F_che20_bei   460   1888
  559637.501    4199040.872       1819.128   3         fp_F_che20_bei   460   1908
  560637.501    4199024.545       1685.310   1         fp_F_che20_bei   540   1907
  560637.501    4199222.949       1933.834   3         fp_F_che20_bei   540   1923
  559813.852    4198687.500       1557.787   1         fp_F_che20_bei   474   1880
  559632.133    4198687.500       1630.086   2         fp_F_che20_bei   460   1880
  559485.810    4198687.500       1684.683   2         fp_F_che20_bei   448   1880
  559363.874    4198687.500       1726.349   3         fp_F_che20_bei   438   1880
  559960.151    4198812.500       1589.891   1         fp_F_che20_bei   486   1890
  559838.241    4198812.500       1635.597   2         fp_F_che20_bei   476   1890
  559693.998    4198812.500       1687.245   2         fp_F_che20_bei   465   1890
  559588.880    4198812.500       1728.640   2         fp_F_che20_bei   456   1890
  559417.099    4198812.500       1792.301   3         fp_F_che20_bei   442   1890
  560137.501    4198819.113       1631.402   1         fp_F_che20_bei   500   1891
  560137.501    4198983.503       1729.167   2         fp_F_che20_bei   500   1904
  560137.501    4199077.066       1781.596   2         fp_F_che20_bei   500   1911
  560137.501    4199356.992       1920.354   3         fp_F_che20_bei   500   1934
  559512.501    4198452.095       1520.916   1         fp_F_che20_bei   450   1861
  559512.501    4198879.656       1802.873   3         fp_F_che20_bei   450   1895
  560012.501    4198827.292       1644.445   1         fp_F_che20_bei   490   1891
  560012.501    4198873.927       1670.131   2         fp_F_che20_bei   490   1895
  560012.501    4199015.254       1755.194   2         fp_F_che20_bei   490   1906
  560012.501    4199258.152       1905.554   3         fp_F_che20_bei   490   1926
  559762.501    4198650.453       1556.937   1         fp_F_che20_bei   470   1877
  559762.501    4198808.243       1657.660   2         fp_F_che20_bei   470   1890
  559762.501    4198858.713       1693.915   2         fp_F_che20_bei   470   1894
  559762.501    4199143.207       1871.646   3         fp_F_che20_bei   470   1916
  560387.501    4198851.619       1645.478   1         fp_F_che20_bei   520   1893
  560387.501    4199075.140       1778.500   2         fp_F_che20_bei   520   1911
  560387.501    4199380.509       1948.490   3         fp_F_che20_bei   520   1935
  560707.732    4199062.500       1719.103   1         fp_F_che20_bei   546   1910
  560610.779    4199062.500       1738.823   2         fp_F_che20_bei   538   1910
  560488.433    4199062.500       1759.223   2         fp_F_che20_bei   528   1910
  560382.246    4199062.500       1768.743   2         fp_F_che20_bei   520   1910
  560236.816    4199062.500       1772.823   2         fp_F_che20_bei   508   1910
  560116.778    4199062.500       1774.863   2         fp_F_che20_bei   498   1910
  560010.591    4199062.500       1784.383   2         fp_F_che20_bei   490   1910
  559883.629    4199062.500       1806.823   2         fp_F_che20_bei   480   1910
  559756.666    4199062.500       1822.463   2         fp_F_che20_bei   470   1910
  559687.414    4199062.500       1829.263   3         fp_F_che20_bei   464   1910
  574137.501    4198390.665       2350.212   1         fp_F_che252_T5   1620   1856
  574137.501    4198816.617       2694.064   3         fp_F_che252_T5   1620   1890
  576512.501    4199198.147       2265.249   1         fp_F_che252_T5   1810   1921
  576512.501    4199594.339       2630.893   3         fp_F_che252_T5   1810   1953
  575512.501    4198742.167       2307.992   1         fp_F_che252_T5   1730   1884
  575512.501    4199180.830       2633.010   3         fp_F_che252_T5   1730   1919
  575137.501    4198676.441       2352.030   1         fp_F_che252_T5   1700   1879
  575137.501    4199350.993       2955.933   3         fp_F_che252_T5   1700   1933
  574887.501    4198655.450       2358.921   1         fp_F_che252_T5   1680   1877
  574887.501    4199292.092       2974.355   3         fp_F_che252_T5   1680   1928
  574512.501    4198433.662       2310.993   1         fp_F_che252_T5   1650   1860
  574512.501    4198692.788       2511.031   2         fp_F_che252_T5   1650   1880
  574512.501    4199314.691       3030.482   3         fp_F_che252_T5   1650   1930
  576137.501    4199047.642       2326.242   1         fp_F_che252_T5   1780   1909
  576137.501    4199491.255       2658.712   3         fp_F_che252_T5   1780   1944
  576637.501    4199297.457       2306.506   1         fp_F_che252_T5   1820   1929
  576637.501    4199634.062       2618.048   3         fp_F_che252_T5   1820   1956
  574387.501    4198460.589       2339.739   1         fp_F_che252_T5   1640   1862
  574387.501    4199233.849       2978.031   3         fp_F_che252_T5   1640   1924
  573887.501    4198371.664       2379.885   1         fp_F_che252_T5   1600   1855
  573887.501    4198757.224       2697.592   3         fp_F_che252_T5   1600   1886
  575887.501    4198979.917       2348.140   1         fp_F_che252_T5   1760   1903
  575887.501    4199387.301       2641.574   3         fp_F_che252_T5   1760   1936
  577387.501    4200018.186       2421.601   1         fp_F_che252_T5   1880   1986
  577387.501    4200285.396       2638.067   3         fp_F_che252_T5   1880   2008
  574637.501    4198597.131       2371.495   1         fp_F_che252_T5   1660   1873
  574637.501    4199051.968       2785.108   2         fp_F_che252_T5   1660   1909
  574637.501    4199306.218       3005.417   3         fp_F_che252_T5   1660   1929
  577137.501    4199869.046       2392.655   1         fp_F_che252_T5   1860   1975
  577137.501    4200142.470       2631.774   3         fp_F_che252_T5   1860   1996
  574012.501    4198281.683       2284.716   1         fp_F_che252_T5   1610   1848
  574012.501    4198737.377       2659.202   3         fp_F_che252_T5   1610   1884
  576387.501    4199201.363       2337.618   1         fp_F_che252_T5   1800   1921
  576387.501    4199595.011       2662.520   3         fp_F_che252_T5   1800   1953
  576887.501    4199622.038       2345.992   1         fp_F_che252_T5   1840   1955
  576887.501    4199977.047       2622.875   3         fp_F_che252_T5   1840   1983
  575262.501    4198684.307       2318.712   1         fp_F_che252_T5   1710   1880
  575262.501    4199465.893       3006.849   3         fp_F_che252_T5   1710   1942
  575637.501    4198905.542       2366.144   1         fp_F_che252_T5   1740   1897
  575637.501    4199208.452       2660.149   3         fp_F_che252_T5   1740   1922
  576012.501    4198989.593       2324.500   1         fp_F_che252_T5   1770   1904
  576012.501    4199418.123       2641.953   3         fp_F_che252_T5   1770   1938
  576262.501    4199052.324       2306.529   1         fp_F_che252_T5   1790   1909
  576262.501    4199473.734       2616.374   3         fp_F_che252_T5   1790   1943
  575762.501    4198888.376       2339.468   1         fp_F_che252_T5   1750   1896
  575762.501    4199264.726       2619.738   3         fp_F_che252_T5   1750   1926
  575012.501    4198639.791       2336.599   1         fp_F_che252_T5   1690   1876
  575012.501    4199370.488       2999.590   3         fp_F_che252_T5   1690   1935
  574262.501    4198371.537       2309.549   1         fp_F_che252_T5   1630   1855
  574262.501    4199086.660       2888.520   3         fp_F_che252_T5   1630   1912
  575387.501    4198815.856       2372.377   1         fp_F_che252_T5   1720   1890
  575387.501    4199464.500       2983.482   3         fp_F_che252_T5   1720   1942
  574762.501    4198617.825       2340.932   1         fp_F_che252_T5   1670   1874
  574762.501    4199292.979       2983.127   3         fp_F_che252_T5   1670   1928
  560289.656    4202562.500       1721.089   1          fp_F_che31_xi   512   2190
  559601.029    4202562.500       2012.423   2          fp_F_che31_xi   457   2190
  558885.065    4202562.500       2255.362   3          fp_F_che31_xi   400   2190
  560370.738    4202687.500       1748.510   1          fp_F_che31_xi   519   2200
  559787.674    4202687.500       1992.639   2          fp_F_che31_xi   472   2200
  559259.265    4202687.500       2169.842   2          fp_F_che31_xi   430   2200
  558855.696    4202687.500       2301.588   3          fp_F_che31_xi   397   2200
  560281.586    4202437.500       1693.692   1          fp_F_che31_xi   512   2180
  559625.361    4202437.500       1950.816   2          fp_F_che31_xi   459   2180
  558739.233    4202437.500       2272.997   3          fp_F_che31_xi   388   2180
  560735.782    4202937.500       1642.157   1          fp_F_che31_xi   548   2220
  560235.659    4202937.500       1933.003   2          fp_F_che31_xi   508   2220
  559850.113    4202937.500       2095.976   2          fp_F_che31_xi   477   2220
  559024.487    4202937.500       2328.241   3          fp_F_che31_xi   411   2220
  560792.759    4203437.500       1832.140   1          fp_F_che31_xi   552   2260
  559929.012    4203437.500       2310.172   3          fp_F_che31_xi   483   2260
  559931.374    4202062.500       1686.747   1          fp_F_che31_xi   484   2150
  559141.386    4202062.500       1993.008   2          fp_F_che31_xi   420   2150
  558643.459    4202062.500       2153.150   3          fp_F_che31_xi   380   2150
  559696.762    4201687.500       1625.155   1          fp_F_che31_xi   465   2120
  558744.124    4201687.500       2032.394   3          fp_F_che31_xi   389   2120
  560262.501    4202404.287       1674.658   1          fp_F_che31_xi   510   2177
  560262.502    4202597.772       1752.427   2          fp_F_che31_xi   510   2193
  560262.502    4202870.634       1883.770   2          fp_F_che31_xi   510   2215
  560262.502    4203123.652       1989.190   2          fp_F_che31_xi   510   2235
  560262.502    4203475.893       2146.456   2          fp_F_che31_xi   510   2263
  560262.502    4203983.175       2372.313   3          fp_F_che31_xi   510   2304
  560738.706    4203312.500       1800.705   1          fp_F_che31_xi   548   2250
  560578.364    4203312.500       1905.396   2          fp_F_che31_xi   535   2250
  560363.000    4203312.500       2034.736   2          fp_F_che31_xi   518   2250
  560205.996    4203312.500       2122.102   2          fp_F_che31_xi   505   2250
  559866.459    4203312.500       2274.303   3          fp_F_che31_xi   478   2250
  560012.738    4202187.500       1693.567   1          fp_F_che31_xi   490   2160
  559438.955    4202187.500       1928.907   2          fp_F_che31_xi   444   2160
  559186.835    4202187.500       2022.124   2          fp_F_che31_xi   424   2160
  558814.605    4202187.500       2149.476   3          fp_F_che31_xi   394   2160
  560387.502    4202587.849       1688.484   1          fp_F_che31_xi   520   2192
  560387.502    4202860.712       1819.827   2          fp_F_che31_xi   520   2214
  560387.502    4203148.458       1942.529   2          fp_F_che31_xi   520   2237
  560387.502    4203465.970       2073.872   2          fp_F_che31_xi   520   2262
  560387.502    4203728.911       2193.118   3          fp_F_che31_xi   520   2283
  560637.502    4202726.761       1588.248   1          fp_F_che31_xi   540   2203
  560637.502    4202969.857       1712.679   2          fp_F_che31_xi   540   2223
  560637.502    4203217.914       1828.468   2          fp_F_che31_xi   540   2242
  560637.502    4203456.048       1926.975   2          fp_F_che31_xi   540   2261
  560637.502    4203704.105       2056.590   3          fp_F_che31_xi   540   2281
  560087.832    4202312.500       1726.228   1          fp_F_che31_xi   496   2170
  559475.480    4202312.500       1963.177   2          fp_F_che31_xi   447   2170
  558725.831    4202312.500       2223.084   3          fp_F_che31_xi   387   2170
  559762.501    4201684.923       1626.269   1          fp_F_che31_xi   470   2120
  559762.501    4201848.640       1691.940   2          fp_F_che31_xi   470   2133
  559762.501    4202052.047       1750.699   2          fp_F_che31_xi   470   2149
  559762.501    4202220.725       1807.730   2          fp_F_che31_xi   470   2163
  559762.501    4202483.666       1914.878   2          fp_F_che31_xi   470   2184
  559762.502    4202736.684       2023.754   2          fp_F_che31_xi   470   2204
  559762.502    4202860.712       2075.600   2          fp_F_che31_xi   470   2214
  559762.502    4203059.157       2160.282   2          fp_F_che31_xi   470   2230
  559762.502    4203247.680       2265.702   3          fp_F_che31_xi   470   2245
  559817.178    4201812.500       1649.431   1          fp_F_che31_xi   474   2130
  559355.416    4201812.500       1832.412   2          fp_F_che31_xi   437   2130
  559136.442    4201812.500       1907.453   2          fp_F_che31_xi   420   2130
  558593.484    4201812.500       2091.437   3          fp_F_che31_xi   376   2130
  560137.501    4202369.559       1707.494   1          fp_F_che31_xi   500   2175
  560137.502    4202657.305       1828.468   2          fp_F_che31_xi   500   2198
  560137.502    4202880.556       1949.442   2          fp_F_che31_xi   500   2215
  560137.502    4203133.574       2065.231   2          fp_F_che31_xi   500   2236
  560137.502    4203426.281       2189.661   2          fp_F_che31_xi   500   2259
  560137.502    4203694.845       2341.221   3          fp_F_che31_xi   500   2281
  559650.937    4201562.500       1599.324   1          fp_F_che31_xi   461   2110
  559511.121    4201562.500       1653.837   2          fp_F_che31_xi   450   2110
  559301.397    4201562.500       1741.058   2          fp_F_che31_xi   433   2110
  559095.169    4201562.500       1819.053   2          fp_F_che31_xi   417   2110
  558840.005    4201562.500       1918.015   3          fp_F_che31_xi   396   2110
  560677.269    4202812.500       1594.995   1          fp_F_che31_xi   543   2210
  560431.817    4202812.500       1775.025   2          fp_F_che31_xi   524   2210
  560232.273    4202812.500       1885.849   2          fp_F_che31_xi   508   2210
  559952.252    4202812.500       1991.412   2          fp_F_che31_xi   485   2210
  559139.574    4202812.500       2263.456   3          fp_F_che31_xi   420   2210
  559939.304    4201937.500       1650.542   1          fp_F_che31_xi   484   2140
  559324.524    4201937.500       1886.805   2          fp_F_che31_xi   435   2140
  559148.876    4201937.500       1945.453   2          fp_F_che31_xi   421   2140
  558578.157    4201937.500       2125.075   3          fp_F_che31_xi   375   2140
  559887.501    4201823.835       1617.628   1          fp_F_che31_xi   480   2131
  559887.501    4202047.086       1695.397   2          fp_F_che31_xi   480   2149
  559887.501    4202255.453       1769.709   2          fp_F_che31_xi   480   2165
  559887.501    4202429.093       1840.565   2          fp_F_che31_xi   480   2179
  559887.502    4202627.539       1913.150   2          fp_F_che31_xi   480   2195
  559887.502    4202816.062       2013.385   2          fp_F_che31_xi   480   2210
  559887.502    4202974.818       2099.795   2          fp_F_che31_xi   480   2223
  559887.502    4203178.225       2177.564   2          fp_F_che31_xi   480   2239
  559887.502    4203421.320       2307.179   3          fp_F_che31_xi   480   2259
  560012.501    4202106.619       1666.017   1          fp_F_che31_xi   490   2154
  560012.501    4202339.793       1757.612   2          fp_F_che31_xi   490   2172
  560012.502    4202577.927       1845.750   2          fp_F_che31_xi   490   2191
  560012.502    4202870.634       1978.821   2          fp_F_che31_xi   490   2215
  560012.502    4203059.157       2077.328   2          fp_F_che31_xi   490   2230
  560012.502    4203207.991       2143.000   2          fp_F_che31_xi   490   2242
  560012.502    4203470.932       2277.799   2          fp_F_che31_xi   490   2263
  560012.502    4203560.232       2319.276   3          fp_F_che31_xi   490   2270
  559262.501    4201292.256       1613.586   1          fp_F_che31_xi   430   2088
  559262.501    4201655.935       1796.578   2          fp_F_che31_xi   430   2117
  559262.501    4201826.479       1867.463   2          fp_F_che31_xi   430   2131
  559262.501    4202011.532       1931.710   2          fp_F_che31_xi   430   2146
  559262.501    4202221.658       2006.314   2          fp_F_che31_xi   430   2163
  559262.501    4202516.642       2110.479   2          fp_F_che31_xi   430   2186
  559262.502    4203082.364       2317.400   3          fp_F_che31_xi   430   2232
  560512.502    4202701.956       1667.746   1          fp_F_che31_xi   530   2201
  560512.502    4202994.663       1793.904   2          fp_F_che31_xi   530   2225
  560512.502    4203307.214       1944.257   2          fp_F_che31_xi   530   2250
  560512.502    4203609.843       2068.687   3          fp_F_che31_xi   530   2274
  560859.123    4203187.500       1701.883   1          fp_F_che31_xi   558   2240
  560384.715    4203187.500       1957.230   2          fp_F_che31_xi   520   2240
  560138.927    4203187.500       2082.935   2          fp_F_che31_xi   500   2240
  559592.573    4203187.500       2299.222   3          fp_F_che31_xi   456   2240
  559137.501    4201255.926       1616.870   1          fp_F_che31_xi   420   2085
  559137.501    4201522.624       1782.644   2          fp_F_che31_xi   420   2107
  559137.501    4201687.550       1859.499   2          fp_F_che31_xi   420   2120
  559137.501    4201819.994       1911.894   2          fp_F_che31_xi   420   2131
  559137.501    4202321.311       2086.737   2          fp_F_che31_xi   420   2171
  559137.502    4202678.367       2209.207   3          fp_F_che31_xi   420   2199
  559512.501    4201486.218       1615.525   1          fp_F_che31_xi   450   2104
  559512.501    4201607.445       1671.831   2          fp_F_che31_xi   450   2114
  559512.501    4201706.307       1717.849   2          fp_F_che31_xi   450   2122
  559512.501    4201817.570       1767.549   2          fp_F_che31_xi   450   2130
  559512.501    4201975.164       1825.262   2          fp_F_che31_xi   450   2143
  559512.501    4202064.064       1853.415   2          fp_F_che31_xi   450   2150
  559512.501    4202318.639       1953.356   2          fp_F_che31_xi   450   2170
  559512.501    4202480.274       2013.884   2          fp_F_che31_xi   450   2183
  559512.502    4202702.522       2096.934   2          fp_F_che31_xi   450   2201
  559512.502    4203134.896       2265.850   3          fp_F_che31_xi   450   2236
  559387.501    4201336.706       1598.102   1          fp_F_che31_xi   440   2092
  559387.501    4201618.533       1727.676   2          fp_F_che31_xi   440   2114
  559387.501    4201845.236       1823.611   2          fp_F_che31_xi   440   2133
  559387.501    4202104.472       1909.188   2          fp_F_che31_xi   440   2153
  559387.501    4202306.516       1990.830   2          fp_F_che31_xi   440   2170
  559387.501    4202512.601       2064.027   2          fp_F_che31_xi   440   2186
  559387.502    4202698.481       2141.446   2          fp_F_che31_xi   440   2201
  559387.502    4202856.075       2203.382   2          fp_F_che31_xi   440   2213
  559387.502    4203102.569       2285.025   3          fp_F_che31_xi   440   2233
  560909.363    4203062.500       1610.789   1          fp_F_che31_xi   562   2230
  560226.762    4203062.500       1983.677   2          fp_F_che31_xi   507   2230
  559889.001    4203062.500       2115.462   2          fp_F_che31_xi   480   2230
  559554.644    4203062.500       2226.539   2          fp_F_che31_xi   453   2230
  559139.461    4203062.500       2347.454   3          fp_F_che31_xi   420   2230
  559637.501    4201583.199       1618.341   1          fp_F_che31_xi   460   2112
  559637.501    4201680.180       1649.309   2          fp_F_che31_xi   460   2119
  559637.501    4201833.734       1726.728   2          fp_F_che31_xi   460   2132
  559637.501    4201946.878       1767.549   2          fp_F_che31_xi   460   2141
  559637.501    4202080.227       1805.555   2          fp_F_che31_xi   460   2151
  559637.501    4202217.617       1860.453   2          fp_F_che31_xi   460   2162
  559637.501    4202476.233       1964.617   2          fp_F_che31_xi   460   2183
  559637.502    4202686.359       2040.629   2          fp_F_che31_xi   460   2200
  559637.502    4202868.198       2123.679   2          fp_F_che31_xi   460   2214
  559637.502    4203058.119       2196.876   2          fp_F_che31_xi   460   2230
  559637.502    4203155.100       2229.251   3          fp_F_che31_xi   460   2237
  560821.537    4200812.500       1673.593   1         fp_F_che32_bei   555   2050
  560560.876    4200812.500       1833.935   2         fp_F_che32_bei   534   2050
  560251.605    4200812.500       2033.931   2         fp_F_che32_bei   509   2050
  560131.842    4200812.500       2110.366   3         fp_F_che32_bei   500   2050
  560762.501    4200763.122       1676.892   1         fp_F_che32_bei   550   2046
  560762.501    4201123.580       1947.394   2         fp_F_che32_bei   550   2075
  560762.501    4201308.915       2055.349   2         fp_F_che32_bei   550   2090
  560762.501    4201474.078       2159.337   3         fp_F_che32_bei   550   2103
  561371.757    4201312.500       1746.978   1         fp_F_che32_bei   599   2090
  561185.842    4201312.500       1843.627   2         fp_F_che32_bei   584   2090
  560881.149    4201312.500       1998.512   2         fp_F_che32_bei   559   2090
  560772.699    4201312.500       2053.876   2         fp_F_che32_bei   551   2090
  560540.306    4201312.500       2194.287   3         fp_F_che32_bei   532   2090
  561137.501    4201151.025       1771.050   1         fp_F_che32_bei   580   2077
  561137.501    4201436.717       1939.736   2         fp_F_che32_bei   580   2100
  561137.501    4201570.070       2030.656   2         fp_F_che32_bei   580   2111
  561137.501    4201819.817       2183.195   2         fp_F_che32_bei   580   2131
  561137.501    4201997.071       2311.789   3         fp_F_che32_bei   580   2145
  560387.501    4200358.230       1645.044   1         fp_F_che32_bei   520   2014
  560387.501    4200809.904       1946.436   2         fp_F_che32_bei   520   2050
  560387.501    4201085.870       2134.668   3         fp_F_che32_bei   520   2072
  560512.501    4200523.034       1677.018   1         fp_F_che32_bei   530   2027
  560512.501    4200812.825       1865.949   2         fp_F_che32_bei   530   2050
  560512.501    4200962.417       1978.238   2         fp_F_che32_bei   530   2062
  560512.501    4201011.350       2019.706   2         fp_F_che32_bei   530   2066
  560512.501    4201201.099       2159.317   3         fp_F_che32_bei   530   2081
  561387.501    4201341.330       1760.951   1         fp_F_che32_bei   600   2092
  561387.501    4201679.667       1960.784   2         fp_F_che32_bei   600   2119
  561387.501    4202157.948       2273.394   3         fp_F_che32_bei   600   2158
  561583.493    4201562.500       1789.107   1         fp_F_che32_bei   616   2110
  561351.100    4201562.500       1914.254   2         fp_F_che32_bei   597   2110
  561206.499    4201562.500       1994.795   2         fp_F_che32_bei   586   2110
  560963.778    4201562.500       2123.659   2         fp_F_che32_bei   566   2110
  560705.563    4201562.500       2266.154   3         fp_F_che32_bei   545   2110
  561037.110    4200937.500       1676.636   1         fp_F_che32_bei   572   2060
  560853.239    4200937.500       1761.827   2         fp_F_che32_bei   557   2060
  560587.788    4200937.500       1903.508   2         fp_F_che32_bei   536   2060
  560307.965    4200937.500       2096.506   3         fp_F_che32_bei   514   2060
  561512.501    4201510.064       1768.880   1         fp_F_che32_bei   610   2106
  561512.501    4201581.569       1834.548   2         fp_F_che32_bei   610   2112
  561512.501    4201714.829       1925.125   2         fp_F_che32_bei   610   2122
  561512.501    4201815.587       2007.777   2         fp_F_che32_bei   610   2130
  561512.501    4201893.593       2058.726   3         fp_F_che32_bei   610   2136
  561170.259    4201062.500       1708.583   1         fp_F_che32_bei   583   2070
  560980.047    4201062.500       1796.816   2         fp_F_che32_bei   567   2070
  560675.708    4201062.500       1950.464   2         fp_F_che32_bei   543   2070
  560447.454    4201062.500       2082.815   2         fp_F_che32_bei   525   2070
  560288.944    4201062.500       2181.697   3         fp_F_che32_bei   512   2070
  561012.501    4200921.603       1681.645   1         fp_F_che32_bei   570   2059
  561012.501    4201062.633       1781.884   2         fp_F_che32_bei   570   2070
  561012.501    4201201.070       1861.306   2         fp_F_che32_bei   570   2081
  561012.501    4201409.057       1992.403   2         fp_F_che32_bei   570   2098
  561012.501    4201593.862       2097.308   2         fp_F_che32_bei   570   2113
  561012.501    4201838.452       2241.850   3         fp_F_che32_bei   570   2132
  561740.753    4201687.500       1793.116   1         fp_F_che32_bei   628   2120
  560559.494    4201687.500       2381.153   3         fp_F_che32_bei   534   2120
  560887.501    4200896.274       1713.466   1         fp_F_che32_bei   560   2057
  560887.501    4201109.980       1876.446   2         fp_F_che32_bei   560   2074
  560887.501    4201483.917       2113.132   2         fp_F_che32_bei   560   2104
  560887.501    4201607.154       2199.417   3         fp_F_che32_bei   560   2114
  561262.501    4201240.629       1758.126   1         fp_F_che32_bei   590   2084
  561262.501    4201498.249       1915.277   2         fp_F_che32_bei   590   2105
  561262.501    4202075.245       2281.868   3         fp_F_che32_bei   590   2151
  561196.171    4201187.500       1758.067   1         fp_F_che32_bei   585   2080
  560844.999    4201187.500       1943.929   2         fp_F_che32_bei   557   2080
  560752.042    4201187.500       1992.254   2         fp_F_che32_bei   549   2080
  560643.591    4201187.500       2067.506   2         fp_F_che32_bei   540   2080
  560406.034    4201187.500       2215.289   3         fp_F_che32_bei   521   2080
  561930.053    4201812.500       1815.822   1         fp_F_che32_bei   643   2130
  560803.023    4201812.500       2320.484   3         fp_F_che32_bei   553   2130
  560637.501    4200695.455       1694.399   1         fp_F_che32_bei   540   2041
  560637.501    4200814.511       1785.863   2         fp_F_che32_bei   540   2050
  560637.501    4200935.377       1879.278   2         fp_F_che32_bei   540   2060
  560637.501    4200990.558       1926.801   2         fp_F_che32_bei   540   2064
  560637.501    4201148.924       2039.674   2         fp_F_che32_bei   540   2077
  560637.501    4201283.508       2123.608   2         fp_F_che32_bei   540   2088
  560637.501    4201511.446       2236.944   3         fp_F_che32_bei   540   2106
  560680.260    4200687.500       1676.816   1         fp_F_che32_bei   543   2040
  560510.564    4200687.500       1789.433   2         fp_F_che32_bei   530   2040
  560380.584    4200687.500       1869.998   2         fp_F_che32_bei   519   2040
  560160.339    4200687.500       1998.210   3         fp_F_che32_bei   502   2040
  561500.864    4201437.500       1769.282   1         fp_F_che32_bei   609   2100
  561258.142    4201437.500       1877.082   2         fp_F_che32_bei   590   2100
  560937.956    4201437.500       2041.880   2         fp_F_che32_bei   564   2100
  560617.770    4201437.500       2211.634   3         fp_F_che32_bei   538   2100
  559660.428    4200312.500       1550.101   1          fp_F_che32_xi   462   2010
  559185.395    4200312.500       1767.932   2          fp_F_che32_xi   424   2010
  559037.517    4200312.500       1838.558   3          fp_F_che32_xi   412   2010
  560061.586    4200937.500       1572.946   1          fp_F_che32_xi   494   2060
  559725.304    4200937.500       1722.418   2          fp_F_che32_xi   467   2060
  559631.229    4200937.500       1762.402   2          fp_F_che32_xi   459   2060
  559210.373    4200937.500       1987.341   3          fp_F_che32_xi   426   2060
  559836.632    4200687.500       1569.006   1          fp_F_che32_xi   476   2040
  559089.607    4200687.500       1993.336   3          fp_F_che32_xi   416   2040
  559732.835    4200562.500       1586.835   1          fp_F_che32_xi   468   2030
  559055.596    4200562.500       1954.065   3          fp_F_che32_xi   413   2030
  559843.419    4200812.500       1605.579   1          fp_F_che32_xi   476   2050
  559144.889    4200812.500       1992.392   3          fp_F_che32_xi   421   2050
  559012.501    4199966.987       1542.156   1          fp_F_che32_xi   410   1982
  559012.501    4200119.362       1657.535   2          fp_F_che32_xi   410   1995
  559012.501    4200271.196       1767.565   2          fp_F_che32_xi   410   2007
  559012.501    4200446.018       1883.711   2          fp_F_che32_xi   410   2021
  559012.501    4200675.964       2017.160   3          fp_F_che32_xi   410   2039
  560171.315    4201562.500       1688.496   1          fp_F_che32_xi   503   2110
  559364.812    4201562.500       2057.785   3          fp_F_che32_xi   438   2110
  559778.461    4200437.500       1535.704   1          fp_F_che32_xi   471   2020
  559407.984    4200437.500       1725.115   2          fp_F_che32_xi   442   2020
  559223.754    4200437.500       1807.628   2          fp_F_che32_xi   427   2020
  559125.062    4200437.500       1843.548   2          fp_F_che32_xi   419   2020
  558989.292    4200437.500       1887.559   3          fp_F_che32_xi   408   2020
  560434.632    4201937.500       1714.203   1          fp_F_che32_xi   524   2140
  559277.368    4201937.500       2160.452   3          fp_F_che32_xi   431   2140
  560125.931    4201437.500       1688.326   1          fp_F_che32_xi   499   2100
  559484.022    4201437.500       1988.563   2          fp_F_che32_xi   448   2100
  559342.778    4201437.500       2052.260   3          fp_F_che32_xi   436   2100
  559428.564    4200187.500       1571.451   1          fp_F_che32_xi   443   2000
  558698.401    4200187.500       1833.931   3          fp_F_che32_xi   385   2000
  560171.195    4201187.500       1606.734   1          fp_F_che32_xi   503   2080
  559846.258    4201187.500       1763.692   2          fp_F_che32_xi   477   2080
  559249.814    4201187.500       1998.480   3          fp_F_che32_xi   429   2080
  560015.645    4201062.500       1639.568   1          fp_F_che32_xi   490   2070
  559187.583    4201062.500       2004.795   3          fp_F_che32_xi   424   2070
  560036.876    4201312.500       1699.428   1          fp_F_che32_xi   492   2090
  559272.380    4201312.500       2024.206   3          fp_F_che32_xi   431   2090
  559137.501    4200045.917       1552.273   1          fp_F_che32_xi   420   1989
  559137.501    4200208.204       1689.257   2          fp_F_che32_xi   420   2002
  559137.501    4200309.145       1767.354   2          fp_F_che32_xi   420   2010
  559137.501    4200482.988       1873.162   2          fp_F_che32_xi   420   2024
  559137.501    4200752.163       2002.903   3          fp_F_che32_xi   420   2045
  559387.501    4200176.965       1573.210   1          fp_F_che32_xi   440   1999
  559387.501    4200255.009       1630.309   2          fp_F_che32_xi   440   2005
  559387.501    4200356.415       1702.211   2          fp_F_che32_xi   440   2014
  559387.501    4200552.689       1780.458   2          fp_F_che32_xi   440   2029
  559387.501    4200760.179       1843.901   2          fp_F_che32_xi   440   2046
  559387.501    4201029.354       1910.164   2          fp_F_che32_xi   440   2067
  559387.501    4201337.858       1996.698   2          fp_F_che32_xi   440   2092
  559387.501    4201931.326       2120.808   3          fp_F_che32_xi   440   2140
  559262.501    4200083.066       1566.147   1          fp_F_che32_xi   430   1992
  559262.501    4200224.660       1676.981   2          fp_F_che32_xi   430   2003
  559262.501    4200411.209       1784.011   2          fp_F_che32_xi   430   2018
  559262.501    4200563.239       1845.361   2          fp_F_che32_xi   430   2030
  559262.501    4200795.325       1925.635   2          fp_F_che32_xi   430   2049
  559262.501    4201134.291       1991.172   2          fp_F_che32_xi   430   2076
  559262.501    4201348.827       2022.013   3          fp_F_che32_xi   430   2093
  560159.093    4201687.500       1727.426   1          fp_F_che32_xi   502   2120
  559348.621    4201687.500       2088.527   3          fp_F_che32_xi   437   2120
  560307.207    4201812.500       1709.547   1          fp_F_che32_xi   514   2130
  559432.979    4201812.500       2080.376   3          fp_F_che32_xi   444   2130
  559512.501    4200125.256       1544.950   1          fp_F_che32_xi   450   1995
  559512.501    4200413.051       1657.515   2          fp_F_che32_xi   450   2018
  559512.501    4200731.141       1761.285   2          fp_F_che32_xi   450   2043
  559512.501    4201044.181       1861.538   2          fp_F_che32_xi   450   2069
  559512.501    4201357.222       1942.443   2          fp_F_che32_xi   450   2094
  559512.501    4201680.360       2011.037   2          fp_F_che32_xi   450   2119
  559512.501    4202003.499       2081.390   3          fp_F_che32_xi   450   2145
  559637.501    4200291.874       1548.468   1          fp_F_che32_xi   460   2008
  559637.501    4200594.817       1643.444   2          fp_F_che32_xi   460   2033
  559637.501    4200938.151       1763.044   2          fp_F_che32_xi   460   2060
  559637.501    4201190.603       1836.914   2          fp_F_che32_xi   460   2080
  559637.501    4201448.104       1914.302   2          fp_F_che32_xi   460   2101
  559637.501    4201700.557       1975.475   2          fp_F_che32_xi   460   2121
  559637.501    4201846.979       2011.037   2          fp_F_che32_xi   460   2133
  559637.501    4202280.273       2109.917   3          fp_F_che32_xi   460   2167
  559762.501    4200423.149       1534.397   1          fp_F_che32_xi   470   2019
  559762.501    4200819.127       1657.149   2          fp_F_che32_xi   470   2051
  559762.501    4200951.587       1711.027   2          fp_F_che32_xi   470   2061
  559762.501    4201188.450       1791.775   2          fp_F_che32_xi   470   2080
  559762.501    4201427.908       1854.502   2          fp_F_che32_xi   470   2099
  559762.501    4201637.566       1893.196   2          fp_F_che32_xi   470   2116
  559762.501    4201873.856       1957.973   2          fp_F_che32_xi   470   2135
  559762.501    4202003.499       2005.761   2          fp_F_che32_xi   470   2145
  559762.501    4202281.196       2116.566   3          fp_F_che32_xi   470   2167
  559887.501    4200903.520       1651.244   1          fp_F_che32_xi   480   2057
  559887.501    4201094.894       1702.433   2          fp_F_che32_xi   480   2073
  559887.501    4201303.665       1763.146   2          fp_F_che32_xi   480   2089
  559887.501    4201549.407       1821.477   2          fp_F_che32_xi   480   2109
  559887.501    4201710.024       1856.803   2          fp_F_che32_xi   480   2122
  559887.501    4201948.130       1926.265   2          fp_F_che32_xi   480   2141
  559887.501    4202198.711       2048.851   2          fp_F_che32_xi   480   2161
  559887.501    4202407.171       2137.208   3          fp_F_che32_xi   480   2178
  560137.501    4201495.511       1665.682   1          fp_F_che32_xi   500   2105
  560137.501    4201690.766       1741.796   2          fp_F_che32_xi   500   2120
  560137.501    4201890.670       1814.671   2          fp_F_che32_xi   500   2136
  560137.501    4202202.149       1945.846   3          fp_F_che32_xi   500   2161
  560012.501    4200909.746       1587.949   1          fp_F_che32_xi   490   2058
  560012.501    4201100.352       1654.346   2          fp_F_che32_xi   490   2073
  560012.501    4201184.384       1680.954   2          fp_F_che32_xi   490   2080
  560012.501    4201340.107       1713.878   2          fp_F_che32_xi   490   2092
  560012.501    4201528.054       1754.752   2          fp_F_che32_xi   490   2107
  560012.501    4201690.766       1791.999   2          fp_F_che32_xi   490   2120
  560012.501    4201862.777       1850.299   2          fp_F_che32_xi   490   2134
  560012.501    4202048.734       1913.457   3          fp_F_che32_xi   490   2149
  558137.501    4200212.642       1431.954   1       fp_F_che32_xi_01   340   2002
  558137.501    4200062.344       1537.673   2       fp_F_che32_xi_01   340   1990
  558137.501    4199926.498       1621.241   2       fp_F_che32_xi_01   340   1979
  558137.501    4199776.200       1705.815   3       fp_F_che32_xi_01   340   1967
  558050.336    4200062.500       1461.273   1       fp_F_che32_xi_01   333   1990
  558216.136    4200062.500       1616.269   2       fp_F_che32_xi_01   346   1990
  558294.876    4200062.500       1673.072   2       fp_F_che32_xi_01   353   1990
  558465.040    4200062.500       1791.196   3       fp_F_che32_xi_01   366   1990
  557801.657    4199437.500       1390.900   1       fp_F_che32_xi_01   313   1940
  557952.318    4199437.500       1698.718   3       fp_F_che32_xi_01   325   1940
  557844.390    4199562.500       1394.576   1       fp_F_che32_xi_01   317   1950
  557916.138    4199562.500       1533.983   2       fp_F_che32_xi_01   322   1950
  558001.723    4199562.500       1697.906   3       fp_F_che32_xi_01   329   1950
  557922.918    4199812.500       1417.396   1       fp_F_che32_xi_01   323   1970
  557969.956    4199812.500       1496.794   2       fp_F_che32_xi_01   327   1970
  558166.528    4199812.500       1712.031   3       fp_F_che32_xi_01   342   1970
  558387.501    4200458.321       1475.248   1       fp_F_che32_xi_01   360   2022
  558387.501    4200412.076       1505.454   2       fp_F_che32_xi_01   360   2018
  558387.501    4200290.681       1581.974   2       fp_F_che32_xi_01   360   2008
  558387.501    4200166.396       1660.507   2       fp_F_che32_xi_01   360   1998
  558387.501    4199978.524       1796.431   3       fp_F_che32_xi_01   360   1983
  558116.318    4200187.500       1427.334   1       fp_F_che32_xi_01   338   2000
  558257.643    4200187.500       1550.594   2       fp_F_che32_xi_01   350   2000
  558375.793    4200187.500       1648.847   2       fp_F_che32_xi_01   359   2000
  558546.839    4200187.500       1777.419   3       fp_F_che32_xi_01   373   2000
  558262.501    4200325.365       1442.022   1       fp_F_che32_xi_01   350   2011
  558262.501    4200198.190       1548.748   2       fp_F_che32_xi_01   350   2001
  558262.501    4200047.892       1662.521   2       fp_F_che32_xi_01   350   1989
  558262.501    4199940.949       1734.007   2       fp_F_che32_xi_01   350   1980
  558262.501    4199891.813       1764.212   3       fp_F_che32_xi_01   350   1976
  558012.501    4199875.847       1492.738   1       fp_F_che32_xi_01   330   1975
  558012.501    4199796.045       1555.849   2       fp_F_che32_xi_01   330   1969
  558012.501    4199688.204       1631.732   2       fp_F_che32_xi_01   330   1960
  558012.501    4199552.324       1700.854   3       fp_F_che32_xi_01   330   1949
  558024.823    4199937.500       1474.579   1       fp_F_che32_xi_01   331   1980
  558127.212    4199937.500       1602.948   2       fp_F_che32_xi_01   339   1980
  558183.650    4199937.500       1655.178   2       fp_F_che32_xi_01   344   1980
  558309.946    4199937.500       1772.753   3       fp_F_che32_xi_01   354   1980
  558317.212    4200437.500       1414.531   1       fp_F_che32_xi_01   354   2020
  558752.707    4200437.500       1861.195   3       fp_F_che32_xi_01   389   2020
  558252.422    4200312.500       1447.169   1       fp_F_che32_xi_01   349   2010
  558622.893    4200312.500       1785.941   3       fp_F_che32_xi_01   379   2010
  557887.501    4199632.127       1435.664   1       fp_F_che32_xi_01   320   1956
  557887.501    4199560.952       1480.743   2       fp_F_che32_xi_01   320   1950
  557887.501    4199433.699       1569.399   2       fp_F_che32_xi_01   320   1940
  557887.501    4199377.622       1606.965   3       fp_F_che32_xi_01   320   1935
  557905.661    4199687.500       1430.149   1       fp_F_che32_xi_01   321   1960
  557915.556    4199687.500       1476.118   2       fp_F_che32_xi_01   322   1960
  557949.556    4199687.500       1544.605   2       fp_F_che32_xi_01   325   1960
  558013.035    4199687.500       1632.903   2       fp_F_che32_xi_01   330   1960
  558100.960    4199687.500       1719.291   3       fp_F_che32_xi_01   337   1960
  558512.501    4200516.128       1570.898   1       fp_F_che32_xi_01   370   2026
  558512.501    4200414.966       1627.282   2       fp_F_che32_xi_01   370   2018
  558512.501    4200267.558       1707.829   2       fp_F_che32_xi_01   370   2006
  558512.501    4200134.603       1777.301   3       fp_F_che32_xi_01   370   1996
  557762.501    4201041.986       1513.677   1       fp_F_che32_xi_02   310   2068
  557762.501    4201158.319       1617.084   2       fp_F_che32_xi_02   310   2078
  557762.501    4201316.600       1760.126   2       fp_F_che32_xi_02   310   2090
  557762.501    4201448.969       1886.131   2       fp_F_che32_xi_02   310   2101
  557762.501    4201564.487       1964.774   2       fp_F_che32_xi_02   310   2110
  557762.501    4201693.357       2030.807   2       fp_F_che32_xi_02   310   2120
  557762.501    4201760.042       2055.864   2       fp_F_che32_xi_02   310   2126
  557762.501    4201900.444       2103.375   3       fp_F_che32_xi_02   310   2137
  558767.512    4202062.500       1662.517   1       fp_F_che32_xi_02   390   2150
  558548.806    4202062.500       1785.295   2       fp_F_che32_xi_02   373   2150
  558376.709    4202062.500       1876.505   2       fp_F_che32_xi_02   359   2150
  558167.474    4202062.500       1971.476   2       fp_F_che32_xi_02   342   2150
  557860.120    4202062.500       2112.968   3       fp_F_che32_xi_02   318   2150
  557637.501    4201014.914       1538.846   1       fp_F_che32_xi_02   300   2066
  557637.501    4201068.476       1594.819   2       fp_F_che32_xi_02   300   2070
  557637.501    4201201.103       1704.990   2       fp_F_che32_xi_02   300   2081
  557637.501    4201341.383       1814.272   2       fp_F_che32_xi_02   300   2092
  557637.501    4201476.561       1939.546   2       fp_F_che32_xi_02   300   2103
  557637.501    4201540.325       1991.078   3       fp_F_che32_xi_02   300   2108
  558637.501    4201795.154       1609.086   1       fp_F_che32_xi_02   380   2129
  558637.501    4202013.207       1722.453   2       fp_F_che32_xi_02   380   2146
  558637.501    4202327.421       1880.234   3       fp_F_che32_xi_02   380   2171
  558304.920    4201312.500       1568.336   1       fp_F_che32_xi_02   353   2090
  557829.646    4201312.500       1738.379   2       fp_F_che32_xi_02   315   2090
  557312.987    4201312.500       1896.441   3       fp_F_che32_xi_02   274   2090
  557763.007    4201062.500       1534.625   1       fp_F_che32_xi_02   310   2070
  556710.072    4201062.500       1899.718   3       fp_F_che32_xi_02   226   2070
  558717.736    4201812.500       1586.808   1       fp_F_che32_xi_02   386   2130
  557675.304    4201812.500       2113.342   3       fp_F_che32_xi_02   303   2130
  558512.501    4201645.574       1596.898   1       fp_F_che32_xi_02   370   2117
  558512.501    4201846.320       1700.587   2       fp_F_che32_xi_02   370   2133
  558512.501    4202067.834       1803.070   2       fp_F_che32_xi_02   370   2150
  558512.501    4202296.270       1912.787   3       fp_F_che32_xi_02   370   2169
  558974.275    4202187.500       1654.704   1       fp_F_che32_xi_02   407   2160
  558421.572    4202187.500       1911.469   2       fp_F_che32_xi_02   363   2160
  557927.227    4202187.500       2120.785   3       fp_F_che32_xi_02   323   2160
  558850.282    4201937.500       1578.676   1       fp_F_che32_xi_02   397   2140
  558203.251    4201937.500       1911.014   2       fp_F_che32_xi_02   345   2140
  557845.535    4201937.500       2091.035   3       fp_F_che32_xi_02   317   2140
  558137.501    4201316.563       1636.962   1       fp_F_che32_xi_02   340   2090
  558137.501    4201265.699       1595.554   2       fp_F_che32_xi_02   340   2086
  558137.501    4201419.605       1703.182   2       fp_F_che32_xi_02   340   2099
  558137.501    4201664.775       1824.339   2       fp_F_che32_xi_02   340   2118
  558137.501    4201836.389       1894.396   2       fp_F_che32_xi_02   340   2132
  558137.501    4201969.348       1953.243   2       fp_F_che32_xi_02   340   2143
  558137.501    4202058.819       1985.375   2       fp_F_che32_xi_02   340   2150
  558137.501    4202228.790       2035.972   2       fp_F_che32_xi_02   340   2163
  558137.502    4202588.146       2127.644   3       fp_F_che32_xi_02   340   2192
  558012.501    4201246.144       1594.336   1       fp_F_che32_xi_02   330   2085
  558012.501    4201317.382       1674.805   2       fp_F_che32_xi_02   330   2090
  558012.501    4201479.840       1785.301   2       fp_F_che32_xi_02   330   2103
  558012.501    4201687.327       1892.576   2       fp_F_che32_xi_02   330   2120
  558012.501    4201809.635       1945.072   2       fp_F_che32_xi_02   330   2130
  558012.501    4202047.700       2042.118   2       fp_F_che32_xi_02   330   2149
  558012.501    4202097.933       2059.617   2       fp_F_che32_xi_02   330   2153
  558012.501    4202180.928       2083.203   2       fp_F_che32_xi_02   330   2159
  558012.501    4202338.182       2131.134   3       fp_F_che32_xi_02   330   2172
  558262.501    4201238.454       1518.003   1       fp_F_che32_xi_02   350   2084
  558262.501    4201335.216       1591.279   2       fp_F_che32_xi_02   350   2092
  558262.501    4201558.189       1692.399   2       fp_F_che32_xi_02   350   2110
  558262.501    4201764.335       1792.054   2       fp_F_che32_xi_02   350   2126
  558262.501    4201962.591       1884.617   2       fp_F_che32_xi_02   350   2142
  558262.501    4202185.040       1978.174   2       fp_F_che32_xi_02   350   2160
  558262.501    4202437.463       2091.019   2       fp_F_che32_xi_02   350   2180
  558262.502    4202584.710       2145.243   3       fp_F_che32_xi_02   350   2192
  558102.175    4201187.500       1492.221   1       fp_F_che32_xi_02   337   2080
  557742.473    4201187.500       1641.005   2       fp_F_che32_xi_02   308   2080
  557539.133    4201187.500       1719.119   2       fp_F_che32_xi_02   292   2080
  557077.266    4201187.500       1902.963   3       fp_F_che32_xi_02   255   2080
  558381.914    4201562.500       1620.539   1       fp_F_che32_xi_02   360   2110
  558177.270    4201562.500       1751.893   2       fp_F_che32_xi_02   343   2110
  557936.133    4201562.500       1876.035   2       fp_F_che32_xi_02   324   2110
  557695.080    4201562.500       2002.351   3       fp_F_che32_xi_02   305   2110
  558500.120    4201437.500       1543.188   1       fp_F_che32_xi_02   369   2100
  558014.873    4201437.500       1757.187   2       fp_F_che32_xi_02   330   2100
  557775.984    4201437.500       1849.535   2       fp_F_che32_xi_02   311   2100
  557456.206    4201437.500       1968.511   3       fp_F_che32_xi_02   285   2100
  557887.501    4201087.000       1503.348   1       fp_F_che32_xi_02   320   2072
  557887.501    4201192.176       1601.537   2       fp_F_che32_xi_02   320   2080
  557887.501    4201309.973       1714.382   2       fp_F_che32_xi_02   320   2090
  557887.501    4201429.854       1807.586   2       fp_F_che32_xi_02   320   2099
  557887.501    4201554.333       1898.857   2       fp_F_che32_xi_02   320   2109
  557887.501    4201689.041       1960.164   2       fp_F_che32_xi_02   320   2120
  557887.501    4201785.370       2000.157   2       fp_F_che32_xi_02   320   2128
  557887.501    4202130.349       2132.053   3       fp_F_che32_xi_02   320   2155
  558387.501    4201385.700       1557.572   1       fp_F_che32_xi_02   360   2096
  558387.501    4201697.022       1702.658   2       fp_F_che32_xi_02   360   2121
  558387.501    4202067.243       1875.588   2       fp_F_che32_xi_02   360   2150
  558387.502    4202641.371       2158.266   3       fp_F_che32_xi_02   360   2196
  558629.851    4201687.500       1568.760   1       fp_F_che32_xi_02   379   2120
  557724.013    4201687.500       2047.221   3       fp_F_che32_xi_02   307   2120
  558637.501    4201336.158       1595.446   1       fp_F_che32_xi_03   380   2092
  558637.501    4201265.919       1655.595   2       fp_F_che32_xi_03   380   2086
  558637.501    4201175.194       1731.037   2       fp_F_che32_xi_03   380   2079
  558637.501    4201104.955       1787.108   2       fp_F_che32_xi_03   380   2073
  558637.501    4201046.422       1829.926   2       fp_F_che32_xi_03   380   2069
  558637.501    4200970.330       1882.939   3       fp_F_che32_xi_03   380   2063
  558414.723    4201187.500       1509.021   1       fp_F_che32_xi_03   362   2080
  558875.832    4201187.500       1975.671   3       fp_F_che32_xi_03   399   2080
  558342.736    4201062.500       1490.984   1       fp_F_che32_xi_03   356   2070
  558499.894    4201062.500       1712.369   2       fp_F_che32_xi_03   369   2070
  558828.869    4201062.500       2022.090   3       fp_F_che32_xi_03   395   2070
  558367.308    4200937.500       1499.977   1       fp_F_che32_xi_03   358   2060
  558431.509    4200937.500       1681.909   2       fp_F_che32_xi_03   364   2060
  558501.094    4200937.500       1808.349   2       fp_F_che32_xi_03   369   2060
  558582.496    4200937.500       1952.107   3       fp_F_che32_xi_03   376   2060
  558512.501    4201198.607       1596.465   1       fp_F_che32_xi_03   370   2081
  558512.501    4201061.185       1726.170   2       fp_F_che32_xi_03   370   2070
  558512.501    4200870.825       1892.115   3       fp_F_che32_xi_03   370   2055
  558589.883    4201312.500       1574.254   1       fp_F_che32_xi_03   376   2090
  558936.320    4201312.500       1959.232   3       fp_F_che32_xi_03   404   2090
  560137.501    4200608.535       1679.203   1       fp_F_che32_xibei   500   2034
  560137.501    4200767.778       1778.536   2       fp_F_che32_xibei   500   2046
  560137.501    4201193.659       2030.093   3       fp_F_che32_xibei   500   2080
  560464.550    4200937.500       1682.203   1       fp_F_che32_xibei   526   2060
  560120.743    4200937.500       1885.837   2       fp_F_che32_xibei   499   2060
  559957.173    4200937.500       2008.313   3       fp_F_che32_xibei   486   2060
  560311.409    4200812.500       1688.461   1       fp_F_che32_xibei   514   2050
  560092.704    4200812.500       1835.526   2       fp_F_che32_xibei   496   2050
  559773.058    4200812.500       2057.412   3       fp_F_che32_xibei   471   2050
  559926.424    4200187.500       1548.309   1       fp_F_che32_xibei   483   2000
  559733.803    4200187.500       1718.965   2       fp_F_che32_xibei   468   2000
  559587.067    4200187.500       1841.817   3       fp_F_che32_xibei   456   2000
  560012.501    4200415.572       1614.147   1       fp_F_che32_xibei   490   2018
  560012.501    4200577.261       1746.508   2       fp_F_che32_xibei   490   2031
  560012.501    4200674.275       1819.729   2       fp_F_che32_xibei   490   2039
  560012.501    4201016.798       2032.116   3       fp_F_che32_xibei   490   2066
  560332.617    4200687.500       1622.943   1       fp_F_che32_xibei   516   2040
  559757.276    4200687.500       1968.997   3       fp_F_che32_xibei   470   2040
  559913.253    4200312.500       1581.388   1       fp_F_che32_xibei   482   2010
  559616.039    4200312.500       1854.876   3       fp_F_che32_xibei   458   2010
  559887.501    4200286.557       1591.617   1       fp_F_che32_xibei   480   2008
  559887.501    4200472.500       1729.611   2       fp_F_che32_xibei   480   2023
  559887.501    4200828.216       2007.006   3       fp_F_che32_xibei   480   2051
  560137.566    4200562.500       1654.920   1       fp_F_che32_xibei   500   2030
  559660.901    4200562.500       1936.149   3       fp_F_che32_xibei   462   2030
  560096.176    4200437.500       1588.905   1       fp_F_che32_xibei   497   2020
  559591.766    4200437.500       1874.447   3       fp_F_che32_xibei   456   2020
  580137.501    4197951.956       2193.684   1             fp_F_che40   2100   1821
  580137.501    4198335.703       2642.253   3             fp_F_che40   2100   1852
  577887.501    4197212.650       2225.443   1             fp_F_che40   1920   1762
  577887.501    4197586.940       2632.928   3             fp_F_che40   1920   1792
  579783.238    4197937.500       2352.739   1             fp_F_che40   2072   1820
  579577.646    4197937.500       2435.610   2             fp_F_che40   2055   1820
  579330.936    4197937.500       2540.186   2             fp_F_che40   2035   1820
  579117.120    4197937.500       2638.842   2             fp_F_che40   2018   1820
  578944.423    4197937.500       2719.740   3             fp_F_che40   2005   1820
  578137.501    4197331.285       2259.703   1             fp_F_che40   1940   1772
  578137.501    4197447.886       2410.614   2             fp_F_che40   1940   1781
  578137.501    4197675.450       2681.132   3             fp_F_che40   1940   1799
  580498.697    4198187.500       2250.136   1             fp_F_che40   2129   1840
  580367.118    4198187.500       2313.276   2             fp_F_che40   2118   1840
  580128.632    4198187.500       2467.180   2             fp_F_che40   2099   1840
  579890.145    4198187.500       2579.648   2             fp_F_che40   2080   1840
  579643.435    4198187.500       2648.708   2             fp_F_che40   2060   1840
  579503.633    4198187.500       2684.224   3             fp_F_che40   2049   1840
  581160.695    4198687.500       2231.051   1             fp_F_che40   2182   1880
  580897.901    4198687.500       2398.120   2             fp_F_che40   2161   1880
  580761.854    4198687.500       2498.750   2             fp_F_che40   2150   1880
  580630.275    4198687.500       2563.863   2             fp_F_che40   2139   1880
  580515.144    4198687.500       2627.003   3             fp_F_che40   2130   1880
  579137.501    4197553.160       2253.615   1             fp_F_che40   2020   1789
  579137.501    4197706.123       2428.085   2             fp_F_che40   2020   1801
  579137.501    4198042.250       2729.425   3             fp_F_che40   2020   1828
  580887.501    4198516.290       2186.420   1             fp_F_che40   2160   1866
  580887.501    4198862.415       2613.196   3             fp_F_che40   2160   1894
  580387.501    4198085.764       2194.209   1             fp_F_che40   2120   1832
  580387.501    4198501.241       2653.150   3             fp_F_che40   2120   1865
  580637.501    4198305.605       2235.454   1             fp_F_che40   2140   1849
  580637.501    4198772.121       2631.357   3             fp_F_che40   2140   1887
  579692.777    4197687.500       2165.291   1             fp_F_che40   2064   1800
  579421.396    4197687.500       2315.249   2             fp_F_che40   2043   1800
  579125.344    4197687.500       2407.986   2             fp_F_che40   2019   1800
  578837.516    4197687.500       2540.186   2             fp_F_che40   1996   1800
  578533.240    4197687.500       2642.788   2             fp_F_che40   1972   1800
  578451.003    4197687.500       2666.466   3             fp_F_che40   1965   1800
  577637.501    4197255.912       2308.120   1             fp_F_che40   1900   1765
  577637.501    4197467.153       2587.448   3             fp_F_che40   1900   1782
  578574.358    4197437.500       2240.270   1             fp_F_che40   1975   1780
  578327.648    4197437.500       2334.980   2             fp_F_che40   1955   1780
  578064.491    4197437.500       2411.932   2             fp_F_che40   1934   1780
  577826.004    4197437.500       2492.831   2             fp_F_che40   1915   1780
  577562.847    4197437.500       2577.675   3             fp_F_che40   1894   1780
  578887.501    4197503.822       2333.675   1             fp_F_che40   2000   1785
  578887.501    4197903.372       2728.694   3             fp_F_che40   2000   1817
  578387.501    4197388.761       2249.479   1             fp_F_che40   1960   1776
  578387.501    4197537.951       2450.417   2             fp_F_che40   1960   1788
  578387.501    4197687.403       2658.473   3             fp_F_che40   1960   1800
  579387.501    4197538.112       2190.052   1             fp_F_che40   2040   1788
  579387.501    4197681.076       2333.522   2             fp_F_che40   2040   1799
  579387.501    4197861.663       2475.175   2             fp_F_che40   2040   1814
  579387.501    4198147.592       2698.552   3             fp_F_che40   2040   1837
  581259.326    4198937.500       2371.420   1             fp_F_che40   2190   1900
  581189.606    4198937.500       2468.442   2             fp_F_che40   2184   1900
  581133.831    4198937.500       2523.645   2             fp_F_che40   2180   1900
  581071.083    4198937.500       2595.575   3             fp_F_che40   2175   1900
  580778.302    4198437.500       2258.028   1             fp_F_che40   2151   1860
  580654.946    4198437.500       2340.900   2             fp_F_che40   2141   1860
  580539.815    4198437.500       2471.126   2             fp_F_che40   2132   1860
  580375.342    4198437.500       2599.379   2             fp_F_che40   2119   1860
  580251.987    4198437.500       2662.520   3             fp_F_che40   2109   1860
  579887.501    4197808.708       2192.218   1             fp_F_che40   2080   1810
  579887.501    4198237.885       2636.805   3             fp_F_che40   2080   1844
  581137.501    4198675.721       2228.233   1             fp_F_che40   2180   1879
  581137.501    4198834.034       2407.108   2             fp_F_che40   2180   1892
  581137.501    4199012.686       2594.897   3             fp_F_che40   2180   1906
  579637.501    4197658.503       2151.915   1             fp_F_che40   2060   1798
  579637.501    4197941.555       2419.276   2             fp_F_che40   2060   1820
  579637.501    4198217.110       2671.311   3             fp_F_che40   2060   1842
  578637.501    4197478.522       2427.329   1             fp_F_che40   1980   1783
  578637.501    4197783.076       2678.808   3             fp_F_che40   1980   1808
  579387.501    4198024.302       2208.066   1            fp_F_che401   2040   1827
  579387.501    4198736.043       2791.268   3            fp_F_che401   2040   1884
  580887.501    4199432.040       2218.141   1            fp_F_che401   2160   1940
  580887.501    4199880.346       2769.701   3            fp_F_che401   2160   1975
  578137.501    4197542.784       2205.289   1            fp_F_che401   1940   1788
  578137.501    4197926.280       2509.107   2            fp_F_che401   1940   1819
  578137.501    4198284.639       2773.873   3            fp_F_che401   1940   1848
  580634.571    4198937.500       2284.426   1            fp_F_che401   2140   1900
  580368.079    4198937.500       2457.672   2            fp_F_che401   2118   1900
  580129.154    4198937.500       2630.917   2            fp_F_che401   2099   1900
  579972.935    4198937.500       2750.024   3            fp_F_che401   2087   1900
  580662.140    4199187.500       2268.185   1            fp_F_che401   2142   1920
  580597.814    4199187.500       2326.384   2            fp_F_che401   2137   1920
  580386.458    4199187.500       2628.211   2            fp_F_che401   2120   1920
  580303.753    4199187.500       2733.782   3            fp_F_che401   2113   1920
  578637.501    4197743.458       2207.569   1            fp_F_che401   1980   1804
  578637.501    4198469.474       2775.370   3            fp_F_che401   1980   1863
  580000.503    4198437.500       2289.840   1            fp_F_che401   2089   1860
  579862.662    4198437.500       2349.393   2            fp_F_che401   2078   1860
  579609.953    4198437.500       2463.086   2            fp_F_che401   2058   1860
  579371.029    4198437.500       2548.355   2            fp_F_che401   2039   1860
  579136.699    4198437.500       2621.443   2            fp_F_che401   2020   1860
  578879.396    4198437.500       2694.531   2            fp_F_che401   1999   1860
  578580.741    4198437.500       2760.852   3            fp_F_che401   1975   1860
  581415.670    4199937.500       2226.227   1            fp_F_che401   2202   1980
  581319.182    4199937.500       2323.677   2            fp_F_che401   2195   1980
  581135.394    4199937.500       2552.416   2            fp_F_che401   2180   1980
  580901.064    4199937.500       2758.145   3            fp_F_che401   2161   1980
  580244.022    4198687.500       2299.315   1            fp_F_che401   2109   1880
  580138.344    4198687.500       2373.756   2            fp_F_che401   2100   1880
  579867.257    4198687.500       2570.011   2            fp_F_che401   2078   1880
  579642.116    4198687.500       2674.229   2            fp_F_che401   2060   1880
  579371.029    4198687.500       2758.145   2            fp_F_che401   2039   1880
  579265.351    4198687.500       2787.921   3            fp_F_che401   2030   1880
  581137.501    4199532.064       2209.614   1            fp_F_che401   2180   1948
  581137.501    4200242.414       2802.664   3            fp_F_che401   2180   2004
  578387.501    4197631.754       2191.823   1            fp_F_che401   1960   1796
  578387.501    4198344.555       2760.570   3            fp_F_che401   1960   1853
  579637.501    4198138.578       2181.605   1            fp_F_che401   2060   1836
  579637.501    4198805.581       2776.116   3            fp_F_che401   2060   1889
  579887.501    4198264.522       2175.677   1            fp_F_che401   2080   1846
  579887.501    4198426.089       2331.972   2            fp_F_che401   2080   1859
  579887.501    4198898.670       2747.861   3            fp_F_che401   2080   1897
  577387.501    4197336.921       2207.668   1            fp_F_che401   1880   1772
  577387.501    4197933.448       2733.047   3            fp_F_che401   1880   1820
  581387.501    4199882.323       2228.614   1            fp_F_che401   2200   1976
  581387.501    4200477.102       2759.158   3            fp_F_che401   2200   2023
  580387.501    4198690.859       2233.120   1            fp_F_che401   2120   1880
  580387.501    4198855.206       2383.226   2            fp_F_che401   2120   1893
  580387.501    4198976.167       2480.893   2            fp_F_che401   2120   1903
  580387.501    4199059.108       2537.013   2            fp_F_che401   2120   1910
  580387.501    4199414.953       2758.207   3            fp_F_che401   2120   1938
  577137.501    4197249.625       2207.668   1            fp_F_che401   1860   1765
  577137.501    4197657.248       2560.584   3            fp_F_che401   1860   1798
  578887.501    4197805.144       2192.769   1            fp_F_che401   2000   1809
  578887.501    4198548.505       2779.509   3            fp_F_che401   2000   1869
  577689.369    4197437.500       2199.157   1            fp_F_che401   1904   1780
  577588.286    4197437.500       2232.994   2            fp_F_che401   1896   1780
  577294.225    4197437.500       2326.384   2            fp_F_che401   1873   1780
  577013.948    4197437.500       2403.533   3            fp_F_che401   1850   1780
  579137.501    4197978.987       2230.443   1            fp_F_che401   2020   1823
  579137.501    4198595.847       2757.879   3            fp_F_che401   2020   1873
  579665.090    4198187.500       2208.631   1            fp_F_che401   2062   1840
  579596.169    4198187.500       2239.761   2            fp_F_che401   2057   1840
  579371.029    4198187.500       2338.566   2            fp_F_che401   2039   1840
  579141.294    4198187.500       2406.240   2            fp_F_che401   2020   1840
  578828.855    4198187.500       2507.751   2            fp_F_che401   1995   1840
  578594.525    4198187.500       2570.011   2            fp_F_che401   1977   1840
  578305.059    4198187.500       2659.341   2            fp_F_che401   1953   1840
  578093.703    4198187.500       2717.540   3            fp_F_che401   1936   1840
  577637.501    4197409.668       2191.959   1            fp_F_che401   1900   1778
  577637.501    4197977.096       2720.829   3            fp_F_che401   1900   1823
  581208.909    4199687.500       2279.012   1            fp_F_che401   2186   1960
  581066.473    4199687.500       2398.119   2            fp_F_che401   2174   1960
  580868.901    4199687.500       2545.648   2            fp_F_che401   2159   1960
  580584.030    4199687.500       2762.205   3            fp_F_che401   2136   1960
  580137.501    4198509.588       2178.040   1            fp_F_che401   2100   1866
  580137.501    4198660.094       2343.785   2            fp_F_che401   2100   1878
  580137.501    4198823.947       2531.889   2            fp_F_che401   2100   1891
  580137.501    4199043.414       2720.713   3            fp_F_che401   2100   1908
  580896.469    4199437.500       2212.692   1            fp_F_che401   2161   1940
  580813.765    4199437.500       2304.729   2            fp_F_che401   2154   1940
  580625.382    4199437.500       2515.872   2            fp_F_che401   2139   1940
  580404.836    4199437.500       2773.033   3            fp_F_che401   2121   1940
  577887.501    4197489.763       2231.528   1            fp_F_che401   1920   1784
  577887.501    4198119.807       2724.902   3            fp_F_che401   1920   1835
  578925.343    4197937.500       2283.073   1            fp_F_che401   2003   1820
  578833.449    4197937.500       2315.556   2            fp_F_che401   1996   1820
  578635.877    4197937.500       2362.928   2            fp_F_che401   1980   1820
  578332.627    4197937.500       2453.611   2            fp_F_che401   1956   1820
  578130.460    4197937.500       2506.397   2            fp_F_che401   1939   1820
  577900.725    4197937.500       2576.778   2            fp_F_che401   1921   1820
  577556.123    4197937.500       2697.238   3            fp_F_che401   1893   1820
  578406.142    4197687.500       2226.227   1            fp_F_che401   1961   1800
  578102.892    4197687.500       2322.324   2            fp_F_che401   1937   1800
  577836.399    4197687.500       2399.472   2            fp_F_che401   1916   1800
  577569.907    4197687.500       2465.793   2            fp_F_che401   1895   1800
  577298.820    4197687.500       2538.881   3            fp_F_che401   1873   1800
  580637.501    4199054.920       2177.962   1            fp_F_che401   2140   1909
  580637.501    4199706.333       2736.085   3            fp_F_che401   2140   1962
  572387.501    4200354.988       2424.733   1       fp_F_che57_che49   1480   2013
  572387.501    4200027.136       2580.895   2       fp_F_che57_che49   1480   1987
  572387.501    4199857.758       2646.993   2       fp_F_che57_che49   1480   1974
  572387.501    4199402.944       2801.521   3       fp_F_che57_che49   1480   1937
  572637.501    4200328.357       2414.684   1       fp_F_che57_che49   1500   2011
  572637.501    4200035.417       2579.163   2       fp_F_che57_che49   1500   1988
  572637.501    4199941.781       2623.678   2       fp_F_che57_che49   1500   1980
  572637.501    4199818.858       2666.439   2       fp_F_che57_che49   1500   1971
  572637.501    4199664.496       2709.164   2       fp_F_che57_che49   1500   1958
  572637.501    4199402.649       2782.573   3       fp_F_che57_che49   1500   1937
  569887.501    4201094.246       2423.113   1       fp_F_che57_che49   1280   2073
  569887.501    4200945.948       2489.289   2       fp_F_che57_che49   1280   2061
  569887.501    4200653.161       2602.821   2       fp_F_che57_che49   1280   2037
  569887.501    4200293.147       2733.648   2       fp_F_che57_che49   1280   2008
  569887.501    4200116.182       2794.772   2       fp_F_che57_che49   1280   1994
  569887.501    4199979.188       2838.936   3       fp_F_che57_che49   1280   1983
  570637.501    4200978.823       2362.986   1       fp_F_che57_che49   1340   2063
  570637.501    4200863.475       2428.828   2       fp_F_che57_che49   1340   2054
  570637.501    4200422.613       2600.716   2       fp_F_che57_che49   1340   2019
  570637.501    4199754.003       2801.166   2       fp_F_che57_che49   1340   1965
  570637.501    4199347.934       2944.492   3       fp_F_che57_che49   1340   1933
  570887.501    4200959.914       2323.050   1       fp_F_che57_che49   1360   2062
  570887.501    4200670.842       2467.964   2       fp_F_che57_che49   1360   2039
  570887.501    4200393.433       2586.397   2       fp_F_che57_che49   1360   2016
  570887.501    4199681.797       2818.689   2       fp_F_che57_che49   1360   1960
  570887.501    4199224.018       2984.159   3       fp_F_che57_che49   1360   1923
  571637.501    4200835.921       2289.995   1       fp_F_che57_che49   1420   2052
  571637.501    4200353.728       2521.383   2       fp_F_che57_che49   1420   2013
  571637.501    4199940.420       2683.354   2       fp_F_che57_che49   1420   1980
  571637.501    4199361.788       2861.853   2       fp_F_che57_che49   1420   1934
  571637.501    4198548.948       3060.186   3       fp_F_che57_che49   1420   1869
  572137.501    4200370.147       2420.604   1       fp_F_che57_che49   1460   2015
  572137.501    4200124.277       2537.671   2       fp_F_che57_che49   1460   1995
  572137.501    4199940.420       2617.243   2       fp_F_che57_che49   1460   1980
  572137.501    4199481.071       2793.016   3       fp_F_che57_che49   1460   1943
  570387.501    4201195.132       2325.468   1       fp_F_che57_che49   1320   2081
  570387.501    4200615.490       2537.910   2       fp_F_che57_che49   1320   2034
  570387.501    4200464.435       2593.605   2       fp_F_che57_che49   1320   2022
  570387.501    4200112.626       2704.067   2       fp_F_che57_che49   1320   1994
  570387.501    4199960.601       2750.594   2       fp_F_che57_che49   1320   1982
  570387.501    4199824.430       2774.183   2       fp_F_che57_che49   1320   1971
  570387.501    4199620.400       2821.832   3       fp_F_che57_che49   1320   1955
  570137.501    4201126.132       2371.096   1       fp_F_che57_che49   1300   2075
  570137.501    4200970.216       2442.728   2       fp_F_che57_che49   1300   2063
  570137.501    4200762.913       2517.187   2       fp_F_che57_che49   1300   2046
  570137.501    4200164.863       2714.544   2       fp_F_che57_che49   1300   1998
  570137.501    4200035.491       2753.682   2       fp_F_che57_che49   1300   1988
  570137.501    4199348.011       2954.409   3       fp_F_che57_che49   1300   1933
  571387.501    4200711.929       2362.717   1       fp_F_che57_che49   1400   2042
  571387.501    4200339.951       2564.355   2       fp_F_che57_che49   1400   2012
  571387.501    4199940.420       2729.632   2       fp_F_che57_che49   1400   1980
  571387.501    4199444.449       2875.076   2       fp_F_che57_che49   1400   1941
  571387.501    4198893.371       3040.353   3       fp_F_che57_che49   1400   1896
  571887.501    4200615.490       2359.411   1       fp_F_che57_che49   1440   2034
  571887.501    4200174.628       2577.577   2       fp_F_che57_che49   1440   1999
  571887.501    4199534.783       2808.324   3       fp_F_che57_che49   1440   1948
  571137.501    4200904.806       2323.973   1       fp_F_che57_che49   1380   2057
  571137.501    4200560.382       2511.466   2       fp_F_che57_che49   1380   2030
  571137.501    4200119.520       2673.438   2       fp_F_che57_che49   1380   1995
  571137.501    4199500.429       2858.548   2       fp_F_che57_che49   1380   1945
  571137.501    4199017.364       3040.353   3       fp_F_che57_che49   1380   1906
  563262.501    4199749.379       1784.520   1          fp_F_che6_nan   750   1965
  563262.501    4198472.828       2277.129   3          fp_F_che6_nan   750   1863
  563637.501    4199596.096       1874.297   1          fp_F_che6_nan   780   1953
  563637.501    4199027.783       2083.094   2          fp_F_che6_nan   780   1907
  563637.501    4198317.391       2296.718   3          fp_F_che6_nan   780   1850
  564012.501    4199626.524       1863.125   1          fp_F_che6_nan   810   1955
  564012.501    4198343.372       2331.481   3          fp_F_che6_nan   810   1852
  563887.501    4199496.466       1894.328   1          fp_F_che6_nan   800   1945
  563887.501    4199161.671       2022.559   2          fp_F_che6_nan   800   1918
  563887.501    4198423.152       2294.829   3          fp_F_che6_nan   800   1859
  560762.501    4199669.248       1616.869   1          fp_F_che6_nan   550   1959
  560762.501    4198947.604       2008.476   3          fp_F_che6_nan   550   1901
  562637.501    4199573.630       1810.692   1          fp_F_che6_nan   700   1951
  562637.501    4198557.906       2200.403   3          fp_F_che6_nan   700   1870
  564387.501    4199355.547       1942.655   1          fp_F_che6_nan   840   1933
  564387.501    4198106.326       2320.211   3          fp_F_che6_nan   840   1834
  564262.501    4199415.239       1925.354   1          fp_F_che6_nan   830   1938
  564262.501    4198302.420       2321.655   3          fp_F_che6_nan   830   1849
  563387.501    4199675.550       1839.640   1          fp_F_che6_nan   760   1959
  563387.501    4198475.514       2261.364   3          fp_F_che6_nan   760   1863
  563012.501    4199732.626       1776.021   1          fp_F_che6_nan   730   1964
  563012.501    4198499.733       2245.200   3          fp_F_che6_nan   730   1865
  564512.501    4199408.115       1912.253   1          fp_F_che6_nan   850   1938
  564512.501    4198193.216       2295.454   3          fp_F_che6_nan   850   1840
  562137.501    4199526.829       1769.523   1          fp_F_che6_nan   660   1947
  562137.501    4198674.398       2112.954   3          fp_F_che6_nan   660   1879
  562262.501    4199735.729       1719.016   1          fp_F_che6_nan   670   1964
  562262.501    4198657.335       2118.592   3          fp_F_che6_nan   670   1878
  562512.501    4199681.126       1728.841   1          fp_F_che6_nan   690   1959
  562512.501    4198616.383       2174.271   3          fp_F_che6_nan   690   1874
  562762.501    4199801.093       1772.373   1          fp_F_che6_nan   710   1969
  562762.501    4198520.829       2213.573   3          fp_F_che6_nan   710   1867
  561387.501    4199561.320       1658.069   1          fp_F_che6_nan   600   1950
  561387.501    4198876.968       2020.944   3          fp_F_che6_nan   600   1895
  564137.501    4199489.153       1907.173   1          fp_F_che6_nan   820   1944
  564137.501    4198266.654       2313.842   3          fp_F_che6_nan   820   1846
  563512.501    4199743.828       1805.498   1          fp_F_che6_nan   770   1965
  563512.501    4199369.540       1947.747   2          fp_F_che6_nan   770   1935
  563512.501    4198384.324       2282.353   3          fp_F_che6_nan   770   1856
  561512.501    4199630.359       1665.045   1          fp_F_che6_nan   610   1955
  561512.501    4199211.106       1884.775   2          fp_F_che6_nan   610   1922
  561512.501    4198895.402       2045.679   3          fp_F_che6_nan   610   1897
  562012.501    4199667.476       1712.465   1          fp_F_che6_nan   650   1958
  562012.501    4198766.539       2098.941   3          fp_F_che6_nan   650   1886
  560887.501    4199534.964       1667.442   1          fp_F_che6_nan   560   1948
  560887.501    4198961.431       1983.071   3          fp_F_che6_nan   560   1902
  562387.501    4199498.355       1810.854   1          fp_F_che6_nan   680   1945
  562387.501    4198659.464       2134.710   3          fp_F_che6_nan   680   1878
  561637.501    4199606.747       1715.610   1          fp_F_che6_nan   620   1954
  561637.501    4198950.161       2007.736   3          fp_F_che6_nan   620   1901
  563762.501    4199653.825       1843.474   1          fp_F_che6_nan   790   1957
  563762.501    4198329.721       2328.206   3          fp_F_che6_nan   790   1851
  563137.501    4199579.547       1844.991   1          fp_F_che6_nan   740   1951
  563137.501    4198511.515       2221.760   3          fp_F_che6_nan   740   1866
  561262.501    4199694.777       1594.558   1          fp_F_che6_nan   590   1961
  561262.501    4198821.141       2062.913   3          fp_F_che6_nan   590   1891
  561137.501    4199480.173       1695.454   1          fp_F_che6_nan   580   1943
  561137.501    4199176.678       1856.886   2          fp_F_che6_nan   580   1919
  561137.501    4198844.594       2032.332   3          fp_F_che6_nan   580   1893
  561762.501    4199708.428       1679.713   1          fp_F_che6_nan   630   1962
  561762.501    4198903.045       2053.088   3          fp_F_che6_nan   630   1897
  561012.501    4199636.269       1626.991   1          fp_F_che6_nan   570   1956
  561012.501    4198834.792       2049.812   3          fp_F_che6_nan   570   1892
  562887.501    4199686.570       1807.379   1          fp_F_che6_nan   720   1960
  562887.501    4198453.939       2234.469   3          fp_F_che6_nan   720   1861
  561887.501    4199525.243       1744.323   1          fp_F_che6_nan   640   1947
  561887.501    4198901.834       2039.097   3          fp_F_che6_nan   640   1897
  558762.501    4197132.774       1560.451   1        fp_F_cheX54_bei   390   1756
  558762.501    4197261.864       1635.013   2        fp_F_cheX54_bei   390   1766
  558762.501    4197423.227       1743.585   2        fp_F_cheX54_bei   390   1779
  558762.501    4197607.641       1841.693   3        fp_F_cheX54_bei   390   1794
  558387.501    4197281.063       1463.520   1        fp_F_cheX54_bei   360   1767
  558387.501    4197361.711       1562.608   2        fp_F_cheX54_bei   360   1774
  558387.501    4197462.902       1639.966   2        fp_F_cheX54_bei   360   1782
  558387.501    4197605.813       1744.808   2        fp_F_cheX54_bei   360   1793
  558387.501    4197699.886       1804.843   3        fp_F_cheX54_bei   360   1801
  559262.501    4197023.987       1562.516   1        fp_F_cheX54_bei   430   1747
  559262.501    4197270.709       1672.859   2        fp_F_cheX54_bei   430   1767
  559262.501    4197483.977       1752.353   2        fp_F_cheX54_bei   430   1784
  559262.501    4197667.973       1818.796   3        fp_F_cheX54_bei   430   1798
  559012.501    4197040.714       1577.940   1        fp_F_cheX54_bei   410   1748
  559012.501    4197195.438       1652.689   2        fp_F_cheX54_bei   410   1761
  559012.501    4197375.252       1732.183   2        fp_F_cheX54_bei   410   1775
  559012.501    4197592.702       1825.915   3        fp_F_cheX54_bei   410   1792
  558637.501    4197135.208       1541.456   1        fp_F_cheX54_bei   380   1756
  558637.501    4197294.172       1647.645   2        fp_F_cheX54_bei   380   1769
  558637.501    4197470.126       1736.494   2        fp_F_cheX54_bei   380   1783
  558637.501    4197652.345       1826.184   3        fp_F_cheX54_bei   380   1797
  559762.501    4197053.259       1557.770   1        fp_F_cheX54_bei   470   1749
  559762.501    4197157.802       1613.535   2        fp_F_cheX54_bei   470   1758
  559762.501    4197329.253       1693.029   2        fp_F_cheX54_bei   470   1771
  559762.501    4197534.157       1782.015   2        fp_F_cheX54_bei   470   1788
  559762.501    4197630.337       1817.610   3        fp_F_cheX54_bei   470   1795
  558887.501    4197053.259       1557.770   1        fp_F_cheX54_bei   400   1749
  558887.501    4197253.982       1664.553   2        fp_F_cheX54_bei   400   1765
  558887.501    4197446.341       1749.980   2        fp_F_cheX54_bei   400   1781
  558887.501    4197559.248       1799.813   3        fp_F_cheX54_bei   400   1790
  557512.501    4197442.159       1291.997   1        fp_F_cheX54_bei   290   1780
  557512.501    4197546.703       1372.678   2        fp_F_cheX54_bei   290   1789
  557512.501    4197718.153       1509.124   3        fp_F_cheX54_bei   290   1802
  558137.501    4197298.539       1402.110   1        fp_F_cheX54_bei   340   1769
  558137.501    4197406.561       1487.170   2        fp_F_cheX54_bei   340   1778
  558137.501    4197560.099       1590.158   2        fp_F_cheX54_bei   340   1790
  558137.501    4197749.271       1697.669   3        fp_F_cheX54_bei   340   1805
  559137.501    4197053.259       1577.940   1        fp_F_cheX54_bei   420   1749
  559137.501    4197241.437       1666.926   2        fp_F_cheX54_bei   420   1764
  559137.501    4197358.525       1725.064   2        fp_F_cheX54_bei   420   1774
  559137.501    4197567.611       1829.475   3        fp_F_cheX54_bei   420   1790
  557762.501    4197328.331       1343.481   1        fp_F_cheX54_bei   310   1771
  557762.501    4197451.032       1434.724   2        fp_F_cheX54_bei   310   1781
  557762.501    4197565.625       1499.010   2        fp_F_cheX54_bei   310   1790
  557762.501    4197754.753       1598.343   3        fp_F_cheX54_bei   310   1805
  558262.501    4197246.106       1425.745   1        fp_F_cheX54_bei   350   1765
  558262.501    4197464.201       1591.512   2        fp_F_cheX54_bei   350   1782
  558262.501    4197712.174       1739.509   3        fp_F_cheX54_bei   350   1802
  559387.501    4197115.985       1543.532   1        fp_F_cheX54_bei   440   1754
  559387.501    4197283.254       1620.653   2        fp_F_cheX54_bei   440   1768
  559387.501    4197391.979       1677.605   2        fp_F_cheX54_bei   440   1776
  559387.501    4197588.520       1782.015   3        fp_F_cheX54_bei   440   1792
  558512.501    4197184.758       1516.698   1        fp_F_cheX54_bei   370   1760
  558512.501    4197345.444       1637.853   2        fp_F_cheX54_bei   370   1773
  558512.501    4197454.312       1706.056   2        fp_F_cheX54_bei   370   1781
  558512.501    4197667.825       1818.190   3        fp_F_cheX54_bei   370   1798
  558012.501    4197310.706       1353.182   1        fp_F_cheX54_bei   330   1770
  558012.501    4197425.751       1459.091   2        fp_F_cheX54_bei   330   1779
  558012.501    4197561.228       1562.294   2        fp_F_cheX54_bei   330   1790
  558012.501    4197702.834       1663.212   3        fp_F_cheX54_bei   330   1801
  559512.501    4197099.258       1563.702   1        fp_F_cheX54_bei   450   1753
  559512.501    4197270.709       1643.197   2        fp_F_cheX54_bei   450   1767
  559512.501    4197446.341       1719.132   2        fp_F_cheX54_bei   450   1781
  559512.501    4197638.700       1791.507   3        fp_F_cheX54_bei   450   1796
  557887.501    4197325.379       1360.030   1        fp_F_cheX54_bei   320   1771
  557887.501    4197433.504       1441.949   2        fp_F_cheX54_bei   320   1780
  557887.501    4197636.722       1565.260   2        fp_F_cheX54_bei   320   1796
  557887.501    4197779.880       1639.054   3        fp_F_cheX54_bei   320   1807
  559637.501    4197107.621       1558.956   1        fp_F_cheX54_bei   460   1754
  559637.501    4197258.163       1637.264   2        fp_F_cheX54_bei   460   1766
  559637.501    4197375.252       1703.707   2        fp_F_cheX54_bei   460   1775
  559637.501    4197538.339       1791.507   3        fp_F_cheX54_bei   460   1788
  557637.501    4197345.951       1316.624   1        fp_F_cheX54_bei   300   1773
  557637.501    4197440.677       1372.817   2        fp_F_cheX54_bei   300   1780
  557637.501    4197560.771       1444.314   2        fp_F_cheX54_bei   300   1790
  557637.501    4197645.286       1504.241   3        fp_F_cheX54_bei   300   1797
  559387.501    4197718.965       1517.507   1     fp_F_cheX54_bei_01   440   1803
  559387.501    4197941.245       1645.686   2     fp_F_cheX54_bei_01   440   1820
  559387.501    4198161.852       1758.932   3     fp_F_cheX54_bei_01   440   1838
  559512.501    4197806.822       1550.327   1     fp_F_cheX54_bei_01   450   1810
  559512.501    4198008.185       1629.207   2     fp_F_cheX54_bei_01   450   1826
  559512.501    4198325.719       1766.515   3     fp_F_cheX54_bei_01   450   1851
  559762.501    4197922.175       1558.213   1     fp_F_cheX54_bei_01   470   1819
  559762.501    4198041.332       1619.373   2     fp_F_cheX54_bei_01   470   1828
  559762.501    4198204.722       1690.843   2     fp_F_cheX54_bei_01   470   1841
  559762.501    4198385.484       1761.528   3     fp_F_cheX54_bei_01   470   1856
  558637.501    4197433.895       1533.077   1     fp_F_cheX54_bei_01   380   1780
  558637.501    4197548.851       1620.446   2     fp_F_cheX54_bei_01   380   1789
  558637.501    4197684.707       1698.108   2     fp_F_cheX54_bei_01   380   1800
  558637.501    4197813.597       1759.995   2     fp_F_cheX54_bei_01   380   1810
  558637.501    4197900.684       1808.534   3     fp_F_cheX54_bei_01   380   1817
  559887.501    4198108.444       1579.830   1     fp_F_cheX54_bei_01   480   1834
  559887.501    4198175.198       1630.859   2     fp_F_cheX54_bei_01   480   1839
  559887.501    4198412.547       1785.883   3     fp_F_cheX54_bei_01   480   1858
  559637.501    4197895.886       1553.248   1     fp_F_cheX54_bei_01   460   1817
  559637.501    4198109.862       1666.307   2     fp_F_cheX54_bei_01   460   1834
  559637.501    4198328.529       1759.889   3     fp_F_cheX54_bei_01   460   1851
  559261.495    4197812.500       1544.807   1     fp_F_cheX54_bei_01   430   1810
  559129.384    4197812.500       1595.931   2     fp_F_cheX54_bei_01   419   1810
  558970.776    4197812.500       1647.201   2     fp_F_cheX54_bei_01   407   1810
  558787.497    4197812.500       1710.603   2     fp_F_cheX54_bei_01   392   1810
  558667.417    4197812.500       1748.046   2     fp_F_cheX54_bei_01   382   1810
  558316.437    4197812.500       1844.497   3     fp_F_cheX54_bei_01   354   1810
  558762.501    4197515.849       1553.749   1     fp_F_cheX54_bei_01   390   1786
  558762.501    4197739.128       1683.628   2     fp_F_cheX54_bei_01   390   1804
  558762.501    4197981.824       1798.127   3     fp_F_cheX54_bei_01   390   1824
  558887.501    4197564.650       1540.499   1     fp_F_cheX54_bei_01   400   1790
  558887.501    4197760.681       1650.554   2     fp_F_cheX54_bei_01   400   1806
  558887.501    4198046.779       1794.185   3     fp_F_cheX54_bei_01   400   1829
  559012.501    4197606.603       1533.113   1     fp_F_cheX54_bei_01   410   1794
  559012.501    4197805.936       1646.862   2     fp_F_cheX54_bei_01   410   1809
  559012.501    4198006.093       1748.568   2     fp_F_cheX54_bei_01   410   1825
  559012.501    4198200.632       1844.760   3     fp_F_cheX54_bei_01   410   1841
  559137.501    4197728.892       1544.230   1     fp_F_cheX54_bei_01   420   1803
  559137.501    4197909.028       1652.419   2     fp_F_cheX54_bei_01   420   1818
  559137.501    4198087.671       1773.666   2     fp_F_cheX54_bei_01   420   1832
  559137.501    4198135.015       1803.990   3     fp_F_cheX54_bei_01   420   1836
  559262.501    4197793.915       1578.376   1     fp_F_cheX54_bei_01   430   1809
  559262.501    4197932.562       1648.226   2     fp_F_cheX54_bei_01   430   1820
  559262.501    4198074.048       1717.807   2     fp_F_cheX54_bei_01   430   1831
  559262.501    4198273.058       1811.799   3     fp_F_cheX54_bei_01   430   1847
  557387.501    4197946.227       1321.058   1     fp_F_cheX54_bei_02   280   1821
  557387.501    4197965.589       1378.513   2     fp_F_cheX54_bei_02   280   1822
  557387.501    4198000.440       1474.921   2     fp_F_cheX54_bei_02   280   1825
  557387.501    4198031.419       1519.717   3     fp_F_cheX54_bei_02   280   1828
  557262.501    4197853.290       1288.921   1     fp_F_cheX54_bei_02   270   1813
  557262.501    4197892.014       1362.932   2     fp_F_cheX54_bei_02   270   1816
  557262.501    4197992.696       1487.581   3     fp_F_cheX54_bei_02   270   1824
  558137.501    4197948.148       1478.275   1     fp_F_cheX54_bei_02   340   1821
  558137.501    4198102.872       1656.248   3     fp_F_cheX54_bei_02   340   1833
  557512.501    4197837.801       1316.188   1     fp_F_cheX54_bei_02   290   1812
  557512.501    4197884.269       1386.304   2     fp_F_cheX54_bei_02   290   1816
  557512.501    4197951.108       1472.924   2     fp_F_cheX54_bei_02   290   1821
  557512.501    4198026.749       1551.853   3     fp_F_cheX54_bei_02   290   1827
  556762.501    4197849.418       1224.649   1     fp_F_cheX54_bei_02   230   1813
  556762.501    4197930.738       1297.686   2     fp_F_cheX54_bei_02   230   1819
  556762.501    4197992.696       1347.351   3     fp_F_cheX54_bei_02   230   1824
  557137.501    4197876.524       1258.733   1     fp_F_cheX54_bei_02   260   1815
  557137.501    4197934.610       1340.534   2     fp_F_cheX54_bei_02   260   1820
  557137.501    4198019.802       1450.576   3     fp_F_cheX54_bei_02   260   1827
  557887.501    4197833.928       1371.696   1     fp_F_cheX54_bei_02   320   1812
  557887.501    4197915.248       1456.419   2     fp_F_cheX54_bei_02   320   1818
  557887.501    4198077.888       1640.471   3     fp_F_cheX54_bei_02   320   1831
  557637.501    4197835.242       1318.100   1     fp_F_cheX54_bei_02   300   1812
  557637.501    4198077.782       1555.397   3     fp_F_cheX54_bei_02   300   1831
  557012.501    4197837.801       1228.544   1     fp_F_cheX54_bei_02   250   1812
  557012.501    4197907.503       1317.162   2     fp_F_cheX54_bei_02   250   1818
  557012.501    4198023.674       1432.073   3     fp_F_cheX54_bei_02   250   1827
  556887.501    4197841.673       1223.675   1     fp_F_cheX54_bei_02   240   1812
  556887.501    4197922.993       1300.607   2     fp_F_cheX54_bei_02   240   1819
  556887.501    4198043.036       1394.094   3     fp_F_cheX54_bei_02   240   1828
  557762.501    4197849.418       1349.298   1     fp_F_cheX54_bei_02   310   1813
  557762.501    4197926.865       1438.890   2     fp_F_cheX54_bei_02   310   1819
  557762.501    4197988.823       1521.665   2     fp_F_cheX54_bei_02   310   1824
  557762.501    4198058.526       1584.963   3     fp_F_cheX54_bei_02   310   1830
  558012.501    4197973.239       1441.494   1     fp_F_cheX54_bei_02   330   1823
  558012.501    4198090.327       1631.332   3     fp_F_cheX54_bei_02   330   1832
  558746.984    4203937.500       1648.896   1          fp_F_F05_east   389   2300
  559094.167    4203937.500       1916.917   2          fp_F_F05_east   417   2300
  559734.662    4203937.500       2333.056   3          fp_F_F05_east   468   2300
  558932.547    4204187.500       1652.422   1          fp_F_F05_east   404   2320
  559210.776    4204187.500       1861.950   2          fp_F_F05_east   426   2320
  559599.489    4204187.500       2117.286   2          fp_F_F05_east   457   2320
  560105.725    4204187.500       2432.269   3          fp_F_F05_east   497   2320
  558688.394    4203812.500       1674.498   1          fp_F_F05_east   384   2290
  558890.879    4203812.500       1837.431   2          fp_F_F05_east   400   2290
  559279.733    4203812.500       2128.073   2          fp_F_F05_east   431   2290
  559668.816    4203812.500       2387.719   3          fp_F_F05_east   463   2290
  560012.502    4204656.000       2187.779   1          fp_F_F05_east   490   2357
  560012.502    4204354.367       2312.636   2          fp_F_F05_east   490   2333
  560012.502    4204161.482       2393.543   3          fp_F_F05_east   490   2318
  559387.502    4204466.929       1820.892   1          fp_F_F05_east   440   2342
  559387.502    4204161.470       1986.082   2          fp_F_F05_east   440   2318
  559387.502    4204036.044       2063.353   2          fp_F_F05_east   440   2308
  559387.502    4203894.655       2137.592   2          fp_F_F05_east   440   2297
  559387.502    4203685.544       2265.068   3          fp_F_F05_east   440   2280
  559762.502    4204367.851       2111.696   1          fp_F_F05_east   470   2334
  559762.502    4204285.959       2163.044   2          fp_F_F05_east   470   2328
  559762.502    4204181.136       2222.381   2          fp_F_F05_east   470   2319
  559762.502    4204050.108       2301.115   2          fp_F_F05_east   470   2309
  559762.502    4203981.318       2343.335   3          fp_F_F05_east   470   2304
  559637.502    4204335.094       2058.065   1          fp_F_F05_east   460   2332
  559637.502    4204217.169       2125.389   2          fp_F_F05_east   460   2322
  559637.502    4204059.935       2220.099   2          fp_F_F05_east   460   2310
  559637.502    4203928.907       2285.140   2          fp_F_F05_east   460   2299
  559637.502    4203761.846       2403.813   3          fp_F_F05_east   460   2286
  559137.502    4204349.900       1689.480   1          fp_F_F05_east   420   2333
  559137.502    4204167.703       1815.699   2          fp_F_F05_east   420   2318
  559137.502    4204065.630       1879.947   2          fp_F_F05_east   420   2310
  559137.502    4203926.741       1952.933   2          fp_F_F05_east   420   2299
  559137.502    4203850.197       2000.939   2          fp_F_F05_east   420   2293
  559137.502    4203786.282       2038.119   3          fp_F_F05_east   420   2288
  559346.925    4204437.500       1811.158   1          fp_F_F05_east   437   2340
  559414.695    4204437.500       1861.373   2          fp_F_F05_east   442   2340
  559530.871    4204437.500       1948.511   2          fp_F_F05_east   451   2340
  559743.860    4204437.500       2115.403   2          fp_F_F05_east   469   2340
  560019.778    4204437.500       2305.925   2          fp_F_F05_east   491   2340
  560121.432    4204437.500       2384.202   3          fp_F_F05_east   499   2340
  558887.502    4204098.684       1644.991   1          fp_F_F05_east   400   2313
  558887.502    4204041.669       1679.487   2          fp_F_F05_east   400   2308
  558887.502    4203912.634       1768.339   2          fp_F_F05_east   400   2298
  558887.502    4203744.589       1893.778   3          fp_F_F05_east   400   2285
  559064.932    4204312.500       1652.151   1          fp_F_F05_east   414   2330
  559339.824    4204312.500       1873.446   2          fp_F_F05_east   436   2330
  559384.967    4204312.500       1913.185   2          fp_F_F05_east   440   2330
  559525.381    4204312.500       2006.101   2          fp_F_F05_east   451   2330
  560112.975    4204312.500       2391.172   3          fp_F_F05_east   498   2330
  559512.502    4204685.017       1798.729   1          fp_F_F05_east   450   2360
  559512.502    4204502.172       1905.327   2          fp_F_F05_east   450   2345
  559512.502    4204311.632       1999.496   2          fp_F_F05_east   450   2330
  559512.502    4204183.049       2064.468   2          fp_F_F05_east   450   2320
  559512.502    4204066.479       2136.435   2          fp_F_F05_east   450   2310
  559512.502    4203973.434       2185.318   2          fp_F_F05_east   450   2303
  559512.502    4203716.387       2336.076   3          fp_F_F05_east   450   2282
  559012.502    4204260.728       1663.082   1          fp_F_F05_east   410   2326
  559012.502    4204179.706       1717.438   2          fp_F_F05_east   410   2319
  559012.502    4204059.674       1777.022   2          fp_F_F05_east   410   2310
  559012.502    4203924.638       1867.965   2          fp_F_F05_east   410   2299
  559012.502    4203771.596       1952.636   3          fp_F_F05_east   410   2287
  558762.502    4203960.647       1643.946   1          fp_F_F05_east   390   2302
  558762.502    4203867.622       1702.484   2          fp_F_F05_east   390   2294
  558762.502    4203693.575       1807.016   3          fp_F_F05_east   390   2280
  558884.660    4204062.500       1664.765   1          fp_F_F05_east   400   2310
  559004.382    4204062.500       1772.330   2          fp_F_F05_east   409   2310
  559122.518    4204062.500       1873.235   2          fp_F_F05_east   419   2310
  559540.303    4204062.500       2154.873   2          fp_F_F05_east   452   2310
  559830.436    4204062.500       2333.056   3          fp_F_F05_east   475   2310
  559887.502    4204526.891       2169.688   1          fp_F_F05_east   480   2347
  559887.502    4204380.124       2224.571   2          fp_F_F05_east   480   2335
  559887.502    4204183.963       2301.851   2          fp_F_F05_east   480   2320
  559887.502    4204089.607       2346.759   3          fp_F_F05_east   480   2312
  559262.502    4204332.747       1791.656   1          fp_F_F05_east   430   2332
  559262.502    4204293.737       1820.925   2          fp_F_F05_east   430   2328
  559262.502    4204185.708       1900.370   2          fp_F_F05_east   430   2320
  559262.502    4204062.675       1953.681   2          fp_F_F05_east   430   2310
  559262.502    4203927.638       2037.307   2          fp_F_F05_east   430   2299
  559262.502    4203684.573       2225.465   3          fp_F_F05_east   430   2280
  557887.502    4204988.726       1645.238   1          fp_F_F09_east   320   2384
  557887.502    4204005.299       2085.772   3          fp_F_F09_east   320   2305
  557597.428    4204187.500       1856.017   1          fp_F_F09_east   297   2320
  557782.092    4204187.500       1957.196   2          fp_F_F09_east   312   2320
  557981.529    4204187.500       2055.112   3          fp_F_F09_east   328   2320
  557534.642    4203937.500       1945.229   1          fp_F_F09_east   292   2300
  557800.558    4203937.500       2091.014   3          fp_F_F09_east   313   2300
  557514.622    4204062.500       1864.338   1          fp_F_F09_east   290   2310
  557725.615    4204062.500       1991.289   2          fp_F_F09_east   307   2310
  558008.435    4204062.500       2124.852   3          fp_F_F09_east   330   2310
  557762.502    4204825.025       1629.899   1          fp_F_F09_east   310   2371
  557762.502    4203896.847       2090.701   3          fp_F_F09_east   310   2297
  557637.502    4204608.900       1651.732   1          fp_F_F09_east   300   2354
  557637.502    4203826.579       2067.855   3          fp_F_F09_east   300   2291
  557137.501    4198410.638       1284.617   1              fp_F_west   260   1858
  557137.501    4198506.473       1372.133   2              fp_F_west   260   1866
  557137.501    4198578.349       1450.159   2              fp_F_west   260   1871
  557137.501    4198686.163       1540.838   3              fp_F_west   260   1880
  556637.501    4198440.586       1232.855   1              fp_F_west   220   1860
  556637.501    4198476.524       1305.609   2              fp_F_west   220   1863
  556637.501    4198539.416       1400.506   3              fp_F_west   220   1868
  556762.501    4198468.751       1232.043   1              fp_F_west   230   1863
  556762.501    4198542.288       1333.016   2              fp_F_west   230   1868
  556762.501    4198656.271       1439.168   2              fp_F_west   230   1878
  556762.501    4198733.485       1505.189   3              fp_F_west   230   1884
  556887.501    4198443.581       1240.332   1              fp_F_west   240   1860
  556887.501    4198488.504       1314.140   2              fp_F_west   240   1864
  556887.501    4198566.369       1390.058   2              fp_F_west   240   1870
  556887.501    4198689.158       1493.389   3              fp_F_west   240   1880
  557012.501    4198449.221       1281.414   1              fp_F_west   250   1861
  557012.501    4198532.555       1384.825   2              fp_F_west   250   1868
  557012.501    4198609.044       1474.468   2              fp_F_west   250   1874
  557012.501    4198709.954       1585.590   3              fp_F_west   250   1882
  564853.608    4203687.500       2111.162   1      fp_F_wj2_che87_T5   877   2280
  565307.269    4203687.500       2404.663   3      fp_F_wj2_che87_T5   914   2280
  563589.918    4202187.500       1891.225   1      fp_F_wj2_che87_T5   776   2160
  564374.922    4202187.500       2315.009   3      fp_F_wj2_che87_T5   839   2160
  564482.860    4203187.500       2056.030   1      fp_F_wj2_che87_T5   848   2240
  565051.987    4203187.500       2446.852   3      fp_F_wj2_che87_T5   893   2240
  564394.547    4202937.500       2077.219   1      fp_F_wj2_che87_T5   841   2220
  564708.548    4202937.500       2336.198   2      fp_F_wj2_che87_T5   866   2220
  564904.799    4202937.500       2479.813   3      fp_F_wj2_che87_T5   881   2220
  563845.044    4202437.500       1931.249   1      fp_F_wj2_che87_T5   797   2180
  564202.882    4202437.500       2150.479   2      fp_F_wj2_che87_T5   825   2180
  564659.486    4202437.500       2395.057   3      fp_F_wj2_che87_T5   862   2180
  565161.449    4203937.500       2122.824   1      fp_F_wj2_che87_T5   902   2300
  565485.493    4203937.500       2350.239   3      fp_F_wj2_che87_T5   928   2300
  564119.795    4202687.500       2011.297   1      fp_F_wj2_che87_T5   819   2200
  564492.672    4202687.500       2220.834   2      fp_F_wj2_che87_T5   848   2200
  564806.674    4202687.500       2430.372   3      fp_F_wj2_che87_T5   874   2200
  564748.596    4203437.500       2124.955   1      fp_F_wj2_che87_T5   869   2260
  565208.084    4203437.500       2473.824   3      fp_F_wj2_che87_T5   906   2260
  564070.733    4202562.500       1997.171   1      fp_F_wj2_che87_T5   815   2190
  564423.984    4202562.500       2209.063   2      fp_F_wj2_che87_T5   843   2190
  564737.986    4202562.500       2402.120   3      fp_F_wj2_che87_T5   868   2190
  556387.502    4204540.136       1569.271   1             fp_F11_bei   200   2348
  556387.502    4204315.477       1779.549   2             fp_F11_bei   200   2330
  556387.502    4204188.467       1883.612   2             fp_F11_bei   200   2320
  556387.502    4203981.154       2059.874   3             fp_F11_bei   200   2303
  556206.095    4204312.500       1653.582   1             fp_F11_bei   185   2330
  556284.627    4204312.500       1711.967   2             fp_F11_bei   192   2330
  556393.077    4204312.500       1780.266   2             fp_F11_bei   200   2330
  556527.704    4204312.500       1837.549   2             fp_F11_bei   211   2330
  556632.414    4204312.500       1890.426   3             fp_F11_bei   220   2330
  556183.657    4204187.500       1781.367   1             fp_F11_bei   184   2320
  556292.106    4204187.500       1828.736   2             fp_F11_bei   192   2320
  556509.006    4204187.500       1919.068   2             fp_F11_bei   210   2320
  556624.934    4204187.500       1962.030   3             fp_F11_bei   219   2320
  556512.502    4204604.340       1632.093   1             fp_F11_bei   210   2353
  556512.502    4204018.710       2033.892   3             fp_F11_bei   210   2306
  556262.502    4204487.193       1532.321   1             fp_F11_bei   190   2344
  556262.502    4203918.738       2074.271   3             fp_F11_bei   190   2298
  556177.686    4205062.500       1592.141   1          fp_F11_bei_02   183   2390
  556274.587    4205062.500       1707.678   2          fp_F11_bei_02   191   2390
  556399.174    4205062.500       1839.527   2          fp_F11_bei_02   201   2390
  556468.390    4205062.500       1929.239   3          fp_F11_bei_02   206   2390
  557012.502    4206112.077       1444.238   1          fp_F11_bei_02   250   2474
  557012.502    4205425.552       1857.941   3          fp_F11_bei_02   250   2419
  556512.502    4205694.486       1365.100   1          fp_F11_bei_02   210   2441
  556512.502    4205065.632       1889.889   3          fp_F11_bei_02   210   2390
  556205.372    4205312.500       1393.688   1          fp_F11_bei_02   185   2410
  556293.045    4205312.500       1494.273   2          fp_F11_bei_02   192   2410
  556417.632    4205312.500       1616.607   2          fp_F11_bei_02   202   2410
  556519.147    4205312.500       1690.008   2          fp_F11_bei_02   211   2410
  556643.735    4205312.500       1796.031   2          fp_F11_bei_02   220   2410
  556786.779    4205312.500       1891.179   3          fp_F11_bei_02   232   2410
  556532.990    4205687.500       1407.280   1          fp_F11_bei_02   212   2440
  556652.963    4205687.500       1494.273   2          fp_F11_bei_02   221   2440
  556800.622    4205687.500       1583.985   2          fp_F11_bei_02   233   2440
  556906.752    4205687.500       1641.074   2          fp_F11_bei_02   242   2440
  557012.882    4205687.500       1704.960   2          fp_F11_bei_02   250   2440
  557123.626    4205687.500       1771.564   2          fp_F11_bei_02   259   2440
  557215.913    4205687.500       1828.653   3          fp_F11_bei_02   266   2440
  557137.502    4206300.294       1438.185   1          fp_F11_bei_02   260   2489
  557137.502    4205593.333       1816.334   3          fp_F11_bei_02   260   2432
  556283.816    4205437.500       1435.825   1          fp_F11_bei_02   192   2420
  556505.304    4205437.500       1581.266   2          fp_F11_bei_02   209   2420
  556671.421    4205437.500       1690.008   2          fp_F11_bei_02   223   2420
  556777.550    4205437.500       1749.816   2          fp_F11_bei_02   231   2420
  556883.680    4205437.500       1797.390   2          fp_F11_bei_02   240   2420
  557035.954    4205437.500       1862.635   2          fp_F11_bei_02   252   2420
  557169.769    4205437.500       1925.161   3          fp_F11_bei_02   263   2420
  556637.502    4205831.831       1354.279   1          fp_F11_bei_02   220   2452
  556637.502    4205184.022       1887.213   3          fp_F11_bei_02   220   2400
  556887.502    4206063.618       1412.632   1          fp_F11_bei_02   240   2470
  556887.502    4205726.414       1607.796   2          fp_F11_bei_02   240   2443
  556887.502    4205541.936       1725.352   2          fp_F11_bei_02   240   2428
  556887.502    4205331.767       1854.658   3          fp_F11_bei_02   240   2412
  556353.031    4205562.500       1374.658   1          fp_F11_bei_02   197   2430
  556436.089    4205562.500       1419.514   2          fp_F11_bei_02   204   2430
  556579.134    4205562.500       1521.459   2          fp_F11_bei_02   215   2430
  556717.564    4205562.500       1623.404   2          fp_F11_bei_02   226   2430
  556883.680    4205562.500       1710.397   2          fp_F11_bei_02   240   2430
  557035.954    4205562.500       1794.671   2          fp_F11_bei_02   252   2430
  557146.698    4205562.500       1850.401   3          fp_F11_bei_02   261   2430
  556762.502    4205879.343       1417.883   1          fp_F11_bei_02   230   2455
  556762.502    4205269.021       1863.612   3          fp_F11_bei_02   230   2407
  556387.502    4205676.520       1300.177   1          fp_F11_bei_02   200   2439
  556387.502    4205039.747       1841.198   3          fp_F11_bei_02   200   2388
  556262.502    4205404.700       1355.146   1          fp_F11_bei_02   190   2417
  556262.502    4204901.069       1844.984   3          fp_F11_bei_02   190   2377
  556579.134    4205812.500       1333.880   1          fp_F11_bei_02   215   2450
  556689.878    4205812.500       1419.514   2          fp_F11_bei_02   224   2450
  556772.936    4205812.500       1480.681   2          fp_F11_bei_02   231   2450
  556934.438    4205812.500       1582.626   2          fp_F11_bei_02   244   2450
  557040.568    4205812.500       1649.230   2          fp_F11_bei_02   252   2450
  557192.841    4205812.500       1733.504   2          fp_F11_bei_02   264   2450
  557294.357    4205812.500       1793.312   3          fp_F11_bei_02   273   2450
