#Line    Trace        X           Y           Time        Flag            FaultName 
1711   4053     573012.500    4207065.341       2202.600   1                    F01
1711   4015     573012.500    4206586.221       2477.000   1                    F01
1711   3973     573012.500    4206061.569       2756.400   1                    F01
1711   3929     573012.500    4205511.432       2993.800   1                    F01
1711   3853     573012.500    4204556.933       3263.400   1                    F01
1711   3774     573012.500    4203577.630       3545.000   1                    F01
1711   3739     573012.500    4203140.304       3670.200   1                    F01
1711   3713     573012.500    4202806.961       3765.800   1                    F01
1731   4051     573262.500    4207032.040       2403.800   2                    F01
1731   4026     573262.500    4206723.840       2585.000   2                    F01
1731   3988     573262.500    4206244.381       2773.600   2                    F01
1731   3954     573262.500    4205819.293       2964.800   2                    F01
1731   3923     573262.500    4205432.260       3101.800   2                    F01
1731   3879     573262.500    4204886.200       3305.200   2                    F01
1731   3846     573262.500    4204469.604       3422.800   2                    F01
1731   3788     573262.500    4203744.470       3660.400   2                    F01
1731   3759     573262.500    4203390.399       3743.800   2                    F01
1731   3741     573262.500    4203161.370       3800.000   2                    F01
1751   4203     573512.500    4208936.282       1149.400   3                    F01
1751   4178     573512.500    4208619.589       1372.400   3                    F01
1751   4161     573512.500    4208411.291       1519.400   3                    F01
1751   4139     573512.500    4208140.472       1693.200   3                    F01
1751   4126     573512.500    4207978.045       1808.400   3                    F01
1751   4105     573512.500    4207715.381       2021.400   3                    F01
1751   4069     573512.500    4207261.407       2332.600   3                    F01
1751   4035     573512.500    4206836.316       2589.800   3                    F01
1751   4004     573512.500    4206453.021       2810.400   3                    F01
1751   3977     573512.500    4206115.597       2994.000   3                    F01
1751   3949     573512.500    4205757.107       3143.400   3                    F01
1751   3891     573512.500    4205031.976       3368.800   3                    F01
1751   3856     573512.500    4204594.653       3493.800   3                    F01
1751   3818     573512.500    4204123.687       3618.800   3                    F01
1751   3772     573512.500    4203548.745       3763.200   3                    F01
1791   4218     574012.500    4209123.852       1159.200   4                    F01
1791   4202     574012.500    4208927.789       1330.800   4                    F01
1791   4189     574012.500    4208761.285       1482.600   4                    F01
1791   4172     574012.500    4208544.491       1698.200   4                    F01
1791   4149     574012.500    4208265.515       1945.600   4                    F01
1791   4125     574012.500    4207965.472       2178.200   4                    F01
1791   4095     574012.500    4207586.255       2457.600   4                    F01
1791   4074     574012.500    4207319.513       2609.400   4                    F01
1791   4045     574012.500    4206965.442       2776.000   4                    F01
1791   4022     574012.500    4206673.889       2918.000   4                    F01
1791   3994     574012.500    4206327.972       3011.200   4                    F01
1791   3957     574012.500    4205857.010       3175.400   4                    F01
1791   3912     574012.500    4205303.134       3322.400   4                    F01
1791   3866     574012.500    4204719.699       3481.600   4                    F01
1791   3826     574012.500    4204219.513       3633.400   4                    F01
1791   3780     574012.500    4203648.986       3775.600   4                    F01
1771   4223     573762.500    4209186.377       1142.000   5                    F01
1771   4203     573762.500    4208932.205       1330.800   5                    F01
1771   4182     573762.500    4208678.033       1541.400   5                    F01
1771   4161     573762.500    4208415.368       1769.200   5                    F01
1771   4139     573762.500    4208132.312       1972.600   5                    F01
1771   4119     573762.500    4207886.297       2158.800   5                    F01
1771   4077     573762.500    4207357.229       2455.200   5                    F01
1771   4049     573762.500    4207015.390       2658.400   5                    F01
1771   4002     573762.500    4206423.797       2925.600   5                    F01
1771   3975     573762.500    4206086.377       3097.000   5                    F01
1771   3916     573762.500    4205344.592       3310.000   5                    F01
1771   3872     573762.500    4204802.948       3432.600   5                    F01
1771   3829     573762.500    4204261.306       3562.400   5                    F01
1771   3794     573762.500    4203819.568       3694.600   5                    F01
1771   3778     573762.500    4203627.917       3751.000   5                    F01
1781   4222     573887.500    4209177.881       1137.200   6                    F01
1781   4205     573887.500    4208961.428       1303.800   6                    F01
1781   4189     573887.500    4208757.208       1497.200   6                    F01
1781   4170     573887.500    4208527.844       1700.600   6                    F01
1781   4154     573887.500    4208319.543       1891.600   6                    F01
1781   4136     573887.500    4208094.598       2068.000   6                    F01
1781   4113     573887.500    4207807.122       2259.200   6                    F01
1781   4085     573887.500    4207465.286       2479.600   6                    F01
1781   4044     573887.500    4206952.868       2753.800   6                    F01
1781   4014     573887.500    4206578.067       2915.600   6                    F01
1781   3985     573887.500    4206215.500       3045.400   6                    F01
1781   3955     573887.500    4205836.282       3175.400   6                    F01
1781   3903     573887.500    4205182.165       3356.600   6                    F01
1781   3852     573887.500    4204552.856       3511.000   6                    F01
1781   3818     573887.500    4204128.106       3633.400   6                    F01
1781   3780     573887.500    4203653.064       3790.200   6                    F01
1801   4232     574137.500    4209294.433       1132.200   7                    F01
1801   4215     574137.500    4209086.132       1245.000   7                    F01
1801   4202     574137.500    4208923.709       1374.800   7                    F01
1801   4188     574137.500    4208752.789       1519.400   7                    F01
1801   4171     574137.500    4208536.337       1739.800   7                    F01
1801   4154     574137.500    4208323.620       1984.800   7                    F01
1801   4133     574137.500    4208065.374       2173.400   7                    F01
1801   4111     574137.500    4207781.979       2349.800   7                    F01
1801   4097     574137.500    4207611.401       2462.400   7                    F01
1801   4067     574137.500    4207236.261       2680.400   7                    F01
1801   4040     574137.500    4206894.763       2822.400   7                    F01
1801   4009     574137.500    4206511.126       2962.200   7                    F01
1801   3982     574137.500    4206178.122       3065.200   7                    F01
1801   3943     574137.500    4205690.509       3209.600   7                    F01
1801   3909     574137.500    4205265.417       3319.800   7                    F01
1801   3870     574137.500    4204773.727       3462.000   7                    F01
1801   3835     574137.500    4204336.401       3599.200   7                    F01
1801   3802     574137.500    4203927.963       3719.200   7                    F01
1801   3790     574137.500    4203778.112       3758.400   7                    F01
1811   4249     574262.500    4209515.301       1127.400   8                    F01
1811   4227     574262.500    4209240.405       1274.400   8                    F01
1811   4207     574262.500    4208982.156       1472.800   8                    F01
1811   4182     574262.500    4208678.033       1717.800   8                    F01
1811   4158     574262.500    4208369.494       1984.800   8                    F01
1811   4135     574262.500    4208082.364       2205.200   8                    F01
1811   4113     574262.500    4207807.122       2394.000   8                    F01
1811   4085     574262.500    4207461.206       2602.200   8                    F01
1811   4050     574262.500    4207023.883       2795.600   8                    F01
1811   4027     574262.500    4206736.413       2905.600   8                    F01
1811   3997     574262.500    4206361.273       3028.200   8                    F01
1811   3963     574262.500    4205940.600       3165.400   8                    F01
1811   3918     574262.500    4205377.893       3322.200   8                    F01
1811   3882     574262.500    4204923.578       3442.200   8                    F01
1811   3842     574262.500    4204419.653       3599.200   8                    F01
1811   3800     574262.500    4203894.662       3743.600   8                    F01
1811   3785     574262.500    4203707.092       3787.800   8                    F01
1821   4256     574387.500    4209602.972       1147.000   9                    F01
1821   4237     574387.500    4209361.374       1294.000   9                    F01
1821   4212     574387.500    4209048.755       1514.400   9                    F01
1821   4187     574387.500    4208740.558       1720.200   9                    F01
1821   4164     574387.500    4208448.669       1945.600   9                    F01
1821   4139     574387.500    4208131.976       2173.400   9                    F01
1821   4118     574387.500    4207877.801       2325.200   9                    F01
1821   4096     574387.500    4207598.828       2513.800   9                    F01
1821   4069     574387.500    4207256.988       2695.200   9                    F01
1821   4038     574387.500    4206869.616       2874.000   9                    F01
1821   4009     574387.500    4206511.126       2994.000   9                    F01
1821   3986     574387.500    4206223.993       3089.600   9                    F01
1821   3933     574387.500    4205565.460       3278.200   9                    F01
1821   3891     574387.500    4205031.976       3425.200   9                    F01
1821   3861     574387.500    4204657.174       3515.800   9                    F01
1821   3842     574387.500    4204419.653       3596.800   9                    F01
1821   3808     574387.500    4203994.565       3714.200   9                    F01
1821   3785     574387.500    4203707.092       3790.200   9                    F01
1861   4323     574887.500    4210440.579       1134.800   10                    F01
1861   4292     574887.500    4210052.868       1262.200   10                    F01
1861   4261     574887.500    4209665.493       1423.800   10                    F01
1861   4223     574887.500    4209186.377       1627.200   10                    F01
1861   4192     574887.500    4208794.586       1825.600   10                    F01
1861   4150     574887.500    4208278.088       2077.800   10                    F01
1861   4124     574887.500    4207952.899       2239.600   10                    F01
1861   4101     574887.500    4207665.429       2415.800   10                    F01
1861   4082     574887.500    4207427.908       2531.000   10                    F01
1861   4048     574887.500    4207002.820       2746.600   10                    F01
1861   4020     574887.500    4206644.668       2918.000   10                    F01
1861   3988     574887.500    4206248.800       3062.600   10                    F01
1861   3966     574887.500    4205977.978       3170.400   10                    F01
1861   3915     574887.500    4205332.019       3364.000   10                    F01
1861   3866     574887.500    4204723.776       3520.800   10                    F01
1861   3829     574887.500    4204261.306       3645.600   10                    F01
1861   3789     574887.500    4203757.043       3770.600   10                    F01
1851   4295     574762.500    4210086.169       1171.400   11                    F01
1851   4265     574762.500    4209715.445       1306.200   11                    F01
1851   4236     574762.500    4209352.878       1470.400   11                    F01
1851   4209     574762.500    4209015.454       1671.200   11                    F01
1851   4189     574762.500    4208757.208       1823.000   11                    F01
1851   4168     574762.500    4208503.039       1970.000   11                    F01
1851   4146     574762.500    4208227.798       2141.600   11                    F01
1851   4119     574762.500    4207890.374       2335.000   11                    F01
1851   4104     574762.500    4207702.807       2445.200   11                    F01
1851   4081     574762.500    4207407.177       2599.600   11                    F01
1851   4053     574762.500    4207057.184       2776.000   11                    F01
1851   4012     574762.500    4206548.846       2964.600   11                    F01
1851   3978     574762.500    4206119.674       3101.800   11                    F01
1851   3942     574762.500    4205677.935       3248.800   11                    F01
1851   3915     574762.500    4205332.019       3351.800   11                    F01
1851   3876     574762.500    4204852.899       3484.000   11                    F01
1851   3835     574762.500    4204331.985       3628.600   11                    F01
1851   3797     574762.500    4203865.439       3756.000   11                    F01
1851   3785     574762.500    4203711.169       3800.000   11                    F01
1841   4273     574637.500    4209807.190       1200.800   12                    F01
1841   4255     574637.500    4209582.245       1313.600   12                    F01
1841   4234     574637.500    4209319.580       1480.200   12                    F01
1841   4213     574637.500    4209061.328       1641.800   12                    F01
1841   4195     574637.500    4208831.964       1786.400   12                    F01
1841   4180     574637.500    4208648.810       1886.800   12                    F01
1841   4165     574637.500    4208457.165       1999.400   12                    F01
1841   4145     574637.500    4208211.148       2151.400   12                    F01
1841   4129     574637.500    4208007.269       2264.000   12                    F01
1841   4111     574637.500    4207790.475       2374.200   12                    F01
1841   4100     574637.500    4207648.779       2474.800   12                    F01
1841   4068     574637.500    4207252.911       2690.200   12                    F01
1841   4038     574637.500    4206873.694       2871.600   12                    F01
1841   4002     574637.500    4206423.459       3030.600   12                    F01
1841   3974     574637.500    4206073.803       3143.400   12                    F01
1841   3934     574637.500    4205573.956       3278.200   12                    F01
1841   3901     574637.500    4205157.022       3393.400   12                    F01
1841   3840     574637.500    4204403.003       3591.800   12                    F01
1841   3799     574637.500    4203890.585       3733.800   12                    F01
1841   3784     574637.500    4203694.519       3787.800   12                    F01
1831   4257     574512.500    4209607.049       1200.800   13                    F01
1831   4237     574512.500    4209361.374       1350.200   13                    F01
1831   4216     574512.500    4209094.629       1568.400   13                    F01
1831   4189     574512.500    4208765.362       1776.600   13                    F01
1831   4162     574512.500    4208427.942       2006.800   13                    F01
1831   4135     574512.500    4208090.518       2207.600   13                    F01
1831   4115     574512.500    4207836.346       2352.200   13                    F01
1831   4095     574512.500    4207582.177       2484.600   13                    F01
1831   4066     574512.500    4207223.687       2692.800   13                    F01
1831   4033     574512.500    4206811.511       2888.600   13                    F01
1831   3997     574512.500    4206365.350       3045.400   13                    F01
1831   3973     574512.500    4206057.153       3153.200   13                    F01
1831   3902     574512.500    4205173.672       3393.400   13                    F01
1831   3852     574512.500    4204544.702       3542.800   13                    F01
1831   3808     574512.500    4204003.058       3689.800   13                    F01
1831   3790     574512.500    4203774.032       3760.800   13                    F01
1911   4406     575512.500    4211469.494       1117.600   14                    F01
1911   4377     575512.500    4211115.423       1196.000   14                    F01
1911   4351     575512.500    4210782.080       1294.000   14                    F01
1911   4327     575512.500    4210486.114       1384.600   14                    F01
1911   4303     575512.500    4210181.988       1445.800   14                    F01
1911   4282     575512.500    4209927.820       1512.000   14                    F01
1911   4250     575512.500    4209519.378       1649.200   14                    F01
1911   4220     575512.500    4209148.657       1793.600   14                    F01
1911   4195     575512.500    4208831.964       1953.000   14                    F01
1911   4174     575512.500    4208573.715       2097.400   14                    F01
1911   4150     575512.500    4208277.746       2229.800   14                    F01
1911   4126     575512.500    4207973.626       2376.800   14                    F01
1911   4102     575512.500    4207669.507       2516.400   14                    F01
1911   4075     575512.500    4207336.163       2692.800   14                    F01
1911   4047     575512.500    4206990.246       2817.600   14                    F01
1911   4016     575512.500    4206594.378       2974.400   14                    F01
1911   3995     575512.500    4206332.052       3062.600   14                    F01
1911   3964     575512.500    4205944.677       3192.600   14                    F01
1911   3932     575512.500    4205552.890       3327.200   14                    F01
1911   3893     575512.500    4205057.119       3486.400   14                    F01
1911   3858     575512.500    4204623.874       3606.400   14                    F01
1911   3826     575512.500    4204228.006       3721.600   14                    F01
1911   3807     575512.500    4203990.484       3770.600   14                    F01
1921   4413     575637.500    4211561.242       1110.200   15                    F01
1921   4388     575637.500    4211244.546       1203.400   15                    F01
1921   4361     575637.500    4210911.203       1311.200   15                    F01
1921   4340     575637.500    4210648.538       1401.800   15                    F01
1921   4323     575637.500    4210436.163       1458.000   15                    F01
1921   4307     575637.500    4210236.017       1490.000   15                    F01
1921   4291     575637.500    4210036.218       1526.600   15                    F01
1921   4272     575637.500    4209794.616       1588.000   15                    F01
1921   4246     575637.500    4209473.507       1710.400   15                    F01
1921   4219     575637.500    4209140.161       1886.800   15                    F01
1921   4194     575637.500    4208823.810       2041.000   15                    F01
1921   4172     575637.500    4208544.491       2163.600   15                    F01
1921   4148     575637.500    4208244.449       2276.400   15                    F01
1921   4127     575637.500    4207982.123       2403.800   15                    F01
1921   4104     575637.500    4207698.730       2543.400   15                    F01
1921   4082     575637.500    4207423.828       2678.000   15                    F01
1921   4057     575637.500    4207111.212       2822.600   15                    F01
1921   4043     575637.500    4206932.141       2893.600   15                    F01
1921   4032     575637.500    4206803.015       2937.800   15                    F01
1921   4007     575637.500    4206486.322       3052.800   15                    F01
1921   3977     575637.500    4206111.181       3185.200   15                    F01
1921   3944     575637.500    4205698.663       3300.200   15                    F01
1921   3916     575637.500    4205344.592       3395.800   15                    F01
1921   3882     575637.500    4204927.997       3525.600   15                    F01
1921   3849     575637.500    4204511.059       3665.200   15                    F01
1921   3817     575637.500    4204111.114       3780.400   15                    F01
1901   4386     575387.500    4211219.403       1115.200   16                    F01
1901   4362     575387.500    4210919.357       1208.200   16                    F01
1901   4336     575387.500    4210602.664       1308.600   16                    F01
1901   4309     575387.500    4210261.163       1394.400   16                    F01
1901   4273     575387.500    4209806.851       1521.800   16                    F01
1901   4244     575387.500    4209444.623       1651.600   16                    F01
1901   4220     575387.500    4209152.734       1761.800   16                    F01
1901   4193     575387.500    4208811.236       1933.400   16                    F01
1901   4169     575387.500    4208507.113       2097.400   16                    F01
1901   4150     575387.500    4208269.592       2212.600   16                    F01
1901   4122     575387.500    4207919.598       2379.200   16                    F01
1901   4085     575387.500    4207461.206       2607.000   16                    F01
1901   4057     575387.500    4207115.292       2744.200   16                    F01
1901   4032     575387.500    4206798.596       2864.200   16                    F01
1901   4005     575387.500    4206457.098       2999.000   16                    F01
1901   3974     575387.500    4206069.384       3136.200   16                    F01
1901   3924     575387.500    4205452.987       3337.000   16                    F01
1901   3885     575387.500    4204961.297       3471.800   16                    F01
1901   3847     575387.500    4204482.177       3638.400   16                    F01
1901   3809     575387.500    4204007.135       3746.200   16                    F01
1901   3795     575387.500    4203832.138       3785.400   16                    F01
1891   4368     575262.500    4211002.948       1134.800   17                    F01
1891   4349     575262.500    4210765.429       1210.600   17                    F01
1891   4330     575262.500    4210527.908       1284.200   17                    F01
1891   4310     575262.500    4210273.736       1343.000   17                    F01
1891   4295     575262.500    4210090.582       1384.600   17                    F01
1891   4282     575262.500    4209919.665       1450.800   17                    F01
1891   4263     575262.500    4209690.301       1534.000   17                    F01
1891   4244     575262.500    4209448.700       1627.200   17                    F01
1891   4222     575262.500    4209177.881       1705.400   17                    F01
1891   4207     575262.500    4208986.233       1781.400   17                    F01
1891   4187     575262.500    4208732.061       1911.200   17                    F01
1891   4166     575262.500    4208473.816       2041.000   17                    F01
1891   4135     575262.500    4208090.518       2222.400   17                    F01
1891   4103     575262.500    4207682.080       2416.000   17                    F01
1891   4073     575262.500    4207315.436       2597.200   17                    F01
1891   4046     575262.500    4206978.012       2763.800   17                    F01
1891   4002     575262.500    4206427.874       2979.200   17                    F01
1891   3977     575262.500    4206107.104       3082.000   17                    F01
1891   3954     575262.500    4205827.789       3192.400   17                    F01
1891   3928     575262.500    4205498.861       3288.000   17                    F01
1891   3899     575262.500    4205140.371       3408.000   17                    F01
1891   3872     575262.500    4204798.871       3523.200   17                    F01
1891   3833     575262.500    4204315.335       3662.800   17                    F01
1891   3801     575262.500    4203915.390       3775.600   17                    F01
1881   4358     575137.500    4210869.745       1127.400   18                    F01
1881   4338     575137.500    4210623.730       1203.400   18                    F01
1881   4317     575137.500    4210361.407       1269.400   18                    F01
1881   4300     575137.500    4210152.771       1313.600   18                    F01
1881   4285     575137.500    4209957.043       1394.400   18                    F01
1881   4268     575137.500    4209752.823       1477.600   18                    F01
1881   4250     575137.500    4209527.874       1563.400   18                    F01
1881   4227     575137.500    4209240.405       1663.800   18                    F01
1881   4203     575137.500    4208932.205       1766.800   18                    F01
1881   4185     575137.500    4208715.411       1859.800   18                    F01
1881   4164     575137.500    4208453.085       2004.400   18                    F01
1881   4136     575137.500    4208103.091       2156.400   18                    F01
1881   4116     575137.500    4207844.503       2288.600   18                    F01
1881   4091     575137.500    4207536.303       2450.200   18                    F01
1881   4063     575137.500    4207181.891       2636.600   18                    F01
1881   4031     575137.500    4206786.364       2824.800   18                    F01
1881   4002     575137.500    4206423.797       2979.200   18                    F01
1881   3977     575137.500    4206107.104       3087.200   18                    F01
1881   3940     575137.500    4205648.712       3239.200   18                    F01
1881   3897     575137.500    4205107.071       3393.400   18                    F01
1881   3864     575137.500    4204694.552       3545.400   18                    F01
1881   3809     575137.500    4204015.631       3724.000   18                    F01
1881   3792     575137.500    4203794.760       3790.200   18                    F01
1871   4330     575012.500    4210523.828       1154.400   19                    F01
1871   4305     575012.500    4210215.292       1257.200   19                    F01
1871   4281     575012.500    4209911.169       1374.800   19                    F01
1871   4257     575012.500    4209607.049       1516.800   19                    F01
1871   4229     575012.500    4209257.055       1649.200   19                    F01
1871   4201     575012.500    4208911.139       1774.000   19                    F01
1871   4177     575012.500    4208607.016       1896.600   19                    F01
1871   4149     575012.500    4208261.438       2050.800   19                    F01
1871   4129     575012.500    4208011.346       2175.800   19                    F01
1871   4105     575012.500    4207711.303       2342.400   19                    F01
1871   4076     575012.500    4207349.075       2560.600   19                    F01
1871   4043     575012.500    4206940.295       2761.400   19                    F01
1871   4009     575012.500    4206511.465       2945.000   19                    F01
1871   3978     575012.500    4206124.093       3089.600   19                    F01
1871   3937     575012.500    4205615.411       3251.400   19                    F01
1871   3908     575012.500    4205248.767       3359.200   19                    F01
1871   3868     575012.500    4204744.842       3518.200   19                    F01
1871   3834     575012.500    4204320.092       3626.200   19                    F01
1871   3811     575012.500    4204031.942       3697.200   19                    F01
1871   3788     575012.500    4203744.470       3780.400   19                    F01
1941   4418     575887.500    4211623.764       1117.600   20                    F01
1941   4394     575887.500    4211323.718       1210.600   20                    F01
1941   4372     575887.500    4211044.403       1303.800   20                    F01
1941   4348     575887.500    4210748.779       1421.400   20                    F01
1941   4325     575887.500    4210456.891       1502.200   20                    F01
1941   4301     575887.500    4210156.845       1580.600   20                    F01
1941   4287     575887.500    4209981.848       1637.000   20                    F01
1941   4263     575887.500    4209686.221       1732.400   20                    F01
1941   4241     575887.500    4209415.402       1850.000   20                    F01
1941   4214     575887.500    4209069.482       1997.000   20                    F01
1941   4180     575887.500    4208652.887       2173.400   20                    F01
1941   4164     575887.500    4208452.746       2251.600   20                    F01
1941   4136     575887.500    4208098.675       2430.600   20                    F01
1941   4101     575887.500    4207661.010       2658.400   20                    F01
1941   4069     575887.500    4207265.484       2832.200   20                    F01
1941   4033     575887.500    4206815.246       3001.200   20                    F01
1941   4001     575887.500    4206411.224       3146.000   20                    F01
1941   3957     575887.500    4205857.010       3337.000   20                    F01
1941   3913     575887.500    4205315.368       3506.000   20                    F01
1941   3876     575887.500    4204852.899       3645.600   20                    F01
1941   3846     575887.500    4204477.759       3780.400   20                    F01
1961   4421     576137.500    4211665.222       1112.600   21                    F01
1961   4397     576137.500    4211361.096       1213.200   21                    F01
1961   4368     576137.500    4210998.529       1333.200   21                    F01
1961   4341     576137.500    4210665.185       1453.200   21                    F01
1961   4302     576137.500    4210177.914       1592.800   21                    F01
1961   4275     576137.500    4209836.072       1705.400   21                    F01
1961   4242     576137.500    4209419.476       1877.000   21                    F01
1961   4214     576137.500    4209069.482       2016.600   21                    F01
1961   4186     576137.500    4208727.984       2148.800   21                    F01
1961   4164     576137.500    4208452.746       2281.200   21                    F01
1961   4147     576137.500    4208236.291       2413.400   21                    F01
1961   4117     576137.500    4207865.231       2590.000   21                    F01
1961   4085     576137.500    4207457.132       2798.200   21                    F01
1961   4051     576137.500    4207040.194       2964.600   21                    F01
1961   4019     576137.500    4206636.172       3109.200   21                    F01
1961   3987     576137.500    4206236.227       3246.400   21                    F01
1961   3955     576137.500    4205836.282       3393.400   21                    F01
1961   3916     576137.500    4205344.592       3528.200   21                    F01
1961   3884     576137.500    4204944.647       3658.000   21                    F01
1961   3852     576137.500    4204544.702       3782.800   21                    F01
2001   4413     576637.500    4211565.320       1149.400   22                    F01
2001   4395     576637.500    4211331.878       1237.600   22                    F01
2001   4368     576637.500    4210998.529       1374.800   22                    F01
2001   4348     576637.500    4210752.856       1465.400   22                    F01
2001   4329     576637.500    4210506.842       1529.200   22                    F01
2001   4302     576637.500    4210169.418       1612.400   22                    F01
2001   4282     576637.500    4209919.324       1710.400   22                    F01
2001   4257     576637.500    4209615.204       1872.000   22                    F01
2001   4242     576637.500    4209423.556       2038.600   22                    F01
2001   4223     576637.500    4209181.958       2193.000   22                    F01
2001   4211     576637.500    4209036.184       2303.200   22                    F01
2001   4187     576637.500    4208740.216       2447.600   22                    F01
2001   4159     576637.500    4208390.222       2589.800   22                    F01
2001   4136     576637.500    4208094.598       2712.200   22                    F01
2001   4115     576637.500    4207831.930       2837.200   22                    F01
2001   4088     576637.500    4207503.003       2937.600   22                    F01
2001   4064     576637.500    4207198.541       3062.600   22                    F01
2001   4031     576637.500    4206790.442       3172.800   22                    F01
2001   4000     576637.500    4206398.651       3297.800   22                    F01
2001   3956     576637.500    4205844.436       3454.600   22                    F01
2001   3914     576637.500    4205319.446       3587.000   22                    F01
2001   3862     576637.500    4204677.902       3731.400   22                    F01
2001   3854     576637.500    4204578.003       3763.200   22                    F01
1981   4421     576387.500    4211665.222       1134.800   23                    F01
1981   4399     576387.500    4211390.320       1223.000   23                    F01
1981   4370     576387.500    4211023.675       1343.000   23                    F01
1981   4336     576387.500    4210598.584       1472.800   23                    F01
1981   4308     576387.500    4210248.590       1568.400   23                    F01
1981   4280     576387.500    4209902.673       1693.200   23                    F01
1981   4245     576387.500    4209465.350       1874.600   23                    F01
1981   4222     576387.500    4209169.385       2048.400   23                    F01
1981   4199     576387.500    4208886.331       2210.200   23                    F01
1981   4174     576387.500    4208577.792       2371.800   23                    F01
1981   4149     576387.500    4208265.176       2516.200   23                    F01
1981   4123     576387.500    4207940.326       2665.600   23                    F01
1981   4102     576387.500    4207673.584       2805.400   23                    F01
1981   4067     576387.500    4207240.338       2974.400   23                    F01
1981   4036     576387.500    4206852.966       3128.600   23                    F01
1981   4005     576387.500    4206456.759       3246.200   23                    F01
1981   3971     576387.500    4206040.503       3373.600   23                    F01
1981   3925     576387.500    4205457.065       3528.200   23                    F01
1981   3890     576387.500    4205023.480       3645.600   23                    F01
1981   3858     576387.500    4204627.951       3770.600   23                    F01
2021   4348     576887.500    4210744.360       1448.200   24                    F01
2021   4317     576887.500    4210365.484       1644.200   24                    F01
2021   4292     576887.500    4210044.372       1832.800   24                    F01
2021   4262     576887.500    4209673.651       2065.600   24                    F01
2021   4241     576887.500    4209411.322       2224.800   24                    F01
2021   4222     576887.500    4209177.881       2366.800   24                    F01
2021   4193     576887.500    4208815.314       2553.000   24                    F01
2021   4158     576887.500    4208369.494       2729.400   24                    F01
2021   4123     576887.500    4207932.171       2891.000   24                    F01
2021   4087     576887.500    4207490.429       3028.200   24                    F01
2021   4045     576887.500    4206965.442       3192.400   24                    F01
2021   4001     576887.500    4206415.301       3336.800   24                    F01
2021   3959     576887.500    4205890.310       3491.400   24                    F01
2021   3915     576887.500    4205340.515       3645.600   24                    F01
2021   3876     576887.500    4204848.822       3758.400   24                    F01
2041   4375     577137.500    4211086.200       1455.600   25                    F01
2041   4354     577137.500    4210823.535       1565.800   25                    F01
2041   4331     577137.500    4210540.481       1715.200   25                    F01
2041   4308     577137.500    4210248.590       1864.800   25                    F01
2041   4282     577137.500    4209927.820       2053.400   25                    F01
2041   4262     577137.500    4209669.574       2205.200   25                    F01
2041   4234     577137.500    4209327.734       2384.000   25                    F01
2041   4203     577137.500    4208936.282       2562.800   25                    F01
2041   4161     577137.500    4208415.368       2758.800   25                    F01
2041   4127     577137.500    4207990.277       2920.600   25                    F01
2041   4085     577137.500    4207465.286       3092.000   25                    F01
2041   4036     577137.500    4206852.966       3290.400   25                    F01
2041   4000     577137.500    4206398.651       3422.800   25                    F01
2041   3961     577137.500    4205911.038       3574.600   25                    F01
2041   3926     577137.500    4205469.638       3704.400   25                    F01
2041   3899     577137.500    4205131.875       3785.400   25                    F01
2121   4400     578137.500    4211398.477       1487.400   26                    F01
2121   4360     578137.500    4210902.710       1705.400   26                    F01
2121   4332     578137.500    4210548.636       1906.400   26                    F01
2121   4304     578137.500    4210202.719       2107.200   26                    F01
2121   4269     578137.500    4209756.900       2349.600   26                    F01
2121   4240     578137.500    4209398.752       2528.600   26                    F01
2121   4208     578137.500    4209002.881       2695.200   26                    F01
2121   4178     578137.500    4208623.666       2859.400   26                    F01
2121   4145     578137.500    4208215.228       3021.000   26                    F01
2121   4108     578137.500    4207748.681       3202.400   26                    F01
2121   4077     578137.500    4207365.384       3349.200   26                    F01
2121   4040     578137.500    4206902.917       3491.400   26                    F01
2121   4007     578137.500    4206481.903       3604.000   26                    F01
2121   3978     578137.500    4206123.755       3709.400   26                    F01
2121   3962     578137.500    4205928.027       3756.000   26                    F01
2141   4425     578387.500    4211707.016       1362.400   27                    F01
2141   4402     578387.500    4211423.620       1529.000   27                    F01
2141   4378     578387.500    4211123.578       1744.600   27                    F01
2141   4362     578387.500    4210927.853       1859.800   27                    F01
2141   4342     578387.500    4210673.681       2031.200   27                    F01
2141   4316     578387.500    4210352.911       2229.600   27                    F01
2141   4290     578387.500    4210019.568       2403.600   27                    F01
2141   4265     578387.500    4209711.029       2538.400   27                    F01
2141   4239     578387.500    4209390.256       2653.400   27                    F01
2141   4213     578387.500    4209061.328       2793.000   27                    F01
2141   4187     578387.500    4208736.139       2920.400   27                    F01
2141   4157     578387.500    4208365.417       3072.400   27                    F01
2141   4132     578387.500    4208052.801       3202.400   27                    F01
2141   4096     578387.500    4207594.409       3386.000   27                    F01
2141   4055     578387.500    4207090.484       3564.800   27                    F01
2141   4012     578387.500    4206552.923       3702.000   27                    F01
2141   3988     578387.500    4206252.878       3778.000   27                    F01
2181   4429     578887.500    4211761.044       1526.800   28                    F01
2181   4409     578887.500    4211511.291       1693.400   28                    F01
2181   4386     578887.500    4211223.480       1938.200   28                    F01
2181   4364     578887.500    4210952.661       2131.800   28                    F01
2181   4337     578887.500    4210615.237       2305.800   28                    F01
2181   4303     578887.500    4210190.484       2518.800   28                    F01
2181   4264     578887.500    4209698.794       2670.800   28                    F01
2181   4243     578887.500    4209436.130       2761.200   28                    F01
2181   4218     578887.500    4209119.433       2876.400   28                    F01
2181   4189     578887.500    4208765.362       3030.600   28                    F01
2181   4141     578887.500    4208161.197       3263.400   28                    F01
2181   4088     578887.500    4207498.584       3501.000   28                    F01
2181   4054     578887.500    4207077.914       3628.400   28                    F01
2181   4014     578887.500    4206573.651       3763.200   28                    F01
2181   4004     578887.500    4206453.021       3787.800   28                    F01
2201   4446     579137.500    4211969.342       1583.000   29                    F01
2201   4427     579137.500    4211740.314       1774.200   29                    F01
2201   4404     579137.500    4211444.348       1989.800   29                    F01
2201   4375     579137.500    4211086.200       2178.400   29                    F01
2201   4342     579137.500    4210677.759       2367.000   29                    F01
2201   4303     579137.500    4210186.069       2531.000   29                    F01
2201   4272     579137.500    4209794.617       2656.000   29                    F01
2201   4244     579137.500    4209444.623       2783.400   29                    F01
2201   4205     579137.500    4208965.167       2947.600   29                    F01
2201   4166     579137.500    4208469.397       3136.200   29                    F01
2201   4120     579137.500    4207898.529       3368.800   29                    F01
2201   4076     579137.500    4207352.814       3567.400   29                    F01
2201   4039     579137.500    4206882.190       3694.600   29                    F01
2201   4013     579137.500    4206561.078       3782.800   29                    F01
2221   4456     579387.500    4212094.391       1644.200   30                    F01
2221   4438     579387.500    4211877.936       1825.600   30                    F01
2221   4416     579387.500    4211602.698       1997.000   30                    F01
2221   4374     579387.500    4211077.704       2224.800   30                    F01
2221   4342     579387.500    4210673.682       2398.800   30                    F01
2221   4309     579387.500    4210265.240       2567.600   30                    F01
2221   4284     579387.500    4209944.470       2670.600   30                    F01
2221   4240     579387.500    4209402.826       2851.800   30                    F01
2221   4214     579387.500    4209073.563       2989.200   30                    F01
2221   4179     579387.500    4208636.240       3138.600   30                    F01
2221   4137     579387.500    4208107.168       3334.600   30                    F01
2221   4100     579387.500    4207648.779       3489.000   30                    F01
2221   4063     579387.500    4207186.310       3631.000   30                    F01
2221   4027     579387.500    4206740.491       3753.400   30                    F01
2221   4022     579387.500    4206673.550       3770.600   30                    F01
2241   4458     579637.500    4212119.531       1764.400   31                    F01
2241   4442     579637.500    4211919.391       1931.000   31                    F01
2241   4416     579637.500    4211602.698       2100.000   31                    F01
2241   4390     579637.500    4211269.354       2249.400   31                    F01
2241   4369     579637.500    4211015.179       2362.000   31                    F01
2241   4347     579637.500    4210732.129       2506.600   31                    F01
2241   4300     579637.500    4210148.691       2732.000   31                    F01
2241   4252     579637.500    4209548.602       2923.000   31                    F01
2241   4203     579637.500    4208931.866       3116.600   31                    F01
2241   4152     579637.500    4208302.893       3310.000   31                    F01
2241   4092     579637.500    4207544.458       3550.000   31                    F01
2241   4063     579637.500    4207181.891       3660.200   31                    F01
2241   4037     579637.500    4206857.043       3763.200   31                    F01
2261   4459     579887.500    4212136.185       1842.600   32                    F01
2261   4438     579887.500    4211877.936       1999.400   32                    F01
2261   4407     579887.500    4211490.222       2200.400   32                    F01
2261   4373     579887.500    4211056.976       2408.600   32                    F01
2261   4333     579887.500    4210557.132       2602.000   32                    F01
2261   4291     579887.500    4210036.218       2812.800   32                    F01
2261   4251     579887.500    4209536.029       2974.400   32                    F01
2261   4197     579887.500    4208865.265       3180.200   32                    F01
2261   4138     579887.500    4208119.403       3425.200   32                    F01
2261   4092     579887.500    4207552.954       3579.600   32                    F01
2261   4058     579887.500    4207119.369       3719.200   32                    F01
2261   4033     579887.500    4206815.247       3780.400   32                    F01
2161   4428     578637.500    4211744.394       1414.000   33                    F01
2161   4405     578637.500    4211456.921       1656.600   33                    F01
2161   4371     578637.500    4211036.249       1926.000   33                    F01
2161   4340     578637.500    4210644.458       2195.400   33                    F01
2161   4313     578637.500    4210311.114       2362.000   33                    F01
2161   4286     578637.500    4209977.771       2533.600   33                    F01
2161   4262     578637.500    4209669.574       2631.600   33                    F01
2161   4232     578637.500    4209302.927       2773.600   33                    F01
2161   4199     578637.500    4208890.411       2937.800   33                    F01
2161   4184     578637.500    4208698.761       3023.400   33                    F01
2161   4150     578637.500    4208269.592       3185.200   33                    F01
2161   4105     578637.500    4207710.962       3400.800   33                    F01
2161   4066     578637.500    4207227.765       3569.800   33                    F01
2161   4021     578637.500    4206661.319       3704.400   33                    F01
2161   4000     578637.500    4206398.651       3768.200   33                    F01
2101   4363     577887.500    4210931.930       1536.400   34                    F01
2101   4330     577887.500    4210519.412       1727.600   34                    F01
2101   4305     577887.500    4210207.135       1933.400   34                    F01
2101   4285     577887.500    4209957.043       2112.200   34                    F01
2101   4261     577887.500    4209665.494       2330.200   34                    F01
2101   4245     577887.500    4209461.273       2469.800   34                    F01
2101   4224     577887.500    4209198.608       2602.000   34                    F01
2101   4199     577887.500    4208881.915       2717.200   34                    F01
2101   4183     577887.500    4208682.110       2778.400   34                    F01
2101   4155     577887.500    4208340.271       2910.600   34                    F01
2101   4125     577887.500    4207956.976       3077.200   34                    F01
2101   4087     577887.500    4207486.014       3226.600   34                    F01
2101   4055     577887.500    4207081.988       3369.000   34                    F01
2101   4014     577887.500    4206569.571       3523.200   34                    F01
2101   3980     577887.500    4206144.482       3643.200   34                    F01
2101   3942     577887.500    4205677.936       3753.400   34                    F01
2101   3933     577887.500    4205561.044       3768.200   34                    F01
2081   4372     577637.500    4211048.483       1441.000   35                    F01
2081   4348     577637.500    4210752.856       1573.200   35                    F01
2081   4323     577637.500    4210440.240       1730.000   35                    F01
2081   4303     577637.500    4210186.069       1894.200   35                    F01
2081   4282     577637.500    4209927.820       2095.000   35                    F01
2081   4263     577637.500    4209686.221       2259.200   35                    F01
2081   4235     577637.500    4209336.227       2464.800   35                    F01
2081   4202     577637.500    4208919.635       2658.400   35                    F01
2081   4176     577637.500    4208598.520       2793.200   35                    F01
2081   4149     577637.500    4208257.022       2954.800   35                    F01
2081   4125     577637.500    4207965.472       3047.800   35                    F01
2081   4079     577637.500    4207386.114       3248.600   35                    F01
2081   4041     577637.500    4206906.994       3393.200   35                    F01
2081   4009     577637.500    4206515.204       3493.600   35                    F01
2081   3973     577637.500    4206061.230       3613.800   35                    F01
2081   3947     577637.500    4205736.041       3689.600   35                    F01
2081   3929     577637.500    4205515.509       3763.200   35                    F01
2061   4361     577387.500    4210907.123       1482.600   36                    F01
2061   4335     577387.500    4210586.014       1659.000   36                    F01
2061   4313     577387.500    4210315.191       1796.200   36                    F01
2061   4291     577387.500    4210032.141       1984.800   36                    F01
2061   4267     577387.500    4209740.249       2171.000   36                    F01
2061   4244     577387.500    4209448.700       2337.600   36                    F01
2061   4213     577387.500    4209061.328       2540.800   36                    F01
2061   4189     577387.500    4208761.285       2687.800   36                    F01
2061   4161     577387.500    4208406.872       2834.800   36                    F01
2061   4133     577387.500    4208061.297       2976.800   36                    F01
2061   4108     577387.500    4207744.601       3082.200   36                    F01
2061   4066     577387.500    4207223.688       3248.800   36                    F01
2061   4037     577387.500    4206861.120       3356.600   36                    F01
2061   3996     577387.500    4206344.623       3513.400   36                    F01
2061   3953     577387.500    4205807.059       3648.200   36                    F01
2061   3914     577387.500    4205319.446       3760.800   36                    F01
1701   4142     572887.500    4208169.690       1181.200   37                    F01
1701   4118     572887.500    4207869.647       1404.200   37                    F01
1701   4090     572887.500    4207527.807       1617.400   37                    F01
1701   4071     572887.500    4207290.289       1823.000   37                    F01
1701   4043     572887.500    4206936.218       2153.800   37                    F01
1701   4020     572887.500    4206648.745       2354.800   37                    F01
1701   4007     572887.500    4206490.399       2474.800   37                    F01
1701   3991     572887.500    4206286.178       2589.800   37                    F01
1701   3975     572887.500    4206086.035       2687.800   37                    F01
1701   3949     572887.500    4205761.187       2859.400   37                    F01
1701   3925     572887.500    4205457.064       2977.000   37                    F01
1701   3898     572887.500    4205123.721       3089.600   37                    F01
1701   3858     572887.500    4204619.796       3219.600   37                    F01
1701   3794     572887.500    4203823.645       3432.400   37                    F01
1701   3760     572887.500    4203398.553       3540.400   37                    F01
1701   3712     572887.500    4202802.545       3704.400   37                    F01
1701   3690     572887.500    4202527.984       3773.200   37                    F01
1721   4157     573137.500    4208356.921       1156.800   38                    F01
1721   4146     573137.500    4208223.718       1267.000   38                    F01
1721   4120     573137.500    4207894.455       1529.200   38                    F01
1721   4091     573137.500    4207536.303       1916.200   38                    F01
1721   4066     573137.500    4207227.765       2163.600   38                    F01
1721   4038     573137.500    4206877.771       2408.600   38                    F01
1721   4009     573137.500    4206511.126       2594.800   38                    F01
1721   3977     573137.500    4206107.104       2790.800   38                    F01
1721   3939     573137.500    4205640.216       2962.200   38                    F01
1721   3893     573137.500    4205061.197       3175.400   38                    F01
1721   3841     573137.500    4204411.499       3373.800   38                    F01
1721   3787     573137.500    4203735.635       3589.200   38                    F01
1721   3764     573137.500    4203444.766       3675.000   38                    F01
1721   3727     573137.500    4202986.035       3773.200   38                    F01
1741   4182     573387.500    4208677.691       1178.800   39                    F01
1741   4180     573387.500    4208652.887       1203.400   39                    F01
1741   4156     573387.500    4208344.690       1369.800   39                    F01
1741   4140     573387.500    4208148.626       1485.000   39                    F01
1741   4124     573387.500    4207952.899       1703.000   39                    F01
1741   4115     573387.500    4207840.426       1857.600   39                    F01
1741   4104     573387.500    4207702.807       2055.800   39                    F01
1741   4073     573387.500    4207311.016       2330.200   39                    F01
1741   4046     573387.500    4206969.519       2508.800   39                    F01
1741   4018     573387.500    4206619.522       2675.400   39                    F01
1741   3972     573387.500    4206044.241       2932.600   39                    F01
1741   3937     573387.500    4205611.334       3094.400   39                    F01
1741   3900     573387.500    4205148.526       3253.600   39                    F01
1741   3863     573387.500    4204681.979       3417.800   39                    F01
1741   3816     573387.500    4204102.960       3596.800   39                    F01
1741   3783     573387.500    4203686.026       3719.200   39                    F01
1741   3762     573387.500    4203419.281       3787.600   39                    F01
1761   4216     573637.500    4209098.706       1132.200   40                    F01
1761   4199     573637.500    4208890.411       1289.000   40                    F01
1761   4185     573637.500    4208715.411       1421.400   40                    F01
1761   4166     573637.500    4208473.816       1605.000   40                    F01
1761   4142     573637.500    4208169.354       1808.400   40                    F01
1761   4119     573637.500    4207882.220       1987.200   40                    F01
1761   4100     573637.500    4207644.702       2148.800   40                    F01
1761   4059     573637.500    4207140.435       2494.200   40                    F01
1761   4029     573637.500    4206757.483       2707.200   40                    F01
1761   4002     573637.500    4206419.720       2866.600   40                    F01
1761   3969     573637.500    4206007.202       3079.600   40                    F01
1761   3927     573637.500    4205482.208       3238.800   40                    F01
1761   3891     573637.500    4205040.469       3383.600   40                    F01
1761   3848     573637.500    4204502.905       3508.600   40                    F01
1761   3812     573637.500    4204044.513       3635.800   40                    F01
1761   3776     573637.500    4203603.112       3756.000   40                    F01
1681   4129     572637.500    4208007.269       1183.800   41                    F01
1681   4108     572637.500    4207744.601       1421.400   41                    F01
1681   4083     572637.500    4207440.481       1659.000   41                    F01
1681   4064     572637.500    4207194.464       1852.400   41                    F01
1681   4041     572637.500    4206911.410       2085.200   41                    F01
1681   4003     572637.500    4206436.370       2411.000   41                    F01
1681   3971     572637.500    4206036.425       2643.800   41                    F01
1681   3943     572637.500    4205682.013       2800.600   41                    F01
1681   3906     572637.500    4205219.543       2947.400   41                    F01
1681   3878     572637.500    4204873.968       3052.800   41                    F01
1681   3840     572637.500    4204398.925       3204.600   41                    F01
1681   3799     572637.500    4203882.089       3363.800   41                    F01
1681   3768     572637.500    4203494.717       3464.200   41                    F01
1681   3723     572637.500    4202940.503       3584.400   41                    F01
1681   3686     572637.500    4202469.537       3670.200   41                    F01
1681   3661     572637.500    4202157.263       3731.400   41                    F01
1681   3640     572637.500    4201903.091       3797.600   41                    F01
1661   4134     572387.500    4208069.451       1142.000   42                    F01
1661   4114     572387.500    4207819.699       1289.000   42                    F01
1661   4094     572387.500    4207573.681       1453.200   42                    F01
1661   4072     572387.500    4207298.785       1673.600   42                    F01
1661   4051     572387.500    4207040.533       1891.600   42                    F01
1661   4034     572387.500    4206827.819       2050.800   42                    F01
1661   4009     572387.500    4206515.545       2281.200   42                    F01
1661   3988     572387.500    4206252.877       2457.600   42                    F01
1661   3974     572387.500    4206073.803       2560.400   42                    F01
1661   3946     572387.500    4205719.732       2719.600   42                    F01
1661   3920     572387.500    4205394.543       2834.600   42                    F01
1661   3892     572387.500    4205053.042       2915.600   42                    F01
1661   3851     572387.500    4204540.283       3065.200   42                    F01
1661   3805     572387.500    4203961.264       3212.000   42                    F01
1661   3749     572387.500    4203265.350       3366.400   42                    F01
1661   3709     572387.500    4202765.167       3491.200   42                    F01
1661   3666     572387.500    4202223.864       3626.200   42                    F01
1661   3635     572387.500    4201836.151       3729.000   42                    F01
1641   4129     572137.500    4208011.346       1117.600   43                    F01
1641   4114     572137.500    4207823.773       1298.800   43                    F01
1641   4101     572137.500    4207661.352       1455.600   43                    F01
1641   4081     572137.500    4207411.258       1673.600   43                    F01
1641   4063     572137.500    4207186.309       1830.400   43                    F01
1641   4040     572137.500    4206894.763       1982.400   43                    F01
1641   4016     572137.500    4206598.455       2146.400   43                    F01
1641   3993     572137.500    4206306.906       2300.800   43                    F01
1641   3966     572137.500    4205978.320       2445.400   43                    F01
1641   3940     572137.500    4205649.054       2580.000   43                    F01
1641   3910     572137.500    4205269.836       2729.400   43                    F01
1641   3875     572137.500    4204832.171       2886.200   43                    F01
1641   3838     572137.500    4204374.121       3025.800   43                    F01
1641   3796     572137.500    4203852.868       3155.800   43                    F01
1641   3766     572137.500    4203478.067       3275.600   43                    F01
1641   3720     572137.500    4202899.047       3400.600   43                    F01
1641   3662     572137.500    4202177.990       3581.800   43                    F01
1641   3588     572137.500    4201248.635       3738.800   43                    F01
1561   4131     571137.500    4208032.074       1112.600   44                    F01
1561   4107     571137.500    4207736.108       1227.800   44                    F01
1561   4085     571137.500    4207465.286       1343.000   44                    F01
1561   4063     571137.500    4207182.232       1504.600   44                    F01
1561   4044     571137.500    4206944.711       1659.000   44                    F01
1561   4026     571137.500    4206723.840       1823.000   44                    F01
1561   4002     571137.500    4206423.797       2001.800   44                    F01
1561   3976     571137.500    4206103.027       2190.600   44                    F01
1561   3950     571137.500    4205777.838       2369.400   44                    F01
1561   3920     571137.500    4205398.620       2541.000   44                    F01
1561   3877     571137.500    4204865.472       2722.200   44                    F01
1561   3833     571137.500    4204311.257       2886.400   44                    F01
1561   3779     571137.500    4203636.413       3084.800   44                    F01
1561   3717     571137.500    4202865.405       3253.800   44                    F01
1561   3672     571137.500    4202294.543       3356.600   44                    F01
1561   3620     571137.500    4201648.919       3484.000   44                    F01
1561   3577     571137.500    4201115.435       3609.000   44                    F01
1561   3555     571137.500    4200840.533       3675.000   44                    F01
1561   3521     571137.501    4200411.367       3770.600   44                    F01
1561   3513     571137.501    4200315.544       3797.600   44                    F01
1541   4114     570887.500    4207823.773       1122.400   45                    F01
1541   4086     570887.500    4207473.779       1284.200   45                    F01
1541   4058     570887.500    4207119.708       1497.200   45                    F01
1541   4025     570887.500    4206711.267       1732.400   45                    F01
1541   3999     570887.500    4206390.496       1965.200   45                    F01
1541   3962     570887.500    4205928.027       2237.000   45                    F01
1541   3938     570887.500    4205627.984       2381.600   45                    F01
1541   3893     570887.500    4205057.119       2614.400   45                    F01
1541   3860     570887.500    4204644.601       2749.000   45                    F01
1541   3812     570887.500    4204053.009       2935.200   45                    F01
1541   3769     570887.500    4203511.367       3082.200   45                    F01
1541   3720     570887.500    4202898.706       3214.400   45                    F01
1541   3680     570887.500    4202394.781       3300.200   45                    F01
1541   3640     570887.500    4201898.675       3408.000   45                    F01
1541   3599     570887.500    4201390.332       3493.800   45                    F01
1541   3568     570887.500    4200998.883       3611.400   45                    F01
1541   3539     570887.501    4200632.237       3702.000   45                    F01
1541   3503     570887.501    4200190.496       3792.600   45                    F01
1601   4124     571637.500    4207944.744       1107.800   46                    F01
1601   4106     571637.500    4207719.458       1279.200   46                    F01
1601   4081     571637.500    4207407.177       1504.600   46                    F01
1601   4052     571637.500    4207048.690       1747.200   46                    F01
1601   4018     571637.500    4206623.599       2019.200   46                    F01
1601   3994     571637.500    4206319.818       2183.200   46                    F01
1601   3968     571637.500    4206002.783       2322.800   46                    F01
1601   3937     571637.500    4205615.411       2506.400   46                    F01
1601   3904     571637.500    4205202.893       2675.600   46                    F01
1601   3841     571637.500    4204411.160       2927.800   46                    F01
1601   3784     571637.500    4203698.938       3128.600   46                    F01
1601   3739     571637.500    4203136.227       3239.000   46                    F01
1601   3694     571637.500    4202577.935       3354.000   46                    F01
1601   3653     571637.500    4202061.438       3476.600   46                    F01
1601   3596     571637.500    4201348.538       3611.400   46                    F01
1601   3552     571637.501    4200794.662       3716.800   46                    F01
1601   3524     571637.501    4200444.668       3773.000   46                    F01
1621   4131     571887.500    4208040.570       1117.600   47                    F01
1621   4115     571887.500    4207836.346       1252.400   47                    F01
1621   4092     571887.500    4207552.954       1443.400   47                    F01
1621   4071     571887.500    4207286.212       1656.600   47                    F01
1621   4045     571887.500    4206961.023       1881.800   47                    F01
1621   4019     571887.500    4206640.591       2065.600   47                    F01
1621   4003     571887.500    4206436.709       2168.600   47                    F01
1621   3987     571887.500    4206240.304       2264.000   47                    F01
1621   3959     571887.500    4205890.310       2433.000   47                    F01
1621   3931     571887.500    4205536.236       2587.400   47                    F01
1621   3890     571887.500    4205027.896       2763.600   47                    F01
1621   3842     571887.500    4204423.730       2935.200   47                    F01
1621   3783     571887.500    4203690.441       3141.000   47                    F01
1621   3737     571887.500    4203111.422       3275.600   47                    F01
1621   3693     571887.500    4202565.362       3395.600   47                    F01
1621   3654     571887.500    4202069.592       3513.200   47                    F01
1621   3612     571887.500    4201548.678       3626.000   47                    F01
1621   3567     571887.500    4200990.387       3707.000   47                    F01
1621   3548     571887.501    4200748.788       3756.000   47                    F01
1581   4129     571387.500    4208015.423       1129.800   48                    F01
1581   4104     571387.500    4207702.807       1289.000   48                    F01
1581   4086     571387.500    4207477.859       1406.600   48                    F01
1581   4065     571387.500    4207215.533       1553.600   48                    F01
1581   4040     571387.500    4206902.917       1734.800   48                    F01
1581   4020     571387.500    4206652.822       1918.600   48                    F01
1581   4001     571387.500    4206407.147       2085.200   48                    F01
1581   3974     571387.500    4206069.726       2283.600   48                    F01
1581   3953     571387.500    4205811.138       2403.600   48                    F01
1581   3916     571387.500    4205344.592       2592.400   48                    F01
1581   3872     571387.500    4204798.870       2795.600   48                    F01
1581   3811     571387.500    4204032.281       3025.800   48                    F01
1581   3757     571387.500    4203357.098       3182.600   48                    F01
1581   3715     571387.500    4202840.600       3275.800   48                    F01
1581   3670     571387.500    4202277.893       3393.400   48                    F01
1581   3613     571387.500    4201561.251       3557.600   48                    F01
1581   3572     571387.500    4201052.911       3638.400   48                    F01
1581   3538     571387.501    4200627.819       3738.800   48                    F01
1581   3525     571387.501    4200461.319       3768.200   48                    F01
1521   4110     570637.500    4207769.744       1107.800   49                    F01
1521   4087     570637.500    4207490.429       1289.000   49                    F01
1521   4060     570637.500    4207148.590       1480.200   49                    F01
1521   4032     570637.500    4206794.519       1683.200   49                    F01
1521   4007     570637.500    4206490.399       1864.600   49                    F01
1521   3984     570637.500    4206198.510       2063.200   49                    F01
1521   3961     570637.500    4205911.376       2227.200   49                    F01
1521   3935     570637.500    4205586.187       2381.600   49                    F01
1521   3897     570637.500    4205115.563       2567.800   49                    F01
1521   3863     570637.500    4204690.475       2739.200   49                    F01
1521   3829     570637.500    4204257.229       2859.200   49                    F01
1521   3792     570637.500    4203798.840       2976.800   49                    F01
1521   3756     570637.500    4203348.944       3101.800   49                    F01
1521   3709     570637.500    4202765.506       3226.600   49                    F01
1521   3666     570637.500    4202219.787       3307.400   49                    F01
1521   3635     570637.500    4201840.570       3395.800   49                    F01
1521   3593     570637.500    4201307.080       3496.200   49                    F01
1521   3564     570637.500    4200953.009       3606.400   49                    F01
1521   3529     570637.501    4200511.268       3719.200   49                    F01
1521   3502     570637.501    4200173.846       3792.600   49                    F01
1501   4112     570387.500    4207798.629       1115.200   50                    F01
1501   4087     570387.500    4207490.429       1286.600   50                    F01
1501   4056     570387.500    4207103.057       1512.000   50                    F01
1501   4025     570387.500    4206715.344       1737.400   50                    F01
1501   4004     570387.500    4206453.021       1894.200   50                    F01
1501   3986     570387.500    4206223.654       2036.200   50                    F01
1501   3961     570387.500    4205906.961       2220.000   50                    F01
1501   3934     570387.500    4205569.537       2381.600   50                    F01
1501   3892     570387.500    4205053.042       2607.000   50                    F01
1501   3856     570387.500    4204598.730       2754.000   50                    F01
1501   3804     570387.500    4203944.613       2915.600   50                    F01
1501   3757     570387.500    4203357.098       3062.600   50                    F01
1501   3724     570387.500    4202948.657       3158.200   50                    F01
1501   3678     570387.500    4202378.131       3278.200   50                    F01
1501   3640     570387.500    4201898.675       3381.200   50                    F01
1501   3608     570387.500    4201498.730       3452.200   50                    F01
1501   3576     570387.500    4201094.705       3562.400   50                    F01
1501   3552     570387.501    4200794.662       3631.000   50                    F01
1501   3518     570387.501    4200373.649       3731.400   50                    F01
1501   3495     570387.501    4200086.178       3787.800   50                    F01
811   4137     561762.500    4208115.325       1183.800   1                    F02
811   4107     561762.500    4207740.185       1392.000   1                    F02
811   4080     561762.500    4207402.761       1580.600   1                    F02
811   4053     561762.500    4207060.924       1744.600   1                    F02
811   4028     561762.500    4206744.228       1896.600   1                    F02
811   3992     561762.500    4206294.332       2041.000   1                    F02
811   3966     561762.500    4205973.562       2175.800   1                    F02
811   3944     561762.500    4205702.740       2303.200   1                    F02
811   3888     561762.500    4205002.752       2587.400   1                    F02
811   3843     561762.500    4204435.964       2734.400   1                    F02
811   3807     561762.500    4203990.145       2856.800   1                    F02
811   3771     561762.500    4203532.094       3006.400   1                    F02
811   3731     561762.500    4203040.063       3153.200   1                    F02
811   3695     561762.500    4202590.166       3295.400   1                    F02
811   3660     561762.500    4202144.347       3425.200   1                    F02
811   3617     561762.500    4201615.279       3574.600   1                    F02
811   3561     561762.500    4200907.134       3731.200   1                    F02
1292   3763     567773.761    4203437.499       2830.000   2                    F02
1288   3763     567727.890    4203437.499       2815.200   2                    F02
1276   3763     567578.037    4203437.499       2805.400   2                    F02
1259   3763     567357.166    4203437.499       2798.000   2                    F02
1233   3763     567031.977    4203437.499       2739.200   2                    F02
1211   3763     566757.079    4203437.499       2732.000   2                    F02
1192   3763     566523.636    4203437.499       2719.800   2                    F02
1175   3763     566307.183    4203437.499       2690.400   2                    F02
1160   3763     566127.768    4203437.499       2680.600   2                    F02
1150   3763     565998.644    4203437.499       2710.000   2                    F02
1138   3763     565848.793    4203437.499       2746.600   2                    F02
1118   3763     565594.622    4203437.499       2790.800   2                    F02
1092   3763     565269.432    4203437.499       2832.400   2                    F02
1075   3763     565057.058    4203437.499       2861.800   2                    F02
1057   3763     564832.109    4203437.499       2898.600   2                    F02
1032   3763     564519.493    4203437.499       2886.200   2                    F02
997   3763     564090.325    4203437.499       2891.200   2                    F02
974   3763     563802.854    4203437.499       2903.400   2                    F02
953   3763     563540.528    4203437.499       2950.000   2                    F02
932   3763     563273.784    4203437.499       2977.000   2                    F02
907   3763     562957.090    4203437.499       2950.000   2                    F02
888   3763     562719.570    4203437.499       2947.600   2                    F02
852   3763     562273.751    4203437.499       3021.000   2                    F02
823   3763     561911.184    4203437.499       3050.400   2                    F02
803   3763     561661.431    4203437.499       3038.200   2                    F02
783   3763     561415.415    4203437.499       3035.800   2                    F02
771   3763     561265.563    4203437.499       3006.400   2                    F02
753   3763     561032.120    4203437.499       2981.800   2                    F02
738   3763     560844.550    4203437.499       2994.000   2                    F02
713   3763     560540.429    4203437.499       3040.600   2                    F02
689   3763     560236.308    4203437.499       3109.200   2                    F02
821   4085     561887.500    4207461.205       1524.200   3                    F02
821   4055     561887.500    4207090.484       1705.400   3                    F02
821   4024     561887.500    4206694.619       1881.800   3                    F02
821   3990     561887.500    4206273.604       2043.400   3                    F02
821   3964     561887.500    4205952.834       2168.400   3                    F02
821   3941     561887.500    4205657.207       2315.400   3                    F02
821   3912     561887.500    4205298.717       2464.800   3                    F02
821   3884     561887.500    4204944.646       2599.600   3                    F02
821   3843     561887.500    4204440.380       2724.400   3                    F02
821   3803     561887.500    4203936.117       2883.800   3                    F02
821   3775     561887.500    4203586.123       2998.800   3                    F02
821   3748     561887.500    4203248.699       3106.600   3                    F02
821   3712     561887.500    4202798.803       3236.400   3                    F02
821   3668     561887.500    4202244.591       3388.400   3                    F02
821   3625     561887.500    4201711.443       3555.000   3                    F02
821   3580     561887.500    4201148.733       3675.000   3                    F02
821   3547     561887.501    4200732.137       3755.800   3                    F02
831   4048     562012.500    4206994.662       1752.200   4                    F02
831   4011     562012.500    4206540.349       1948.000   4                    F02
831   3965     562012.500    4205961.327       2153.800   4                    F02
831   3939     562012.500    4205632.061       2313.000   4                    F02
831   3900     562012.500    4205148.864       2514.000   4                    F02
831   3865     562012.500    4204707.125       2653.600   4                    F02
831   3832     562012.500    4204294.607       2759.000   4                    F02
831   3803     562012.500    4203936.117       2883.800   4                    F02
831   3757     562012.500    4203361.175       3067.600   4                    F02
831   3694     562012.500    4202573.858       3300.200   4                    F02
831   3632     562012.500    4201802.849       3508.400   4                    F02
831   3570     562012.500    4201019.610       3694.600   4                    F02
831   3545     562012.501    4200711.411       3748.400   4                    F02
841   4010     562137.500    4206527.776       1926.000   5                    F02
841   3980     562137.500    4206148.897       2080.400   5                    F02
841   3953     562137.500    4205807.058       2234.600   5                    F02
841   3923     562137.500    4205440.414       2379.200   5                    F02
841   3874     562137.500    4204827.755       2597.200   5                    F02
841   3826     562137.500    4204223.589       2781.000   5                    F02
841   3792     562137.500    4203794.421       2937.600   5                    F02
841   3761     562137.500    4203411.126       3060.200   5                    F02
841   3736     562137.500    4203098.849       3141.000   5                    F02
841   3700     562137.500    4202653.030       3253.600   5                    F02
841   3691     562137.500    4202532.061       3292.800   5                    F02
651   4194     559762.500    4208827.886       1122.400   6                    F02
651   4173     559762.500    4208561.141       1257.200   6                    F02
651   4149     559762.500    4208265.175       1404.200   6                    F02
651   4121     559762.500    4207911.104       1524.200   6                    F02
651   4099     559762.500    4207636.205       1612.400   6                    F02
651   4077     559762.500    4207360.967       1747.200   6                    F02
651   4040     559762.500    4206894.420       1982.400   6                    F02
651   4013     559762.500    4206561.077       2112.200   6                    F02
651   3976     559762.500    4206098.607       2283.600   6                    F02
651   3931     559762.500    4205536.236       2494.200   6                    F02
651   3890     559762.500    4205023.479       2714.600   6                    F02
651   3857     559762.500    4204606.884       2854.200   6                    F02
651   3827     559762.500    4204240.240       2967.000   6                    F02
651   3784     559762.500    4203698.595       3160.600   6                    F02
651   3745     559762.500    4203206.905       3288.000   6                    F02
651   3708     559762.500    4202748.516       3403.200   6                    F02
651   3662     559762.500    4202169.494       3506.000   6                    F02
651   3624     559762.500    4201698.531       3577.000   6                    F02
651   3595     559762.500    4201331.887       3657.800   6                    F02
651   3571     559762.500    4201031.841       3716.600   6                    F02
661   4187     559887.500    4208740.215       1115.200   7                    F02
661   4154     559887.500    4208323.620       1318.400   7                    F02
661   4124     559887.500    4207948.482       1443.400   7                    F02
661   4104     559887.500    4207702.807       1551.200   7                    F02
661   4081     559887.500    4207415.337       1695.600   7                    F02
661   4052     559887.500    4207052.767       1874.400   7                    F02
661   4015     559887.500    4206581.804       2099.800   7                    F02
661   3973     559887.500    4206065.307       2286.000   7                    F02
661   3930     559887.500    4205527.743       2464.800   7                    F02
661   3891     559887.500    4205036.053       2660.800   7                    F02
661   3846     559887.500    4204478.100       2874.000   7                    F02
661   3800     559887.500    4203898.739       3082.200   7                    F02
661   3751     559887.500    4203286.077       3246.400   7                    F02
661   3714     559887.500    4202828.026       3354.000   7                    F02
661   3663     559887.500    4202181.728       3469.200   7                    F02
661   3622     559887.500    4201673.726       3574.400   7                    F02
661   3571     559887.500    4201031.841       3701.800   7                    F02
681   4180     560137.500    4208652.886       1115.200   8                    F02
681   4157     560137.500    4208360.998       1235.200   8                    F02
681   4125     560137.500    4207956.975       1362.600   8                    F02
681   4095     560137.500    4207581.835       1529.200   8                    F02
681   4066     560137.500    4207227.764       1715.200   8                    F02
681   4038     560137.500    4206873.693       1901.600   8                    F02
681   4001     560137.500    4206411.223       2109.600   8                    F02
681   3961     560137.500    4205915.456       2298.400   8                    F02
681   3924     560137.500    4205452.648       2445.200   8                    F02
681   3899     560137.500    4205135.955       2562.800   8                    F02
681   3863     560137.500    4204681.640       2749.000   8                    F02
681   3816     560137.500    4204102.617       2935.200   8                    F02
681   3758     560137.500    4203377.825       3163.000   8                    F02
681   3718     560137.500    4202877.639       3297.600   8                    F02
681   3649     560137.500    4202011.147       3498.600   8                    F02
681   3613     560137.500    4201565.328       3591.600   8                    F02
681   3568     560137.500    4201002.959       3689.600   8                    F02
691   4137     560262.500    4208115.325       1259.600   9                    F02
691   4111     560262.500    4207786.059       1419.000   9                    F02
691   4086     560262.500    4207469.362       1597.800   9                    F02
691   4051     560262.500    4207040.194       1793.600   9                    F02
691   4020     560262.500    4206648.745       1972.600   9                    F02
691   3984     560262.500    4206194.771       2158.600   9                    F02
691   3963     560262.500    4205940.600       2278.800   9                    F02
691   3939     560262.500    4205640.557       2379.200   9                    F02
691   3902     560262.500    4205169.591       2550.600   9                    F02
691   3866     560262.500    4204723.775       2709.800   9                    F02
691   3823     560262.500    4204190.627       2886.200   9                    F02
691   3780     560262.500    4203653.063       3040.400   9                    F02
691   3746     560262.500    4203219.478       3185.000   9                    F02
691   3707     560262.500    4202740.359       3344.200   9                    F02
691   3660     560262.500    4202152.843       3474.000   9                    F02
691   3617     560262.500    4201611.202       3584.400   9                    F02
691   3568     560262.500    4201002.959       3709.200   9                    F02
691   3552     560262.501    4200794.662       3758.200   9                    F02
641   4197     559637.500    4208861.187       1132.200   10                    F02
641   4175     559637.500    4208581.872       1262.200   10                    F02
641   4139     559637.500    4208136.053       1465.400   10                    F02
641   4111     559637.500    4207786.059       1615.000   10                    F02
641   4074     559637.500    4207323.589       1818.200   10                    F02
641   4033     559637.500    4206815.246       2028.800   10                    F02
641   3991     559637.500    4206290.255       2222.400   10                    F02
641   3956     559637.500    4205844.436       2371.800   10                    F02
641   3922     559637.500    4205427.840       2570.400   10                    F02
641   3886     559637.500    4204969.451       2768.800   10                    F02
641   3849     559637.500    4204506.981       2940.200   10                    F02
641   3800     559637.500    4203902.819       3116.400   10                    F02
641   3743     559637.500    4203190.255       3310.000   10                    F02
641   3693     559637.500    4202557.207       3452.200   10                    F02
641   3641     559637.500    4201911.248       3552.400   10                    F02
641   3610     559637.500    4201527.950       3653.000   10                    F02
631   4202     559512.500    4208923.708       1122.400   11                    F02
631   4173     559512.500    4208565.221       1276.800   11                    F02
631   4147     559512.500    4208240.368       1421.400   11                    F02
631   4121     559512.500    4207911.104       1583.000   11                    F02
631   4089     559512.500    4207507.079       1759.400   11                    F02
631   4059     559512.500    4207131.942       1926.000   11                    F02
631   4025     559512.500    4206715.343       2114.600   11                    F02
631   3989     559512.500    4206261.031       2261.600   11                    F02
631   3959     559512.500    4205890.310       2384.000   11                    F02
631   3926     559512.500    4205477.791       2545.800   11                    F02
631   3886     559512.500    4204969.451       2793.200   11                    F02
631   3852     559512.500    4204548.778       2954.800   11                    F02
631   3810     559512.500    4204023.784       3106.800   11                    F02
631   3768     559512.500    4203494.716       3248.800   11                    F02
631   3732     559512.500    4203048.559       3346.600   11                    F02
631   3690     559512.500    4202523.565       3474.200   11                    F02
631   3626     559512.500    4201723.675       3613.800   11                    F02
621   4212     559387.500    4209044.338       1117.600   12                    F02
621   4175     559387.500    4208581.872       1308.600   12                    F02
621   4138     559387.500    4208123.479       1497.200   12                    F02
621   4100     559387.500    4207648.437       1690.800   12                    F02
621   4066     559387.500    4207219.268       1916.200   12                    F02
621   4022     559387.500    4206669.472       2129.200   12                    F02
621   3984     559387.500    4206202.926       2293.400   12                    F02
621   3949     559387.500    4205761.187       2462.400   12                    F02
621   3908     559387.500    4205248.766       2683.000   12                    F02
621   3875     559387.500    4204840.325       2854.400   12                    F02
621   3824     559387.500    4204194.365       3040.600   12                    F02
621   3782     559387.500    4203677.868       3187.600   12                    F02
621   3750     559387.500    4203277.923       3295.400   12                    F02
621   3717     559387.500    4202860.988       3415.400   12                    F02
621   3677     559387.500    4202365.221       3515.800   12                    F02
621   3636     559387.500    4201848.723       3579.400   12                    F02
621   3585     559387.500    4201215.334       3657.800   12                    F02
611   4211     559262.500    4209040.258       1129.800   13                    F02
611   4185     559262.500    4208715.410       1240.000   13                    F02
611   4149     559262.500    4208261.095       1431.200   13                    F02
611   4123     559262.500    4207931.832       1561.000   13                    F02
611   4103     559262.500    4207686.156       1678.600   13                    F02
611   4059     559262.500    4207131.942       1962.800   13                    F02
611   4042     559262.500    4206919.567       2050.800   13                    F02
611   4016     559262.500    4206598.455       2180.800   13                    F02
611   3982     559262.500    4206173.705       2340.000   13                    F02
611   3948     559262.500    4205744.875       2506.400   13                    F02
611   3920     559262.500    4205402.697       2653.400   13                    F02
611   3886     559262.500    4204969.451       2817.600   13                    F02
611   3844     559262.500    4204452.953       2986.600   13                    F02
611   3801     559262.500    4203915.389       3123.800   13                    F02
611   3752     559262.500    4203302.727       3285.400   13                    F02
611   3702     559262.500    4202677.837       3430.000   13                    F02
611   3651     559262.500    4202031.875       3545.200   13                    F02
611   3608     559262.500    4201494.311       3658.000   13                    F02
611   3560     559262.500    4200894.564       3746.000   13                    F02
581   4225     558887.500    4209206.762       1120.000   14                    F02
581   4200     558887.500    4208894.488       1242.600   14                    F02
581   4165     558887.500    4208465.319       1414.000   14                    F02
581   4136     558887.500    4208098.675       1561.000   14                    F02
581   4105     558887.500    4207715.380       1717.800   14                    F02
581   4081     558887.500    4207415.337       1877.000   14                    F02
581   4055     558887.500    4207086.068       2041.000   14                    F02
581   4025     558887.500    4206715.343       2200.400   14                    F02
581   4004     558887.500    4206448.601       2332.600   14                    F02
581   3968     558887.500    4206002.782       2526.200   14                    F02
581   3930     558887.500    4205523.665       2710.000   14                    F02
581   3899     558887.500    4205140.371       2842.200   14                    F02
581   3850     558887.500    4204519.555       3030.600   14                    F02
581   3815     558887.500    4204081.890       3133.600   14                    F02
581   3782     558887.500    4203669.375       3241.400   14                    F02
581   3744     558887.500    4203202.489       3337.000   14                    F02
581   3712     558887.500    4202794.387       3395.800   14                    F02
581   3678     558887.500    4202369.637       3449.600   14                    F02
581   3649     558887.500    4202011.147       3508.400   14                    F02
581   3622     558887.500    4201678.142       3550.000   14                    F02
581   3580     558887.500    4201152.813       3613.800   14                    F02
601   4220     559137.500    4209144.240       1120.000   15                    F02
601   4194     559137.500    4208827.886       1225.400   15                    F02
601   4161     559137.500    4208410.949       1396.800   15                    F02
601   4134     559137.500    4208073.528       1512.000   15                    F02
601   4094     559137.500    4207573.681       1739.800   15                    F02
601   4064     559137.500    4207202.617       1926.000   15                    F02
601   4033     559137.500    4206815.246       2092.600   15                    F02
601   4002     559137.500    4206427.874       2269.000   15                    F02
601   3966     559137.500    4205973.562       2462.400   15                    F02
601   3925     559137.500    4205461.141       2663.400   15                    F02
601   3890     559137.500    4205019.402       2837.200   15                    F02
601   3848     559137.500    4204502.904       3008.800   15                    F02
601   3814     559137.500    4204069.317       3104.200   15                    F02
601   3759     559137.500    4203386.321       3280.600   15                    F02
601   3707     559137.500    4202740.359       3420.200   15                    F02
601   3654     559137.500    4202069.253       3535.400   15                    F02
601   3616     559137.500    4201594.552       3621.200   15                    F02
601   3571     559137.500    4201036.260       3684.800   15                    F02
591   4221     559012.500    4209161.229       1110.200   16                    F02
591   4196     559012.500    4208844.536       1242.600   16                    F02
591   4163     559012.500    4208440.172       1404.200   16                    F02
591   4124     559012.500    4207952.898       1590.400   16                    F02
591   4101     559012.500    4207665.087       1725.000   16                    F02
591   4074     559012.500    4207319.512       1906.400   16                    F02
591   4041     559012.500    4206906.994       2095.000   16                    F02
591   4010     559012.500    4206519.280       2259.200   16                    F02
591   3987     559012.500    4206236.226       2384.000   16                    F02
591   3957     559012.500    4205861.089       2550.600   16                    F02
591   3924     559012.500    4205452.648       2690.200   16                    F02
591   3871     559012.500    4204781.881       2932.800   16                    F02
591   3826     559012.500    4204227.666       3082.200   16                    F02
591   3781     559012.500    4203665.294       3224.400   16                    F02
591   3744     559012.500    4203194.332       3332.200   16                    F02
591   3695     559012.500    4202586.089       3435.000   16                    F02
591   3658     559012.500    4202127.700       3513.400   16                    F02
591   3615     559012.500    4201590.474       3586.800   16                    F02
591   3581     559012.500    4201161.306       3650.600   16                    F02
571   4229     558762.500    4209257.055       1122.400   17                    F02
571   4203     558762.500    4208931.865       1254.800   17                    F02
571   4175     558762.500    4208585.949       1391.800   17                    F02
571   4147     558762.500    4208231.878       1526.600   17                    F02
571   4124     558762.500    4207944.402       1651.600   17                    F02
571   4095     558762.500    4207590.331       1823.000   17                    F02
571   4071     558762.500    4207286.211       1972.400   17                    F02
571   4045     558762.500    4206961.022       2124.400   17                    F02
571   4023     558762.500    4206686.123       2261.600   17                    F02
571   3997     558762.500    4206360.933       2406.000   17                    F02
571   3958     558762.500    4205873.659       2619.200   17                    F02
571   3929     558762.500    4205511.092       2746.600   17                    F02
571   3893     558762.500    4205065.273       2888.600   17                    F02
571   3860     558762.500    4204648.678       3008.600   17                    F02
571   3818     558762.500    4204127.764       3163.000   17                    F02
571   3775     558762.500    4203590.200       3270.800   17                    F02
571   3740     558762.500    4203148.800       3349.200   17                    F02
571   3704     558762.500    4202702.642       3408.000   17                    F02
571   3664     558762.500    4202194.640       3488.800   17                    F02
571   3621     558762.500    4201661.153       3537.800   17                    F02
571   3584     558762.500    4201198.684       3601.400   17                    F02
561   4234     558637.500    4209327.733       1115.200   18                    F02
561   4208     558637.500    4208998.464       1225.400   18                    F02
561   4177     558637.500    4208607.015       1406.600   18                    F02
561   4146     558637.500    4208219.301       1553.600   18                    F02
561   4116     558637.500    4207844.503       1705.400   18                    F02
561   4091     558637.500    4207535.961       1857.400   18                    F02
561   4065     558637.500    4207215.191       2028.800   18                    F02
561   4043     558637.500    4206940.294       2146.400   18                    F02
561   4026     558637.500    4206727.916       2244.400   18                    F02
561   3994     558637.500    4206319.478       2442.800   18                    F02
561   3971     558637.500    4206032.006       2570.200   18                    F02
561   3945     558637.500    4205715.313       2687.800   18                    F02
561   3905     558637.500    4205215.127       2861.800   18                    F02
561   3868     558637.500    4204744.503       3011.200   18                    F02
561   3817     558637.500    4204111.113       3165.600   18                    F02
561   3777     558637.500    4203615.343       3275.800   18                    F02
561   3744     558637.500    4203198.751       3351.600   18                    F02
561   3718     558637.500    4202877.639       3412.800   18                    F02
561   3681     558637.500    4202406.676       3484.000   18                    F02
561   3636     558637.500    4201848.723       3557.400   18                    F02
561   3594     558637.500    4201319.314       3594.200   18                    F02
561   3577     558637.500    4201106.939       3613.800   18                    F02
551   4235     558512.500    4209331.811       1120.000   19                    F02
551   4202     558512.500    4208919.292       1308.600   19                    F02
551   4167     558512.500    4208490.124       1475.200   19                    F02
551   4133     558512.500    4208060.955       1639.400   19                    F02
551   4099     558512.500    4207640.282       1830.400   19                    F02
551   4055     558512.500    4207090.148       2082.800   19                    F02
551   4023     558512.500    4206690.200       2269.000   19                    F02
551   3995     558512.500    4206336.129       2425.600   19                    F02
551   3950     558512.500    4205769.341       2663.200   19                    F02
551   3901     558512.500    4205165.175       2874.000   19                    F02
551   3854     558512.500    4204573.583       3069.800   19                    F02
551   3802     558512.500    4203923.543       3224.200   19                    F02
551   3745     558512.500    4203206.905       3351.600   19                    F02
551   3698     558512.500    4202619.390       3442.200   19                    F02
551   3646     558512.500    4201973.769       3515.800   19                    F02
551   3603     558512.500    4201432.128       3572.000   19                    F02
551   3570     558512.500    4201023.687       3613.800   19                    F02
531   4238     558262.500    4209369.527       1122.400   20                    F02
531   4208     558262.500    4208994.390       1279.200   20                    F02
531   4168     558262.500    4208494.542       1502.200   20                    F02
531   4138     558262.500    4208119.402       1673.600   20                    F02
531   4104     558262.500    4207702.807       1852.400   20                    F02
531   4064     558262.500    4207202.617       2070.400   20                    F02
531   4029     558262.500    4206765.294       2254.200   20                    F02
531   3978     558262.500    4206127.831       2514.000   20                    F02
531   3928     558262.500    4205502.938       2773.600   20                    F02
531   3876     558262.500    4204852.898       3011.200   20                    F02
531   3820     558262.500    4204152.569       3207.200   20                    F02
531   3778     558262.500    4203619.762       3310.000   20                    F02
531   3738     558262.500    4203119.576       3388.200   20                    F02
531   3691     558262.500    4202531.722       3447.200   20                    F02
531   3639     558262.500    4201882.024       3506.000   20                    F02
531   3568     558262.500    4201002.959       3574.600   20                    F02
541   4234     558387.500    4209319.237       1122.400   21                    F02
541   4212     558387.500    4209048.418       1242.600   21                    F02
541   4180     558387.500    4208652.886       1399.200   21                    F02
541   4149     558387.500    4208257.021       1563.400   21                    F02
541   4114     558387.500    4207827.852       1759.400   21                    F02
541   4088     558387.500    4207502.663       1926.000   21                    F02
541   4053     558387.500    4207065.340       2124.400   21                    F02
541   4025     558387.500    4206715.343       2278.800   21                    F02
541   3988     558387.500    4206252.877       2467.400   21                    F02
541   3956     558387.500    4205852.932       2651.200   21                    F02
541   3925     558387.500    4205461.141       2793.200   21                    F02
541   3874     558387.500    4204827.755       3016.000   21                    F02
541   3826     558387.500    4204223.589       3182.600   21                    F02
541   3776     558387.500    4203598.696       3309.800   21                    F02
541   3735     558387.500    4203090.355       3373.800   21                    F02
541   3692     558387.500    4202544.634       3449.600   21                    F02
541   3646     558387.500    4201969.353       3510.800   21                    F02
541   3600     558387.500    4201402.904       3564.800   21                    F02
521   4228     558137.500    4209248.559       1161.600   22                    F02
521   4197     558137.500    4208865.264       1323.400   22                    F02
521   4169     558137.500    4208511.193       1467.800   22                    F02
521   4149     558137.500    4208257.021       1583.000   22                    F02
521   4117     558137.500    4207865.230       1803.400   22                    F02
521   4084     558137.500    4207452.715       1997.000   22                    F02
521   4043     558137.500    4206931.798       2202.800   22                    F02
521   4022     558137.500    4206669.472       2300.800   22                    F02
521   3977     558137.500    4206107.103       2545.600   22                    F02
521   3936     558137.500    4205602.837       2754.000   22                    F02
521   3887     558137.500    4204982.024       2977.000   22                    F02
521   3829     558137.500    4204265.386       3175.400   22                    F02
521   3790     558137.500    4203777.770       3266.000   22                    F02
521   3748     558137.500    4203252.776       3336.800   22                    F02
521   3700     558137.500    4202648.613       3405.400   22                    F02
521   3663     558137.500    4202190.221       3457.000   22                    F02
521   3626     558137.500    4201723.675       3496.200   22                    F02
521   3584     558137.500    4201198.684       3545.200   22                    F02
511   4230     558012.500    4209269.286       1164.200   23                    F02
511   4202     558012.500    4208923.708       1318.400   23                    F02
511   4172     558012.500    4208552.648       1472.800   23                    F02
511   4146     558012.500    4208223.717       1607.600   23                    F02
511   4128     558012.500    4207998.430       1739.800   23                    F02
511   4104     558012.500    4207694.310       1906.400   23                    F02
511   4068     558012.500    4207252.910       2092.600   23                    F02
511   4036     558012.500    4206852.623       2249.400   23                    F02
511   4006     558012.500    4206477.825       2403.600   23                    F02
511   3957     558012.500    4205865.166       2668.200   23                    F02
511   3924     558012.500    4205448.571       2827.400   23                    F02
511   3874     558012.500    4204819.597       3006.200   23                    F02
511   3833     558012.500    4204315.334       3167.800   23                    F02
511   3786     558012.500    4203719.323       3288.000   23                    F02
511   3737     558012.500    4203115.160       3354.000   23                    F02
511   3690     558012.500    4202527.645       3425.000   23                    F02
511   3651     558012.500    4202031.875       3464.200   23                    F02
511   3609     558012.500    4201506.884       3535.400   23                    F02
511   3573     558012.500    4201056.987       3579.400   23                    F02
501   4234     557887.500    4209319.237       1142.000   24                    F02
501   4207     557887.500    4208990.310       1286.600   24                    F02
501   4181     557887.500    4208661.043       1443.400   24                    F02
501   4159     557887.500    4208386.144       1561.000   24                    F02
501   4137     557887.500    4208115.325       1712.800   24                    F02
501   4113     557887.500    4207811.202       1874.600   24                    F02
501   4076     557887.500    4207348.736       2053.400   24                    F02
501   4049     557887.500    4207015.389       2190.600   24                    F02
501   4030     557887.500    4206777.868       2286.000   24                    F02
501   4001     557887.500    4206415.300       2440.400   24                    F02
501   3975     557887.500    4206081.957       2570.200   24                    F02
501   3935     557887.500    4205590.267       2785.800   24                    F02
501   3895     557887.500    4205090.419       2945.000   24                    F02
501   3866     557887.500    4204727.852       3020.800   24                    F02
501   3842     557887.500    4204427.807       3099.200   24                    F02
501   3799     557887.500    4203890.246       3219.400   24                    F02
501   3761     557887.500    4203411.126       3297.800   24                    F02
501   3732     557887.500    4203044.481       3363.800   24                    F02
501   3697     557887.500    4202606.817       3408.000   24                    F02
501   3659     557887.500    4202132.116       3474.000   24                    F02
501   3618     557887.500    4201623.775       3537.800   24                    F02
501   3584     557887.500    4201194.607       3574.600   24                    F02
491   4233     557762.500    4209315.160       1149.400   25                    F02
491   4201     557762.500    4208915.215       1325.800   25                    F02
491   4175     557762.500    4208590.365       1470.400   25                    F02
491   4146     557762.500    4208227.797       1671.200   25                    F02
491   4132     557762.500    4208044.304       1779.000   25                    F02
491   4128     557762.500    4207998.430       1801.000   25                    F02
491   4098     557762.500    4207623.632       1979.800   25                    F02
491   4062     557762.500    4207169.320       2156.200   25                    F02
491   4024     557762.500    4206702.773       2322.800   25                    F02
491   3998     557762.500    4206373.507       2455.000   25                    F02
491   3972     557762.500    4206052.733       2575.000   25                    F02
491   3947     557762.500    4205731.963       2717.200   25                    F02
491   3916     557762.500    4205352.746       2859.200   25                    F02
491   3883     557762.500    4204936.150       2986.600   25                    F02
491   3854     557762.500    4204577.660       3074.800   25                    F02
491   3826     557762.500    4204223.589       3172.800   25                    F02
491   3789     557762.500    4203757.042       3258.600   25                    F02
491   3758     557762.500    4203377.825       3312.400   25                    F02
491   3741     557762.500    4203156.954       3356.400   25                    F02
491   3702     557762.500    4202673.760       3425.000   25                    F02
491   3676     557762.500    4202344.491       3459.400   25                    F02
491   3638     557762.500    4201873.528       3515.800   25                    F02
491   3603     557762.500    4201432.128       3559.800   25                    F02
491   3558     557762.500    4200869.417       3591.600   25                    F02
671   4185     560012.500    4208715.410       1112.600   26                    F02
671   4152     560012.500    4208302.892       1281.800   26                    F02
671   4120     560012.500    4207898.528       1443.400   26                    F02
671   4094     560012.500    4207573.003       1595.200   26                    F02
671   4073     560012.500    4207315.093       1725.200   26                    F02
671   4051     560012.500    4207031.701       1859.800   26                    F02
671   4027     560012.500    4206731.997       2014.200   26                    F02
671   3993     560012.500    4206310.982       2166.000   26                    F02
671   3962     560012.500    4205923.611       2300.800   26                    F02
671   3924     560012.500    4205452.987       2479.600   26                    F02
671   3879     560012.500    4204886.199       2690.200   26                    F02
671   3841     560012.500    4204411.159       2879.000   26                    F02
671   3796     560012.500    4203848.788       3043.000   26                    F02
671   3751     560012.500    4203282.000       3212.000   26                    F02
671   3694     560012.500    4202577.935       3378.600   26                    F02
671   3642     560012.500    4201919.402       3508.400   26                    F02
741   4107     560887.500    4207732.030       1450.600   27                    F02
741   4078     560887.500    4207377.956       1661.200   27                    F02
741   4045     560887.500    4206961.022       1879.200   27                    F02
741   4010     560887.500    4206527.776       2033.800   27                    F02
741   3965     560887.500    4205965.404       2244.400   27                    F02
741   3930     560887.500    4205527.743       2398.600   27                    F02
741   3899     560887.500    4205136.294       2513.800   27                    F02
741   3873     560887.500    4204811.104       2609.400   27                    F02
741   3823     560887.500    4204186.211       2808.000   27                    F02
741   3771     560887.500    4203532.094       2976.800   27                    F02
741   3742     560887.500    4203173.604       3087.200   27                    F02
741   3700     560887.500    4202644.536       3243.800   27                    F02
741   3656     560887.500    4202102.892       3351.600   27                    F02
741   3619     560887.500    4201632.268       3442.200   27                    F02
741   3569     560887.500    4201011.114       3552.400   27                    F02
741   3527     560887.501    4200482.046       3648.000   27                    F02
741   3496     560887.501    4200094.672       3753.400   27                    F02
751   4154     561012.500    4208319.543       1139.600   28                    F02
751   4126     561012.500    4207969.549       1347.800   28                    F02
751   4097     561012.500    4207615.478       1551.000   28                    F02
751   4070     561012.500    4207269.561       1732.400   28                    F02
751   4035     561012.500    4206840.392       1943.000   28                    F02
751   3989     561012.500    4206256.954       2168.200   28                    F02
751   3939     561012.500    4205632.061       2371.800   28                    F02
751   3896     561012.500    4205102.993       2521.200   28                    F02
751   3859     561012.500    4204632.030       2643.600   28                    F02
751   3821     561012.500    4204161.404       2780.800   28                    F02
751   3771     561012.500    4203540.591       2974.400   28                    F02
751   3739     561012.500    4203140.304       3096.800   28                    F02
751   3700     561012.500    4202653.029       3239.000   28                    F02
751   3657     561012.500    4202106.969       3356.600   28                    F02
751   3591     561012.500    4201282.274       3503.600   28                    F02
751   3541     561012.501    4200657.043       3640.600   28                    F02
751   3512     561012.501    4200294.475       3738.600   28                    F02
731   4155     560762.500    4208336.193       1125.000   29                    F02
731   4118     560762.500    4207873.723       1372.400   29                    F02
731   4085     560762.500    4207461.205       1600.000   29                    F02
731   4056     560762.500    4207098.980       1798.400   29                    F02
731   4045     560762.500    4206961.361       1854.800   29                    F02
731   3996     560762.500    4206352.776       2094.800   29                    F02
731   3966     560762.500    4205969.485       2237.000   29                    F02
731   3916     560762.500    4205344.591       2455.000   29                    F02
731   3882     560762.500    4204923.577       2580.000   29                    F02
731   3845     560762.500    4204461.107       2727.000   29                    F02
731   3799     560762.500    4203886.165       2901.000   29                    F02
731   3758     560762.500    4203377.825       3033.200   29                    F02
731   3735     560762.500    4203086.275       3123.800   29                    F02
731   3690     560762.500    4202519.488       3273.200   29                    F02
731   3648     560762.500    4202002.993       3378.600   29                    F02
731   3612     560762.500    4201548.678       3437.400   29                    F02
731   3570     560762.500    4201028.106       3555.000   29                    F02
731   3538     560762.501    4200619.665       3655.400   29                    F02
731   3508     560762.501    4200244.524       3758.200   29                    F02
711   4179     560512.500    4208632.158       1100.400   30                    F02
711   4149     560512.500    4208265.514       1198.400   30                    F02
711   4126     560512.500    4207973.626       1301.600   30                    F02
711   4109     560512.500    4207765.328       1418.800   30                    F02
711   4075     560512.500    4207340.578       1644.400   30                    F02
711   4048     560512.500    4206994.662       1818.200   30                    F02
711   4025     560512.500    4206715.343       1928.400   30                    F02
711   3988     560512.500    4206248.800       2129.200   30                    F02
711   3958     560512.500    4205869.582       2266.400   30                    F02
711   3928     560512.500    4205498.861       2396.400   30                    F02
711   3885     560512.500    4204965.374       2599.600   30                    F02
711   3871     560512.500    4204790.374       2658.400   30                    F02
711   3840     560512.500    4204403.002       2790.800   30                    F02
711   3811     560512.500    4204032.281       2896.000   30                    F02
711   3761     560512.500    4203411.465       3087.200   30                    F02
711   3723     560512.500    4202936.425       3204.800   30                    F02
711   3685     560512.500    4202461.382       3322.200   30                    F02
711   3637     560512.500    4201865.374       3454.400   30                    F02
711   3592     560512.500    4201294.509       3535.400   30                    F02
711   3555     560512.500    4200840.533       3606.400   30                    F02
711   3527     560512.501    4200490.540       3667.600   30                    F02
721   4146     560637.500    4208227.798       1171.400   31                    F02
721   4112     560637.500    4207794.552       1414.000   31                    F02
721   4078     560637.500    4207377.617       1639.400   31                    F02
721   4045     560637.500    4206956.945       1850.200   31                    F02
721   3996     560637.500    4206348.699       2087.600   31                    F02
721   3936     560637.500    4205598.760       2349.800   31                    F02
721   3887     560637.500    4204990.517       2570.200   31                    F02
721   3825     560637.500    4204215.435       2834.800   31                    F02
721   3777     560637.500    4203607.189       3006.200   31                    F02
721   3734     560637.500    4203073.705       3160.600   31                    F02
721   3694     560637.500    4202573.858       3283.000   31                    F02
721   3633     560637.500    4201807.268       3434.800   31                    F02
721   3587     560637.500    4201240.481       3532.800   31                    F02
721   3547     560637.501    4200732.137       3630.800   31                    F02
721   3504     560637.501    4200203.069       3731.200   31                    F02
701   4174     560387.500    4208573.714       1134.800   32                    F02
701   4142     560387.500    4208173.769       1242.600   32                    F02
701   4121     560387.500    4207911.443       1338.200   32                    F02
701   4095     560387.500    4207586.254       1490.000   32                    F02
701   4075     560387.500    4207336.162       1619.800   32                    F02
701   4048     560387.500    4206994.662       1808.400   32                    F02
701   4012     560387.500    4206552.923       2011.600   32                    F02
701   3982     560387.500    4206169.625       2168.400   32                    F02
701   3946     560387.500    4205727.886       2327.800   32                    F02
701   3909     560387.500    4205257.262       2499.200   32                    F02
701   3864     560387.500    4204694.552       2695.200   32                    F02
701   3827     560387.500    4204240.578       2866.600   32                    F02
701   3766     560387.500    4203473.650       3082.200   32                    F02
701   3739     560387.500    4203136.226       3192.400   32                    F02
701   3690     560387.500    4202523.907       3356.600   32                    F02
701   3651     560387.500    4202032.213       3439.800   32                    F02
701   3612     560387.500    4201548.678       3523.200   32                    F02
701   3563     560387.500    4200932.281       3601.400   32                    F02
701   3520     560387.501    4200402.871       3660.200   32                    F02
701   3487     560387.501    4199986.275       3704.400   32                    F02
651   3740     559762.500    4203153.216       2403.800   1                    F04
651   3720     559762.500    4202894.628       2585.000   1                    F04
651   3698     559762.500    4202619.732       2781.000   1                    F04
651   3661     559762.500    4202157.262       3072.400   1                    F04
651   3627     559762.500    4201732.171       3295.200   1                    F04
641   3740     559637.500    4203144.723       2435.400   2                    F04
641   3707     559637.500    4202732.204       2727.000   2                    F04
641   3671     559637.500    4202286.385       3016.200   2                    F04
641   3658     559637.500    4202123.620       3116.600   2                    F04
681   3727     560137.500    4202981.957       2455.200   3                    F04
681   3701     560137.500    4202657.110       2697.600   3                    F04
681   3664     560137.500    4202202.794       2984.200   3                    F04
681   3648     560137.500    4202002.993       3101.800   3                    F04
691   3737     560262.500    4203111.422       2335.000   4                    F04
691   3719     560262.500    4202882.055       2511.400   4                    F04
691   3689     560262.500    4202507.256       2773.600   4                    F04
691   3644     560262.500    4201953.042       3116.600   4                    F04
751   3728     561012.500    4202998.607       2330.200   5                    F04
751   3698     561012.500    4202627.886       2599.600   5                    F04
751   3659     561012.500    4202132.116       2866.600   5                    F04
751   3610     561012.500    4201523.873       3138.600   5                    F04
761   3731     561137.500    4203040.404       2315.600   6                    F04
761   3702     561137.500    4202669.680       2567.800   6                    F04
761   3670     561137.500    4202277.892       2776.000   6                    F04
761   3632     561137.500    4201798.772       3006.200   6                    F04
761   3610     561137.500    4201523.873       3141.000   6                    F04
831   3706     562012.500    4202723.708       2540.800   7                    F04
831   3670     562012.500    4202277.892       2810.200   7                    F04
831   3633     562012.500    4201807.268       3033.200   7                    F04
831   3588     562012.500    4201248.635       3275.800   7                    F04
831   3568     562012.500    4200994.463       3381.000   7                    F04
841   3703     562137.500    4202682.253       2565.400   8                    F04
841   3678     562137.500    4202377.792       2749.000   8                    F04
841   3649     562137.500    4202007.070       2952.400   8                    F04
841   3606     562137.500    4201478.002       3187.600   8                    F04
841   3571     562137.500    4201032.183       3373.600   8                    F04
871   3690     562512.500    4202519.488       2658.400   9                    F04
871   3657     562512.500    4202111.388       2901.000   9                    F04
871   3605     562512.500    4201465.429       3209.600   9                    F04
871   3583     562512.500    4201182.033       3344.200   9                    F04
881   3689     562637.500    4202515.411       2660.800   10                    F04
881   3662     562637.500    4202177.990       2874.000   10                    F04
881   3616     562637.500    4201603.048       3155.600   10                    F04
881   3569     562637.500    4201011.114       3405.600   10                    F04
891   3687     562762.500    4202490.267       2673.000   11                    F04
891   3639     562762.500    4201886.440       3047.800   11                    F04
891   3591     562762.500    4201290.429       3324.600   11                    F04
891   3567     562762.500    4200990.386       3452.000   11                    F04
901   3689     562887.500    4202511.333       2641.200   12                    F04
901   3661     562887.500    4202165.417       2888.600   12                    F04
901   3611     562887.500    4201536.446       3239.000   12                    F04
901   3565     562887.500    4200961.163       3486.400   12                    F04
911   3694     563012.500    4202577.935       2609.400   13                    F04
911   3667     563012.500    4202232.018       2834.800   13                    F04
911   3615     563012.500    4201586.398       3219.400   13                    F04
911   3573     563012.500    4201056.988       3457.000   13                    F04
921   3690     563137.500    4202527.984       2636.400   14                    F04
921   3668     563137.500    4202248.669       2856.800   14                    F04
921   3629     563137.500    4201765.472       3133.600   14                    F04
921   3587     563137.500    4201240.481       3383.400   14                    F04
921   3572     563137.500    4201044.756       3464.400   14                    F04
931   3695     563262.500    4202586.431       2607.000   15                    F04
931   3670     563262.500    4202273.815       2822.600   15                    F04
931   3633     563262.500    4201815.423       3141.000   15                    F04
931   3616     563262.500    4201598.629       3248.800   15                    F04
931   3581     563262.500    4201157.229       3449.600   15                    F04
941   3692     563387.500    4202544.634       2619.200   16                    F04
941   3670     563387.500    4202273.815       2822.600   16                    F04
941   3642     563387.500    4201927.895       3045.400   16                    F04
941   3611     563387.500    4201536.446       3283.000   16                    F04
941   3579     563387.500    4201140.578       3466.800   16                    F04
951   3687     563512.500    4202486.187       2656.000   17                    F04
951   3669     563512.500    4202265.319       2842.200   17                    F04
951   3639     563512.500    4201882.024       3104.200   17                    F04
951   3610     563512.500    4201519.457       3288.000   17                    F04
951   3582     563512.500    4201173.879       3432.400   17                    F04
961   3684     563637.500    4202452.889       2685.400   18                    F04
961   3664     563637.500    4202198.717       2883.800   18                    F04
961   3632     563637.500    4201794.695       3131.200   18                    F04
961   3596     563637.500    4201352.953       3337.000   18                    F04
961   3574     563637.500    4201069.561       3435.000   18                    F04
981   3686     563887.500    4202473.614       2707.400   19                    F04
981   3656     563887.500    4202102.892       2937.600   19                    F04
981   3621     563887.500    4201657.073       3172.800   19                    F04
981   3587     563887.500    4201236.401       3349.200   19                    F04
1021   3690     564387.500    4202523.907       2739.200   20                    F04
1021   3663     564387.500    4202186.144       2915.600   20                    F04
1021   3628     564387.500    4201744.744       3133.600   20                    F04
1021   3590     564387.500    4201269.701       3305.200   20                    F04
1031   3694     564512.500    4202569.439       2746.600   21                    F04
1031   3658     564512.500    4202123.620       2967.000   21                    F04
1031   3614     564512.500    4201577.901       3187.600   21                    F04
1031   3591     564512.500    4201286.352       3297.800   21                    F04
1011   3691     564262.500    4202540.557       2722.000   22                    F04
1011   3667     564262.500    4202236.434       2874.000   22                    F04
1011   3636     564262.500    4201844.646       3062.600   22                    F04
1011   3613     564262.500    4201557.174       3192.200   22                    F04
1011   3581     564262.500    4201161.306       3341.800   22                    F04
1001   3683     564137.500    4202436.239       2771.000   23                    F04
1001   3659     564137.500    4202140.612       2930.400   23                    F04
1001   3626     564137.500    4201719.598       3133.600   23                    F04
1001   3594     564137.500    4201327.807       3302.600   23                    F04
991   3689     564012.500    4202515.411       2705.000   24                    F04
991   3674     564012.500    4202323.763       2834.800   24                    F04
991   3644     564012.500    4201944.549       3033.200   24                    F04
991   3613     564012.500    4201565.667       3226.600   24                    F04
991   3593     564012.500    4201311.498       3317.400   24                    F04
971   3696     563762.500    4202603.081       2626.600   25                    F04
971   3670     563762.500    4202273.815       2832.400   25                    F04
971   3633     563762.500    4201811.346       3092.000   25                    F04
971   3609     563762.500    4201515.380       3234.000   25                    F04
971   3586     563762.500    4201223.830       3361.400   25                    F04
861   3691     562387.500    4202536.138       2616.800   26                    F04
861   3648     562387.500    4201994.836       2962.200   26                    F04
861   3600     562387.500    4201402.904       3251.200   26                    F04
861   3571     562387.500    4201036.260       3412.800   26                    F04
851   3694     562262.500    4202573.858       2604.400   27                    F04
851   3664     562262.500    4202194.640       2844.600   27                    F04
851   3642     562262.500    4201919.741       2998.800   27                    F04
851   3595     562262.500    4201336.303       3280.600   27                    F04
851   3565     562262.500    4200965.581       3435.000   27                    F04
821   3711     561887.500    4202790.649       2518.800   28                    F04
821   3679     561887.500    4202386.288       2768.600   28                    F04
821   3639     561887.500    4201886.440       3008.600   28                    F04
821   3594     561887.500    4201319.652       3246.400   28                    F04
821   3567     561887.500    4200986.309       3373.600   28                    F04
811   3715     561762.500    4202840.261       2477.000   29                    F04
811   3685     561762.500    4202456.966       2712.200   29                    F04
811   3645     561762.500    4201965.273       2989.000   29                    F04
811   3600     561762.500    4201402.904       3231.600   29                    F04
811   3574     561762.500    4201078.057       3390.800   29                    F04
801   3720     561637.500    4202898.705       2457.600   30                    F04
801   3694     561637.500    4202577.593       2653.600   30                    F04
801   3662     561637.500    4202177.990       2881.400   30                    F04
801   3618     561637.500    4201619.698       3148.400   30                    F04
801   3569     561637.500    4201007.036       3395.800   30                    F04
791   3719     561512.500    4202890.212       2430.600   31                    F04
791   3698     561512.500    4202619.732       2614.400   31                    F04
791   3671     561512.500    4202281.969       2815.200   31                    F04
791   3632     561512.500    4201798.772       3055.200   31                    F04
791   3590     561512.500    4201277.859       3288.000   31                    F04
781   3728     561387.500    4203002.685       2372.000   32                    F04
781   3686     561387.500    4202478.033       2702.600   32                    F04
781   3652     561387.500    4202048.864       2925.400   32                    F04
781   3620     561387.500    4201648.919       3111.600   32                    F04
771   3729     561262.500    4203007.104       2352.200   33                    F04
771   3692     561262.500    4202548.711       2650.800   33                    F04
771   3660     561262.500    4202152.843       2842.400   33                    F04
771   3619     561262.500    4201632.268       3101.800   33                    F04
671   3729     560012.500    4203007.104       2457.600   34                    F04
671   3701     560012.500    4202657.110       2712.400   34                    F04
671   3672     560012.500    4202294.543       2957.400   34                    F04
671   3653     560012.500    4202061.098       3097.000   34                    F04
661   3738     559887.500    4203123.656       2396.400   35                    F04
661   3721     559887.500    4202915.355       2567.800   35                    F04
661   3693     559887.500    4202561.284       2815.200   35                    F04
661   3657     559887.500    4202106.969       3094.400   35                    F04
741   3728     560887.500    4203003.026       2349.800   36                    F04
741   3696     560887.500    4202594.585       2631.600   36                    F04
741   3662     560887.500    4202169.494       2869.200   36                    F04
741   3622     560887.500    4201673.727       3106.600   36                    F04
741   3606     560887.500    4201473.922       3212.000   36                    F04
741   3583     560887.500    4201182.033       3366.200   36                    F04
741   3554     560887.501    4200819.466       3545.200   36                    F04
741   3541     560887.501    4200661.120       3613.800   36                    F04
731   3735     560762.500    4203086.275       2315.600   37                    F04
731   3705     560762.500    4202711.138       2582.600   37                    F04
731   3669     560762.500    4202261.242       2827.400   37                    F04
731   3627     560762.500    4201740.325       3080.000   37                    F04
731   3608     560762.500    4201503.145       3207.000   37                    F04
731   3580     560762.500    4201144.655       3408.000   37                    F04
731   3551     560762.501    4200782.088       3567.200   37                    F04
721   3737     560637.500    4203111.422       2303.200   38                    F04
721   3715     560637.500    4202832.104       2511.400   38                    F04
721   3682     560637.500    4202419.927       2785.800   38                    F04
721   3649     560637.500    4202015.563       3006.200   38                    F04
721   3624     560637.500    4201698.531       3168.000   38                    F04
721   3601     560637.500    4201415.478       3312.400   38                    F04
721   3579     560637.500    4201140.578       3437.400   38                    F04
711   3733     560512.500    4203057.055       2315.600   39                    F04
711   3710     560512.500    4202773.998       2558.000   39                    F04
711   3688     560512.500    4202503.179       2751.400   39                    F04
711   3663     560512.500    4202182.067       2930.400   39                    F04
711   3627     560512.500    4201740.667       3192.400   39                    F04
711   3595     560512.500    4201336.303       3388.400   39                    F04
711   3578     560512.500    4201128.005       3491.200   39                    F04
701   3735     560387.500    4203086.275       2313.000   40                    F04
701   3713     560387.500    4202815.456       2531.000   40                    F04
701   3685     560387.500    4202461.382       2790.800   40                    F04
701   3653     560387.500    4202057.021       3050.400   40                    F04
701   3644     560387.500    4201944.549       3111.600   40                    F04
701   3623     560387.500    4201682.220       3283.000   40                    F04
701   3603     560387.500    4201436.205       3395.800   40                    F04
531   3806     558262.500    4203973.494       1343.000   1                    F05
531   3787     558262.500    4203731.896       1580.600   1                    F05
531   3763     558262.500    4203431.853       1837.800   1                    F05
531   3736     558262.500    4203098.510       2082.800   1                    F05
531   3714     558262.500    4202819.533       2278.800   1                    F05
511   3794     558012.500    4203827.721       1335.600   2                    F05
511   3776     558012.500    4203594.619       1514.400   2                    F05
511   3752     558012.500    4203294.573       1734.800   2                    F05
511   3723     558012.500    4202936.083       1984.800   2                    F05
501   3791     557887.500    4203790.343       1223.000   3                    F05
501   3772     557887.500    4203552.822       1450.800   3                    F05
501   3744     557887.500    4203202.828       1690.800   3                    F05
501   3728     557887.500    4202998.607       1845.200   3                    F05
501   3718     557887.500    4202877.639       1930.800   3                    F05
491   3786     557762.500    4203727.819       1193.600   4                    F05
491   3767     557762.500    4203486.220       1396.800   4                    F05
491   3749     557762.500    4203261.272       1583.000   4                    F05
491   3733     557762.500    4203061.132       1717.800   4                    F05
641   3964     559637.500    4205948.754       1249.800   5                    F05
641   3945     559637.500    4205711.236       1428.600   5                    F05
641   3915     559637.500    4205336.095       1646.600   5                    F05
641   3885     559637.500    4204965.374       1869.600   5                    F05
641   3858     559637.500    4204619.457       2055.800   5                    F05
641   3810     559637.500    4204019.369       2403.600   5                    F05
641   3778     559637.500    4203619.423       2631.400   5                    F05
641   3748     559637.500    4203248.699       2837.200   5                    F05
621   3925     559387.500    4205465.221       1352.800   6                    F05
621   3873     559387.500    4204807.024       1764.200   6                    F05
621   3824     559387.500    4204198.784       2126.800   6                    F05
621   3794     559387.500    4203823.644       2364.400   6                    F05
611   3912     559262.500    4205302.794       1338.000   7                    F05
611   3872     559262.500    4204794.454       1685.800   7                    F05
611   3831     559262.500    4204282.033       2016.600   7                    F05
611   3796     559262.500    4203852.868       2269.000   7                    F05
591   3891     559012.500    4205036.052       1367.400   8                    F05
591   3851     559012.500    4204540.282       1661.400   8                    F05
591   3814     559012.500    4204073.736       1957.800   8                    F05
591   3773     559012.500    4203561.318       2283.600   8                    F05
581   3863     558887.500    4204681.978       1431.200   9                    F05
581   3848     558887.500    4204498.488       1587.800   9                    F05
581   3829     558887.500    4204265.044       1722.600   9                    F05
581   3804     558887.500    4203953.447       1955.400   9                    F05
581   3776     558887.500    4203598.696       2156.200   9                    F05
581   3747     558887.500    4203232.052       2386.600   9                    F05
581   3721     558887.500    4202907.201       2570.400   9                    F05
581   3693     558887.500    4202561.284       2726.800   9                    F05
561   3839     558637.500    4204390.429       1396.800   10                    F05
561   3815     558637.500    4204082.232       1632.000   10                    F05
561   3790     558637.500    4203778.112       1837.800   10                    F05
561   3766     558637.500    4203477.727       2038.600   10                    F05
561   3737     558637.500    4203115.160       2251.800   10                    F05
561   3726     558637.500    4202977.880       2340.000   10                    F05
681   3973     560137.500    4206061.230       1637.200   11                    F05
681   3949     560137.500    4205757.107       1840.200   11                    F05
681   3909     560137.500    4205265.417       2134.200   11                    F05
681   3874     560137.500    4204819.597       2374.200   11                    F05
681   3831     560137.500    4204282.033       2643.800   11                    F05
681   3792     560137.500    4203802.917       2861.800   11                    F05
701   3992     560387.500    4206302.828       1661.200   12                    F05
701   3971     560387.500    4206031.667       1864.600   12                    F05
701   3950     560387.500    4205777.157       2021.200   12                    F05
701   3913     560387.500    4205311.291       2251.800   12                    F05
701   3873     560387.500    4204815.862       2476.800   12                    F05
701   3841     560387.500    4204415.236       2648.400   12                    F05
701   3806     560387.500    4203977.910       2847.000   12                    F05
701   3785     560387.500    4203707.091       2979.200   12                    F05
751   4079     561012.500    4207386.452       1301.400   13                    F05
751   4056     561012.500    4207094.564       1570.800   13                    F05
751   4029     561012.500    4206757.140       1904.000   13                    F05
751   4020     561012.500    4206644.668       1999.400   13                    F05
741   4059     560887.500    4207132.281       1372.400   14                    F05
741   4038     560887.500    4206869.616       1644.400   14                    F05
741   4009     560887.500    4206507.387       1943.200   14                    F05
741   3981     560887.500    4206165.548       2146.400   14                    F05
731   4054     560762.500    4207069.756       1301.400   15                    F05
731   4046     560762.500    4206969.518       1436.000   15                    F05
731   4018     560762.500    4206623.598       1737.200   15                    F05
731   3999     560762.500    4206390.157       1940.600   15                    F05
731   3978     560762.500    4206123.754       2112.000   15                    F05
721   4047     560637.500    4206990.584       1303.800   16                    F05
721   4031     560637.500    4206790.441       1499.600   16                    F05
721   3998     560637.500    4206373.507       1835.400   16                    F05
721   3972     560637.500    4206048.998       2097.400   16                    F05
721   3956     560637.500    4205844.436       2239.400   16                    F05
711   4046     560512.500    4206978.011       1223.000   17                    F05
711   4031     560512.500    4206781.945       1389.400   17                    F05
711   4008     560512.500    4206498.553       1612.400   17                    F05
711   3990     560512.500    4206277.682       1793.800   17                    F05
711   3966     560512.500    4205977.978       2021.400   17                    F05
711   3933     560512.500    4205556.966       2249.400   17                    F05
711   3907     560512.500    4205232.116       2442.800   17                    F05
671   3970     560012.500    4206019.774       1583.000   18                    F05
671   3944     560012.500    4205698.662       1793.800   18                    F05
671   3908     560012.500    4205248.766       2053.400   18                    F05
671   3864     560012.500    4204698.629       2350.000   18                    F05
671   3830     560012.500    4204269.463       2589.800   18                    F05
671   3785     560012.500    4203715.246       2879.000   18                    F05
671   3763     560012.500    4203436.272       3026.000   18                    F05
631   3920     559512.500    4205402.697       1468.000   19                    F05
631   3883     559512.500    4204932.073       1774.200   19                    F05
631   3837     559512.500    4204361.208       2109.800   19                    F05
631   3797     559512.500    4203856.945       2403.600   19                    F05
631   3783     559512.500    4203686.364       2499.200   19                    F05
661   3960     559887.500    4205894.387       1524.000   20                    F05
661   3932     559887.500    4205544.732       1756.800   20                    F05
661   3880     559887.500    4204898.772       2126.600   20                    F05
661   3841     559887.500    4204411.159       2425.600   20                    F05
661   3802     559887.500    4203923.543       2673.000   20                    F05
651   3968     559762.500    4205998.705       1360.000   21                    F05
651   3950     559762.500    4205773.760       1507.000   21                    F05
651   3934     559762.500    4205573.614       1632.000   21                    F05
651   3886     559762.500    4204973.528       1982.200   21                    F05
651   3851     559762.500    4204532.128       2241.800   21                    F05
651   3796     559762.500    4203852.868       2636.200   21                    F05
691   3992     560262.500    4206303.167       1592.800   22                    F05
691   3972     560262.500    4206044.240       1751.800   22                    F05
691   3949     560262.500    4205761.187       1916.200   22                    F05
691   3924     560262.500    4205444.829       2099.600   22                    F05
691   3904     560262.500    4205199.157       2227.200   22                    F05
691   3867     560262.500    4204731.591       2457.200   22                    F05
691   3833     560262.500    4204307.180       2636.400   22                    F05
691   3778     560262.500    4203627.917       2932.800   22                    F05
571   3855     558762.500    4204582.079       1384.400   23                    F05
571   3825     558762.500    4204211.355       1649.200   23                    F05
571   3796     558762.500    4203852.868       1891.800   23                    F05
571   3773     558762.500    4203565.395       2060.800   23                    F05
571   3757     558762.500    4203365.252       2200.000   23                    F05
571   3731     558762.500    4203040.404       2418.400   23                    F05
571   3701     558762.500    4202661.525       2624.000   23                    F05
521   3798     558137.500    4203873.595       1394.400   24                    F05
521   3781     558137.500    4203665.294       1570.800   24                    F05
521   3752     558137.500    4203294.573       1852.600   24                    F05
521   3728     558137.500    4202998.607       2055.800   24                    F05
521   3706     558137.500    4202719.631       2271.400   24                    F05
521   3821     558137.500    4204161.065       1529.000   1                    F06
521   3801     558137.500    4203915.389       1705.400   1                    F06
521   3779     558137.500    4203640.490       1872.000   1                    F06
521   3754     558137.500    4203319.378       2090.000   1                    F06
521   3738     558137.500    4203119.576       2217.400   1                    F06
521   3714     558137.500    4202827.688       2396.200   1                    F06
451   3732     557262.500    4203048.559       1649.200   2                    F06
451   3714     557262.500    4202819.533       1756.800   2                    F06
451   3690     557262.500    4202523.565       1918.600   2                    F06
451   3658     557262.500    4202119.542       2131.600   2                    F06
451   3640     557262.500    4201902.752       2222.400   2                    F06
441   3716     557137.500    4202844.338       1693.200   3                    F06
441   3691     557137.500    4202536.138       1830.400   3                    F06
441   3657     557137.500    4202111.046       2021.400   3                    F06
441   3630     557137.500    4201769.548       2148.800   3                    F06
431   3704     557012.500    4202698.565       1654.000   4                    F06
431   3670     557012.500    4202269.396       1867.200   4                    F06
431   3640     557012.500    4201902.752       2046.000   4                    F06
431   3633     557012.500    4201811.004       2072.800   4                    F06
421   3694     556887.500    4202577.935       1612.400   5                    F06
421   3660     556887.500    4202148.766       1830.400   5                    F06
421   3633     556887.500    4201815.423       1979.800   5                    F06
421   3621     556887.500    4201657.073       2055.800   5                    F06
411   3700     556762.500    4202644.536       1450.600   6                    F06
411   3670     556762.500    4202273.473       1658.800   6                    F06
411   3640     556762.500    4201894.597       1840.200   6                    F06
411   3618     556762.500    4201627.852       1972.400   6                    F06
401   3700     556637.500    4202648.613       1325.800   7                    F06
401   3672     556637.500    4202294.542       1516.800   7                    F06
401   3637     556637.500    4201865.374       1698.000   7                    F06
401   3613     556637.500    4201561.251       1815.600   7                    F06
401   3599     556637.500    4201381.835       1886.800   7                    F06
381   3677     556387.500    4202365.221       1269.400   8                    F06
381   3654     556387.500    4202073.671       1394.400   8                    F06
381   3620     556387.500    4201648.580       1561.000   8                    F06
381   3593     556387.500    4201307.079       1705.400   8                    F06
621   3908     559387.500    4205253.524       1715.200   9                    F06
621   3894     559387.500    4205073.430       1832.600   9                    F06
621   3875     559387.500    4204839.986       1950.200   9                    F06
621   3845     559387.500    4204457.372       2175.800   9                    F06
621   3815     559387.500    4204086.309       2406.000   9                    F06
621   3779     559387.500    4203636.413       2709.600   9                    F06
621   3761     559387.500    4203411.126       2812.400   9                    F06
601   3907     559137.500    4205236.193       1561.000   10                    F06
601   3896     559137.500    4205098.574       1641.800   10                    F06
601   3863     559137.500    4204686.059       1877.000   10                    F06
601   3834     559137.500    4204327.907       2082.800   10                    F06
601   3794     559137.500    4203828.060       2406.200   10                    F06
601   3770     559137.500    4203528.017       2589.800   10                    F06
601   3745     559137.500    4203206.905       2793.200   10                    F06
601   3720     559137.500    4202898.705       2972.000   10                    F06
611   3913     559262.500    4205306.872       1553.600   11                    F06
611   3903     559262.500    4205182.165       1666.200   11                    F06
611   3879     559262.500    4204890.276       1850.200   11                    F06
611   3851     559262.500    4204532.128       2058.000   11                    F06
611   3817     559262.500    4204107.036       2305.600   11                    F06
611   3785     559262.500    4203715.587       2553.000   11                    F06
611   3757     559262.500    4203361.175       2773.400   11                    F06
611   3733     559262.500    4203065.209       2940.200   11                    F06
611   3721     559262.500    4202911.278       3011.200   11                    F06
591   3910     559012.500    4205269.494       1460.600   12                    F06
591   3905     559012.500    4205211.046       1487.400   12                    F06
591   3885     559012.500    4204965.374       1649.000   12                    F06
591   3856     559012.500    4204603.145       1835.400   12                    F06
591   3823     559012.500    4204182.134       2095.000   12                    F06
591   3795     559012.500    4203835.875       2330.000   12                    F06
591   3776     559012.500    4203603.112       2479.600   12                    F06
591   3750     559012.500    4203278.264       2670.400   12                    F06
591   3719     559012.500    4202886.132       2893.600   12                    F06
591   3699     559012.500    4202640.459       2996.400   12                    F06
641   3949     559637.500    4205761.187       1624.600   13                    F06
641   3936     559637.500    4205595.025       1713.000   13                    F06
641   3910     559637.500    4205269.494       1903.800   13                    F06
641   3890     559637.500    4205019.402       2053.400   13                    F06
641   3859     559637.500    4204640.523       2266.400   13                    F06
641   3822     559637.500    4204178.057       2555.400   13                    F06
641   3796     559637.500    4203848.787       2753.800   13                    F06
641   3760     559637.500    4203398.894       2974.400   13                    F06
641   3720     559637.500    4202894.628       3180.200   13                    F06
691   4057     560262.500    4207115.291       1147.000   14                    F06
691   4045     560262.500    4206956.945       1333.200   14                    F06
691   4014     560262.500    4206573.989       1676.200   14                    F06
691   3987     560262.500    4206240.304       1921.200   14                    F06
691   3953     560262.500    4205815.893       2175.800   14                    F06
691   3934     560262.500    4205573.614       2349.800   14                    F06
391   3706     556512.500    4202727.788       1203.400   15                    F06
391   3679     556512.500    4202390.365       1377.200   15                    F06
391   3647     556512.500    4201986.342       1548.800   15                    F06
391   3613     556512.500    4201561.251       1732.400   15                    F06
391   3591     556512.500    4201281.936       1830.400   15                    F06
721   4093     560637.500    4207557.030       1156.800   16                    F06
721   4081     560637.500    4207411.257       1267.000   16                    F06
721   4068     560637.500    4207248.833       1443.200   16                    F06
721   4049     560637.500    4207011.312       1639.400   16                    F06
721   4023     560637.500    4206690.539       1901.400   16                    F06
681   4050     560137.500    4207023.882       1196.000   17                    F06
681   4033     560137.500    4206811.168       1416.600   17                    F06
681   4004     560137.500    4206452.679       1686.200   17                    F06
681   3966     560137.500    4205969.823       1984.800   17                    F06
681   3933     560137.500    4205557.305       2217.600   17                    F06
681   3899     560137.500    4205140.371       2435.400   17                    F06
651   4009     559762.500    4206507.049       1284.000   18                    F06
651   3975     559762.500    4206086.034       1573.400   18                    F06
651   3959     559762.500    4205890.310       1678.600   18                    F06
651   3944     559762.500    4205699.001       1781.400   18                    F06
651   3896     559762.500    4205102.993       2126.800   18                    F06
651   3862     559762.500    4204677.901       2381.600   18                    F06
651   3811     559762.500    4204032.281       2741.600   18                    F06
651   3763     559762.500    4203440.349       3013.600   18                    F06
651   3722     559762.500    4202927.929       3197.200   18                    F06
661   4022     559887.500    4206677.965       1296.400   19                    F06
661   3991     559887.500    4206282.100       1565.800   19                    F06
661   3959     559887.500    4205882.155       1818.000   19                    F06
661   3915     559887.500    4205340.514       2121.800   19                    F06
661   3875     559887.500    4204836.248       2398.800   19                    F06
661   3835     559887.500    4204336.062       2670.600   19                    F06
731   4095     560762.500    4207582.177       1247.400   20                    F06
731   4077     560762.500    4207357.229       1470.400   20                    F06
731   4055     560762.500    4207081.988       1700.600   20                    F06
731   4040     560762.500    4206898.839       1823.000   20                    F06
741   4108     560887.500    4207744.601       1198.400   21                    F06
741   4088     560887.500    4207494.509       1472.800   21                    F06
741   4077     560887.500    4207357.229       1646.800   21                    F06
701   4069     560387.500    4207265.484       1142.200   22                    F06
701   4040     560387.500    4206902.917       1467.800   22                    F06
701   4015     560387.500    4206582.143       1759.400   22                    F06
701   3996     560387.500    4206352.776       1911.400   22                    F06
701   3970     560387.500    4206027.929       2136.600   22                    F06
701   3952     560387.500    4205794.826       2291.000   22                    F06
711   4077     560512.500    4207360.967       1161.600   23                    F06
711   4058     560512.500    4207128.203       1377.400   23                    F06
711   4032     560512.500    4206803.014       1676.200   23                    F06
711   4015     560512.500    4206582.143       1869.800   23                    F06
711   3991     560512.500    4206290.594       2073.000   23                    F06
671   4039     560012.500    4206882.189       1262.200   24                    F06
671   4025     560012.500    4206715.343       1392.000   24                    F06
671   4003     560012.500    4206440.447       1590.200   24                    F06
671   3971     560012.500    4206032.006       1845.000   24                    F06
671   3946     560012.500    4205723.467       2023.800   24                    F06
671   3913     560012.500    4205306.872       2241.800   24                    F06
671   3875     560012.500    4204839.986       2504.000   24                    F06
671   3831     560012.500    4204286.452       2795.600   24                    F06
671   3798     560012.500    4203873.934       2979.400   24                    F06
511   3818     558012.500    4204119.610       1487.400   25                    F06
511   3796     558012.500    4203848.787       1676.000   25                    F06
511   3772     558012.500    4203548.745       1881.800   25                    F06
511   3753     558012.500    4203311.223       2026.400   25                    F06
511   3729     558012.500    4203015.258       2202.600   25                    F06
511   3704     558012.500    4202702.981       2374.200   25                    F06
531   3818     558262.500    4204127.764       1634.400   26                    F06
531   3800     558262.500    4203903.158       1793.600   26                    F06
531   3777     558262.500    4203607.189       2001.800   26                    F06
531   3744     558262.500    4203198.409       2256.600   26                    F06
531   3724     558262.500    4202953.075       2420.800   26                    F06
531   3719     558262.500    4202890.551       2450.200   26                    F06
501   3815     557887.500    4204090.386       1384.400   27                    F06
501   3790     557887.500    4203773.693       1636.800   27                    F06
501   3775     557887.500    4203590.539       1776.600   27                    F06
501   3757     557887.500    4203361.174       1945.600   27                    F06
501   3731     557887.500    4203036.327       2124.400   27                    F06
501   3710     557887.500    4202769.582       2276.400   27                    F06
491   3811     557762.500    4204031.942       1352.800   28                    F06
491   3781     557762.500    4203656.801       1632.000   28                    F06
491   3754     557762.500    4203327.874       1857.400   28                    F06
491   3731     557762.500    4203040.062       2024.000   28                    F06
491   3711     557762.500    4202790.648       2188.200   28                    F06
491   3699     557762.500    4202632.302       2249.400   28                    F06
471   3780     557512.500    4203644.567       1492.400   29                    F06
471   3754     557512.500    4203323.458       1705.600   29                    F06
471   3729     557512.500    4203011.181       1864.600   29                    F06
471   3714     557512.500    4202823.272       1975.000   29                    F06
471   3697     557512.500    4202606.817       2082.600   29                    F06
471   3677     557512.500    4202357.064       2205.200   29                    F06
461   3754     557387.500    4203319.378       1600.200   30                    F06
461   3722     557387.500    4202923.851       1805.800   30                    F06
461   3710     557387.500    4202773.320       1894.000   30                    F06
461   3683     557387.500    4202440.316       2050.800   30                    F06
461   3668     557387.500    4202244.591       2158.800   30                    F06
541   3861     558387.500    4204656.835       1294.000   31                    F06
541   3842     558387.500    4204419.314       1492.400   31                    F06
541   3822     558387.500    4204177.715       1678.600   31                    F06
541   3801     558387.500    4203906.896       1891.600   31                    F06
541   3778     558387.500    4203627.578       2073.000   31                    F06
541   3753     558387.500    4203311.223       2276.200   31                    F06
541   3737     558387.500    4203115.499       2413.400   31                    F06
551   3868     558512.500    4204748.580       1433.400   32                    F06
551   3835     558512.500    4204336.062       1696.000   32                    F06
551   3795     558512.500    4203840.294       2029.000   32                    F06
551   3765     558512.500    4203461.077       2241.800   32                    F06
551   3739     558512.500    4203131.811       2423.200   32                    F06
561   3876     558637.500    4204848.821       1458.200   33                    F06
561   3848     558637.500    4204502.904       1693.200   33                    F06
561   3821     558637.500    4204161.065       1916.200   33                    F06
561   3783     558637.500    4203686.025       2207.600   33                    F06
561   3738     558637.500    4203119.576       2518.800   33                    F06
561   3721     558637.500    4202915.697       2619.000   33                    F06
571   3871     558762.500    4204786.297       1583.000   34                    F06
571   3846     558762.500    4204478.438       1801.200   34                    F06
571   3815     558762.500    4204082.232       2050.800   34                    F06
571   3792     558762.500    4203802.916       2212.600   34                    F06
571   3762     558762.500    4203423.699       2437.800   34                    F06
571   3739     558762.500    4203136.226       2594.800   34                    F06
571   3702     558762.500    4202673.418       2805.400   34                    F06
581   3890     558887.500    4205019.402       1543.800   35                    F06
581   3875     558887.500    4204836.248       1651.600   35                    F06
581   3848     558887.500    4204494.750       1845.200   35                    F06
581   3820     558887.500    4204144.756       2072.800   35                    F06
581   3784     558887.500    4203703.014       2332.800   35                    F06
581   3771     558887.500    4203532.094       2435.600   35                    F06
581   3742     558887.500    4203169.866       2636.400   35                    F06
581   3718     558887.500    4202877.639       2788.400   35                    F06
681   3833     560137.502    4204313.194       2141.082   1                    F08
681   3826     560137.502    4204220.092       2202.375   1                    F08
681   3817     560137.502    4204108.774       2281.778   1                    F08
681   3815     560137.502    4204084.487       2305.460   1                    F08
631   3855     559512.500    4204586.156       1556.000   2                    F08
631   3829     559512.500    4204256.890       1752.000   2                    F08
631   3804     559512.500    4203952.767       1970.000   2                    F08
631   3784     559512.500    4203702.672       2171.000   2                    F08
631   3755     559512.500    4203340.447       2447.800   2                    F08
631   3728     559512.500    4203002.685       2710.000   2                    F08
611   3841     559262.500    4204406.740       1499.600   3                    F08
611   3816     559262.500    4204094.463       1703.200   3                    F08
611   3804     559262.500    4203944.274       1830.200   3                    F08
611   3779     559262.500    4203640.490       2068.000   3                    F08
611   3755     559262.500    4203336.028       2291.000   3                    F08
611   3729     559262.500    4203015.597       2553.200   3                    F08
611   3706     559262.500    4202723.708       2756.400   3                    F08
601   3829     559137.500    4204256.890       1450.800   4                    F08
601   3820     559137.500    4204144.414       1529.200   4                    F08
601   3793     559137.500    4203815.490       1815.600   4                    F08
601   3771     559137.500    4203536.172       2068.000   4                    F08
601   3748     559137.500    4203248.699       2278.600   4                    F08
601   3734     559137.500    4203069.286       2428.000   4                    F08
651   3837     559762.500    4204365.285       1854.800   5                    F08
651   3819     559762.500    4204140.337       2031.400   5                    F08
651   3794     559762.500    4203827.721       2269.000   5                    F08
651   3776     559762.500    4203598.696       2452.600   5                    F08
651   3752     559762.500    4203294.573       2665.800   5                    F08
671   3838     560012.500    4204373.781       2001.800   6                    F08
671   3824     560012.500    4204198.784       2134.200   6                    F08
671   3803     560012.500    4203936.117       2340.000   6                    F08
671   3780     560012.500    4203652.724       2597.200   6                    F08
661   3828     559887.500    4204252.813       1984.800   7                    F08
661   3812     559887.500    4204052.331       2171.000   7                    F08
661   3787     559887.500    4203740.050       2421.000   7                    F08
661   3768     559887.500    4203502.871       2609.400   7                    F08
661   3741     559887.500    4203156.954       2874.000   7                    F08
591   3809     559012.500    4204011.211       1558.600   8                    F08
591   3791     559012.500    4203786.266       1786.200   8                    F08
591   3767     559012.500    4203489.959       2011.600   8                    F08
591   3743     559012.500    4203189.916       2234.600   8                    F08
591   3722     559012.500    4202927.590       2428.200   8                    F08
581   3787     558887.500    4203731.896       1735.000   9                    F08
581   3778     558887.500    4203627.916       1820.600   9                    F08
581   3755     558887.500    4203336.028       2045.800   9                    F08
581   3724     558887.500    4202944.579       2342.400   9                    F08
571   3783     558762.500    4203690.441       1720.200   10                    F08
571   3764     558762.500    4203448.845       1898.800   10                    F08
571   3739     558762.500    4203136.226       2129.200   10                    F08
571   3713     558762.500    4202814.776       2317.800   10                    F08
551   3780     558512.500    4203653.063       1565.800   11                    F08
551   3760     558512.500    4203402.630       1788.800   11                    F08
551   3736     558512.500    4203094.091       2004.400   11                    F08
551   3712     558512.500    4202802.544       2190.600   11                    F08
541   3780     558387.500    4203652.724       1458.200   12                    F08
541   3761     558387.500    4203406.707       1683.400   12                    F08
541   3739     558387.500    4203135.888       1894.200   12                    F08
541   3714     558387.500    4202819.533       2148.800   12                    F08
541   3703     558387.500    4202690.407       2246.800   12                    F08
531   3781     558262.500    4203657.140       1340.600   13                    F08
531   3764     558262.500    4203448.504       1531.800   13                    F08
531   3737     558262.500    4203111.083       1840.000   13                    F08
531   3709     558262.500    4202761.089       2134.200   13                    F08
531   3698     558262.500    4202627.886       2232.200   13                    F08
521   3778     558137.500    4203623.501       1308.800   14                    F08
521   3762     558137.500    4203419.280       1487.400   14                    F08
521   3734     558137.500    4203077.782       1783.800   14                    F08
521   3704     558137.500    4202703.319       2060.600   14                    F08
511   3769     558012.500    4203511.367       1296.400   15                    F08
511   3752     558012.500    4203303.069       1470.200   15                    F08
511   3720     558012.500    4202898.705       1764.200   15                    F08
403   3783     556665.344    4203687.499       1164.200   1                    F09
432   3783     557019.756    4203687.499       1423.800   1                    F09
460   3783     557373.828    4203687.499       1695.600   1                    F09
495   3783     557811.491    4203687.499       2014.200   1                    F09
525   3783     558186.291    4203687.499       2261.600   1                    F09
551   3783     558511.480    4203687.499       2489.400   1                    F09
423   3813     556907.282    4204062.499       1188.600   2                    F09
443   3813     557157.035    4204062.499       1387.000   2                    F09
471   3813     557507.030    4204062.499       1676.000   2                    F09
510   3813     557998.721    4204062.499       1997.000   2                    F09
541   3813     558390.511    4204062.499       2276.200   2                    F09
570   3813     558748.661    4204062.499       2491.800   2                    F09
427   3823     556957.233    4204187.499       1166.600   3                    F09
447   3823     557215.481    4204187.499       1392.000   3                    F09
471   3823     557507.030    4204187.499       1627.200   3                    F09
493   3823     557790.424    4204187.499       1813.200   3                    F09
518   3823     558098.962    4204187.499       2028.800   3                    F09
544   3823     558423.812    4204187.499       2237.000   3                    F09
569   3823     558732.011    4204187.499       2469.800   3                    F09
579   3823     558865.552    4204187.499       2553.000   3                    F09
434   3833     557048.979    4204312.499       1166.600   4                    F09
462   3833     557394.556    4204312.499       1499.800   4                    F09
487   3833     557707.172    4204312.499       1727.600   4                    F09
519   3833     558111.195    4204312.499       2009.200   4                    F09
551   3833     558515.558    4204312.499       2264.000   4                    F09
581   3833     558890.358    4204312.499       2526.200   4                    F09
440   3843     557124.075    4204437.499       1169.200   5                    F09
468   3843     557473.730    4204437.499       1472.800   5                    F09
492   3843     557769.696    4204437.499       1705.400   5                    F09
524   3843     558169.641    4204437.499       1999.400   5                    F09
556   3843     558573.664    4204437.499       2251.800   5                    F09
579   3843     558857.058    4204437.499       2462.400   5                    F09
456   3863     557319.800    4204687.499       1183.800   6                    F09
471   3863     557511.447    4204687.499       1377.200   6                    F09
493   3863     557790.424    4204687.499       1612.400   6                    F09
518   3863     558103.040    4204687.499       1857.400   6                    F09
547   3863     558465.607    4204687.499       2112.200   6                    F09
575   3863     558807.106    4204687.499       2340.000   6                    F09
587   3863     558961.376    4204687.499       2428.200   6                    F09
468   3893     557473.730    4205062.499       1174.000   7                    F09
489   3893     557740.473    4205062.499       1411.600   7                    F09
518   3893     558103.040    4205062.499       1705.400   7                    F09
543   3893     558411.239    4205062.499       1926.000   7                    F09
570   3893     558753.078    4205062.499       2210.200   7                    F09
600   3893     559119.723    4205062.499       2450.200   7                    F09
474   3903     557548.825    4205187.499       1183.800   8                    F09
499   3903     557865.519    4205187.499       1477.600   8                    F09
530   3903     558252.892    4205187.499       1752.000   8                    F09
560   3903     558623.954    4205187.499       2026.400   8                    F09
592   3903     559023.899    4205187.499       2342.400   8                    F09
602   3903     559148.946    4205187.499       2425.600   8                    F09
483   3913     557661.299    4205312.499       1237.600   9                    F09
510   3913     557998.721    4205312.499       1504.600   9                    F09
541   3913     558386.434    4205312.499       1823.000   9                    F09
566   3913     558703.128    4205312.499       2053.400   9                    F09
590   3913     558998.754    4205312.499       2281.200   9                    F09
607   3913     559211.469    4205312.499       2433.000   9                    F09
503   3943     557911.392    4205687.499       1232.800   10                    F09
524   3943     558169.641    4205687.499       1494.800   10                    F09
549   3943     558482.257    4205687.499       1788.800   10                    F09
576   3943     558823.757    4205687.499       2043.600   10                    F09
598   3943     559098.655    4205687.499       2244.400   10                    F09
613   3943     559290.643    4205687.499       2371.800   10                    F09
509   3953     557986.489    4205812.499       1227.800   11                    F09
526   3953     558202.941    4205812.499       1458.000   11                    F09
548   3953     558477.840    4205812.499       1727.600   11                    F09
571   3953     558761.233    4205812.499       1972.600   11                    F09
594   3953     559053.122    4205812.499       2202.800   11                    F09
615   3953     559307.293    4205812.499       2366.800   11                    F09
519   3963     558111.195    4205937.499       1235.200   12                    F09
534   3963     558298.765    4205937.499       1431.200   12                    F09
556   3963     558569.586    4205937.499       1703.000   12                    F09
573   3963     558790.456    4205937.499       1911.200   12                    F09
600   3963     559119.723    4205937.499       2153.800   12                    F09
619   3963     559357.244    4205937.499       2300.800   12                    F09
527   3973     558211.436    4206062.499       1235.200   13                    F09
548   3973     558469.685    4206062.499       1497.200   13                    F09
568   3973     558719.778    4206062.499       1749.600   13                    F09
589   3973     558990.599    4206062.499       1957.800   13                    F09
609   3973     559240.352    4206062.499       2156.200   13                    F09
623   3973     559415.349    4206062.499       2281.200   13                    F09
535   3983     558307.260    4206187.499       1218.000   14                    F09
555   3983     558565.509    4206187.499       1521.800   14                    F09
573   3983     558786.379    4206187.499       1742.200   14                    F09
592   3983     559023.899    4206187.499       1957.800   14                    F09
612   3983     559278.070    4206187.499       2153.800   14                    F09
622   3983     559394.622    4206187.499       2239.600   14                    F09
546   4003     558453.034    4206437.499       1166.600   15                    F09
569   4003     558736.428    4206437.499       1475.200   15                    F09
598   4003     559103.073    4206437.499       1823.000   15                    F09
620   4003     559369.816    4206437.499       2065.600   15                    F09
627   4003     559461.222    4206437.499       2131.800   15                    F09
564   4013     558669.827    4206562.499       1323.400   16                    F09
585   4013     558940.648    4206562.499       1592.800   16                    F09
607   4013     559207.052    4206562.499       1835.400   16                    F09
631   4013     559515.591    4206562.499       2122.000   16                    F09
573   4023     558790.456    4206687.499       1372.400   17                    F09
594   4023     559053.122    4206687.499       1617.400   17                    F09
610   4023     559244.770    4206687.499       1788.800   17                    F09
632   4023     559519.668    4206687.499       2026.400   17                    F09
589   4033     558990.599    4206812.499       1467.800   18                    F09
605   4033     559182.246    4206812.499       1651.600   18                    F09
624   4033     559419.767    4206812.499       1852.400   18                    F09
639   4033     559611.414    4206812.499       1994.600   18                    F09
415   3803     556815.536    4203937.499       1166.600   19                    F09
438   3803     557098.930    4203937.499       1409.000   19                    F09
469   3803     557486.302    4203937.499       1690.800   19                    F09
507   3803     557956.926    4203937.499       2009.200   19                    F09
539   3803     558361.288    4203937.499       2291.000   19                    F09
568   3803     558727.933    4203937.499       2521.200   19                    F09
491   3923     557757.123    4205437.499       1213.000   20                    F09
518   3923     558098.962    4205437.499       1521.800   20                    F09
549   3923     558482.257    4205437.499       1862.200   20                    F09
570   3923     558753.078    4205437.499       2087.600   20                    F09
589   3923     558982.104    4205437.499       2261.600   20                    F09
608   3923     559223.702    4205437.499       2425.600   20                    F09
464   3883     557427.856    4204937.499       1193.600   21                    F09
486   3883     557698.677    4204937.499       1441.000   21                    F09
514   3883     558044.594    4204937.499       1693.200   21                    F09
541   3883     558390.511    4204937.499       1962.800   21                    F09
572   3883     558777.883    4204937.499       2244.400   21                    F09
595   3883     559057.200    4204937.499       2452.600   21                    F09
460   3873     557373.828    4204812.499       1178.800   22                    F09
480   3873     557627.999    4204812.499       1443.400   22                    F09
511   3873     558011.294    4204812.499       1734.800   22                    F09
536   3873     558327.988    4204812.499       1972.400   22                    F09
568   3873     558727.933    4204812.499       2237.000   22                    F09
594   3873     559053.122    4204812.499       2452.600   22                    F09
448   3853     557219.559    4204562.499       1178.800   23                    F09
468   3853     557473.730    4204562.499       1389.400   23                    F09
491   3853     557757.123    4204562.499       1629.600   23                    F09
517   3853     558082.312    4204562.499       1872.000   23                    F09
539   3853     558365.706    4204562.499       2090.200   23                    F09
572   3853     558778.224    4204562.499       2374.400   23                    F09
586   3853     558944.726    4204562.499       2489.400   23                    F09
415   3793     556807.041    4203812.499       1208.200   24                    F09
434   3793     557053.057    4203812.499       1409.000   24                    F09
462   3793     557394.556    4203812.499       1663.800   24                    F09
493   3793     557782.268    4203812.499       1960.200   24                    F09
527   3793     558211.436    4203812.499       2232.200   24                    F09
550   3793     558494.830    4203812.499       2440.400   24                    F09
406   3763     556694.567    4203437.499       1218.000   25                    F09
426   3763     556953.155    4203437.499       1482.600   25                    F09
448   3763     557219.559    4203437.499       1698.200   25                    F09
475   3763     557561.398    4203437.499       1938.200   25                    F09
501   3763     557882.170    4203437.499       2180.800   25                    F09
529   3763     558240.659    4203437.499       2428.200   25                    F09
544   3763     558419.734    4203437.499       2543.200   25                    F09
402   3773     556648.694    4203562.499       1196.000   26                    F09
424   3773     556923.932    4203562.499       1406.600   26                    F09
450   3773     557248.782    4203562.499       1659.000   26                    F09
482   3773     557648.727    4203562.499       1938.200   26                    F09
505   3773     557932.121    4203562.499       2141.600   26                    F09
526   3773     558202.942    4203562.499       2340.000   26                    F09
542   3773     558403.084    4203562.499       2477.200   26                    F09
393   3743     556532.142    4203187.499       1213.200   27                    F09
415   3743     556815.536    4203187.499       1467.800   27                    F09
443   3743     557165.530    4203187.499       1776.600   27                    F09
464   3743     557427.856    4203187.499       1979.800   27                    F09
486   3743     557703.095    4203187.499       2185.600   27                    F09
392   3733     556519.570    4203062.499       1264.600   28                    F09
406   3733     556698.985    4203062.499       1409.000   28                    F09
429   3733     556986.456    4203062.499       1663.800   28                    F09
451   3733     557265.432    4203062.499       1894.200   28                    F09
477   3733     557582.126    4203062.499       2166.000   28                    F09
496   3733     557819.646    4203062.499       2315.400   28                    F09
391   3723     556515.492    4202937.499       1301.400   29                    F09
420   3723     556869.564    4202937.499       1585.400   29                    F09
448   3723     557223.636    4202937.499       1911.200   29                    F09
477   3723     557590.621    4202937.499       2224.800   29                    F09
491   3723     557757.123    4202937.499       2374.200   29                    F09
398   3713     556603.161    4202812.499       1416.400   30                    F09
416   3713     556819.614    4202812.499       1605.000   30                    F09
437   3713     557090.435    4202812.499       1835.400   30                    F09
456   3713     557327.955    4202812.499       2021.400   30                    F09
476   3713     557578.048    4202812.499       2249.400   30                    F09
501   3713     557886.247    4202812.499       2482.000   30                    F09
512   3713     558023.867    4202812.499       2589.800   30                    F09
387   3703     556465.541    4202687.499       1384.600   31                    F09
411   3703     556757.090    4202687.499       1612.400   31                    F09
437   3703     557090.435    4202687.499       1901.400   31                    F09
465   3703     557440.769    4202687.499       2195.400   31                    F09
489   3703     557740.473    4202687.499       2437.800   31                    F09
403   3693     556665.344    4202562.499       1539.000   32                    F09
411   3693     556757.090    4202562.499       1646.800   32                    F09
435   3693     557065.629    4202562.499       1906.400   32                    F09
460   3693     557369.751    4202562.499       2156.200   32                    F09
479   3693     557615.426    4202562.499       2337.400   32                    F09
399   3753     556615.733    4203312.499       1232.800   33                    F09
420   3753     556878.059    4203312.499       1470.400   33                    F09
441   3753     557132.230    4203312.499       1695.600   33                    F09
464   3753     557423.779    4203312.499       1916.200   33                    F09
485   3753     557682.027    4203312.499       2117.000   33                    F09
501   3753     557886.247    4203312.499       2251.800   33                    F09
501   3933     557886.247    4205562.499       1247.400   34                    F09
522   3933     558144.496    4205562.499       1514.400   34                    F09
544   3933     558423.812    4205562.499       1766.800   34                    F09
566   3933     558703.128    4205562.499       1977.400   34                    F09
586   3933     558952.881    4205562.499       2176.000   34                    F09
612   3933     559269.575    4205562.499       2396.400   34                    F09
367   3753     556215.448    4203312.499       1259.600   1                    F10
389   3753     556482.192    4203312.499       1509.600   1                    F10
409   3753     556732.285    4203312.499       1739.800   1                    F10
433   3753     557032.329    4203312.499       1970.000   1                    F10
465   3753     557440.429    4203312.499       2229.800   1                    F10
367   3743     556215.448    4203187.499       1306.200   2                    F10
392   3743     556528.065    4203187.499       1597.800   2                    F10
412   3743     556769.663    4203187.499       1825.600   2                    F10
441   3743     557140.385    4203187.499       2099.800   2                    F10
462   3743     557394.556    4203187.499       2266.400   2                    F10
366   3733     556194.720    4203062.499       1360.000   3                    F10
390   3733     556502.920    4203062.499       1619.800   3                    F10
421   3733     556886.214    4203062.499       1943.200   3                    F10
458   3733     557348.683    4203062.499       2293.400   3                    F10
464   3733     557419.701    4203062.499       2349.800   3                    F10
368   3723     556223.943    4202937.499       1443.400   4                    F10
396   3723     556569.520    4202937.499       1730.000   4                    F10
423   3723     556907.282    4202937.499       2004.400   4                    F10
449   3723     557232.132    4202937.499       2259.200   4                    F10
375   3703     556311.272    4202687.499       1622.200   5                    F10
392   3703     556528.065    4202687.499       1803.400   5                    F10
418   3703     556852.914    4202687.499       2085.200   5                    F10
443   3703     557161.453    4202687.499       2327.600   5                    F10
374   3693     556303.117    4202562.499       1659.000   6                    F10
400   3693     556619.811    4202562.499       1911.200   6                    F10
429   3693     556990.533    4202562.499       2215.000   6                    F10
371   3683     556261.321    4202437.499       1688.400   7                    F10
389   3683     556486.269    4202437.499       1889.200   7                    F10
421   3683     556890.632    4202437.499       2246.800   7                    F10
378   3763     556348.990    4203437.499       1335.600   8                    F10
392   3763     556519.570    4203437.499       1502.200   8                    F10
415   3763     556811.119    4203437.499       1744.600   8                    F10
443   3763     557165.530    4203437.499       2004.200   8                    F10
470   3763     557502.952    4203437.499       2229.800   8                    F10
492   3763     557769.696    4203437.499       2398.600   8                    F10
366   3673     556194.721    4202312.499       1666.400   9                    F10
388   3673     556473.697    4202312.499       1930.800   9                    F10
412   3673     556773.741    4202312.499       2149.000   9                    F10
433   3673     557036.406    4202312.499       2323.000   9                    F10
363   3663     556161.420    4202187.499       1734.800   10                    F10
386   3663     556448.891    4202187.499       1950.400   10                    F10
407   3663     556715.635    4202187.499       2146.400   10                    F10
438   3663     557098.930    4202187.499       2369.400   10                    F10
363   3653     556165.498    4202062.499       1783.800   11                    F10
386   3653     556448.891    4202062.499       2009.200   11                    F10
408   3653     556719.712    4202062.499       2202.800   11                    F10
429   3653     556990.533    4202062.499       2364.400   11                    F10
364   3643     556173.993    4201937.499       1847.600   12                    F10
386   3643     556444.814    4201937.499       2043.600   12                    F10
419   3643     556857.332    4201937.499       2315.400   12                    F10
364   3633     556178.070    4201812.499       1904.000   13                    F10
385   3633     556432.241    4201812.499       2097.400   13                    F10
406   3633     556698.985    4201812.499       2256.600   13                    F10
364   3623     556169.575    4201687.499       1926.000   14                    F10
382   3623     556394.523    4201687.499       2097.400   14                    F10
402   3623     556644.616    4201687.499       2281.200   14                    F10
365   3613     556182.148    4201562.499       2031.200   15                    F10
386   3613     556452.969    4201562.499       2210.200   15                    F10
397   3613     556582.093    4201562.499       2295.800   15                    F10
368   3713     556223.943    4202812.499       1497.200   16                    F10
376   3713     556323.845    4202812.499       1561.000   16                    F10
399   3713     556611.316    4202812.499       1793.600   16                    F10
423   3713     556911.360    4202812.499       2041.000   16                    F10
450   3713     557252.859    4202812.499       2342.400   16                    F10
457   3713     557332.033    4202812.499       2413.400   16                    F10
422   3873     556898.787    4204812.499       1203.400   17                    F10
450   3873     557248.782    4204812.499       1524.200   17                    F10
485   3873     557690.522    4204812.499       1830.400   17                    F10
526   3873     558194.786    4204812.499       2161.200   17                    F10
442   3893     557148.880    4205062.499       1267.000   18                    F10
463   3893     557407.128    4205062.499       1512.000   18                    F10
481   3893     557640.572    4205062.499       1708.000   18                    F10
507   3893     557957.266    4205062.499       1933.400   18                    F10
415   3863     556807.381    4204687.499       1205.800   19                    F10
447   3863     557215.821    4204687.499       1546.400   19                    F10
486   3863     557694.940    4204687.499       1899.200   19                    F10
527   3863     558215.514    4204687.499       2227.200   19                    F10
402   3843     556644.616    4204437.499       1208.200   20                    F10
431   3843     557011.261    4204437.499       1504.600   20                    F10
460   3843     557377.906    4204437.499       1769.200   20                    F10
503   3843     557915.470    4204437.499       2126.800   20                    F10
406   3823     556698.984    4204187.499       1345.400   21                    F10
434   3823     557048.979    4204187.499       1627.000   21                    F10
455   3823     557307.227    4204187.499       1803.400   21                    F10
485   3823     557686.444    4204187.499       2077.800   21                    F10
519   3823     558115.612    4204187.499       2322.800   21                    F10
534   3823     558298.765    4204187.499       2420.800   21                    F10
395   3813     556565.103    4204062.499       1245.000   22                    F10
416   3813     556823.691    4204062.499       1487.600   22                    F10
439   3813     557111.502    4204062.499       1712.600   22                    F10
462   3813     557403.051    4204062.499       1928.600   22                    F10
497   3813     557832.219    4204062.499       2195.400   22                    F10
528   3813     558228.086    4204062.499       2452.600   22                    F10
382   3803     556403.018    4203937.499       1186.200   23                    F10
399   3803     556611.316    4203937.499       1369.800   23                    F10
424   3803     556923.932    4203937.499       1624.600   23                    F10
452   3803     557278.004    4203937.499       1896.600   23                    F10
476   3803     557578.048    4203937.499       2085.200   23                    F10
508   3803     557977.993    4203937.499       2332.600   23                    F10
535   3803     558307.260    4203937.499       2538.400   23                    F10
381   3793     556381.951    4203812.499       1225.400   24                    F10
404   3793     556669.762    4203812.499       1475.400   24                    F10
438   3793     557099.269    4203812.499       1823.000   24                    F10
459   3793     557361.256    4203812.499       1997.000   24                    F10
494   3793     557794.501    4203812.499       2276.200   24                    F10
524   3793     558178.136    4203812.499       2513.800   24                    F10
559   3793     558606.964    4203812.499       2758.800   24                    F10
375   3783     556307.195    4203687.499       1203.400   25                    F10
388   3783     556469.619    4203687.499       1367.400   25                    F10
417   3783     556831.846    4203687.499       1649.200   25                    F10
433   3783     557036.406    4203687.499       1796.200   25                    F10
456   3783     557319.800    4203687.499       2014.000   25                    F10
494   3783     557798.919    4203687.499       2322.800   25                    F10
543   3783     558415.317    4203687.499       2704.800   25                    F10
380   3773     556377.873    4203562.499       1321.000   26                    F10
408   3773     556728.547    4203562.499       1612.400   26                    F10
433   3773     557036.406    4203562.499       1859.800   26                    F10
461   3773     557390.479    4203562.499       2107.200   26                    F10
492   3773     557777.851    4203562.499       2369.400   26                    F10
499   3773     557857.025    4203562.499       2420.800   26                    F10
397   3833     556582.093    4204312.499       1223.000   27                    F10
413   3833     556786.313    4204312.499       1416.400   27                    F10
447   3833     557211.744    4204312.499       1695.800   27                    F10
471   3833     557507.030    4204312.499       1908.800   27                    F10
506   3833     557948.770    4204312.499       2205.200   27                    F10
412   3853     556769.663    4204562.499       1259.600   28                    F10
440   3853     557119.997    4204562.499       1539.000   28                    F10
469   3853     557486.302    4204562.499       1796.200   28                    F10
519   3853     558107.118    4204562.499       2200.400   28                    F10
442   3883     557152.958    4204937.499       1352.800   29                    F10
463   3883     557415.624    4204937.499       1561.000   29                    F10
489   3883     557732.318    4204937.499       1803.400   29                    F10
517   3883     558086.390    4204937.499       2053.400   29                    F10
381   3862     556387.500    4204669.408       1171.400   1                    F11
381   3849     556387.500    4204511.058       1276.800   1                    F11
381   3827     556387.500    4204232.085       1443.400   1                    F11
381   3802     556387.500    4203919.466       1590.400   1                    F11
381   3766     556387.500    4203478.066       1791.200   1                    F11
381   3733     556387.500    4203057.055       1960.400   1                    F11
381   3712     556387.500    4202802.883       2075.200   1                    F11
381   3686     556387.500    4202473.613       2198.000   1                    F11
381   3655     556387.500    4202082.164       2332.600   1                    F11
371   3854     556262.500    4204573.583       1149.400   2                    F11
371   3839     556262.500    4204386.351       1306.200   2                    F11
371   3819     556262.500    4204131.841       1470.400   2                    F11
371   3802     556262.500    4203919.466       1565.800   2                    F11
371   3765     556262.500    4203457.000       1749.400   2                    F11
371   3729     556262.500    4203015.258       1925.800   2                    F11
371   3696     556262.500    4202594.585       2095.000   2                    F11
371   3654     556262.500    4202077.749       2256.600   2                    F11
371   3629     556262.500    4201756.975       2342.400   2                    F11
371   3603     556262.500    4201440.282       2442.800   2                    F11
391   3862     556512.500    4204669.408       1225.400   3                    F11
391   3831     556512.500    4204286.110       1477.600   3                    F11
391   3807     556512.500    4203986.406       1627.200   3                    F11
391   3769     556512.500    4203515.444       1835.400   3                    F11
391   3731     556512.500    4203040.404       2043.600   3                    F11
391   3699     556512.500    4202640.459       2205.200   3                    F11
391   3673     556512.500    4202310.851       2322.800   3                    F11
401   3868     556637.500    4204752.657       1269.400   4                    F11
401   3845     556637.500    4204465.526       1467.800   4                    F11
401   3812     556637.500    4204044.512       1710.400   4                    F11
401   3777     556637.500    4203611.266       1877.000   4                    F11
401   3737     556637.500    4203115.160       2092.600   4                    F11
401   3702     556637.500    4202669.341       2286.000   4                    F11
401   3686     556637.500    4202473.613       2371.800   4                    F11
481   3939     557637.500    4205632.061       1519.400   5                    F11
481   3912     557637.500    4205302.794       1715.200   5                    F11
481   3875     557637.500    4204835.909       1935.800   5                    F11
471   3932     557512.500    4205544.393       1499.800   6                    F11
471   3901     557512.500    4205165.175       1700.600   6                    F11
471   3877     557512.500    4204856.975       1842.600   6                    F11
471   3848     557512.500    4204502.904       1989.800   6                    F11
461   3926     557387.500    4205478.130       1431.200   7                    F11
461   3898     557387.500    4205123.720       1639.200   7                    F11
461   3868     557387.500    4204752.657       1820.600   7                    F11
461   3840     557387.500    4204398.586       1974.800   7                    F11
451   3929     557262.500    4205507.015       1362.600   8                    F11
451   3905     557262.500    4205215.126       1529.200   8                    F11
451   3876     557262.500    4204852.559       1703.000   8                    F11
451   3835     557262.500    4204331.984       1896.600   8                    F11
451   3799     557262.500    4203886.165       2075.400   8                    F11
441   3933     557137.500    4205561.043       1247.400   9                    F11
441   3899     557137.500    4205131.875       1489.800   9                    F11
441   3871     557137.500    4204785.958       1654.000   9                    F11
441   3833     557137.500    4204311.257       1872.000   9                    F11
441   3797     557137.500    4203865.099       2051.000   9                    F11
441   3756     557137.500    4203348.601       2259.200   9                    F11
441   3737     557137.500    4203107.003       2332.600   9                    F11
431   3904     557012.500    4205202.892       1345.400   10                    F11
431   3879     557012.500    4204890.276       1521.800   10                    F11
431   3854     557012.500    4204578.002       1678.400   10                    F11
431   3831     557012.500    4204282.033       1818.200   10                    F11
431   3793     557012.500    4203815.490       2006.800   10                    F11
431   3750     557012.500    4203277.923       2222.400   10                    F11
431   3723     557012.500    4202932.348       2322.800   10                    F11
421   3866     556887.500    4204719.359       1482.400   11                    F11
421   3848     556887.500    4204494.750       1624.600   11                    F11
421   3803     556887.500    4203936.116       1891.600   11                    F11
421   3755     556887.500    4203340.105       2095.000   11                    F11
421   3717     556887.500    4202865.404       2305.800   11                    F11
421   3696     556887.500    4202594.243       2393.800   11                    F11
411   3871     556762.500    4204790.374       1355.200   12                    F11
411   3856     556762.500    4204594.310       1475.400   12                    F11
411   3832     556762.500    4204294.268       1649.200   12                    F11
411   3791     556762.500    4203786.266       1898.800   12                    F11
411   3758     556762.500    4203373.406       2055.800   12                    F11
411   3726     556762.500    4202977.538       2212.400   12                    F11
411   3698     556762.500    4202623.128       2345.000   12                    F11
371   3913     556257.244    4205312.499       1169.000   1                    F12
390   3913     556502.920    4205312.499       1377.200   1                    F12
413   3913     556790.731    4205312.499       1607.400   1                    F12
443   3913     557165.870    4205312.499       1862.200   1                    F12
474   3913     557552.903    4205312.499       2117.000   1                    F12
383   3923     556411.513    4205437.499       1178.800   2                    F12
404   3923     556669.762    4205437.499       1428.600   2                    F12
425   3923     556932.087    4205437.499       1641.800   2                    F12
443   3923     557165.530    4205437.499       1808.400   2                    F12
476   3923     557573.971    4205437.499       2087.600   2                    F12
425   3963     556936.505    4205937.499       1377.200   3                    F12
445   3963     557186.258    4205937.499       1573.200   3                    F12
468   3963     557473.730    4205937.499       1774.000   3                    F12
506   3963     557952.848    4205937.499       2114.600   3                    F12
431   3983     557015.339    4206187.499       1294.000   4                    F12
446   3983     557198.831    4206187.499       1472.800   4                    F12
474   3983     557548.825    4206187.499       1752.000   4                    F12
504   3983     557923.965    4206187.499       2014.200   4                    F12
458   4003     557344.605    4206437.499       1426.200   5                    F12
469   4003     557490.380    4206437.499       1553.600   5                    F12
487   4003     557715.667    4206437.499       1710.400   5                    F12
513   4003     558040.517    4206437.499       1926.000   5                    F12
426   3973     556948.738    4206062.499       1301.400   6                    F12
451   3973     557265.431    4206062.499       1578.200   6                    F12
479   3973     557607.271    4206062.499       1828.000   6                    F12
511   3973     558007.216    4206062.499       2114.600   6                    F12
414   3953     556794.808    4205812.499       1338.000   7                    F12
441   3953     557132.230    4205812.499       1585.400   7                    F12
469   3953     557482.225    4205812.499       1845.200   7                    F12
500   3953     557878.092    4205812.499       2136.600   7                    F12
402   3943     556649.034    4205687.499       1262.200   8                    F12
425   3943     556932.087    4205687.499       1494.800   8                    F12
448   3943     557223.976    4205687.499       1725.000   8                    F12
488   3943     557719.745    4205687.499       2072.800   8                    F12
506   3943     557948.770    4205687.499       2224.800   8                    F12
392   3933     556519.570    4205562.499       1208.200   9                    F12
409   3933     556736.362    4205562.499       1411.600   9                    F12
434   3933     557044.561    4205562.499       1651.600   9                    F12
460   3933     557377.906    4205562.499       1877.000   9                    F12
483   3933     557661.299    4205562.499       2065.600   9                    F12
373   3903     556282.049    4205187.499       1254.800   10                    F12
396   3903     556569.520    4205187.499       1492.400   10                    F12
421   3903     556882.137    4205187.499       1715.200   10                    F12
457   3903     557332.033    4205187.499       2011.600   10                    F12
486   3903     557698.677    4205187.499       2229.800   10                    F12
367   3893     556215.448    4205062.499       1291.600   11                    F12
397   3893     556582.093    4205062.499       1573.200   11                    F12
427   3893     556965.388    4205062.499       1837.800   11                    F12
454   3893     557303.150    4205062.499       2048.400   11                    F12
364   3883     556178.070    4204937.499       1338.000   12                    F12
393   3883     556532.142    4204937.499       1605.000   12                    F12
422   3883     556902.865    4204937.499       1835.400   12                    F12
452   3883     557278.004    4204937.499       2073.000   12                    F12
371   3873     556261.321    4204812.499       1409.000   13                    F12
390   3873     556494.764    4204812.499       1651.600   13                    F12
416   3873     556819.614    4204812.499       1862.200   13                    F12
445   3873     557182.181    4204812.499       2077.800   13                    F12
485   4023     557686.444    4206687.499       1443.400   14                    F12
514   4023     558053.089    4206687.499       1734.800   14                    F12
541   4023     558390.511    4206687.499       1923.600   14                    F12
559   4023     558615.459    4206687.499       2048.400   14                    F12
489   4033     557736.395    4206812.499       1450.800   15                    F12
511   4033     558011.294    4206812.499       1656.600   15                    F12
537   4033     558336.483    4206812.499       1850.000   15                    F12
563   4033     558657.254    4206812.499       2053.400   15                    F12
479   4053     557611.349    4207062.499       1308.600   16                    F12
503   4053     557907.315    4207062.499       1509.600   16                    F12
536   4053     558319.493    4207062.499       1737.400   16                    F12
492   4063     557773.773    4207187.499       1347.800   17                    F12
514   4063     558048.672    4207187.499       1534.000   17                    F12
541   4063     558386.434    4207187.499       1739.800   17                    F12
471   4013     557511.447    4206562.499       1443.200   18                    F12
494   4013     557798.918    4206562.499       1639.400   18                    F12
516   4013     558069.740    4206562.499       1810.600   18                    F12
538   4013     558352.793    4206562.499       2016.600   18                    F12
786   4043     561448.715    4206937.499       1144.600   1                    F13
777   4043     561332.164    4206937.499       1396.800   1                    F13
765   4043     561190.467    4206937.499       1671.200   1                    F13
757   4043     561090.566    4206937.499       1825.600   1                    F13
789   4033     561482.016    4206812.499       1188.600   2                    F13
779   4033     561365.465    4206812.499       1453.200   2                    F13
770   4033     561252.991    4206812.499       1671.200   2                    F13
760   4033     561123.867    4206812.499       1872.000   2                    F13
791   4023     561515.317    4206687.499       1218.000   3                    F13
783   4023     561415.415    4206687.499       1480.200   3                    F13
773   4023     561290.369    4206687.499       1732.400   3                    F13
765   4023     561181.972    4206687.499       1908.800   3                    F13
780   4053     561373.960    4207062.499       1137.200   4                    F13
775   4053     561307.019    4207062.499       1350.200   4                    F13
767   4053     561207.117    4207062.499       1573.200   4                    F13
757   4053     561082.071    4207062.499       1776.600   4                    F13
772   4073     561269.641    4207312.499       1134.800   5                    F13
766   4073     561194.545    4207312.499       1365.000   5                    F13
754   4073     561052.848    4207312.499       1666.200   5                    F13
770   4083     561248.574    4207437.499       1107.800   6                    F13
762   4083     561148.671    4207437.499       1367.400   6                    F13
756   4083     561069.498    4207437.499       1578.200   6                    F13
777   4063     561340.319    4207187.499       1120.000   7                    F13
771   4063     561261.146    4207187.499       1284.200   7                    F13
765   4063     561190.467    4207187.499       1472.800   7                    F13
756   4063     561077.993    4207187.499       1710.200   7                    F13
765   4093     561190.467    4207562.499       1125.000   8                    F13
757   4093     561086.148    4207562.499       1355.200   8                    F13
751   4093     561015.470    4207562.499       1507.000   8                    F13
636   3803     559573.697    4203937.499       1781.400   1                    F14
652   3803     559773.839    4203937.499       1921.000   1                    F14
674   3803     560052.815    4203937.499       2161.000   1                    F14
688   3803     560223.735    4203937.499       2298.200   1                    F14
615   3793     559306.953    4203812.499       1609.800   2                    F14
633   3793     559540.396    4203812.499       1815.600   2                    F14
660   3793     559877.818    4203812.499       2075.400   2                    F14
683   3793     560161.212    4203812.499       2276.200   2                    F14
589   3783     558982.104    4203687.499       1497.200   3                    F14
605   3783     559186.324    4203687.499       1610.000   3                    F14
628   3783     559470.057    4203687.499       1813.200   3                    F14
653   3783     559790.490    4203687.499       2058.000   3                    F14
673   3783     560036.505    4203687.499       2241.800   3                    F14
697   3783     560340.287    4203687.499       2445.200   3                    F14
587   3773     558965.454    4203562.499       1440.800   4                    F14
599   3773     559111.228    4203562.499       1563.400   4                    F14
625   3773     559440.155    4203562.499       1842.600   4                    F14
640   3773     559623.647    4203562.499       1982.400   4                    F14
664   3773     559928.109    4203562.499       2193.000   4                    F14
675   3773     560065.388    4203562.499       2291.000   4                    F14
587   3763     558965.454    4203437.499       1494.800   5                    F14
609   3763     559232.197    4203437.499       1745.000   5                    F14
626   3763     559453.067    4203437.499       1928.400   5                    F14
647   3763     559715.733    4203437.499       2122.000   5                    F14
659   3763     559861.168    4203437.499       2237.000   5                    F14
575   3753     558811.524    4203312.499       1480.000   6                    F14
604   3753     559177.829    4203312.499       1803.400   6                    F14
622   3753     559394.282    4203312.499       1985.000   6                    F14
648   3753     559719.471    4203312.499       2244.200   6                    F14
569   3743     558736.428    4203187.499       1497.200   7                    F14
603   3743     559157.101    4203187.499       1857.200   7                    F14
626   3743     559448.650    4203187.499       2102.400   7                    F14
647   3743     559706.899    4203187.499       2310.400   7                    F14
560   3733     558619.537    4203062.499       1482.600   8                    F14
586   3733     558948.803    4203062.499       1759.400   8                    F14
610   3733     559244.770    4203062.499       2023.800   8                    F14
632   3733     559523.746    4203062.499       2241.800   8                    F14
1161   3982     566137.502    4206174.956       1668.131   1           fp_base_main
1161   3957     566137.502    4205865.804       1766.880   1           fp_base_main
1161   3934     566137.502    4205572.302       1865.884   1           fp_base_main
1161   3917     566137.502    4205365.591       1943.200   1           fp_base_main
1161   3886     566137.502    4204976.837       2134.503   1           fp_base_main
1161   3848     566137.502    4204500.951       2315.135   1           fp_base_main
1161   3825     566137.502    4204217.221       2423.667   1           fp_base_main
1161   3790     566137.502    4203769.135       2598.683   1           fp_base_main
1161   3761     566137.502    4203410.793       2713.436   1           fp_base_main
1161   3721     566137.502    4202916.114       2849.521   1           fp_base_main
1161   3674     566137.501    4202326.201       3015.562   1           fp_base_main
1791   4060     574012.502    4207155.959       2663.830   2           fp_base_main
1791   4037     574012.502    4206858.341       2788.298   2           fp_base_main
1791   4016     574012.502    4206603.239       2900.000   2           fp_base_main
1791   3986     574012.502    4206229.090       2992.553   2           fp_base_main
1791   3954     574012.502    4205820.927       3088.298   2           fp_base_main
1791   3937     574012.502    4205618.642       3167.214   2           fp_base_main
1791   3921     574012.502    4205416.669       3258.387   2           fp_base_main
1791   3905     574012.502    4205208.683       3311.702   2           fp_base_main
1791   3876     574012.502    4204851.541       3426.596   2           fp_base_main
1791   3837     574012.502    4204366.848       3567.021   2           fp_base_main
1791   3816     574012.502    4204094.739       3665.957   2           fp_base_main
1791   3784     574012.502    4203695.080       3780.851   2           fp_base_main
541   4231     558387.503    4209283.958       1112.727   3           fp_base_main
541   4216     558387.503    4209097.455       1185.907   3           fp_base_main
541   4187     558387.503    4208741.405       1338.630   3           fp_base_main
541   4149     558387.502    4208266.672       1523.170   3           fp_base_main
541   4127     558387.502    4207986.918       1647.257   3           fp_base_main
541   4109     558387.502    4207758.029       1758.618   3           fp_base_main
541   4094     558387.502    4207571.526       1882.705   3           fp_base_main
541   4064     558387.502    4207198.522       2054.519   3           fp_base_main
541   4050     558387.502    4207021.225       2140.045   3           fp_base_main
1801   4074     574137.502    4207331.442       2599.434   4           fp_base_main
1801   4048     574137.502    4206996.123       2764.839   4           fp_base_main
1801   4011     574137.502    4206536.257       2912.266   4           fp_base_main
1801   3978     574137.502    4206124.294       3030.926   4           fp_base_main
1801   3949     574137.502    4205760.233       3142.394   4           fp_base_main
1801   3900     574137.502    4205147.079       3322.183   4           fp_base_main
1801   3864     574137.502    4204696.793       3437.247   4           fp_base_main
1801   3828     574137.502    4204246.508       3613.440   4           fp_base_main
1801   3792     574137.502    4203796.222       3739.291   4           fp_base_main
1771   4032     573762.502    4206798.817       2635.106   5           fp_base_main
1771   4016     573762.502    4206603.239       2753.191   5           fp_base_main
1771   3973     573762.502    4206059.022       2989.362   5           fp_base_main
1771   3937     573762.502    4205616.846       3148.936   5           fp_base_main
1771   3900     573762.502    4205149.159       3321.277   5           fp_base_main
1771   3871     573762.502    4204783.514       3429.787   5           fp_base_main
1771   3823     573762.502    4204188.276       3573.404   5           fp_base_main
1771   3788     573762.502    4203746.100       3697.872   5           fp_base_main
2201   4402     579137.503    4211422.332       1977.367   6           fp_base_main
2201   4363     579137.503    4210943.305       2261.432   6           fp_base_main
2201   4327     579137.503    4210483.439       2441.220   6           fp_base_main
2201   4301     579137.503    4210167.281       2549.093   6           fp_base_main
2201   4272     579137.503    4209802.525       2638.965   6           fp_base_main
2201   4239     579137.503    4209383.862       2787.503   6           fp_base_main
2201   4207     579137.503    4208982.347       2919.949   6           fp_base_main
2201   4170     579137.503    4208528.642       3083.500   6           fp_base_main
2201   4122     579137.502    4207929.786       3320.214   6           fp_base_main
1941   4204     575887.503    4208950.553       2038.495   7           fp_base_main
1941   4179     575887.503    4208643.975       2153.559   7           fp_base_main
1941   4154     575887.503    4208327.818       2272.219   7           fp_base_main
1941   4136     575887.502    4208097.885       2383.688   7           fp_base_main
1941   4109     575887.502    4207762.566       2559.881   7           fp_base_main
1941   4081     575887.502    4207408.086       2746.860   7           fp_base_main
1941   4042     575887.502    4206925.331       2912.422   7           fp_base_main
1941   4008     575887.502    4206495.065       3064.940   7           fp_base_main
1941   3962     575887.502    4205925.747       3231.940   7           fp_base_main
1831   4075     574512.500    4207332.000       2527.953   8           fp_base_main
1831   4040     574512.500    4206898.500       2773.698   8           fp_base_main
1831   4018     574512.502    4206626.803       2887.581   8           fp_base_main
1831   3983     574512.502    4206184.803       3044.744   8           fp_base_main
1831   3931     574512.500    4205538.000       3214.123   8           fp_base_main
1831   3873     574512.500    4204815.000       3424.762   8           fp_base_main
1831   3821     574512.500    4204160.500       3619.443   8           fp_base_main
1831   3785     574512.654    4203714.956       3729.399   8           fp_base_main
801   4125     561637.502    4207963.378       1323.459   9           fp_base_main
801   4070     561637.502    4207273.958       1610.599   9           fp_base_main
801   4029     561637.502    4206766.190       1844.323   9           fp_base_main
801   4019     561637.502    4206632.062       1930.622   9           fp_base_main
801   3997     561637.502    4206363.807       2002.537   9           fp_base_main
801   3971     561637.502    4206038.069       2114.006   9           fp_base_main
801   3953     561637.502    4205808.136       2218.283   9           fp_base_main
801   3924     561637.502    4205453.656       2394.475   9           fp_base_main
801   3890     561637.502    4205022.532       2563.476   9           fp_base_main
801   3867     561637.502    4204735.115       2682.137   9           fp_base_main
801   3844     561637.502    4204447.699       2746.860   9           fp_base_main
761   4148     561137.502    4208255.815       1174.229   10           fp_base_main
761   4107     561137.502    4207736.895       1453.124   10           fp_base_main
761   4066     561137.472    4207228.751       1688.579   10           fp_base_main
761   4033     561137.472    4206807.251       1864.772   10           fp_base_main
761   3997     561137.472    4206366.751       2008.602   10           fp_base_main
761   3981     561137.472    4206165.751       2091.305   10           fp_base_main
761   3960     561137.472    4205897.251       2242.327   10           fp_base_main
761   3935     561137.472    4205583.251       2355.168   10           fp_base_main
761   3903     561137.472    4205185.251       2531.230   10           fp_base_main
761   3875     561137.472    4204833.751       2645.053   10           fp_base_main
761   3850     561137.502    4204525.286       2723.732   10           fp_base_main
1931   4192     575762.500    4208806.250       2069.059   11           fp_base_main
1931   4157     575762.500    4208361.665       2242.799   11           fp_base_main
1931   4141     575762.500    4208160.740       2329.669   11           fp_base_main
1931   4114     575762.500    4207828.451       2503.409   11           fp_base_main
1931   4084     575762.500    4207454.724       2677.149   11           fp_base_main
1931   4068     575762.500    4207247.040       2764.019   11           fp_base_main
1931   4048     575762.500    4207005.584       2850.889   11           fp_base_main
1931   4019     575762.502    4206635.396       2959.322   11           fp_base_main
1931   3965     575762.502    4205960.730       3111.500   11           fp_base_main
1931   3920     575762.502    4205401.736       3269.011   11           fp_base_main
841   4090     562137.502    4207526.715       1423.475   12           fp_base_main
841   4058     562137.502    4207120.670       1610.599   12           fp_base_main
841   4029     562137.502    4206756.609       1808.366   12           fp_base_main
841   3992     562137.502    4206296.743       2013.324   12           fp_base_main
841   3954     562137.502    4205827.297       2218.283   12           fp_base_main
841   3923     562137.502    4205434.495       2372.901   12           fp_base_main
841   3894     562137.502    4205080.015       2513.136   12           fp_base_main
841   3859     562137.502    4204639.310       2656.966   12           fp_base_main
841   3822     562137.502    4204169.864       2754.052   12           fp_base_main
841   3799     562137.502    4203892.028       2793.605   12           fp_base_main
1751   4021     573512.330    4206660.672       2644.930   13           fp_base_main
1751   4000     573512.330    4206405.172       2801.313   13           fp_base_main
1751   3961     573512.502    4205913.428       3045.042   13           fp_base_main
1751   3919     573512.502    4205387.184       3251.817   13           fp_base_main
1751   3884     573512.502    4204955.927       3388.547   13           fp_base_main
1751   3850     573512.502    4204526.941       3528.923   13           fp_base_main
1751   3803     573512.502    4203939.410       3714.568   13           fp_base_main
601   4213     559137.503    4209063.546       1115.909   14           fp_base_main
601   4196     559137.503    4208851.611       1217.724   14           fp_base_main
601   4175     559137.503    4208588.812       1325.903   14           fp_base_main
601   4142     559137.502    4208173.421       1453.172   14           fp_base_main
601   4115     559137.502    4207842.803       1564.532   14           fp_base_main
601   4103     559137.502    4207681.732       1640.894   14           fp_base_main
601   4079     559137.502    4207393.501       1764.981   14           fp_base_main
601   4058     559137.502    4207122.225       1939.976   14           fp_base_main
601   4035     559137.502    4206842.471       2105.426   14           fp_base_main
601   4012     559137.502    4206554.240       2216.787   14           fp_base_main
1541   3975     570887.502    4206089.972       2100.589   15           fp_base_main
1541   3955     570887.502    4205836.299       2245.116   15           fp_base_main
1541   3937     570886.617    4205609.662       2349.023   15           fp_base_main
1541   3913     570886.617    4205312.662       2478.470   15           fp_base_main
1541   3885     570886.617    4204958.162       2640.280   15           fp_base_main
1541   3850     570886.617    4204526.662       2769.727   15           fp_base_main
1541   3826     570886.617    4204220.162       2866.813   15           fp_base_main
1541   3790     570886.617    4203770.162       2981.877   15           fp_base_main
1541   3705     570887.502    4202711.691       3225.673   15           fp_base_main
2321   4467     580637.503    4212241.090       1834.979   16           fp_base_main
2321   4441     580637.503    4211918.950       1946.340   16           fp_base_main
2321   4377     580637.503    4211113.599       2232.695   16           fp_base_main
2321   4342     580637.503    4210681.252       2426.781   16           fp_base_main
2321   4316     580637.503    4210350.634       2550.868   16           fp_base_main
2321   4251     580637.503    4209537.163       2905.066   16           fp_base_main
2021   4250     576887.503    4209525.385       2092.431   17           fp_base_main
2021   4205     576887.503    4208960.133       2423.241   17           fp_base_main
2021   4186     576887.503    4208720.620       2520.327   17           fp_base_main
2021   4143     576887.502    4208184.110       2775.626   17           fp_base_main
2021   4115     576887.502    4207833.694       2908.386   17           fp_base_main
2021   4086     576887.502    4207478.275       3015.401   17           fp_base_main
2021   4053     576887.502    4207063.186       3145.990   17           fp_base_main
2021   4009     576887.502    4206507.515       3289.821   17           fp_base_main
1821   4076     574387.502    4207344.826       2572.769   18           fp_base_main
1821   4045     574387.502    4206957.801       2768.435   18           fp_base_main
1821   4010     574387.502    4206526.676       2941.032   18           fp_base_main
1821   3943     574387.502    4205682.288       3203.451   18           fp_base_main
1821   3881     574387.502    4204917.493       3394.512   18           fp_base_main
1821   3848     574387.502    4204505.182       3516.354   18           fp_base_main
1821   3798     574387.502    4203872.867       3732.100   18           fp_base_main
1891   4143     575262.762    4208186.229       2150.110   19           fp_base_main
1891   4123     575262.762    4207931.729       2258.289   19           fp_base_main
1891   4091     575262.762    4207541.729       2426.921   19           fp_base_main
1891   4068     575262.762    4207245.229       2566.917   19           fp_base_main
1891   4034     575262.762    4206829.729       2757.821   19           fp_base_main
1891   4015     575262.762    4206583.729       2856.454   19           fp_base_main
1891   3980     575262.762    4206151.729       2964.633   19           fp_base_main
1891   3950     575262.762    4205778.729       3079.175   19           fp_base_main
1891   3922     575262.762    4205422.729       3200.081   19           fp_base_main
1891   3888     575262.762    4204998.729       3387.803   19           fp_base_main
1891   3873     575262.502    4204816.218       3453.299   19           fp_base_main
1241   3972     567137.500    4206047.500       1898.260   20           fp_base_main
1241   3939     567137.500    4205635.500       2038.495   20           fp_base_main
1241   3895     567137.500    4205089.500       2232.666   20           fp_base_main
1241   3858     567137.500    4204620.000       2398.071   20           fp_base_main
1241   3806     567137.320    4203980.529       2571.331   20           fp_base_main
1241   3788     567137.500    4203750.000       2631.512   20           fp_base_main
1241   3751     567137.500    4203294.000       2747.274   20           fp_base_main
1241   3721     567137.502    4202918.359       2870.444   20           fp_base_main
1241   3700     567137.502    4202654.872       2928.850   20           fp_base_main
1241   3660     567137.501    4202148.500       3052.434   20           fp_base_main
1261   3972     567387.502    4206049.889       1914.104   21           fp_base_main
1261   3943     567387.502    4205693.169       2070.857   21           fp_base_main
1261   3912     567387.502    4205303.904       2225.021   21           fp_base_main
1261   3887     567387.502    4204984.209       2344.135   21           fp_base_main
1261   3853     567387.502    4204562.666       2484.369   21           fp_base_main
1261   3803     567387.502    4203931.801       2616.171   21           fp_base_main
1261   3769     567387.502    4203508.806       2740.497   21           fp_base_main
1261   3749     567387.502    4203268.190       2813.240   21           fp_base_main
1261   3725     567387.502    4202962.716       2890.691   21           fp_base_main
1261   3705     567387.502    4202709.995       2956.289   21           fp_base_main
1261   3679     567387.501    4202393.838       3032.640   21           fp_base_main
1261   3646     567387.501    4201980.666       3126.163   21           fp_base_main
861   4089     562387.502    4207510.403       1356.120   22           fp_base_main
861   4041     562387.502    4206909.898       1650.152   22           fp_base_main
861   4009     562387.502    4206507.515       1833.536   22           fp_base_main
861   3977     562387.502    4206114.713       2009.729   22           fp_base_main
861   3950     562387.502    4205769.814       2157.155   22           fp_base_main
861   3932     562387.502    4205549.461       2265.028   22           fp_base_main
861   3908     562387.502    4205252.464       2383.688   22           fp_base_main
861   3878     562387.502    4204869.243       2527.519   22           fp_base_main
861   3857     562387.502    4204610.568       2628.200   22           fp_base_main
861   3822     562387.502    4204179.444       2782.818   22           fp_base_main
861   3797     562387.502    4203863.286       2851.138   22           fp_base_main
1481   3968     570137.502    4205999.747       2106.814   23           fp_base_main
1481   3938     570137.502    4205626.106       2290.198   23           fp_base_main
1481   3910     570137.502    4205281.206       2434.029   23           fp_base_main
1481   3889     570137.502    4205012.951       2567.072   23           fp_base_main
1481   3853     570137.502    4204562.666       2736.073   23           fp_base_main
1481   3819     570137.502    4204138.707       2843.544   23           fp_base_main
1481   3795     570137.502    4203831.730       2914.182   23           fp_base_main
1481   3770     570137.502    4203524.993       2975.290   23           fp_base_main
1481   3721     570137.502    4202908.192       3094.694   23           fp_base_main
481   4241     557637.503    4209411.118       1115.909   24           fp_base_main
481   4212     557637.503    4209046.591       1252.723   24           fp_base_main
481   4183     557637.503    4208682.063       1408.628   24           fp_base_main
481   4154     557637.503    4208326.013       1574.078   24           fp_base_main
481   4135     557637.502    4208088.647       1707.710   24           fp_base_main
481   4126     557637.502    4207978.441       1774.526   24           fp_base_main
481   4121     557637.502    4207919.099       1822.252   24           fp_base_main
481   4116     557637.502    4207851.280       1895.432   24           fp_base_main
481   4100     557637.502    4207656.300       2003.611   24           fp_base_main
481   4071     557637.502    4207291.773       2121.335   24           fp_base_main
481   4061     557637.502    4207164.612       2169.061   24           fp_base_main
481   4055     557637.502    4207088.316       2181.788   24           fp_base_main
1961   4208     576137.561    4208998.368       2035.550   25           fp_base_main
1961   4182     576137.561    4208672.368       2150.615   25           fp_base_main
1961   4158     576137.561    4208375.368       2301.637   25           fp_base_main
1961   4143     576137.561    4208193.368       2416.701   25           fp_base_main
1961   4107     576137.561    4207743.368       2682.788   25           fp_base_main
1961   4063     576137.502    4207187.721       2944.926   25           fp_base_main
1961   4026     576137.502    4206729.241       3110.654   25           fp_base_main
1961   4001     576137.502    4206417.606       3191.883   25           fp_base_main
1961   3975     576137.502    4206088.187       3271.484   25           fp_base_main
1341   3980     568387.502    4206153.035       1941.409   26           fp_base_main
1341   3951     568387.502    4205788.975       2078.048   26           fp_base_main
1341   3922     568387.502    4205424.914       2221.879   26           fp_base_main
1341   3900     568387.502    4205147.079       2326.156   26           fp_base_main
1341   3869     568387.502    4204763.857       2480.774   26           fp_base_main
1341   3835     568387.502    4204332.733       2628.200   26           fp_base_main
1341   3791     568387.502    4203786.642       2807.988   26           fp_base_main
1341   3754     568387.502    4203320.657       2918.585   26           fp_base_main
1341   3718     568387.502    4202877.357       3018.601   26           fp_base_main
1341   3664     568387.501    4202203.807       3172.137   26           fp_base_main
581   4216     558887.503    4209105.933       1109.545   27           fp_base_main
581   4197     558887.503    4208860.089       1220.906   27           fp_base_main
581   4166     558887.503    4208470.129       1364.083   27           fp_base_main
581   4123     558887.502    4207936.054       1570.896   27           fp_base_main
581   4103     558887.502    4207690.210       1679.075   27           fp_base_main
581   4081     558887.502    4207418.933       1819.071   27           fp_base_main
581   4067     558887.502    4207240.830       1939.947   27           fp_base_main
581   4032     558887.502    4206799.668       2153.279   27           fp_base_main
1401   3987     569137.502    4206234.260       2072.947   28           fp_base_main
1401   3966     569137.502    4205980.585       2171.538   28           fp_base_main
1401   3924     569137.502    4205444.075       2318.964   28           fp_base_main
1401   3905     569137.502    4205214.142       2394.475   28           fp_base_main
1401   3885     569137.502    4204965.048       2459.199   28           fp_base_main
1401   3868     569137.502    4204754.276       2527.519   28           fp_base_main
1401   3847     569137.502    4204486.021       2631.796   28           fp_base_main
1401   3826     569137.502    4204227.347       2732.477   28           fp_base_main
1401   3802     569137.502    4203930.350       2804.393   28           fp_base_main
1401   3769     569137.502    4203511.950       2915.805   28           fp_base_main
1401   3706     569137.502    4202726.006       3115.947   28           fp_base_main
1441   3966     569637.502    4205980.585       2106.814   29           fp_base_main
1441   3932     569637.502    4205549.461       2318.964   29           fp_base_main
1441   3901     569637.502    4205156.659       2462.795   29           fp_base_main
1441   3875     569637.502    4204838.117       2598.420   29           fp_base_main
1441   3851     569637.502    4204531.687       2707.646   29           fp_base_main
1441   3815     569637.502    4204093.022       2834.695   29           fp_base_main
1441   3788     569637.502    4203744.729       2924.279   29           fp_base_main
1441   3748     569637.502    4203253.844       3045.481   29           fp_base_main
2261   4461     579887.503    4212162.539       1819.462   30           fp_base_main
2261   4402     579887.676    4211421.756       2114.635   30           fp_base_main
2261   4359     579887.676    4210885.256       2341.168   30           fp_base_main
2261   4307     579887.676    4210232.756       2542.662   30           fp_base_main
2261   4232     579887.676    4209295.756       2853.401   30           fp_base_main
2261   4191     579887.503    4208783.823       3008.433   30           fp_base_main
1761   4034     573637.502    4206820.897       2613.199   31           fp_base_main
1761   4023     573637.502    4206689.545       2692.924   31           fp_base_main
1761   3989     573637.502    4206258.421       2887.095   31           fp_base_main
1761   3936     573637.502    4205597.364       3167.565   31           fp_base_main
1761   3883     573637.502    4204938.861       3399.633   31           fp_base_main
1761   3863     573637.502    4204683.496       3477.084   31           fp_base_main
1761   3836     573637.502    4204351.894       3552.312   31           fp_base_main
1761   3776     573637.502    4203595.031       3753.675   31           fp_base_main
1501   3970     570387.502    4206028.488       2085.240   32           fp_base_main
1501   3940     570387.502    4205654.847       2275.815   32           fp_base_main
1501   3907     570387.502    4205233.303       2480.774   32           fp_base_main
1501   3887     570387.502    4204993.790       2610.221   32           fp_base_main
1501   3866     570387.502    4204725.535       2703.711   32           fp_base_main
1501   3809     570387.502    4204016.575       2869.116   32           fp_base_main
1501   3786     570387.502    4203729.159       2941.032   32           fp_base_main
1501   3758     570387.502    4203374.679       3016.543   32           fp_base_main
1841   4100     574637.502    4207647.599       2376.497   33           fp_base_main
1841   4061     574637.502    4207168.572       2656.966   33           fp_base_main
1841   4031     574637.502    4206785.351       2840.350   33           fp_base_main
1841   3995     574637.502    4206342.440       2981.827   33           fp_base_main
1841   3918     574637.502    4205370.333       3263.278   33           fp_base_main
1841   3863     574637.502    4204687.213       3491.184   33           fp_base_main
1841   3799     574637.502    4203892.028       3696.142   33           fp_base_main
2241   4449     579637.503    4212006.745       1851.515   34           fp_base_main
2241   4428     579637.503    4211748.070       2006.133   34           fp_base_main
2241   4385     579637.503    4211211.560       2214.687   34           fp_base_main
2241   4344     579637.503    4210694.211       2401.667   34           fp_base_main
2241   4227     579637.503    4209237.969       2861.925   34           fp_base_main
2241   4159     579637.503    4208384.856       3125.944   34           fp_base_main
1731   4031     573262.502    4206781.810       2513.830   35           fp_base_main
1731   4008     573262.502    4206501.198       2673.404   35           fp_base_main
1731   3967     573262.502    4205982.492       2880.851   35           fp_base_main
1731   3932     573262.502    4205548.819       3034.043   35           fp_base_main
1731   3894     573262.502    4205081.132       3222.340   35           fp_base_main
1731   3863     573262.502    4204689.976       3362.766   35           fp_base_main
1731   3825     573262.502    4204213.787       3531.915   35           fp_base_main
1731   3778     573262.502    4203627.053       3694.681   35           fp_base_main
1581   3986     571387.502    4206220.099       2157.155   36           fp_base_main
1581   3946     571387.502    4205731.491       2372.901   36           fp_base_main
1581   3920     571387.502    4205396.173       2513.136   36           fp_base_main
1581   3893     571387.502    4205060.854       2653.370   36           fp_base_main
1581   3851     571387.502    4204533.924       2800.797   36           fp_base_main
1581   3754     571387.502    4203323.420       3166.372   36           fp_base_main
981   4039     563887.502    4206890.737       1621.386   37           fp_base_main
981   4003     563887.502    4206440.451       1797.578   37           fp_base_main
981   3970     563887.502    4206028.488       1952.196   37           fp_base_main
981   3929     563887.502    4205511.139       2157.155   37           fp_base_main
981   3892     563887.502    4205051.273       2354.922   37           fp_base_main
981   3858     563887.502    4204629.729       2511.196   37           fp_base_main
981   3832     563887.502    4204299.257       2624.048   37           fp_base_main
981   3810     563887.502    4204031.264       2716.722   37           fp_base_main
981   3790     563887.502    4203777.061       2782.818   37           fp_base_main
981   3747     563887.502    4203240.551       2923.053   37           fp_base_main
981   3730     563887.502    4203029.779       2962.606   37           fp_base_main
1981   4221     576387.503    4209156.668       2074.319   38           fp_base_main
1981   4193     576387.503    4208816.425       2221.879   38           fp_base_main
1981   4170     576387.503    4208529.009       2347.730   38           fp_base_main
1981   4148     576387.502    4208251.173       2513.136   38           fp_base_main
1981   4125     576387.502    4207963.757       2692.924   38           fp_base_main
1981   4101     576387.502    4207666.760       2825.967   38           fp_base_main
1981   4075     576387.502    4207342.637       2935.857   38           fp_base_main
1981   4061     576387.502    4207159.340       3014.058   38           fp_base_main
1981   4029     576387.502    4206768.396       3137.273   38           fp_base_main
1981   4002     576387.502    4206430.782       3235.884   38           fp_base_main
901   4045     562887.502    4206967.950       1554.516   39           fp_base_main
901   4012     562887.502    4206555.418       1797.578   39           fp_base_main
901   3984     562887.502    4206200.938       1991.750   39           fp_base_main
901   3946     562887.502    4205731.491       2139.176   39           fp_base_main
901   3924     562887.502    4205453.656       2247.049   39           fp_base_main
901   3894     562887.502    4205070.434       2369.305   39           fp_base_main
901   3879     562887.502    4204888.404       2455.603   39           fp_base_main
901   3861     562887.502    4204668.052       2541.902   39           fp_base_main
901   3838     562887.502    4204380.635       2642.583   39           fp_base_main
901   3796     562887.502    4203852.418       2773.211   39           fp_base_main
901   3768     562887.502    4203501.082       2854.037   39           fp_base_main
1461   3969     569887.502    4206018.908       2074.452   40           fp_base_main
1461   3943     569887.502    4205683.589       2221.879   40           fp_base_main
1461   3918     569887.502    4205377.011       2376.497   40           fp_base_main
1461   3900     569887.502    4205147.079       2498.753   40           fp_base_main
1461   3862     569887.502    4204675.411       2689.357   40           fp_base_main
1461   3826     569887.502    4204223.240       2827.449   40           fp_base_main
1461   3775     569887.502    4203588.277       2954.186   40           fp_base_main
1461   3734     569887.502    4203076.018       3061.482   40           fp_base_main
2101   4265     577887.500    4209707.500       2336.943   41           fp_base_main
2101   4236     577887.500    4209353.000       2484.369   41           fp_base_main
2101   4204     577887.503    4208946.013       2677.180   41           fp_base_main
2101   4173     577887.503    4208562.251       2794.837   41           fp_base_main
2101   4115     577887.500    4207839.000       3033.280   41           fp_base_main
2101   4065     577887.500    4207207.000       3246.802   41           fp_base_main
2101   4031     577887.500    4206783.000       3381.299   41           fp_base_main
2101   3987     577887.500    4206239.500       3570.291   41           fp_base_main
2101   3971     577887.502    4206042.231       3618.180   41           fp_base_main
2101   3955     577887.502    4205843.666       3666.334   41           fp_base_main
1181   3978     566387.500    4206124.500       1736.450   42           fp_base_main
1181   3933     566387.500    4205568.500       1883.877   42           fp_base_main
1181   3907     566387.500    4205243.000       1984.558   42           fp_base_main
1181   3881     566387.500    4204907.500       2117.602   42           fp_base_main
1181   3854     566387.500    4204572.000       2268.624   42           fp_base_main
1181   3819     566387.500    4204136.000       2474.410   42           fp_base_main
1181   3787     566387.500    4203739.500       2598.594   42           fp_base_main
1181   3776     566387.500    4203595.500       2646.593   42           fp_base_main
1181   3745     566387.502    4203212.000       2756.851   42           fp_base_main
1181   3715     566387.502    4202834.777       2864.018   42           fp_base_main
1181   3691     566387.501    4202535.999       2930.109   42           fp_base_main
1181   3677     566387.501    4202359.983       2991.830   42           fp_base_main
1741   4026     573387.502    4206727.868       2577.859   43           fp_base_main
1741   3996     573387.502    4206344.646       2786.414   43           fp_base_main
1741   3978     573387.502    4206123.731       2895.347   43           fp_base_main
1741   3960     573387.502    4205906.426       2986.376   43           fp_base_main
1741   3951     573387.502    4205781.886       3039.644   43           fp_base_main
1741   3939     573387.502    4205635.686       3099.245   43           fp_base_main
1741   3901     573387.502    4205157.762       3255.236   43           fp_base_main
1741   3874     573387.502    4204830.165       3367.402   43           fp_base_main
1741   3828     573387.502    4204246.508       3552.312   43           fp_base_main
1741   3780     573387.502    4203652.514       3703.334   43           fp_base_main
2381   4465     581387.503    4212215.658       1997.247   44           fp_base_main
2381   4445     581387.503    4211961.337       2121.335   44           fp_base_main
2381   4423     581387.503    4211690.061       2216.787   44           fp_base_main
2381   4395     581387.503    4211342.488       2353.601   44           fp_base_main
2381   4374     581387.503    4211071.212       2512.687   44           fp_base_main
2381   4326     581387.503    4210477.795       2754.499   44           fp_base_main
2221   4432     579387.503    4211800.630       1904.191   45           fp_base_main
2221   4385     579387.503    4211211.560       2146.368   45           fp_base_main
2221   4350     579387.503    4210780.436       2329.752   45           fp_base_main
2221   4311     579387.503    4210282.248       2491.561   45           fp_base_main
2221   4284     579387.503    4209952.445       2597.494   45           fp_base_main
2221   4257     579387.503    4209614.576       2706.773   45           fp_base_main
2221   4216     579387.503    4209105.946       2887.255   45           fp_base_main
2221   4184     579387.503    4208700.979       3055.529   45           fp_base_main
2221   4137     579387.502    4208110.749       3230.415   45           fp_base_main
441   4238     557137.503    4209377.209       1138.181   46           fp_base_main
441   4208     557137.503    4208995.727       1300.449   46           fp_base_main
441   4177     557137.503    4208614.244       1462.717   46           fp_base_main
441   4162     557137.503    4208427.742       1529.533   46           fp_base_main
441   4145     557137.502    4208215.807       1659.984   46           fp_base_main
441   4121     557137.502    4207919.099       1819.071   46           fp_base_main
441   4104     557137.502    4207698.687       1987.702   46           fp_base_main
441   4065     557137.502    4207206.999       2207.241   46           fp_base_main
781   4142     561387.502    4208174.797       1203.750   47           fp_base_main
781   4108     561387.502    4207750.777       1408.209   47           fp_base_main
781   4050     561387.502    4207024.864       1736.450   47           fp_base_main
781   4016     561387.502    4206603.321       1898.260   47           fp_base_main
781   3983     561387.502    4206181.777       2063.665   47           fp_base_main
781   3963     561387.502    4205932.335       2165.589   47           fp_base_main
781   3939     561387.502    4205640.854       2300.985   47           fp_base_main
781   3917     561387.502    4205357.850       2434.029   47           fp_base_main
781   3895     561387.502    4205089.027       2532.564   47           fp_base_main
781   3865     561387.502    4204715.954       2642.583   47           fp_base_main
781   3850     561387.502    4204527.756       2701.621   47           fp_base_main
781   3835     561387.502    4204331.565       2767.581   47           fp_base_main
561   4223     558637.503    4209182.229       1115.909   48           fp_base_main
561   4206     558637.503    4208978.772       1192.270   48           fp_base_main
561   4184     558637.503    4208699.018       1316.358   48           fp_base_main
561   4144     558637.502    4208198.853       1529.533   48           fp_base_main
561   4118     558637.502    4207876.712       1669.529   48           fp_base_main
561   4103     558637.502    4207681.732       1784.072   48           fp_base_main
561   4081     558637.502    4207410.456       1949.521   48           fp_base_main
561   4054     558637.502    4207079.838       2105.426   48           fp_base_main
561   4033     558637.502    4206808.562       2181.788   48           fp_base_main
2121   4268     578137.503    4209752.465       2357.958   49           fp_base_main
2121   4224     578138.730    4209198.928       2596.810   49           fp_base_main
2121   4198     578138.730    4208872.928       2740.640   49           fp_base_main
2121   4155     578138.730    4208336.428       2974.365   49           fp_base_main
2121   4120     578138.730    4207896.928       3125.195   49           fp_base_main
2121   4082     578137.502    4207427.938       3342.591   49           fp_base_main
2121   4053     578137.502    4207064.938       3462.052   49           fp_base_main
2121   4014     578137.502    4206572.819       3616.103   49           fp_base_main
381   4226     556387.503    4209224.616       1211.360   50           fp_base_main
381   4189     556387.503    4208758.360       1360.902   50           fp_base_main
381   4158     556387.503    4208376.878       1570.896   50           fp_base_main
381   4117     556387.502    4207859.757       1745.891   50           fp_base_main
381   4103     556387.502    4207681.732       1812.707   50           fp_base_main
381   4090     556387.502    4207529.139       1911.341   50           fp_base_main
381   4065     556387.502    4207206.999       2118.153   50           fp_base_main
381   4042     556387.502    4206927.245       2235.877   50           fp_base_main
1811   4066     574262.502    4207223.987       2638.298   51           fp_base_main
1811   4024     574262.502    4206696.776       2845.745   51           fp_base_main
1811   4002     574262.502    4206424.668       2938.298   51           fp_base_main
1811   3969     574262.502    4206008.002       3075.532   51           fp_base_main
1811   3922     574262.502    4205429.771       3273.404   51           fp_base_main
1811   3886     574262.502    4204970.588       3394.681   51           fp_base_main
1811   3860     574262.502    4204655.963       3490.426   51           fp_base_main
1811   3833     574262.502    4204315.827       3582.979   51           fp_base_main
1811   3814     574262.502    4204069.229       3669.149   51           fp_base_main
1811   3785     574262.502    4203712.087       3771.277   51           fp_base_main
1871   4117     575012.502    4207866.761       2159.516   52           fp_base_main
1871   4090     575012.502    4207527.666       2353.601   52           fp_base_main
1871   4062     575012.502    4207180.093       2541.323   52           fp_base_main
1871   4046     575012.502    4206976.636       2655.865   52           fp_base_main
1871   4026     575012.502    4206730.792       2773.589   52           fp_base_main
1871   4009     575012.502    4206518.857       2869.041   52           fp_base_main
1871   3974     575012.502    4206078.033       3009.037   52           fp_base_main
1871   3941     575012.502    4205662.642       3145.851   52           fp_base_main
1871   3889     575012.502    4205018.360       3365.391   52           fp_base_main
1871   3830     575012.502    4204272.351       3594.475   52           fp_base_main
1681   3987     572637.502    4206241.643       2452.876   53           fp_base_main
1681   3951     572637.502    4205783.889       2674.253   53           fp_base_main
1681   3920     572637.502    4205396.497       2839.079   53           fp_base_main
1681   3872     572637.502    4204801.563       3051.701   53           fp_base_main
1681   3839     572637.502    4204388.254       3194.835   53           fp_base_main
1681   3790     572637.502    4203779.270       3385.900   53           fp_base_main
1851   4108     574762.502    4207748.078       2264.513   54           fp_base_main
1851   4084     574762.502    4207451.369       2455.416   54           fp_base_main
1851   4054     574762.502    4207078.364       2649.502   54           fp_base_main
1851   4037     574762.502    4206857.953       2767.226   54           fp_base_main
1851   4013     574762.502    4206562.527       2894.095   54           fp_base_main
1851   3993     574762.502    4206316.316       2975.429   54           fp_base_main
1851   3947     574762.502    4205739.304       3148.042   54           fp_base_main
1851   3912     574762.502    4205298.114       3266.757   54           fp_base_main
1851   3872     574762.502    4204797.949       3425.843   54           fp_base_main
1851   3827     574762.502    4204238.441       3594.475   54           fp_base_main
1851   3799     574762.502    4203882.391       3677.200   54           fp_base_main
521   4233     558137.503    4209309.390       1115.909   55           fp_base_main
521   4210     558137.503    4209029.636       1239.996   55           fp_base_main
521   4183     558137.503    4208690.541       1376.810   55           fp_base_main
521   4159     558137.503    4208393.832       1507.261   55           fp_base_main
521   4134     558137.502    4208080.169       1656.802   55           fp_base_main
521   4117     558137.502    4207859.757       1768.163   55           fp_base_main
521   4102     558137.502    4207673.255       1898.614   55           fp_base_main
521   4069     558137.502    4207257.863       2067.245   55           fp_base_main
521   4042     558137.502    4206927.245       2204.060   55           fp_base_main
681   4174     560137.503    4208580.335       1125.454   56           fp_base_main
681   4156     560137.503    4208351.446       1239.996   56           fp_base_main
681   4129     560137.502    4208012.350       1319.539   56           fp_base_main
681   4094     560137.502    4207571.526       1491.353   56           fp_base_main
681   4052     560137.502    4207054.406       1733.164   56           fp_base_main
681   4011     560137.502    4206537.286       2000.429   56           fp_base_main
681   3985     560137.502    4206206.668       2173.885   56           fp_base_main
681   3966     560137.502    4205969.301       2254.967   56           fp_base_main
681   3944     560137.502    4205706.502       2331.329   56           fp_base_main
681   3914     560137.502    4205325.020       2499.961   56           fp_base_main
681   3890     560137.502    4205028.312       2595.412   56           fp_base_main
1721   4003     573137.502    4206440.451       2595.838   57           fp_base_main
1721   3976     573137.502    4206095.552       2768.435   57           fp_base_main
1721   3932     573137.502    4205549.461       2987.777   57           fp_base_main
1721   3879     573137.502    4204888.404       3203.522   57           fp_base_main
1721   3839     573137.502    4204388.357       3369.756   57           fp_base_main
1721   3777     573137.502    4203614.192       3652.993   57           fp_base_main
421   4235     556887.500    4209343.500       1176.361   58           fp_base_main
421   4210     556887.500    4209021.000       1309.994   58           fp_base_main
421   4179     556887.500    4208639.500       1446.808   58           fp_base_main
421   4159     556887.500    4208394.000       1583.623   58           fp_base_main
421   4143     556887.500    4208182.000       1707.710   58           fp_base_main
421   4119     556887.500    4207893.500       1834.979   58           fp_base_main
421   4107     556887.500    4207741.000       1924.068   58           fp_base_main
421   4095     556887.502    4207591.857       2027.048   58           fp_base_main
421   4069     556887.502    4207265.939       2172.389   58           fp_base_main
741   4148     560887.502    4208246.383       1161.730   59           fp_base_main
741   4116     560887.502    4207847.947       1374.136   59           fp_base_main
741   4081     560887.449    4207419.063       1609.146   59           fp_base_main
741   4058     560887.449    4207122.063       1763.764   59           fp_base_main
741   4033     560887.449    4206815.563       1900.403   59           fp_base_main
741   4012     560887.449    4206547.063       1993.893   59           fp_base_main
741   3981     560887.449    4206164.063       2141.319   59           fp_base_main
741   3949     560887.449    4205761.563       2306.724   59           fp_base_main
741   3934     560887.449    4205570.063       2367.852   59           fp_base_main
741   3917     560887.449    4205359.063       2450.555   59           fp_base_main
741   3894     560887.449    4205071.563       2529.662   59           fp_base_main
741   3875     560887.449    4204832.063       2590.790   59           fp_base_main
741   3847     560887.449    4204487.063       2687.876   59           fp_base_main
1301   3975     567887.500    4206086.000       2006.133   60           fp_base_main
1301   3955     567887.500    4205837.000       2103.219   60           fp_base_main
1301   3932     567887.500    4205549.500       2203.900   60           fp_base_main
1301   3904     567887.500    4205195.000       2300.986   60           fp_base_main
1301   3888     567887.500    4205003.500       2380.092   60           fp_base_main
1301   3851     567887.500    4204543.500       2516.731   60           fp_base_main
1301   3835     567887.500    4204342.500       2581.455   60           fp_base_main
1301   3810     567887.500    4204026.000       2689.328   60           fp_base_main
1301   3775     567887.500    4203588.500       2804.937   60           fp_base_main
1301   3756     567887.500    4203353.000       2853.905   60           fp_base_main
1301   3738     567887.500    4203126.500       2906.316   60           fp_base_main
1301   3704     567887.502    4202704.000       3012.040   60           fp_base_main
1301   3682     567887.501    4202429.598       3081.115   60           fp_base_main
1301   3664     567887.501    4202195.241       3133.207   60           fp_base_main
1301   3650     567887.501    4202025.812       3193.730   60           fp_base_main
1301   3628     567887.501    4201747.323       3253.446   60           fp_base_main
1321   3988     568137.502    4206248.841       1923.430   61           fp_base_main
1321   3959     568137.502    4205884.780       2060.069   61           fp_base_main
1321   3916     568137.502    4205348.270       2239.857   61           fp_base_main
1321   3888     568137.502    4205003.370       2362.113   61           fp_base_main
1321   3848     568137.502    4204495.602       2545.497   61           fp_base_main
1321   3815     568137.502    4204093.219       2696.520   61           fp_base_main
1321   3780     568137.502    4203651.411       2795.261   61           fp_base_main
1321   3746     568137.502    4203230.215       2888.751   61           fp_base_main
1321   3724     568137.502    4202945.233       2962.567   61           fp_base_main
1321   3704     568137.502    4202699.295       3014.728   61           fp_base_main
1321   3672     568137.501    4202303.987       3115.830   61           fp_base_main
1321   3632     568137.501    4201802.084       3238.539   61           fp_base_main
1361   3998     568637.502    4206373.388       1959.388   62           fp_base_main
1361   3966     568637.502    4205980.585       2056.473   62           fp_base_main
1361   3924     568637.502    4205453.656       2214.687   62           fp_base_main
1361   3906     568637.502    4205223.723       2315.369   62           fp_base_main
1361   3864     568637.502    4204706.374       2509.540   62           fp_base_main
1361   3838     568637.502    4204371.055       2624.604   62           fp_base_main
1361   3810     568637.502    4204026.155       2736.073   62           fp_base_main
1361   3781     568637.502    4203662.095       2836.754   62           fp_base_main
1361   3751     568637.502    4203287.156       2926.649   62           fp_base_main
1361   3718     568637.502    4202877.610       3032.707   62           fp_base_main
1361   3676     568637.501    4202349.383       3159.433   62           fp_base_main
1781   4048     573887.502    4206996.123       2667.754   63           fp_base_main
1781   4009     573887.502    4206507.515       2858.329   63           fp_base_main
1781   3969     573887.502    4206018.908       3023.734   63           fp_base_main
1781   3936     573887.502    4205597.364       3185.544   63           fp_base_main
1781   3911     573887.502    4205290.787       3279.034   63           fp_base_main
1781   3872     573887.502    4204798.114       3434.480   63           fp_base_main
1781   3825     573887.502    4204208.186       3627.823   63           fp_base_main
1781   3770     573887.502    4203527.967       3771.653   63           fp_base_main
2001   4237     576637.503    4209362.516       2060.069   64           fp_base_main
2001   4213     576637.503    4209065.519       2265.028   64           fp_base_main
2001   4193     576637.503    4208806.845       2401.667   64           fp_base_main
2001   4175     576637.503    4208586.492       2466.391   64           fp_base_main
2001   4156     576637.503    4208356.559       2567.072   64           fp_base_main
2001   4135     576637.502    4208088.304       2743.265   64           fp_base_main
2001   4112     576637.502    4207800.888       2879.904   64           fp_base_main
2001   4078     576637.502    4207379.344       2984.181   64           fp_base_main
2001   4043     576637.502    4206938.639       3110.033   64           fp_base_main
2001   4002     576637.502    4206430.871       3235.884   64           fp_base_main
1901   4163     575387.503    4208442.784       2099.623   65           fp_base_main
1901   4132     575387.502    4208049.982       2265.028   65           fp_base_main
1901   4097     575387.502    4207609.277       2473.582   65           fp_base_main
1901   4074     575387.502    4207324.098       2622.408   65           fp_base_main
1901   4043     575387.502    4206933.819       2764.970   65           fp_base_main
1901   3998     575387.502    4206373.726       2932.819   65           fp_base_main
1901   3966     575387.502    4205974.683       3077.982   65           fp_base_main
1901   3938     575387.502    4205629.201       3182.104   65           fp_base_main
1901   3901     575387.502    4205162.624       3329.531   65           fp_base_main
961   4047     563637.502    4206986.542       1538.683   66           fp_base_main
961   4025     563637.502    4206708.706       1693.301   66           fp_base_main
961   3984     563637.502    4206200.938       1887.473   66           fp_base_main
961   3960     563637.502    4205894.361       2024.112   66           fp_base_main
961   3930     563637.502    4205520.720       2182.325   66           fp_base_main
961   3892     563637.502    4205051.273       2372.901   66           fp_base_main
961   3858     563637.502    4204629.729       2546.740   66           fp_base_main
961   3830     563637.502    4204275.597       2651.431   66           fp_base_main
961   3809     563637.502    4204006.994       2736.073   66           fp_base_main
961   3776     563637.502    4203604.612       2836.754   66           fp_base_main
961   3753     563637.502    4203307.615       2919.457   66           fp_base_main
721   4148     560637.502    4208251.650       1155.939   67           fp_base_main
721   4117     560637.502    4207861.829       1293.599   67           fp_base_main
721   4103     560637.502    4207685.922       1384.065   67           fp_base_main
721   4065     560637.502    4207206.895       1668.131   67           fp_base_main
721   4034     560637.502    4206823.673       1858.706   67           fp_base_main
721   4012     560637.502    4206545.837       1995.345   67           fp_base_main
721   3983     560637.502    4206191.357       2157.155   67           fp_base_main
721   3956     560637.502    4205846.458       2257.836   67           fp_base_main
721   3927     560637.502    4205491.978       2390.880   67           fp_base_main
721   3883     560637.502    4204936.307       2574.264   67           fp_base_main
721   3861     560637.502    4204669.039       2663.304   67           fp_base_main
1141   3998     565887.502    4206373.388       1603.407   68           fp_base_main
1141   3970     565887.502    4206028.488       1671.727   68           fp_base_main
1141   3940     565887.502    4205654.847       1804.770   68           fp_base_main
1141   3917     565887.502    4205367.431       1930.622   68           fp_base_main
1141   3897     565887.502    4205118.337       2056.473   68           fp_base_main
1141   3861     565887.502    4204668.052       2279.411   68           fp_base_main
1141   3828     565887.502    4204256.088       2448.412   68           fp_base_main
1141   3797     565887.502    4203864.389       2593.899   68           fp_base_main
1141   3761     565887.502    4203413.001       2750.456   68           fp_base_main
1141   3730     565887.502    4203020.199       2851.138   68           fp_base_main
1141   3697     565887.502    4202608.236       2962.606   68           fp_base_main
1141   3683     565887.501    4202435.786       3012.947   68           fp_base_main
1201   3975     566637.502    4206085.971       1736.450   69           fp_base_main
1201   3949     566637.502    4205760.233       1840.728   69           fp_base_main
1201   3921     566637.502    4205415.334       1955.792   69           fp_base_main
1201   3898     566637.502    4205127.917       2074.452   69           fp_base_main
1201   3871     566637.502    4204783.018       2232.666   69           fp_base_main
1201   3841     566637.502    4204409.377       2419.646   69           fp_base_main
1201   3818     566637.502    4204126.026       2495.701   69           fp_base_main
1201   3775     566637.502    4203582.489       2639.401   69           fp_base_main
1201   3758     566637.502    4203379.806       2703.457   69           fp_base_main
1201   3736     566637.502    4203094.783       2783.498   69           fp_base_main
1201   3706     566637.502    4202730.137       2889.338   69           fp_base_main
1201   3676     566637.501    4202349.759       2971.177   69           fp_base_main
1621   3979     571887.502    4206133.874       2232.666   70           fp_base_main
1621   3952     571887.502    4205798.555       2390.880   70           fp_base_main
1621   3919     571887.502    4205386.592       2563.476   70           fp_base_main
1621   3904     571887.502    4205194.981       2624.604   70           fp_base_main
1621   3868     571887.502    4204744.696       2800.797   70           fp_base_main
1621   3848     571887.502    4204495.602       2890.691   70           fp_base_main
1621   3805     571887.502    4203968.672       3030.926   70           fp_base_main
1621   3782     571887.502    4203681.256       3128.011   70           fp_base_main
821   4113     561887.502    4207812.809       1358.876   71           fp_base_main
821   4061     561887.502    4207158.992       1660.939   71           fp_base_main
821   4032     561887.502    4206804.512       1837.132   71           fp_base_main
821   4009     561887.502    4206517.096       1959.388   71           fp_base_main
821   3976     561887.502    4206095.552       2117.601   71           fp_base_main
821   3946     561887.502    4205721.911       2261.432   71           fp_base_main
821   3920     561887.502    4205396.173       2405.263   71           fp_base_main
821   3894     561887.502    4205080.015       2541.902   71           fp_base_main
821   3866     561887.502    4204725.535       2660.562   71           fp_base_main
821   3822     561887.502    4204169.864       2790.010   71           fp_base_main
1921   4181     575637.503    4208663.137       2099.623   72           fp_base_main
1921   4157     575637.503    4208366.140       2214.687   72           fp_base_main
1921   4131     575637.502    4208040.402       2365.709   72           fp_base_main
1921   4102     575637.502    4207676.341       2556.285   72           fp_base_main
1921   4068     575637.502    4207254.797       2732.477   72           fp_base_main
1921   4031     575637.502    4206789.416       2890.952   72           fp_base_main
1921   4001     575637.502    4206417.205       2987.236   72           fp_base_main
1921   3971     575637.502    4206041.409       3085.785   72           fp_base_main
1921   3940     575637.502    4205644.982       3177.747   72           fp_base_main
1921   3891     575637.502    4205041.193       3338.539   72           fp_base_main
2041   4262     577137.503    4209678.674       2178.729   73           fp_base_main
2041   4222     577137.503    4209170.905       2466.391   73           fp_base_main
2041   4187     577137.503    4208739.781       2646.179   73           fp_base_main
2041   4125     577137.502    4207965.963       2909.912   73           fp_base_main
2041   4079     577137.502    4207393.501       3059.945   73           fp_base_main
2041   4035     577137.502    4206841.383       3223.986   73           fp_base_main
2041   3989     577137.502    4206265.100       3382.199   73           fp_base_main
1601   3979     571637.502    4206143.455       2211.091   74           fp_base_main
1601   3956     571637.502    4205856.038       2362.113   74           fp_base_main
1601   3913     571637.502    4205309.948       2570.668   74           fp_base_main
1601   3885     571637.502    4204960.987       2692.938   74           fp_base_main
1601   3856     571637.502    4204594.167       2822.371   74           fp_base_main
1601   3800     571637.502    4203900.059       3035.362   74           fp_base_main
1601   3748     571637.502    4203251.367       3215.671   74           fp_base_main
1041   4010     564637.502    4206524.741       1657.287   75           fp_base_main
1041   3984     564637.502    4206200.560       1795.590   75           fp_base_main
1041   3959     564637.500    4205885.000       1934.217   75           fp_base_main
1041   3928     564637.500    4205501.500       2049.282   75           fp_base_main
1041   3901     564637.500    4205166.000       2207.496   75           fp_base_main
1041   3870     564637.500    4204773.500       2390.880   75           fp_base_main
1041   3833     564637.500    4204313.500       2563.476   75           fp_base_main
1041   3803     564637.500    4203943.000       2697.228   75           fp_base_main
1041   3792     564637.500    4203804.000       2759.173   75           fp_base_main
1041   3759     564637.500    4203384.500       2908.670   75           fp_base_main
1041   3730     564637.500    4203030.000       3016.543   75           fp_base_main
1041   3707     564637.502    4202731.845       3076.974   75           fp_base_main
2141   4313     578387.500    4210311.000       2254.240   76           fp_base_main
2141   4278     578387.500    4209870.500       2452.008   76           fp_base_main
2141   4250     578387.500    4209525.500       2570.668   76           fp_base_main
2141   4225     578387.500    4209219.000       2674.945   76           fp_base_main
2141   4202     578387.500    4208931.500       2793.605   76           fp_base_main
2141   4181     578387.500    4208665.000       2907.222   76           fp_base_main
2141   4164     578387.500    4208452.500       2986.251   76           fp_base_main
2141   4151     578386.852    4208286.616       3048.975   76           fp_base_main
2141   4109     578387.500    4207762.500       3332.970   76           fp_base_main
2141   4054     578387.500    4207073.000       3577.482   76           fp_base_main
1711   3996     573012.467    4206346.836       2583.079   77           fp_base_main
1711   3941     573012.467    4205658.336       2905.419   77           fp_base_main
1711   3908     573012.467    4205249.836       3058.611   77           fp_base_main
1711   3864     573012.502    4204703.974       3212.039   77           fp_base_main
1711   3828     573012.502    4204256.303       3356.129   77           fp_base_main
1711   3787     573012.502    4203732.632       3500.772   77           fp_base_main
1561   3975     571137.502    4206087.977       2143.412   78           fp_base_main
1561   3954     571137.502    4205827.297       2268.624   78           fp_base_main
1561   3925     571137.502    4205463.236       2448.412   78           fp_base_main
1561   3886     571137.502    4204974.629       2635.392   78           fp_base_main
1561   3846     571137.502    4204476.441       2800.797   78           fp_base_main
1561   3810     571137.502    4204025.287       2935.346   78           fp_base_main
1561   3724     571137.502    4202951.762       3198.921   78           fp_base_main
921   4049     563137.502    4207015.284       1520.704   79           fp_base_main
921   4020     563137.502    4206651.223       1718.472   79           fp_base_main
921   3983     563137.502    4206181.777       1977.367   79           fp_base_main
921   3948     563137.502    4205750.653       2121.197   79           fp_base_main
921   3916     563137.502    4205348.270       2286.602   79           fp_base_main
921   3888     563137.502    4205003.370       2398.071   79           fp_base_main
921   3859     563137.502    4204642.619       2552.689   79           fp_base_main
921   3838     563137.502    4204373.261       2639.815   79           fp_base_main
921   3787     563137.502    4203738.739       2786.414   79           fp_base_main
921   3760     563137.502    4203403.420       2876.308   79           fp_base_main
1661   3997     572387.500    4206369.000       2333.908   80           fp_base_main
1661   3983     572387.500    4206193.000       2411.947   80           fp_base_main
1661   3970     572387.500    4206029.000       2507.576   80           fp_base_main
1661   3940     572387.500    4205655.500       2653.800   80           fp_base_main
1661   3908     572387.500    4205254.500       2778.541   80           fp_base_main
1661   3881     572387.502    4204913.278       2883.080   80           fp_base_main
1661   3854     572387.502    4204578.673       2986.013   80           fp_base_main
1661   3828     572387.502    4204246.552       3072.262   80           fp_base_main
1661   3795     572387.502    4203831.552       3183.411   80           fp_base_main
1861   4114     574887.502    4207820.049       2221.879   81           fp_base_main
1861   4094     574887.502    4207580.536       2340.539   81           fp_base_main
1861   4069     574887.502    4207264.378       2541.902   81           fp_base_main
1861   4042     574887.502    4206929.059       2714.498   81           fp_base_main
1861   4001     574887.502    4206411.625       2914.464   81           fp_base_main
1861   3974     574887.502    4206073.607       3014.723   81           fp_base_main
1861   3937     574887.502    4205616.482       3176.394   81           fp_base_main
1861   3895     574887.502    4205089.595       3361.736   81           fp_base_main
1861   3868     574887.502    4204744.696       3480.396   81           fp_base_main
1861   3813     574887.502    4204063.536       3641.685   81           fp_base_main
1081   3998     565137.502    4206377.745       1661.402   82           fp_base_main
1081   3979     565137.502    4206131.799       1758.287   82           fp_base_main
1081   3946     565137.502    4205728.460       1934.479   82           fp_base_main
1081   3927     565137.502    4205488.120       2015.420   82           fp_base_main
1081   3904     565137.502    4205195.924       2168.218   82           fp_base_main
1081   3876     565137.502    4204850.084       2308.496   82           fp_base_main
1081   3851     565137.502    4204536.602       2421.727   82           fp_base_main
1081   3833     565137.502    4204310.227       2524.213   82           fp_base_main
1081   3807     565137.502    4203989.763       2649.088   82           fp_base_main
1081   3785     565137.502    4203711.460       2757.909   82           fp_base_main
1081   3761     565137.502    4203417.781       2856.857   82           fp_base_main
1081   3740     565137.502    4203155.424       2923.429   82           fp_base_main
1081   3702     565137.502    4202672.299       3037.556   82           fp_base_main
1281   3984     567637.502    4206199.462       1912.337   83           fp_base_main
1281   3967     567637.502    4205987.266       2015.348   83           fp_base_main
1281   3938     567637.502    4205626.106       2142.772   83           fp_base_main
1281   3916     567637.502    4205348.270       2236.262   83           fp_base_main
1281   3900     567637.502    4205148.918       2327.904   83           fp_base_main
1281   3874     567637.502    4204827.780       2437.625   83           fp_base_main
1281   3847     567637.502    4204486.021       2556.285   83           fp_base_main
1281   3826     567637.502    4204228.648       2608.531   83           fp_base_main
1281   3801     567637.502    4203911.189       2671.349   83           fp_base_main
1281   3774     567637.502    4203574.767       2759.718   83           fp_base_main
1281   3750     567637.502    4203278.873       2853.208   83           fp_base_main
1281   3713     567637.502    4202816.590       2977.410   83           fp_base_main
1281   3684     567637.501    4202454.858       3047.057   83           fp_base_main
1281   3661     567637.501    4202167.353       3116.704   83           fp_base_main
1281   3635     567637.501    4201838.077       3185.930   83           fp_base_main
941   4049     563387.502    4207011.571       1536.211   84           fp_base_main
941   4024     563387.502    4206699.126       1696.897   84           fp_base_main
941   3983     563387.502    4206191.357       1909.047   84           fp_base_main
941   3943     563387.502    4205683.589       2124.793   84           fp_base_main
941   3901     563387.502    4205166.240       2336.943   84           fp_base_main
941   3863     563387.502    4204693.484       2519.216   84           fp_base_main
941   3850     563387.502    4204519.669       2579.504   84           fp_base_main
941   3824     563387.502    4204198.605       2673.005   84           fp_base_main
941   3773     563387.502    4203567.427       2838.204   84           fp_base_main
941   3757     563387.502    4203363.511       2879.904   84           fp_base_main
461   4240     557387.503    4209402.641       1125.454   85           fp_base_main
461   4218     557387.503    4209122.887       1259.086   85           fp_base_main
461   4197     557387.503    4208860.089       1367.265   85           fp_base_main
461   4168     557387.503    4208504.038       1535.897   85           fp_base_main
461   4136     557387.502    4208097.124       1710.892   85           fp_base_main
461   4118     557387.502    4207876.712       1819.071   85           fp_base_main
461   4094     557387.502    4207580.004       2029.065   85           fp_base_main
461   4069     557387.502    4207257.863       2165.879   85           fp_base_main
1421   3983     569387.502    4206191.357       2063.665   86           fp_base_main
1421   3950     569387.502    4205779.394       2225.474   86           fp_base_main
1421   3907     569387.502    4205242.884       2401.667   86           fp_base_main
1421   3867     569387.502    4204735.115       2595.838   86           fp_base_main
1421   3838     569387.502    4204380.635       2728.882   86           fp_base_main
1421   3802     569387.502    4203925.515       2854.733   86           fp_base_main
1421   3771     569387.502    4203543.146       2959.464   86           fp_base_main
1421   3730     569387.502    4203027.095       3081.653   86           fp_base_main
2161   4329     578637.503    4210512.181       2265.028   87           fp_base_main
2161   4303     578637.503    4210186.442       2412.454   87           fp_base_main
2161   4276     578637.503    4209851.123       2559.881   87           fp_base_main
2161   4239     578637.503    4209381.677       2721.690   87           fp_base_main
2161   4188     578637.503    4208747.198       2938.809   87           fp_base_main
2161   4176     578637.503    4208600.150       3002.674   87           fp_base_main
2161   4160     578637.503    4208396.693       3093.231   87           fp_base_main
2161   4137     578637.502    4208107.691       3211.636   87           fp_base_main
2161   4093     578637.502    4207565.564       3416.678   87           fp_base_main
2161   4079     578637.502    4207385.440       3476.575   87           fp_base_main
2161   4061     578637.502    4207165.693       3549.402   87           fp_base_main
1021   4022     564387.502    4206679.965       1653.748   88           fp_base_main
1021   3996     564387.502    4206344.646       1776.004   88           fp_base_main
1021   3956     564387.502    4205846.458       1980.962   88           fp_base_main
1021   3941     564387.502    4205664.428       2056.473   88           fp_base_main
1021   3920     564387.502    4205396.173       2124.793   88           fp_base_main
1021   3906     564387.502    4205223.723       2196.708   88           fp_base_main
1021   3878     564387.502    4204869.243       2362.113   88           fp_base_main
1021   3858     564387.502    4204620.149       2444.816   88           fp_base_main
1021   3829     564387.502    4204265.669       2574.264   88           fp_base_main
1021   3805     564387.502    4203960.195       2691.398   88           fp_base_main
1021   3778     564387.502    4203623.773       2836.754   88           fp_base_main
1021   3746     564387.502    4203221.390       2962.606   88           fp_base_main
1021   3705     564387.502    4202713.621       3084.862   88           fp_base_main
641   4197     559637.503    4208860.089       1106.363   89           fp_base_main
641   4178     559637.503    4208622.722       1220.906   89           fp_base_main
641   4147     559637.502    4208241.240       1389.537   89           fp_base_main
641   4109     559637.502    4207766.506       1507.261   89           fp_base_main
641   4096     559637.502    4207605.436       1577.259   89           fp_base_main
641   4071     559637.502    4207283.295       1733.164   89           fp_base_main
641   4053     559637.502    4207062.883       1898.614   89           fp_base_main
641   4025     559637.502    4206715.311       2060.882   89           fp_base_main
641   3989     559637.502    4206257.532       2232.695   89           fp_base_main
621   4204     559387.503    4208953.340       1112.727   90           fp_base_main
621   4185     559387.503    4208715.973       1214.542   90           fp_base_main
621   4160     559387.503    4208402.310       1344.993   90           fp_base_main
621   4126     559387.502    4207978.441       1475.444   90           fp_base_main
621   4098     559387.502    4207622.391       1609.077   90           fp_base_main
621   4075     559387.502    4207334.160       1780.890   90           fp_base_main
621   4056     559387.502    4207096.793       1930.431   90           fp_base_main
621   4026     559387.502    4206723.788       2134.062   90           fp_base_main
621   4005     559387.502    4206460.989       2223.150   90           fp_base_main
1001   4037     564137.502    4206861.995       1614.194   91           fp_base_main
1001   4013     564137.502    4206564.998       1725.663   91           fp_base_main
1001   3979     564137.502    4206133.874       1887.473   91           fp_base_main
1001   3956     564137.502    4205846.458       2016.920   91           fp_base_main
1001   3937     564137.502    4205606.944       2085.240   91           fp_base_main
1001   3914     564137.502    4205319.528       2203.900   91           fp_base_main
1001   3891     564137.502    4205041.693       2318.964   91           fp_base_main
1001   3873     564137.502    4204811.760       2401.667   91           fp_base_main
1001   3842     564137.502    4204427.435       2532.357   91           fp_base_main
1001   3807     564137.502    4203981.562       2683.793   91           fp_base_main
1001   3783     564137.502    4203687.527       2796.089   91           fp_base_main
1001   3767     564137.502    4203485.428       2875.404   91           fp_base_main
1001   3743     564137.502    4203183.068       2959.010   91           fp_base_main
1001   3721     564137.502    4202914.813       3027.330   91           fp_base_main
1101   4002     565387.502    4206430.871       1617.790   92           fp_base_main
1101   3973     565387.502    4206057.230       1747.238   92           fp_base_main
1101   3933     565387.502    4205559.042       1941.409   92           fp_base_main
1101   3890     565387.502    4205022.532       2189.517   92           fp_base_main
1101   3847     565387.502    4204486.021       2419.646   92           fp_base_main
1101   3816     565387.502    4204095.426       2581.869   92           fp_base_main
1101   3792     565387.502    4203797.326       2685.863   92           fp_base_main
1101   3757     565387.502    4203365.098       2829.563   92           fp_base_main
1101   3721     565387.502    4202914.813       2908.670   92           fp_base_main
1101   3681     565387.501    4202407.044       3059.692   92           fp_base_main
1221   3965     566887.502    4205961.424       1837.132   93           fp_base_main
1221   3917     566887.502    4205367.431       2060.069   93           fp_base_main
1221   3879     566887.502    4204888.404       2239.857   93           fp_base_main
1221   3833     566887.502    4204313.572       2452.008   93           fp_base_main
1221   3780     566887.502    4203650.308       2625.563   93           fp_base_main
1221   3762     566887.502    4203426.086       2694.046   93           fp_base_main
1221   3728     566887.502    4203002.489       2804.393   93           fp_base_main
1221   3678     566887.501    4202378.303       2962.606   93           fp_base_main
1221   3671     566887.501    4202292.078       2994.968   93           fp_base_main
2081   4255     577637.166    4209585.696       2333.457   94           fp_base_main
2081   4226     577637.503    4209231.196       2492.611   94           fp_base_main
2081   4210     577637.503    4209026.724       2601.933   94           fp_base_main
2081   4192     577637.503    4208797.940       2661.158   94           fp_base_main
2081   4156     577637.503    4208355.105       2822.481   94           fp_base_main
2081   4123     577637.502    4207940.587       2975.251   94           fp_base_main
2081   4083     577637.502    4207435.839       3126.287   94           fp_base_main
2081   4050     577637.502    4207028.236       3234.796   94           fp_base_main
2081   4029     577637.502    4206764.393       3307.909   94           fp_base_main
2081   3986     577637.166    4206223.196       3502.080   94           fp_base_main
2081   3954     577637.502    4205823.308       3615.975   94           fp_base_main
501   4237     557887.503    4209360.254       1109.545   95           fp_base_main
501   4223     557887.503    4209182.229       1195.452   95           fp_base_main
501   4199     557887.503    4208885.521       1329.084   95           fp_base_main
501   4176     557887.503    4208605.767       1421.355   95           fp_base_main
501   4152     557887.503    4208300.581       1567.714   95           fp_base_main
501   4130     557887.502    4208029.305       1714.074   95           fp_base_main
501   4115     557887.502    4207842.803       1806.344   95           fp_base_main
501   4098     557887.502    4207630.868       1965.430   95           fp_base_main
501   4058     557887.502    4207122.225       2175.424   95           fp_base_main
2061   4256     577387.503    4209601.917       2239.508   96           fp_base_main
2061   4224     577387.503    4209197.518       2423.755   96           fp_base_main
2061   4189     577387.503    4208758.942       2603.030   96           fp_base_main
2061   4145     577387.502    4208212.851       2825.967   96           fp_base_main
2061   4086     577387.502    4207475.150       3074.075   96           fp_base_main
2061   4065     577387.502    4207215.476       3139.488   96           fp_base_main
2061   4028     577387.502    4206752.197       3290.365   96           fp_base_main
2061   3960     577387.502    4205903.941       3530.737   96           fp_base_main
881   4054     562637.502    4207072.767       1524.300   97           fp_base_main
881   4032     562637.502    4206794.931       1675.322   97           fp_base_main
881   4002     562637.502    4206430.871       1862.302   97           fp_base_main
881   3976     562637.502    4206105.133       2013.324   97           fp_base_main
881   3946     562637.502    4205731.491       2157.155   97           fp_base_main
881   3924     562637.502    4205444.075       2261.432   97           fp_base_main
881   3892     562637.502    4205051.273       2408.858   97           fp_base_main
881   3863     562637.502    4204685.006       2556.829   97           fp_base_main
881   3826     562637.502    4204227.347       2739.669   97           fp_base_main
881   3785     562637.502    4203709.998       2869.116   97           fp_base_main
701   4160     560387.503    4208394.881       1125.170   98           fp_base_main
701   4140     560387.502    4208145.787       1229.448   98           fp_base_main
701   4112     560387.502    4207800.888       1326.533   98           fp_base_main
701   4081     560387.502    4207408.086       1502.726   98           fp_base_main
701   4049     560387.502    4207015.284       1736.450   98           fp_base_main
701   4004     560387.502    4206450.032       2045.686   98           fp_base_main
701   3987     560387.502    4206239.260       2153.559   98           fp_base_main
701   3965     560387.502    4205961.424       2265.028   98           fp_base_main
701   3944     560387.502    4205702.750       2344.135   98           fp_base_main
701   3920     560387.502    4205405.753       2434.029   98           fp_base_main
701   3874     560387.502    4204830.921       2617.413   98           fp_base_main
2361   4462     581137.503    4212181.749       1863.615   99           fp_base_main
2361   4441     581137.503    4211915.244       1979.521   99           fp_base_main
2361   4403     581137.503    4211443.052       2190.876   99           fp_base_main
2361   4374     581137.503    4211074.392       2344.281   99           fp_base_main
2361   4341     581137.503    4210657.197       2486.095   99           fp_base_main
2361   4282     581137.503    4209926.765       2757.681   99           fp_base_main
1121   3984     565637.502    4206195.369       1633.780   100           fp_base_main
1121   3970     565637.502    4206028.488       1686.110   100           fp_base_main
1121   3938     565637.502    4205626.106       1862.302   100           fp_base_main
1121   3913     565637.502    4205309.948       2006.133   100           fp_base_main
1121   3887     565637.502    4204993.790       2164.346   100           fp_base_main
1121   3849     565637.502    4204514.763       2405.263   100           fp_base_main
1121   3819     565637.502    4204135.954       2540.790   100           fp_base_main
1121   3781     565637.502    4203660.992       2684.621   100           fp_base_main
1121   3740     565637.502    4203144.746       2843.946   100           fp_base_main
1121   3686     565637.501    4202474.108       3030.926   100           fp_base_main
1701   4002     572887.502    4206430.146       2477.949   101           fp_base_main
1701   3968     572887.500    4205999.500       2700.115   101           fp_base_main
1701   3920     572887.469    4205396.622       2931.699   101           fp_base_main
1701   3874     572887.500    4204826.000       3118.888   101           fp_base_main
1701   3839     572887.500    4204390.000       3239.593   101           fp_base_main
1701   3787     572887.502    4203743.656       3432.045   101           fp_base_main
2281   4467     580137.503    4212241.487       1844.257   102           fp_base_main
2281   4424     580137.500    4211700.000       2070.856   102           fp_base_main
2281   4393     580137.503    4211309.525       2220.166   102           fp_base_main
2281   4365     580137.503    4210967.410       2356.039   102           fp_base_main
2281   4300     580137.503    4210148.298       2615.801   102           fp_base_main
2281   4227     580137.503    4209231.910       2929.791   102           fp_base_main
1521   3970     570637.500    4206028.500       2124.793   103           fp_base_main
1521   3936     570637.500    4205597.500       2329.752   103           fp_base_main
1521   3904     570637.500    4205195.000       2513.135   103           fp_base_main
1521   3863     570637.500    4204687.000       2707.307   103           fp_base_main
1521   3845     570637.500    4204467.000       2790.010   103           fp_base_main
1521   3816     570637.502    4204096.146       2881.317   103           fp_base_main
1521   3791     570637.502    4203791.294       2959.350   103           fp_base_main
1521   3737     570637.502    4203118.022       3125.156   103           fp_base_main
2301   4467     580387.503    4212241.090       1799.980   104           fp_base_main
2301   4447     580387.503    4211986.769       1892.250   104           fp_base_main
2301   4377     580387.503    4211112.382       2227.004   104           fp_base_main
2301   4333     580387.503    4210565.681       2433.480   104           fp_base_main
2301   4307     580387.503    4210240.428       2569.959   104           fp_base_main
2301   4274     580387.503    4209825.036       2729.045   104           fp_base_main
2301   4256     580387.503    4209596.147       2846.769   104           fp_base_main
1641   3972     572137.500    4206046.500       2322.146   105           fp_base_main
1641   3933     572137.500    4205566.500       2507.470   105           fp_base_main
1641   3906     572137.502    4205219.982       2643.988   105           fp_base_main
1641   3879     572137.502    4204887.464       2780.050   105           fp_base_main
1641   3857     572137.502    4204619.035       2862.185   105           fp_base_main
1641   3806     572137.502    4203976.358       3045.037   105           fp_base_main
1641   3747     572137.502    4203235.469       3245.407   105           fp_base_main
661   4185     559887.503    4208715.973       1112.727   106           fp_base_main
661   4166     559887.503    4208470.129       1239.996   106           fp_base_main
661   4130     559887.502    4208020.828       1395.901   106           fp_base_main
661   4086     559887.502    4207469.798       1596.350   106           fp_base_main
661   4062     559887.502    4207173.089       1723.619   106           fp_base_main
661   4053     559887.502    4207062.883       1771.345   106           fp_base_main
661   4041     559887.502    4206909.218       1863.615   106           fp_base_main
661   4029     559887.502    4206758.055       1964.981   106           fp_base_main
661   4009     559887.502    4206512.211       2098.999   106           fp_base_main
661   3963     559887.502    4205933.961       2324.837   106           fp_base_main
1381   3990     568887.502    4206277.582       2045.686   107           fp_base_main
1381   3960     568887.502    4205894.361       2153.559   107           fp_base_main
1381   3924     568887.502    4205444.075       2275.815   107           fp_base_main
1381   3910     568887.502    4205278.864       2332.126   107           fp_base_main
1381   3888     568887.502    4205001.029       2423.103   107           fp_base_main
1381   3870     568887.502    4204778.292       2502.348   107           fp_base_main
1381   3848     568887.502    4204497.801       2601.084   107           fp_base_main
1381   3822     568887.502    4204176.846       2706.614   107           fp_base_main
1381   3796     568887.502    4203848.851       2791.023   107           fp_base_main
1381   3762     568887.502    4203427.436       2901.270   107           fp_base_main
1381   3718     568887.502    4202880.246       3025.273   107           fp_base_main
1381   3686     568887.501    4202478.120       3110.460   107           fp_base_main
1881   4149     575137.502    4208260.754       2085.240   108           fp_base_main
1881   4121     575137.502    4207915.854       2196.708   108           fp_base_main
1881   4088     575137.502    4207503.891       2387.284   108           fp_base_main
1881   4068     575137.502    4207254.797       2545.497   108           fp_base_main
1881   4040     575137.502    4206900.317       2746.860   108           fp_base_main
1881   3999     575137.502    4206384.693       2913.585   108           fp_base_main
1881   3978     575137.502    4206122.028       2987.929   108           fp_base_main
1881   3937     575137.502    4205616.525       3181.948   108           fp_base_main
1881   3860     575137.502    4204648.890       3505.567   108           fp_base_main
2181   4372     578887.503    4211048.691       2110.410   109           fp_base_main
2181   4325     578887.503    4210464.278       2376.497   109           fp_base_main
2181   4298     578887.503    4210119.379       2502.348   109           fp_base_main
2181   4256     578887.503    4209602.029       2689.328   109           fp_base_main
2181   4207     578887.503    4208988.875       2897.882   109           fp_base_main
2181   4186     578887.503    4208724.450       2977.220   109           fp_base_main
2181   4158     578887.503    4208380.133       3146.404   109           fp_base_main
2181   4111     578887.502    4207786.547       3367.249   109           fp_base_main
2181   4095     578887.502    4207582.454       3456.446   109           fp_base_main
2341   4468     580887.503    4212249.568       1857.251   110           fp_base_main
2341   4448     580887.503    4212003.724       1949.521   110           fp_base_main
2341   4388     580887.503    4211249.237       2226.332   110           fp_base_main
2341   4354     580887.503    4210825.368       2388.600   110           fp_base_main
2341   4326     580887.503    4210469.318       2550.868   110           fp_base_main
2341   4264     580887.503    4209706.353       2830.860   110           fp_base_main
1061   4000     564887.502    4206402.129       1668.131   111           fp_base_main
1061   3974     564887.502    4206076.391       1793.983   111           fp_base_main
1061   3943     564887.502    4205693.169       1959.388   111           fp_base_main
1061   3906     564887.502    4205223.723       2175.134   111           fp_base_main
1061   3869     564887.502    4204763.857       2376.497   111           fp_base_main
1061   3822     564887.502    4204169.864       2613.817   111           fp_base_main
1061   3799     564887.502    4203892.342       2706.773   111           fp_base_main
1061   3785     564887.502    4203716.617       2761.243   111           fp_base_main
1061   3742     564887.502    4203173.487       2941.032   111           fp_base_main
1061   3705     564887.502    4202708.172       3068.389   111           fp_base_main
401   4239     556637.503    4209385.686       1157.271   112           fp_base_main
401   4217     556637.503    4209114.410       1268.632   112           fp_base_main
401   4195     556637.503    4208834.656       1354.538   112           fp_base_main
401   4177     556637.503    4208614.244       1443.627   112           fp_base_main
401   4150     556637.503    4208275.149       1609.077   112           fp_base_main
401   4129     556637.502    4208012.350       1749.073   112           fp_base_main
401   4113     556637.502    4207817.370       1828.616   112           fp_base_main
401   4105     556637.502    4207707.164       1924.068   112           fp_base_main
401   4084     556637.502    4207452.843       2076.791   112           fp_base_main
401   4061     556637.502    4207164.404       2201.005   112           fp_base_main
2061   3405     577387.501    4198959.446       2517.923   1              fp_che251
2061   3377     577387.501    4198615.404       2796.584   1              fp_che251
2021   3394     576887.501    4198829.924       2532.504   2              fp_che251
2021   3357     576887.501    4198360.408       2819.266   2              fp_che251
2081   3404     577637.501    4198951.351       2551.946   3              fp_che251
2081   3379     577637.501    4198631.594       2809.545   3              fp_che251
2121   3430     578137.501    4199275.155       2545.465   4              fp_che251
2121   3397     578137.501    4198866.352       2820.886   4              fp_che251
1981   3373     576387.501    4198566.833       2492.001   5              fp_che251
1981   3336     576387.501    4198097.316       2791.724   5              fp_che251
2101   3413     577887.501    4199060.635       2538.985   6              fp_che251
2101   3390     577887.501    4198769.211       2783.623   6              fp_che251
2001   3385     576637.501    4198712.545       2516.303   7              fp_che251
2001   3344     576637.501    4198194.458       2827.367   7              fp_che251
2041   3401     577137.501    4198914.923       2534.124   8              fp_che251
2041   3370     577137.501    4198530.405       2804.685   8              fp_che251
1821   3546     574387.501    4200725.143       2513.253   1          fp_che441_bei
1821   3530     574387.501    4200530.390       2616.490   1          fp_che441_bei
1821   3511     574387.501    4200288.264       2717.620   1          fp_che441_bei
1821   3493     574387.501    4200056.665       2797.681   1          fp_che441_bei
1821   3453     574387.501    4199556.623       2940.949   1          fp_che441_bei
1741   3547     573387.501    4200740.934       2536.429   2          fp_che441_bei
1741   3525     573387.501    4200467.227       2692.337   2          fp_che441_bei
1741   3504     573387.501    4200204.046       2808.216   2          fp_che441_bei
1741   3473     573387.501    4199809.276       2943.056   2          fp_che441_bei
1781   3549     573887.501    4200767.252       2546.963   3          fp_che441_bei
1781   3527     573887.501    4200493.545       2662.841   3          fp_che441_bei
1781   3490     573887.501    4200030.347       2814.536   3          fp_che441_bei
1781   3447     573887.501    4199488.196       2945.162   3          fp_che441_bei
1781   3419     573887.501    4199135.534       3021.010   3          fp_che441_bei
1781   3406     573887.501    4198972.362       3061.041   3          fp_che441_bei
1721   3547     573137.501    4200735.671       2546.963   4          fp_che441_bei
1721   3527     573137.501    4200493.545       2688.124   4          fp_che441_bei
1721   3509     573137.501    4200267.210       2785.040   4          fp_che441_bei
1721   3497     573137.501    4200109.301       2846.139   4          fp_che441_bei
1721   3479     573137.501    4199882.966       2932.521   4          fp_che441_bei
1761   3551     573637.501    4200783.043       2530.108   5          fp_che441_bei
1761   3527     573637.501    4200493.545       2675.482   5          fp_che441_bei
1761   3490     573637.501    4200019.820       2820.857   5          fp_che441_bei
1761   3452     573637.501    4199551.359       2945.162   5          fp_che441_bei
1761   3417     573637.501    4199114.480       3044.186   5          fp_che441_bei
1761   3409     573637.501    4199009.208       3071.575   5          fp_che441_bei
1801   3546     574137.501    4200721.617       2540.948   6          fp_che441_bei
1801   3525     574137.501    4200459.024       2635.298   6          fp_che441_bei
1801   3487     574137.501    4199993.502       2789.254   6          fp_che441_bei
1801   3454     574137.501    4199569.021       2902.614   6          fp_che441_bei
1801   3412     574137.501    4199053.583       3026.187   6          fp_che441_bei
1841   3544     574637.501    4200698.825       2534.322   7          fp_che441_bei
1841   3529     574637.501    4200514.599       2631.238   7          fp_che441_bei
1841   3514     574637.501    4200319.846       2715.513   7          fp_che441_bei
1841   3497     574637.501    4200109.301       2799.788   7          fp_che441_bei
921   3505     563137.501    4200214.683       1865.947   1               fp_F_ch6
921   3419     563137.501    4199132.107       2257.164   1               fp_F_ch6
781   3482     561387.501    4199920.015       1643.756   2               fp_F_ch6
781   3420     561387.501    4199150.709       2032.731   2               fp_F_ch6
791   3484     561512.501    4199946.998       1678.148   3               fp_F_ch6
791   3419     561512.501    4199141.356       2061.913   3               fp_F_ch6
671   3498     560012.501    4200122.154       1580.194   4               fp_F_ch6
671   3451     560012.501    4199536.146       2032.341   4               fp_F_ch6
811   3485     561762.501    4199966.868       1705.768   5               fp_F_ch6
811   3420     561762.501    4199156.287       2090.809   5               fp_F_ch6
981   3512     563887.501    4200294.308       1940.193   6               fp_F_ch6
981   3433     563887.501    4199313.044       2310.436   6               fp_F_ch6
731   3484     560762.501    4199953.818       1637.662   7               fp_F_ch6
731   3419     560762.501    4199141.356       2061.913   7               fp_F_ch6
851   3500     562262.501    4200146.104       1774.959   8               fp_F_ch6
851   3438     562262.501    4199378.840       2065.510   8               fp_F_ch6
851   3422     562262.501    4199175.880       2135.123   8               fp_F_ch6
691   3497     560262.501    4200112.857       1613.563   9               fp_F_ch6
691   3448     560262.501    4199498.955       2017.899   9               fp_F_ch6
911   3518     563012.501    4200379.471       1788.459   10               fp_F_ch6
911   3447     563012.501    4199485.780       2113.465   10               fp_F_ch6
911   3407     563012.501    4198993.292       2285.501   10               fp_F_ch6
951   3524     563512.501    4200450.167       1830.525   11               fp_F_ch6
951   3478     563512.501    4199871.535       2058.607   11               fp_F_ch6
951   3424     563512.501    4199196.464       2326.356   11               fp_F_ch6
701   3496     560387.501    4200103.942       1593.057   12               fp_F_ch6
701   3445     560387.501    4199460.294       2026.189   12               fp_F_ch6
681   3499     560137.501    4200137.191       1597.265   13               fp_F_ch6
681   3458     560137.501    4199626.971       1962.817   13               fp_F_ch6
891   3507     562762.501    4200234.193       1810.404   14               fp_F_ch6
891   3456     562762.501    4199602.074       2043.489   14               fp_F_ch6
891   3408     562762.501    4199003.587       2260.245   14               fp_F_ch6
901   3515     562887.501    4200334.491       1780.597   15               fp_F_ch6
901   3407     562887.501    4198983.338       2265.479   15               fp_F_ch6
971   3520     563762.501    4200405.880       1923.080   16               fp_F_ch6
971   3451     563762.501    4199534.512       2237.891   16               fp_F_ch6
971   3416     563762.501    4199104.349       2393.096   16               fp_F_ch6
961   3517     563637.501    4200357.843       1915.006   17               fp_F_ch6
961   3423     563637.501    4199193.033       2326.807   17               fp_F_ch6
881   3508     562637.501    4200247.603       1791.349   18               fp_F_ch6
881   3405     562637.501    4198968.525       2231.869   18               fp_F_ch6
761   3479     561137.501    4199887.387       1640.432   19               fp_F_ch6
761   3413     561137.501    4199063.181       2044.406   19               fp_F_ch6
841   3500     562137.501    4200150.240       1752.567   20               fp_F_ch6
841   3417     562137.501    4199106.640       2138.839   20               fp_F_ch6
771   3483     561262.501    4199939.314       1626.435   21               fp_F_ch6
771   3414     561262.501    4199081.126       2072.151   21               fp_F_ch6
991   3510     564012.501    4200279.840       1925.321   22               fp_F_ch6
991   3465     564012.501    4199714.381       2170.995   22               fp_F_ch6
991   3431     564012.501    4199285.839       2361.638   22               fp_F_ch6
741   3478     560887.501    4199870.562       1661.121   23               fp_F_ch6
741   3422     560887.501    4199177.462       1991.902   23               fp_F_ch6
941   3510     563387.501    4200280.189       1878.486   24               fp_F_ch6
941   3422     563387.501    4199178.914       2296.583   24               fp_F_ch6
931   3521     563262.501    4200417.953       1788.529   25               fp_F_ch6
931   3425     563262.501    4199211.347       2292.041   25               fp_F_ch6
861   3502     562387.501    4200172.006       1785.506   26               fp_F_ch6
861   3422     562387.501    4199178.395       2155.431   26               fp_F_ch6
751   3475     561012.501    4199839.829       1657.250   27               fp_F_ch6
751   3408     561012.501    4199003.587       2061.913   27               fp_F_ch6
801   3487     561637.501    4199982.434       1710.827   28               fp_F_ch6
801   3426     561637.501    4199225.538       2035.897   28               fp_F_ch6
871   3502     562512.501    4200180.674       1791.098   29               fp_F_ch6
871   3457     562512.501    4199616.381       1999.624   29               fp_F_ch6
871   3419     562512.501    4199136.224       2179.638   29               fp_F_ch6
711   3486     560512.501    4199978.899       1665.976   30               fp_F_ch6
711   3435     560512.501    4199335.127       2053.513   30               fp_F_ch6
831   3493     562012.501    4200064.404       1747.918   31               fp_F_ch6
831   3445     562012.501    4199460.156       1998.055   31               fp_F_ch6
831   3420     562012.501    4199154.741       2127.281   31               fp_F_ch6
661   3499     559887.501    4200134.844       1581.220   32               fp_F_ch6
661   3461     559887.501    4199665.237       1923.643   32               fp_F_ch6
721   3486     560637.501    4199976.400       1648.438   33               fp_F_ch6
721   3429     560637.501    4199260.355       2027.837   33               fp_F_ch6
821   3484     561887.501    4199953.483       1758.085   34               fp_F_ch6
821   3429     561887.501    4199258.251       2050.086   34               fp_F_ch6
2390   3343     581503.847    4198187.500       2247.347   1            fp_F_che142
2378   3343     581347.255    4198187.500       2391.882   1            fp_F_che142
2359   3343     581107.146    4198187.500       2564.093   1            fp_F_che142
2350   3343     581002.751    4198187.500       2640.974   1            fp_F_che142
2341   3295     580887.501    4197587.213       2155.305   2            fp_F_che142
2341   3332     580887.501    4198048.368       2589.920   2            fp_F_che142
2264   3223     579930.102    4196687.500       2107.452   3            fp_F_che142
2255   3223     579817.419    4196687.500       2168.598   3            fp_F_che142
2238   3223     579597.984    4196687.500       2290.890   3            fp_F_che142
2221   3223     579384.480    4196687.500       2399.206   3            fp_F_che142
2199   3223     579111.668    4196687.500       2481.316   3            fp_F_che142
2177   3223     578838.857    4196687.500       2568.667   3            fp_F_che142
2155   3223     578560.115    4196687.500       2628.066   3            fp_F_che142
2181   3181     578887.500    4196158.417       2064.542   4            fp_F_che142
2181   3207     578887.500    4196484.088       2386.884   4            fp_F_che142
2181   3226     578887.500    4196726.795       2609.120   4            fp_F_che142
2201   3182     579137.500    4196172.967       2052.324   5            fp_F_che142
2201   3234     579137.500    4196820.416       2582.939   5            fp_F_che142
2241   3197     579637.500    4196363.776       2054.391   6            fp_F_che142
2241   3211     579637.500    4196537.737       2184.609   6            fp_F_che142
2241   3237     579637.501    4196868.599       2408.038   6            fp_F_che142
2241   3256     579637.501    4197096.856       2555.011   6            fp_F_che142
2247   3203     579710.667    4196437.500       2076.006   7            fp_F_che142
2237   3203     579592.054    4196437.500       2114.440   7            fp_F_che142
2215   3203     579313.311    4196437.500       2219.262   7            fp_F_che142
2199   3203     579117.599    4196437.500       2269.926   7            fp_F_che142
2174   3203     578797.342    4196437.500       2364.265   7            fp_F_che142
2131   3203     578257.650    4196437.500       2460.352   7            fp_F_che142
2321   3278     580637.501    4197380.570       2090.724   8            fp_F_che142
2321   3316     580637.501    4197853.426       2602.138   8            fp_F_che142
2299   3243     580365.942    4196937.500       2084.361   9            fp_F_che142
2278   3243     580104.955    4196937.500       2198.144   9            fp_F_che142
2257   3243     579833.528    4196937.500       2367.280   9            fp_F_che142
2238   3243     579600.823    4196937.500       2486.319   9            fp_F_che142
2221   3243     579385.296    4196937.500       2601.541   9            fp_F_che142
2261   3217     579887.500    4196612.671       2071.567   10            fp_F_che142
2261   3246     579887.501    4196974.392       2358.843   10            fp_F_che142
2261   3274     579887.501    4197328.101       2610.450   10            fp_F_che142
2301   3255     580387.501    4197087.397       2086.533   11            fp_F_che142
2301   3282     580387.501    4197427.309       2358.267   11            fp_F_che142
2301   3308     580387.501    4197751.580       2598.648   11            fp_F_che142
2221   3188     579387.500    4196252.989       2048.833   12            fp_F_che142
2221   3240     579387.501    4196900.438       2572.466   12            fp_F_che142
2381   3323     581387.501    4197933.448       2143.087   13            fp_F_che142
2381   3357     581387.501    4198362.656       2514.866   13            fp_F_che142
2347   3303     580959.398    4197687.500       2197.768   14            fp_F_che142
2338   3303     580845.840    4197687.500       2287.325   14            fp_F_che142
2321   3303     580637.369    4197687.500       2422.634   14            fp_F_che142
2300   3303     580376.701    4197687.500       2550.396   14            fp_F_che142
2291   3303     580261.547    4197687.500       2604.071   14            fp_F_che142
2324   3283     580679.127    4197437.500       2102.812   15            fp_F_che142
2313   3283     580532.974    4197437.500       2225.821   15            fp_F_che142
2295   3283     580313.745    4197437.500       2425.709   15            fp_F_che142
2288   3283     580219.789    4197437.500       2499.514   15            fp_F_che142
2275   3283     580066.041    4197437.500       2597.849   15            fp_F_che142
2161   3171     578637.500    4196037.943       2056.489   16            fp_F_che142
2161   3223     578637.500    4196688.522       2596.902   16            fp_F_che142
2281   3232     580137.500    4196801.438       2088.642   17            fp_F_che142
2281   3288     580137.501    4197499.811       2596.902   17            fp_F_che142
2381   3323     581389.013    4197937.500       2124.339   18            fp_F_che142
2366   3323     581202.280    4197937.500       2265.308   18            fp_F_che142
2341   3323     580887.917    4197937.500       2490.289   18            fp_F_che142
2328   3323     580727.059    4197937.500       2609.384   18            fp_F_che142
2141   3169     578387.500    4196011.364       2032.325   19            fp_F_che142
2141   3213     578387.500    4196560.476       2542.099   19            fp_F_che142
2288   3233     580226.841    4196812.500       2048.624   20            fp_F_che142
2278   3233     580094.475    4196812.500       2118.501   20            fp_F_che142
2259   3233     579857.710    4196812.500       2238.725   20            fp_F_che142
2239   3233     579609.356    4196812.500       2370.305   20            fp_F_che142
2220   3233     579377.882    4196812.500       2495.379   20            fp_F_che142
2200   3233     579129.445    4196812.500       2583.110   20            fp_F_che142
2193   3233     579035.770    4196812.500       2617.253   20            fp_F_che142
2361   3307     581137.501    4197738.972       2144.279   21            fp_F_che142
2361   3346     581137.501    4198223.867       2555.305   21            fp_F_che142
2306   3263     580449.009    4197187.500       2108.963   22            fp_F_che142
2282   3263     580146.713    4197187.500       2351.904   22            fp_F_che142
2257   3263     579832.343    4197187.500       2543.112   22            fp_F_che142
2248   3263     579724.246    4197187.500       2613.297   22            fp_F_che142
1241   3312     567137.501    4197801.399       2136.938   1           fp_F_che16-2
1241   3366     567137.501    4198479.833       2667.180   1           fp_F_che16-2
1281   3340     567637.501    4198149.168       2225.312   2           fp_F_che16-2
1281   3408     567637.501    4198998.635       2801.987   2           fp_F_che16-2
1201   3295     566637.501    4197582.598       2052.484   3           fp_F_che16-2
1201   3336     566637.501    4198098.676       2521.055   3           fp_F_che16-2
1181   3277     566387.501    4197358.047       1953.941   4           fp_F_che16-2
1181   3301     566387.501    4197658.906       2144.835   4           fp_F_che16-2
1181   3335     566387.501    4198090.202       2474.365   4           fp_F_che16-2
1161   3285     566137.501    4197464.117       2017.434   5           fp_F_che16-2
1161   3326     566137.501    4197971.014       2412.176   5           fp_F_che16-2
1221   3310     566887.501    4197770.131       2122.225   6           fp_F_che16-2
1221   3340     566887.501    4198145.422       2568.174   6           fp_F_che16-2
1261   3324     567387.501    4197949.628       2175.882   7           fp_F_che16-2
1261   3384     567387.501    4198702.176       2719.605   7           fp_F_che16-2
1141   3280     565887.501    4197396.127       1960.685   8           fp_F_che16-2
1141   3324     565887.501    4197952.091       2359.804   8           fp_F_che16-2
691   3394     560262.501    4198820.672       1634.447   1         fp_F_che20_bei
691   3413     560262.501    4199058.088       1766.718   1         fp_F_che20_bei
691   3442     560262.501    4199422.514       1929.734   1         fp_F_che20_bei
661   3391     559887.501    4198792.041       1602.340   2         fp_F_che20_bei
661   3419     559887.501    4199135.491       1862.416   2         fp_F_che20_bei
711   3405     560512.501    4198963.969       1657.585   3         fp_F_che20_bei
711   3413     560512.501    4199062.022       1754.885   3         fp_F_che20_bei
711   3421     560512.501    4199160.125       1846.787   3         fp_F_che20_bei
711   3430     560512.501    4199275.675       1963.070   3         fp_F_che20_bei
708   3403     560476.645    4198937.500       1688.265   4         fp_F_che20_bei
699   3403     560368.692    4198937.500       1693.944   4         fp_F_che20_bei
686   3403     560195.196    4198937.500       1699.623   4         fp_F_che20_bei
680   3403     560129.653    4198937.500       1700.758   4         fp_F_che20_bei
670   3403     559998.567    4198937.500       1707.573   4         fp_F_che20_bei
661   3403     559886.758    4198937.500       1710.980   4         fp_F_che20_bei
651   3403     559767.239    4198937.500       1739.373   4         fp_F_che20_bei
637   3403     559593.742    4198937.500       1772.309   4         fp_F_che20_bei
632   3403     559528.199    4198937.500       1785.937   4         fp_F_che20_bei
641   3369     559637.501    4198515.178       1524.667   5         fp_F_che20_bei
641   3391     559637.501    4198785.851       1687.904   5         fp_F_che20_bei
641   3411     559637.501    4199040.872       1819.128   5         fp_F_che20_bei
721   3410     560637.501    4199024.545       1685.310   6         fp_F_che20_bei
721   3426     560637.501    4199222.949       1933.834   6         fp_F_che20_bei
655   3383     559813.852    4198687.500       1557.787   7         fp_F_che20_bei
641   3383     559632.133    4198687.500       1630.086   7         fp_F_che20_bei
629   3383     559485.810    4198687.500       1684.683   7         fp_F_che20_bei
619   3383     559363.874    4198687.500       1726.349   7         fp_F_che20_bei
667   3393     559960.151    4198812.500       1589.891   8         fp_F_che20_bei
657   3393     559838.241    4198812.500       1635.597   8         fp_F_che20_bei
646   3393     559693.998    4198812.500       1687.245   8         fp_F_che20_bei
637   3393     559588.880    4198812.500       1728.640   8         fp_F_che20_bei
623   3393     559417.099    4198812.500       1792.301   8         fp_F_che20_bei
681   3394     560137.501    4198819.113       1631.402   9         fp_F_che20_bei
681   3407     560137.501    4198983.503       1729.167   9         fp_F_che20_bei
681   3414     560137.501    4199077.066       1781.596   9         fp_F_che20_bei
681   3437     560137.501    4199356.992       1920.354   9         fp_F_che20_bei
631   3364     559512.501    4198452.095       1520.916   10         fp_F_che20_bei
631   3398     559512.501    4198879.656       1802.873   10         fp_F_che20_bei
671   3394     560012.501    4198827.292       1644.445   11         fp_F_che20_bei
671   3398     560012.501    4198873.927       1670.131   11         fp_F_che20_bei
671   3409     560012.501    4199015.254       1755.194   11         fp_F_che20_bei
671   3429     560012.501    4199258.152       1905.554   11         fp_F_che20_bei
651   3380     559762.501    4198650.453       1556.937   12         fp_F_che20_bei
651   3393     559762.501    4198808.243       1657.660   12         fp_F_che20_bei
651   3397     559762.501    4198858.713       1693.915   12         fp_F_che20_bei
651   3419     559762.501    4199143.207       1871.646   12         fp_F_che20_bei
701   3396     560387.501    4198851.619       1645.478   13         fp_F_che20_bei
701   3414     560387.501    4199075.140       1778.500   13         fp_F_che20_bei
701   3438     560387.501    4199380.509       1948.490   13         fp_F_che20_bei
727   3413     560707.732    4199062.500       1719.103   14         fp_F_che20_bei
719   3413     560610.779    4199062.500       1738.823   14         fp_F_che20_bei
709   3413     560488.433    4199062.500       1759.223   14         fp_F_che20_bei
701   3413     560382.246    4199062.500       1768.743   14         fp_F_che20_bei
689   3413     560236.816    4199062.500       1772.823   14         fp_F_che20_bei
679   3413     560116.778    4199062.500       1774.863   14         fp_F_che20_bei
671   3413     560010.591    4199062.500       1784.383   14         fp_F_che20_bei
661   3413     559883.629    4199062.500       1806.823   14         fp_F_che20_bei
651   3413     559756.666    4199062.500       1822.463   14         fp_F_che20_bei
645   3413     559687.414    4199062.500       1829.263   14         fp_F_che20_bei
1801   3359     574137.501    4198390.665       2350.212   1         fp_F_che252_T5
1801   3393     574137.501    4198816.617       2694.064   1         fp_F_che252_T5
1991   3424     576512.501    4199198.147       2265.249   2         fp_F_che252_T5
1991   3456     576512.501    4199594.339       2630.893   2         fp_F_che252_T5
1911   3387     575512.501    4198742.167       2307.992   3         fp_F_che252_T5
1911   3422     575512.501    4199180.830       2633.010   3         fp_F_che252_T5
1881   3382     575137.501    4198676.441       2352.030   4         fp_F_che252_T5
1881   3436     575137.501    4199350.993       2955.933   4         fp_F_che252_T5
1861   3380     574887.501    4198655.450       2358.921   5         fp_F_che252_T5
1861   3431     574887.501    4199292.092       2974.355   5         fp_F_che252_T5
1831   3363     574512.501    4198433.662       2310.993   6         fp_F_che252_T5
1831   3383     574512.501    4198692.788       2511.031   6         fp_F_che252_T5
1831   3433     574512.501    4199314.691       3030.482   6         fp_F_che252_T5
1961   3412     576137.501    4199047.642       2326.242   7         fp_F_che252_T5
1961   3447     576137.501    4199491.255       2658.712   7         fp_F_che252_T5
2001   3432     576637.501    4199297.457       2306.506   8         fp_F_che252_T5
2001   3459     576637.501    4199634.062       2618.048   8         fp_F_che252_T5
1821   3365     574387.501    4198460.589       2339.739   9         fp_F_che252_T5
1821   3427     574387.501    4199233.849       2978.031   9         fp_F_che252_T5
1781   3358     573887.501    4198371.664       2379.885   10         fp_F_che252_T5
1781   3389     573887.501    4198757.224       2697.592   10         fp_F_che252_T5
1941   3406     575887.501    4198979.917       2348.140   11         fp_F_che252_T5
1941   3439     575887.501    4199387.301       2641.574   11         fp_F_che252_T5
2061   3489     577387.501    4200018.186       2421.601   12         fp_F_che252_T5
2061   3511     577387.501    4200285.396       2638.067   12         fp_F_che252_T5
1841   3376     574637.501    4198597.131       2371.495   13         fp_F_che252_T5
1841   3412     574637.501    4199051.968       2785.108   13         fp_F_che252_T5
1841   3432     574637.501    4199306.218       3005.417   13         fp_F_che252_T5
2041   3478     577137.501    4199869.046       2392.655   14         fp_F_che252_T5
2041   3499     577137.501    4200142.470       2631.774   14         fp_F_che252_T5
1791   3351     574012.501    4198281.683       2284.716   15         fp_F_che252_T5
1791   3387     574012.501    4198737.377       2659.202   15         fp_F_che252_T5
1981   3424     576387.501    4199201.363       2337.618   16         fp_F_che252_T5
1981   3456     576387.501    4199595.011       2662.520   16         fp_F_che252_T5
2021   3458     576887.501    4199622.038       2345.992   17         fp_F_che252_T5
2021   3486     576887.501    4199977.047       2622.875   17         fp_F_che252_T5
1891   3383     575262.501    4198684.307       2318.712   18         fp_F_che252_T5
1891   3445     575262.501    4199465.893       3006.849   18         fp_F_che252_T5
1921   3400     575637.501    4198905.542       2366.144   19         fp_F_che252_T5
1921   3425     575637.501    4199208.452       2660.149   19         fp_F_che252_T5
1951   3407     576012.501    4198989.593       2324.500   20         fp_F_che252_T5
1951   3441     576012.501    4199418.123       2641.953   20         fp_F_che252_T5
1971   3412     576262.501    4199052.324       2306.529   21         fp_F_che252_T5
1971   3446     576262.501    4199473.734       2616.374   21         fp_F_che252_T5
1931   3399     575762.501    4198888.376       2339.468   22         fp_F_che252_T5
1931   3429     575762.501    4199264.726       2619.738   22         fp_F_che252_T5
1871   3379     575012.501    4198639.791       2336.599   23         fp_F_che252_T5
1871   3438     575012.501    4199370.488       2999.590   23         fp_F_che252_T5
1811   3358     574262.501    4198371.537       2309.549   24         fp_F_che252_T5
1811   3415     574262.501    4199086.660       2888.520   24         fp_F_che252_T5
1901   3393     575387.501    4198815.856       2372.377   25         fp_F_che252_T5
1901   3445     575387.501    4199464.500       2983.482   25         fp_F_che252_T5
1851   3377     574762.501    4198617.825       2340.932   26         fp_F_che252_T5
1851   3431     574762.501    4199292.979       2983.127   26         fp_F_che252_T5
693   3693     560289.656    4202562.500       1721.089   1          fp_F_che31_xi
638   3693     559601.029    4202562.500       2012.423   1          fp_F_che31_xi
581   3693     558885.065    4202562.500       2255.362   1          fp_F_che31_xi
700   3703     560370.738    4202687.500       1748.510   2          fp_F_che31_xi
653   3703     559787.674    4202687.500       1992.639   2          fp_F_che31_xi
611   3703     559259.265    4202687.500       2169.842   2          fp_F_che31_xi
578   3703     558855.696    4202687.500       2301.588   2          fp_F_che31_xi
693   3683     560281.586    4202437.500       1693.692   3          fp_F_che31_xi
640   3683     559625.361    4202437.500       1950.816   3          fp_F_che31_xi
569   3683     558739.233    4202437.500       2272.997   3          fp_F_che31_xi
729   3723     560735.782    4202937.500       1642.157   4          fp_F_che31_xi
689   3723     560235.659    4202937.500       1933.003   4          fp_F_che31_xi
658   3723     559850.113    4202937.500       2095.976   4          fp_F_che31_xi
592   3723     559024.487    4202937.500       2328.241   4          fp_F_che31_xi
733   3763     560792.759    4203437.500       1832.140   5          fp_F_che31_xi
664   3763     559929.012    4203437.500       2310.172   5          fp_F_che31_xi
665   3653     559931.374    4202062.500       1686.747   6          fp_F_che31_xi
601   3653     559141.386    4202062.500       1993.008   6          fp_F_che31_xi
561   3653     558643.459    4202062.500       2153.150   6          fp_F_che31_xi
646   3623     559696.762    4201687.500       1625.155   7          fp_F_che31_xi
570   3623     558744.124    4201687.500       2032.394   7          fp_F_che31_xi
691   3680     560262.501    4202404.287       1674.658   8          fp_F_che31_xi
691   3696     560262.502    4202597.772       1752.427   8          fp_F_che31_xi
691   3718     560262.502    4202870.634       1883.770   8          fp_F_che31_xi
691   3738     560262.502    4203123.652       1989.190   8          fp_F_che31_xi
691   3766     560262.502    4203475.893       2146.456   8          fp_F_che31_xi
691   3807     560262.502    4203983.175       2372.313   8          fp_F_che31_xi
729   3753     560738.706    4203312.500       1800.705   9          fp_F_che31_xi
716   3753     560578.364    4203312.500       1905.396   9          fp_F_che31_xi
699   3753     560363.000    4203312.500       2034.736   9          fp_F_che31_xi
686   3753     560205.996    4203312.500       2122.102   9          fp_F_che31_xi
659   3753     559866.459    4203312.500       2274.303   9          fp_F_che31_xi
671   3663     560012.738    4202187.500       1693.567   10          fp_F_che31_xi
625   3663     559438.955    4202187.500       1928.907   10          fp_F_che31_xi
605   3663     559186.835    4202187.500       2022.124   10          fp_F_che31_xi
575   3663     558814.605    4202187.500       2149.476   10          fp_F_che31_xi
701   3695     560387.502    4202587.849       1688.484   11          fp_F_che31_xi
701   3717     560387.502    4202860.712       1819.827   11          fp_F_che31_xi
701   3740     560387.502    4203148.458       1942.529   11          fp_F_che31_xi
701   3765     560387.502    4203465.970       2073.872   11          fp_F_che31_xi
701   3786     560387.502    4203728.911       2193.118   11          fp_F_che31_xi
721   3706     560637.502    4202726.761       1588.248   12          fp_F_che31_xi
721   3726     560637.502    4202969.857       1712.679   12          fp_F_che31_xi
721   3745     560637.502    4203217.914       1828.468   12          fp_F_che31_xi
721   3764     560637.502    4203456.048       1926.975   12          fp_F_che31_xi
721   3784     560637.502    4203704.105       2056.590   12          fp_F_che31_xi
677   3673     560087.832    4202312.500       1726.228   13          fp_F_che31_xi
628   3673     559475.480    4202312.500       1963.177   13          fp_F_che31_xi
568   3673     558725.831    4202312.500       2223.084   13          fp_F_che31_xi
651   3623     559762.501    4201684.923       1626.269   14          fp_F_che31_xi
651   3636     559762.501    4201848.640       1691.940   14          fp_F_che31_xi
651   3652     559762.501    4202052.047       1750.699   14          fp_F_che31_xi
651   3666     559762.501    4202220.725       1807.730   14          fp_F_che31_xi
651   3687     559762.501    4202483.666       1914.878   14          fp_F_che31_xi
651   3707     559762.502    4202736.684       2023.754   14          fp_F_che31_xi
651   3717     559762.502    4202860.712       2075.600   14          fp_F_che31_xi
651   3733     559762.502    4203059.157       2160.282   14          fp_F_che31_xi
651   3748     559762.502    4203247.680       2265.702   14          fp_F_che31_xi
655   3633     559817.178    4201812.500       1649.431   15          fp_F_che31_xi
618   3633     559355.416    4201812.500       1832.412   15          fp_F_che31_xi
601   3633     559136.442    4201812.500       1907.453   15          fp_F_che31_xi
557   3633     558593.484    4201812.500       2091.437   15          fp_F_che31_xi
681   3678     560137.501    4202369.559       1707.494   16          fp_F_che31_xi
681   3701     560137.502    4202657.305       1828.468   16          fp_F_che31_xi
681   3718     560137.502    4202880.556       1949.442   16          fp_F_che31_xi
681   3739     560137.502    4203133.574       2065.231   16          fp_F_che31_xi
681   3762     560137.502    4203426.281       2189.661   16          fp_F_che31_xi
681   3784     560137.502    4203694.845       2341.221   16          fp_F_che31_xi
642   3613     559650.937    4201562.500       1599.324   17          fp_F_che31_xi
631   3613     559511.121    4201562.500       1653.837   17          fp_F_che31_xi
614   3613     559301.397    4201562.500       1741.058   17          fp_F_che31_xi
598   3613     559095.169    4201562.500       1819.053   17          fp_F_che31_xi
577   3613     558840.005    4201562.500       1918.015   17          fp_F_che31_xi
724   3713     560677.269    4202812.500       1594.995   18          fp_F_che31_xi
705   3713     560431.817    4202812.500       1775.025   18          fp_F_che31_xi
689   3713     560232.273    4202812.500       1885.849   18          fp_F_che31_xi
666   3713     559952.252    4202812.500       1991.412   18          fp_F_che31_xi
601   3713     559139.574    4202812.500       2263.456   18          fp_F_che31_xi
665   3643     559939.304    4201937.500       1650.542   19          fp_F_che31_xi
616   3643     559324.524    4201937.500       1886.805   19          fp_F_che31_xi
602   3643     559148.876    4201937.500       1945.453   19          fp_F_che31_xi
556   3643     558578.157    4201937.500       2125.075   19          fp_F_che31_xi
661   3634     559887.501    4201823.835       1617.628   20          fp_F_che31_xi
661   3652     559887.501    4202047.086       1695.397   20          fp_F_che31_xi
661   3668     559887.501    4202255.453       1769.709   20          fp_F_che31_xi
661   3682     559887.501    4202429.093       1840.565   20          fp_F_che31_xi
661   3698     559887.502    4202627.539       1913.150   20          fp_F_che31_xi
661   3713     559887.502    4202816.062       2013.385   20          fp_F_che31_xi
661   3726     559887.502    4202974.818       2099.795   20          fp_F_che31_xi
661   3742     559887.502    4203178.225       2177.564   20          fp_F_che31_xi
661   3762     559887.502    4203421.320       2307.179   20          fp_F_che31_xi
671   3657     560012.501    4202106.619       1666.017   21          fp_F_che31_xi
671   3675     560012.501    4202339.793       1757.612   21          fp_F_che31_xi
671   3694     560012.502    4202577.927       1845.750   21          fp_F_che31_xi
671   3718     560012.502    4202870.634       1978.821   21          fp_F_che31_xi
671   3733     560012.502    4203059.157       2077.328   21          fp_F_che31_xi
671   3745     560012.502    4203207.991       2143.000   21          fp_F_che31_xi
671   3766     560012.502    4203470.932       2277.799   21          fp_F_che31_xi
671   3773     560012.502    4203560.232       2319.276   21          fp_F_che31_xi
611   3591     559262.501    4201292.256       1613.586   22          fp_F_che31_xi
611   3620     559262.501    4201655.935       1796.578   22          fp_F_che31_xi
611   3634     559262.501    4201826.479       1867.463   22          fp_F_che31_xi
611   3649     559262.501    4202011.532       1931.710   22          fp_F_che31_xi
611   3666     559262.501    4202221.658       2006.314   22          fp_F_che31_xi
611   3689     559262.501    4202516.642       2110.479   22          fp_F_che31_xi
611   3735     559262.502    4203082.364       2317.400   22          fp_F_che31_xi
711   3704     560512.502    4202701.956       1667.746   23          fp_F_che31_xi
711   3728     560512.502    4202994.663       1793.904   23          fp_F_che31_xi
711   3753     560512.502    4203307.214       1944.257   23          fp_F_che31_xi
711   3777     560512.502    4203609.843       2068.687   23          fp_F_che31_xi
739   3743     560859.123    4203187.500       1701.883   24          fp_F_che31_xi
701   3743     560384.715    4203187.500       1957.230   24          fp_F_che31_xi
681   3743     560138.927    4203187.500       2082.935   24          fp_F_che31_xi
637   3743     559592.573    4203187.500       2299.222   24          fp_F_che31_xi
601   3588     559137.501    4201255.926       1616.870   25          fp_F_che31_xi
601   3610     559137.501    4201522.624       1782.644   25          fp_F_che31_xi
601   3623     559137.501    4201687.550       1859.499   25          fp_F_che31_xi
601   3634     559137.501    4201819.994       1911.894   25          fp_F_che31_xi
601   3674     559137.501    4202321.311       2086.737   25          fp_F_che31_xi
601   3702     559137.502    4202678.367       2209.207   25          fp_F_che31_xi
631   3607     559512.501    4201486.218       1615.525   26          fp_F_che31_xi
631   3617     559512.501    4201607.445       1671.831   26          fp_F_che31_xi
631   3624     559512.501    4201706.307       1717.849   26          fp_F_che31_xi
631   3633     559512.501    4201817.570       1767.549   26          fp_F_che31_xi
631   3646     559512.501    4201975.164       1825.262   26          fp_F_che31_xi
631   3653     559512.501    4202064.064       1853.415   26          fp_F_che31_xi
631   3673     559512.501    4202318.639       1953.356   26          fp_F_che31_xi
631   3686     559512.501    4202480.274       2013.884   26          fp_F_che31_xi
631   3704     559512.502    4202702.522       2096.934   26          fp_F_che31_xi
631   3739     559512.502    4203134.896       2265.850   26          fp_F_che31_xi
621   3595     559387.501    4201336.706       1598.102   27          fp_F_che31_xi
621   3617     559387.501    4201618.533       1727.676   27          fp_F_che31_xi
621   3636     559387.501    4201845.236       1823.611   27          fp_F_che31_xi
621   3656     559387.501    4202104.472       1909.188   27          fp_F_che31_xi
621   3673     559387.501    4202306.516       1990.830   27          fp_F_che31_xi
621   3689     559387.501    4202512.601       2064.027   27          fp_F_che31_xi
621   3704     559387.502    4202698.481       2141.446   27          fp_F_che31_xi
621   3716     559387.502    4202856.075       2203.382   27          fp_F_che31_xi
621   3736     559387.502    4203102.569       2285.025   27          fp_F_che31_xi
743   3733     560909.363    4203062.500       1610.789   28          fp_F_che31_xi
688   3733     560226.762    4203062.500       1983.677   28          fp_F_che31_xi
661   3733     559889.001    4203062.500       2115.462   28          fp_F_che31_xi
634   3733     559554.644    4203062.500       2226.539   28          fp_F_che31_xi
601   3733     559139.461    4203062.500       2347.454   28          fp_F_che31_xi
641   3615     559637.501    4201583.199       1618.341   29          fp_F_che31_xi
641   3622     559637.501    4201680.180       1649.309   29          fp_F_che31_xi
641   3635     559637.501    4201833.734       1726.728   29          fp_F_che31_xi
641   3644     559637.501    4201946.878       1767.549   29          fp_F_che31_xi
641   3654     559637.501    4202080.227       1805.555   29          fp_F_che31_xi
641   3665     559637.501    4202217.617       1860.453   29          fp_F_che31_xi
641   3686     559637.501    4202476.233       1964.617   29          fp_F_che31_xi
641   3703     559637.502    4202686.359       2040.629   29          fp_F_che31_xi
641   3717     559637.502    4202868.198       2123.679   29          fp_F_che31_xi
641   3733     559637.502    4203058.119       2196.876   29          fp_F_che31_xi
641   3740     559637.502    4203155.100       2229.251   29          fp_F_che31_xi
736   3553     560821.537    4200812.500       1673.593   1         fp_F_che32_bei
715   3553     560560.876    4200812.500       1833.935   1         fp_F_che32_bei
690   3553     560251.605    4200812.500       2033.931   1         fp_F_che32_bei
681   3553     560131.842    4200812.500       2110.366   1         fp_F_che32_bei
731   3549     560762.501    4200763.122       1676.892   2         fp_F_che32_bei
731   3578     560762.501    4201123.580       1947.394   2         fp_F_che32_bei
731   3593     560762.501    4201308.915       2055.349   2         fp_F_che32_bei
731   3606     560762.501    4201474.078       2159.337   2         fp_F_che32_bei
780   3593     561371.757    4201312.500       1746.978   3         fp_F_che32_bei
765   3593     561185.842    4201312.500       1843.627   3         fp_F_che32_bei
740   3593     560881.149    4201312.500       1998.512   3         fp_F_che32_bei
732   3593     560772.699    4201312.500       2053.876   3         fp_F_che32_bei
713   3593     560540.306    4201312.500       2194.287   3         fp_F_che32_bei
761   3580     561137.501    4201151.025       1771.050   4         fp_F_che32_bei
761   3603     561137.501    4201436.717       1939.736   4         fp_F_che32_bei
761   3614     561137.501    4201570.070       2030.656   4         fp_F_che32_bei
761   3634     561137.501    4201819.817       2183.195   4         fp_F_che32_bei
761   3648     561137.501    4201997.071       2311.789   4         fp_F_che32_bei
701   3517     560387.501    4200358.230       1645.044   5         fp_F_che32_bei
701   3553     560387.501    4200809.904       1946.436   5         fp_F_che32_bei
701   3575     560387.501    4201085.870       2134.668   5         fp_F_che32_bei
711   3530     560512.501    4200523.034       1677.018   6         fp_F_che32_bei
711   3553     560512.501    4200812.825       1865.949   6         fp_F_che32_bei
711   3565     560512.501    4200962.417       1978.238   6         fp_F_che32_bei
711   3569     560512.501    4201011.350       2019.706   6         fp_F_che32_bei
711   3584     560512.501    4201201.099       2159.317   6         fp_F_che32_bei
781   3595     561387.501    4201341.330       1760.951   7         fp_F_che32_bei
781   3622     561387.501    4201679.667       1960.784   7         fp_F_che32_bei
781   3661     561387.501    4202157.948       2273.394   7         fp_F_che32_bei
797   3613     561583.493    4201562.500       1789.107   8         fp_F_che32_bei
778   3613     561351.100    4201562.500       1914.254   8         fp_F_che32_bei
767   3613     561206.499    4201562.500       1994.795   8         fp_F_che32_bei
747   3613     560963.778    4201562.500       2123.659   8         fp_F_che32_bei
726   3613     560705.563    4201562.500       2266.154   8         fp_F_che32_bei
753   3563     561037.110    4200937.500       1676.636   9         fp_F_che32_bei
738   3563     560853.239    4200937.500       1761.827   9         fp_F_che32_bei
717   3563     560587.788    4200937.500       1903.508   9         fp_F_che32_bei
695   3563     560307.965    4200937.500       2096.506   9         fp_F_che32_bei
791   3609     561512.501    4201510.064       1768.880   10         fp_F_che32_bei
791   3615     561512.501    4201581.569       1834.548   10         fp_F_che32_bei
791   3625     561512.501    4201714.829       1925.125   10         fp_F_che32_bei
791   3633     561512.501    4201815.587       2007.777   10         fp_F_che32_bei
791   3639     561512.501    4201893.593       2058.726   10         fp_F_che32_bei
764   3573     561170.259    4201062.500       1708.583   11         fp_F_che32_bei
748   3573     560980.047    4201062.500       1796.816   11         fp_F_che32_bei
724   3573     560675.708    4201062.500       1950.464   11         fp_F_che32_bei
706   3573     560447.454    4201062.500       2082.815   11         fp_F_che32_bei
693   3573     560288.944    4201062.500       2181.697   11         fp_F_che32_bei
751   3562     561012.501    4200921.603       1681.645   12         fp_F_che32_bei
751   3573     561012.501    4201062.633       1781.884   12         fp_F_che32_bei
751   3584     561012.501    4201201.070       1861.306   12         fp_F_che32_bei
751   3601     561012.501    4201409.057       1992.403   12         fp_F_che32_bei
751   3615     561012.501    4201593.862       2097.308   12         fp_F_che32_bei
751   3635     561012.501    4201838.452       2241.850   12         fp_F_che32_bei
809   3623     561740.753    4201687.500       1793.116   13         fp_F_che32_bei
715   3623     560559.494    4201687.500       2381.153   13         fp_F_che32_bei
741   3560     560887.501    4200896.274       1713.466   14         fp_F_che32_bei
741   3577     560887.501    4201109.980       1876.446   14         fp_F_che32_bei
741   3607     560887.501    4201483.917       2113.132   14         fp_F_che32_bei
741   3617     560887.501    4201607.154       2199.417   14         fp_F_che32_bei
771   3587     561262.501    4201240.629       1758.126   15         fp_F_che32_bei
771   3608     561262.501    4201498.249       1915.277   15         fp_F_che32_bei
771   3654     561262.501    4202075.245       2281.868   15         fp_F_che32_bei
766   3583     561196.171    4201187.500       1758.067   16         fp_F_che32_bei
738   3583     560844.999    4201187.500       1943.929   16         fp_F_che32_bei
730   3583     560752.042    4201187.500       1992.254   16         fp_F_che32_bei
721   3583     560643.591    4201187.500       2067.506   16         fp_F_che32_bei
702   3583     560406.034    4201187.500       2215.289   16         fp_F_che32_bei
824   3633     561930.053    4201812.500       1815.822   17         fp_F_che32_bei
734   3633     560803.023    4201812.500       2320.484   17         fp_F_che32_bei
721   3544     560637.501    4200695.455       1694.399   18         fp_F_che32_bei
721   3553     560637.501    4200814.511       1785.863   18         fp_F_che32_bei
721   3563     560637.501    4200935.377       1879.278   18         fp_F_che32_bei
721   3567     560637.501    4200990.558       1926.801   18         fp_F_che32_bei
721   3580     560637.501    4201148.924       2039.674   18         fp_F_che32_bei
721   3591     560637.501    4201283.508       2123.608   18         fp_F_che32_bei
721   3609     560637.501    4201511.446       2236.944   18         fp_F_che32_bei
724   3543     560680.260    4200687.500       1676.816   19         fp_F_che32_bei
711   3543     560510.564    4200687.500       1789.433   19         fp_F_che32_bei
700   3543     560380.584    4200687.500       1869.998   19         fp_F_che32_bei
683   3543     560160.339    4200687.500       1998.210   19         fp_F_che32_bei
790   3603     561500.864    4201437.500       1769.282   20         fp_F_che32_bei
771   3603     561258.142    4201437.500       1877.082   20         fp_F_che32_bei
745   3603     560937.956    4201437.500       2041.880   20         fp_F_che32_bei
719   3603     560617.770    4201437.500       2211.634   20         fp_F_che32_bei
643   3513     559660.428    4200312.500       1550.101   1          fp_F_che32_xi
605   3513     559185.395    4200312.500       1767.932   1          fp_F_che32_xi
593   3513     559037.517    4200312.500       1838.558   1          fp_F_che32_xi
675   3563     560061.586    4200937.500       1572.946   2          fp_F_che32_xi
648   3563     559725.304    4200937.500       1722.418   2          fp_F_che32_xi
640   3563     559631.229    4200937.500       1762.402   2          fp_F_che32_xi
607   3563     559210.373    4200937.500       1987.341   2          fp_F_che32_xi
657   3543     559836.632    4200687.500       1569.006   3          fp_F_che32_xi
597   3543     559089.607    4200687.500       1993.336   3          fp_F_che32_xi
649   3533     559732.835    4200562.500       1586.835   4          fp_F_che32_xi
594   3533     559055.596    4200562.500       1954.065   4          fp_F_che32_xi
657   3553     559843.419    4200812.500       1605.579   5          fp_F_che32_xi
602   3553     559144.889    4200812.500       1992.392   5          fp_F_che32_xi
591   3485     559012.501    4199966.987       1542.156   6          fp_F_che32_xi
591   3498     559012.501    4200119.362       1657.535   6          fp_F_che32_xi
591   3510     559012.501    4200271.196       1767.565   6          fp_F_che32_xi
591   3524     559012.501    4200446.018       1883.711   6          fp_F_che32_xi
591   3542     559012.501    4200675.964       2017.160   6          fp_F_che32_xi
684   3613     560171.315    4201562.500       1688.496   7          fp_F_che32_xi
619   3613     559364.812    4201562.500       2057.785   7          fp_F_che32_xi
652   3523     559778.461    4200437.500       1535.704   8          fp_F_che32_xi
623   3523     559407.984    4200437.500       1725.115   8          fp_F_che32_xi
608   3523     559223.754    4200437.500       1807.628   8          fp_F_che32_xi
600   3523     559125.062    4200437.500       1843.548   8          fp_F_che32_xi
589   3523     558989.292    4200437.500       1887.559   8          fp_F_che32_xi
705   3643     560434.632    4201937.500       1714.203   9          fp_F_che32_xi
612   3643     559277.368    4201937.500       2160.452   9          fp_F_che32_xi
680   3603     560125.931    4201437.500       1688.326   10          fp_F_che32_xi
629   3603     559484.022    4201437.500       1988.563   10          fp_F_che32_xi
617   3603     559342.778    4201437.500       2052.260   10          fp_F_che32_xi
624   3503     559428.564    4200187.500       1571.451   11          fp_F_che32_xi
566   3503     558698.401    4200187.500       1833.931   11          fp_F_che32_xi
684   3583     560171.195    4201187.500       1606.734   12          fp_F_che32_xi
658   3583     559846.258    4201187.500       1763.692   12          fp_F_che32_xi
610   3583     559249.814    4201187.500       1998.480   12          fp_F_che32_xi
671   3573     560015.645    4201062.500       1639.568   13          fp_F_che32_xi
605   3573     559187.583    4201062.500       2004.795   13          fp_F_che32_xi
673   3593     560036.876    4201312.500       1699.428   14          fp_F_che32_xi
612   3593     559272.380    4201312.500       2024.206   14          fp_F_che32_xi
601   3492     559137.501    4200045.917       1552.273   15          fp_F_che32_xi
601   3505     559137.501    4200208.204       1689.257   15          fp_F_che32_xi
601   3513     559137.501    4200309.145       1767.354   15          fp_F_che32_xi
601   3527     559137.501    4200482.988       1873.162   15          fp_F_che32_xi
601   3548     559137.501    4200752.163       2002.903   15          fp_F_che32_xi
621   3502     559387.501    4200176.965       1573.210   16          fp_F_che32_xi
621   3508     559387.501    4200255.009       1630.309   16          fp_F_che32_xi
621   3516     559387.501    4200356.415       1702.211   16          fp_F_che32_xi
621   3532     559387.501    4200552.689       1780.458   16          fp_F_che32_xi
621   3549     559387.501    4200760.179       1843.901   16          fp_F_che32_xi
621   3570     559387.501    4201029.354       1910.164   16          fp_F_che32_xi
621   3595     559387.501    4201337.858       1996.698   16          fp_F_che32_xi
621   3642     559387.501    4201931.326       2120.808   16          fp_F_che32_xi
611   3495     559262.501    4200083.066       1566.147   17          fp_F_che32_xi
611   3506     559262.501    4200224.660       1676.981   17          fp_F_che32_xi
611   3521     559262.501    4200411.209       1784.011   17          fp_F_che32_xi
611   3533     559262.501    4200563.239       1845.361   17          fp_F_che32_xi
611   3552     559262.501    4200795.325       1925.635   17          fp_F_che32_xi
611   3579     559262.501    4201134.291       1991.172   17          fp_F_che32_xi
611   3596     559262.501    4201348.827       2022.013   17          fp_F_che32_xi
683   3623     560159.093    4201687.500       1727.426   18          fp_F_che32_xi
618   3623     559348.621    4201687.500       2088.527   18          fp_F_che32_xi
695   3633     560307.207    4201812.500       1709.547   19          fp_F_che32_xi
625   3633     559432.979    4201812.500       2080.376   19          fp_F_che32_xi
631   3498     559512.501    4200125.256       1544.950   20          fp_F_che32_xi
631   3521     559512.501    4200413.051       1657.515   20          fp_F_che32_xi
631   3546     559512.501    4200731.141       1761.285   20          fp_F_che32_xi
631   3572     559512.501    4201044.181       1861.538   20          fp_F_che32_xi
631   3597     559512.501    4201357.222       1942.443   20          fp_F_che32_xi
631   3622     559512.501    4201680.360       2011.037   20          fp_F_che32_xi
631   3648     559512.501    4202003.499       2081.390   20          fp_F_che32_xi
641   3511     559637.501    4200291.874       1548.468   21          fp_F_che32_xi
641   3536     559637.501    4200594.817       1643.444   21          fp_F_che32_xi
641   3563     559637.501    4200938.151       1763.044   21          fp_F_che32_xi
641   3583     559637.501    4201190.603       1836.914   21          fp_F_che32_xi
641   3604     559637.501    4201448.104       1914.302   21          fp_F_che32_xi
641   3624     559637.501    4201700.557       1975.475   21          fp_F_che32_xi
641   3636     559637.501    4201846.979       2011.037   21          fp_F_che32_xi
641   3670     559637.501    4202280.273       2109.917   21          fp_F_che32_xi
651   3522     559762.501    4200423.149       1534.397   22          fp_F_che32_xi
651   3554     559762.501    4200819.127       1657.149   22          fp_F_che32_xi
651   3564     559762.501    4200951.587       1711.027   22          fp_F_che32_xi
651   3583     559762.501    4201188.450       1791.775   22          fp_F_che32_xi
651   3602     559762.501    4201427.908       1854.502   22          fp_F_che32_xi
651   3619     559762.501    4201637.566       1893.196   22          fp_F_che32_xi
651   3638     559762.501    4201873.856       1957.973   22          fp_F_che32_xi
651   3648     559762.501    4202003.499       2005.761   22          fp_F_che32_xi
651   3670     559762.501    4202281.196       2116.566   22          fp_F_che32_xi
661   3560     559887.501    4200903.520       1651.244   23          fp_F_che32_xi
661   3576     559887.501    4201094.894       1702.433   23          fp_F_che32_xi
661   3592     559887.501    4201303.665       1763.146   23          fp_F_che32_xi
661   3612     559887.501    4201549.407       1821.477   23          fp_F_che32_xi
661   3625     559887.501    4201710.024       1856.803   23          fp_F_che32_xi
661   3644     559887.501    4201948.130       1926.265   23          fp_F_che32_xi
661   3664     559887.501    4202198.711       2048.851   23          fp_F_che32_xi
661   3681     559887.501    4202407.171       2137.208   23          fp_F_che32_xi
681   3608     560137.501    4201495.511       1665.682   24          fp_F_che32_xi
681   3623     560137.501    4201690.766       1741.796   24          fp_F_che32_xi
681   3639     560137.501    4201890.670       1814.671   24          fp_F_che32_xi
681   3664     560137.501    4202202.149       1945.846   24          fp_F_che32_xi
671   3561     560012.501    4200909.746       1587.949   25          fp_F_che32_xi
671   3576     560012.501    4201100.352       1654.346   25          fp_F_che32_xi
671   3583     560012.501    4201184.384       1680.954   25          fp_F_che32_xi
671   3595     560012.501    4201340.107       1713.878   25          fp_F_che32_xi
671   3610     560012.501    4201528.054       1754.752   25          fp_F_che32_xi
671   3623     560012.501    4201690.766       1791.999   25          fp_F_che32_xi
671   3637     560012.501    4201862.777       1850.299   25          fp_F_che32_xi
671   3652     560012.501    4202048.734       1913.457   25          fp_F_che32_xi
521   3505     558137.501    4200212.642       1431.954   1       fp_F_che32_xi_01
521   3493     558137.501    4200062.344       1537.673   1       fp_F_che32_xi_01
521   3482     558137.501    4199926.498       1621.241   1       fp_F_che32_xi_01
521   3470     558137.501    4199776.200       1705.815   1       fp_F_che32_xi_01
514   3493     558050.336    4200062.500       1461.273   2       fp_F_che32_xi_01
527   3493     558216.136    4200062.500       1616.269   2       fp_F_che32_xi_01
534   3493     558294.876    4200062.500       1673.072   2       fp_F_che32_xi_01
547   3493     558465.040    4200062.500       1791.196   2       fp_F_che32_xi_01
494   3443     557801.657    4199437.500       1390.900   3       fp_F_che32_xi_01
506   3443     557952.318    4199437.500       1698.718   3       fp_F_che32_xi_01
498   3453     557844.390    4199562.500       1394.576   4       fp_F_che32_xi_01
503   3453     557916.138    4199562.500       1533.983   4       fp_F_che32_xi_01
510   3453     558001.723    4199562.500       1697.906   4       fp_F_che32_xi_01
504   3473     557922.918    4199812.500       1417.396   5       fp_F_che32_xi_01
508   3473     557969.956    4199812.500       1496.794   5       fp_F_che32_xi_01
523   3473     558166.528    4199812.500       1712.031   5       fp_F_che32_xi_01
541   3525     558387.501    4200458.321       1475.248   6       fp_F_che32_xi_01
541   3521     558387.501    4200412.076       1505.454   6       fp_F_che32_xi_01
541   3511     558387.501    4200290.681       1581.974   6       fp_F_che32_xi_01
541   3501     558387.501    4200166.396       1660.507   6       fp_F_che32_xi_01
541   3486     558387.501    4199978.524       1796.431   6       fp_F_che32_xi_01
519   3503     558116.318    4200187.500       1427.334   7       fp_F_che32_xi_01
531   3503     558257.643    4200187.500       1550.594   7       fp_F_che32_xi_01
540   3503     558375.793    4200187.500       1648.847   7       fp_F_che32_xi_01
554   3503     558546.839    4200187.500       1777.419   7       fp_F_che32_xi_01
531   3514     558262.501    4200325.365       1442.022   8       fp_F_che32_xi_01
531   3504     558262.501    4200198.190       1548.748   8       fp_F_che32_xi_01
531   3492     558262.501    4200047.892       1662.521   8       fp_F_che32_xi_01
531   3483     558262.501    4199940.949       1734.007   8       fp_F_che32_xi_01
531   3479     558262.501    4199891.813       1764.212   8       fp_F_che32_xi_01
511   3478     558012.501    4199875.847       1492.738   9       fp_F_che32_xi_01
511   3472     558012.501    4199796.045       1555.849   9       fp_F_che32_xi_01
511   3463     558012.501    4199688.204       1631.732   9       fp_F_che32_xi_01
511   3452     558012.501    4199552.324       1700.854   9       fp_F_che32_xi_01
512   3483     558024.823    4199937.500       1474.579   10       fp_F_che32_xi_01
520   3483     558127.212    4199937.500       1602.948   10       fp_F_che32_xi_01
525   3483     558183.650    4199937.500       1655.178   10       fp_F_che32_xi_01
535   3483     558309.946    4199937.500       1772.753   10       fp_F_che32_xi_01
535   3523     558317.212    4200437.500       1414.531   11       fp_F_che32_xi_01
570   3523     558752.707    4200437.500       1861.195   11       fp_F_che32_xi_01
530   3513     558252.422    4200312.500       1447.169   12       fp_F_che32_xi_01
560   3513     558622.893    4200312.500       1785.941   12       fp_F_che32_xi_01
501   3459     557887.501    4199632.127       1435.664   13       fp_F_che32_xi_01
501   3453     557887.501    4199560.952       1480.743   13       fp_F_che32_xi_01
501   3443     557887.501    4199433.699       1569.399   13       fp_F_che32_xi_01
501   3438     557887.501    4199377.622       1606.965   13       fp_F_che32_xi_01
502   3463     557905.661    4199687.500       1430.149   14       fp_F_che32_xi_01
503   3463     557915.556    4199687.500       1476.118   14       fp_F_che32_xi_01
506   3463     557949.556    4199687.500       1544.605   14       fp_F_che32_xi_01
511   3463     558013.035    4199687.500       1632.903   14       fp_F_che32_xi_01
518   3463     558100.960    4199687.500       1719.291   14       fp_F_che32_xi_01
551   3529     558512.501    4200516.128       1570.898   15       fp_F_che32_xi_01
551   3521     558512.501    4200414.966       1627.282   15       fp_F_che32_xi_01
551   3509     558512.501    4200267.558       1707.829   15       fp_F_che32_xi_01
551   3499     558512.501    4200134.603       1777.301   15       fp_F_che32_xi_01
491   3571     557762.501    4201041.986       1513.677   1       fp_F_che32_xi_02
491   3581     557762.501    4201158.319       1617.084   1       fp_F_che32_xi_02
491   3593     557762.501    4201316.600       1760.126   1       fp_F_che32_xi_02
491   3604     557762.501    4201448.969       1886.131   1       fp_F_che32_xi_02
491   3613     557762.501    4201564.487       1964.774   1       fp_F_che32_xi_02
491   3623     557762.501    4201693.357       2030.807   1       fp_F_che32_xi_02
491   3629     557762.501    4201760.042       2055.864   1       fp_F_che32_xi_02
491   3640     557762.501    4201900.444       2103.375   1       fp_F_che32_xi_02
571   3653     558767.512    4202062.500       1662.517   2       fp_F_che32_xi_02
554   3653     558548.806    4202062.500       1785.295   2       fp_F_che32_xi_02
540   3653     558376.709    4202062.500       1876.505   2       fp_F_che32_xi_02
523   3653     558167.474    4202062.500       1971.476   2       fp_F_che32_xi_02
499   3653     557860.120    4202062.500       2112.968   2       fp_F_che32_xi_02
481   3569     557637.501    4201014.914       1538.846   3       fp_F_che32_xi_02
481   3573     557637.501    4201068.476       1594.819   3       fp_F_che32_xi_02
481   3584     557637.501    4201201.103       1704.990   3       fp_F_che32_xi_02
481   3595     557637.501    4201341.383       1814.272   3       fp_F_che32_xi_02
481   3606     557637.501    4201476.561       1939.546   3       fp_F_che32_xi_02
481   3611     557637.501    4201540.325       1991.078   3       fp_F_che32_xi_02
561   3632     558637.501    4201795.154       1609.086   4       fp_F_che32_xi_02
561   3649     558637.501    4202013.207       1722.453   4       fp_F_che32_xi_02
561   3674     558637.501    4202327.421       1880.234   4       fp_F_che32_xi_02
534   3593     558304.920    4201312.500       1568.336   5       fp_F_che32_xi_02
496   3593     557829.646    4201312.500       1738.379   5       fp_F_che32_xi_02
455   3593     557312.987    4201312.500       1896.441   5       fp_F_che32_xi_02
491   3573     557763.007    4201062.500       1534.625   6       fp_F_che32_xi_02
407   3573     556710.072    4201062.500       1899.718   6       fp_F_che32_xi_02
567   3633     558717.736    4201812.500       1586.808   7       fp_F_che32_xi_02
484   3633     557675.304    4201812.500       2113.342   7       fp_F_che32_xi_02
551   3620     558512.501    4201645.574       1596.898   8       fp_F_che32_xi_02
551   3636     558512.501    4201846.320       1700.587   8       fp_F_che32_xi_02
551   3653     558512.501    4202067.834       1803.070   8       fp_F_che32_xi_02
551   3672     558512.501    4202296.270       1912.787   8       fp_F_che32_xi_02
588   3663     558974.275    4202187.500       1654.704   9       fp_F_che32_xi_02
544   3663     558421.572    4202187.500       1911.469   9       fp_F_che32_xi_02
504   3663     557927.227    4202187.500       2120.785   9       fp_F_che32_xi_02
578   3643     558850.282    4201937.500       1578.676   10       fp_F_che32_xi_02
526   3643     558203.251    4201937.500       1911.014   10       fp_F_che32_xi_02
498   3643     557845.535    4201937.500       2091.035   10       fp_F_che32_xi_02
521   3593     558137.501    4201316.563       1636.962   11       fp_F_che32_xi_02
521   3589     558137.501    4201265.699       1595.554   11       fp_F_che32_xi_02
521   3602     558137.501    4201419.605       1703.182   11       fp_F_che32_xi_02
521   3621     558137.501    4201664.775       1824.339   11       fp_F_che32_xi_02
521   3635     558137.501    4201836.389       1894.396   11       fp_F_che32_xi_02
521   3646     558137.501    4201969.348       1953.243   11       fp_F_che32_xi_02
521   3653     558137.501    4202058.819       1985.375   11       fp_F_che32_xi_02
521   3666     558137.501    4202228.790       2035.972   11       fp_F_che32_xi_02
521   3695     558137.502    4202588.146       2127.644   11       fp_F_che32_xi_02
511   3588     558012.501    4201246.144       1594.336   12       fp_F_che32_xi_02
511   3593     558012.501    4201317.382       1674.805   12       fp_F_che32_xi_02
511   3606     558012.501    4201479.840       1785.301   12       fp_F_che32_xi_02
511   3623     558012.501    4201687.327       1892.576   12       fp_F_che32_xi_02
511   3633     558012.501    4201809.635       1945.072   12       fp_F_che32_xi_02
511   3652     558012.501    4202047.700       2042.118   12       fp_F_che32_xi_02
511   3656     558012.501    4202097.933       2059.617   12       fp_F_che32_xi_02
511   3662     558012.501    4202180.928       2083.203   12       fp_F_che32_xi_02
511   3675     558012.501    4202338.182       2131.134   12       fp_F_che32_xi_02
531   3587     558262.501    4201238.454       1518.003   13       fp_F_che32_xi_02
531   3595     558262.501    4201335.216       1591.279   13       fp_F_che32_xi_02
531   3613     558262.501    4201558.189       1692.399   13       fp_F_che32_xi_02
531   3629     558262.501    4201764.335       1792.054   13       fp_F_che32_xi_02
531   3645     558262.501    4201962.591       1884.617   13       fp_F_che32_xi_02
531   3663     558262.501    4202185.040       1978.174   13       fp_F_che32_xi_02
531   3683     558262.501    4202437.463       2091.019   13       fp_F_che32_xi_02
531   3695     558262.502    4202584.710       2145.243   13       fp_F_che32_xi_02
518   3583     558102.175    4201187.500       1492.221   14       fp_F_che32_xi_02
489   3583     557742.473    4201187.500       1641.005   14       fp_F_che32_xi_02
473   3583     557539.133    4201187.500       1719.119   14       fp_F_che32_xi_02
436   3583     557077.266    4201187.500       1902.963   14       fp_F_che32_xi_02
541   3613     558381.914    4201562.500       1620.539   15       fp_F_che32_xi_02
524   3613     558177.270    4201562.500       1751.893   15       fp_F_che32_xi_02
505   3613     557936.133    4201562.500       1876.035   15       fp_F_che32_xi_02
486   3613     557695.080    4201562.500       2002.351   15       fp_F_che32_xi_02
550   3603     558500.120    4201437.500       1543.188   16       fp_F_che32_xi_02
511   3603     558014.873    4201437.500       1757.187   16       fp_F_che32_xi_02
492   3603     557775.984    4201437.500       1849.535   16       fp_F_che32_xi_02
466   3603     557456.206    4201437.500       1968.511   16       fp_F_che32_xi_02
501   3575     557887.501    4201087.000       1503.348   17       fp_F_che32_xi_02
501   3583     557887.501    4201192.176       1601.537   17       fp_F_che32_xi_02
501   3593     557887.501    4201309.973       1714.382   17       fp_F_che32_xi_02
501   3602     557887.501    4201429.854       1807.586   17       fp_F_che32_xi_02
501   3612     557887.501    4201554.333       1898.857   17       fp_F_che32_xi_02
501   3623     557887.501    4201689.041       1960.164   17       fp_F_che32_xi_02
501   3631     557887.501    4201785.370       2000.157   17       fp_F_che32_xi_02
501   3658     557887.501    4202130.349       2132.053   17       fp_F_che32_xi_02
541   3599     558387.501    4201385.700       1557.572   18       fp_F_che32_xi_02
541   3624     558387.501    4201697.022       1702.658   18       fp_F_che32_xi_02
541   3653     558387.501    4202067.243       1875.588   18       fp_F_che32_xi_02
541   3699     558387.502    4202641.371       2158.266   18       fp_F_che32_xi_02
560   3623     558629.851    4201687.500       1568.760   19       fp_F_che32_xi_02
488   3623     557724.013    4201687.500       2047.221   19       fp_F_che32_xi_02
561   3595     558637.501    4201336.158       1595.446   1       fp_F_che32_xi_03
561   3589     558637.501    4201265.919       1655.595   1       fp_F_che32_xi_03
561   3582     558637.501    4201175.194       1731.037   1       fp_F_che32_xi_03
561   3576     558637.501    4201104.955       1787.108   1       fp_F_che32_xi_03
561   3572     558637.501    4201046.422       1829.926   1       fp_F_che32_xi_03
561   3566     558637.501    4200970.330       1882.939   1       fp_F_che32_xi_03
543   3583     558414.723    4201187.500       1509.021   2       fp_F_che32_xi_03
580   3583     558875.832    4201187.500       1975.671   2       fp_F_che32_xi_03
537   3573     558342.736    4201062.500       1490.984   3       fp_F_che32_xi_03
550   3573     558499.894    4201062.500       1712.369   3       fp_F_che32_xi_03
576   3573     558828.869    4201062.500       2022.090   3       fp_F_che32_xi_03
539   3563     558367.308    4200937.500       1499.977   4       fp_F_che32_xi_03
545   3563     558431.509    4200937.500       1681.909   4       fp_F_che32_xi_03
550   3563     558501.094    4200937.500       1808.349   4       fp_F_che32_xi_03
557   3563     558582.496    4200937.500       1952.107   4       fp_F_che32_xi_03
551   3584     558512.501    4201198.607       1596.465   5       fp_F_che32_xi_03
551   3573     558512.501    4201061.185       1726.170   5       fp_F_che32_xi_03
551   3558     558512.501    4200870.825       1892.115   5       fp_F_che32_xi_03
557   3593     558589.883    4201312.500       1574.254   6       fp_F_che32_xi_03
585   3593     558936.320    4201312.500       1959.232   6       fp_F_che32_xi_03
681   3537     560137.501    4200608.535       1679.203   1       fp_F_che32_xibei
681   3549     560137.501    4200767.778       1778.536   1       fp_F_che32_xibei
681   3583     560137.501    4201193.659       2030.093   1       fp_F_che32_xibei
707   3563     560464.550    4200937.500       1682.203   2       fp_F_che32_xibei
680   3563     560120.743    4200937.500       1885.837   2       fp_F_che32_xibei
667   3563     559957.173    4200937.500       2008.313   2       fp_F_che32_xibei
695   3553     560311.409    4200812.500       1688.461   3       fp_F_che32_xibei
677   3553     560092.704    4200812.500       1835.526   3       fp_F_che32_xibei
652   3553     559773.058    4200812.500       2057.412   3       fp_F_che32_xibei
664   3503     559926.424    4200187.500       1548.309   4       fp_F_che32_xibei
649   3503     559733.803    4200187.500       1718.965   4       fp_F_che32_xibei
637   3503     559587.067    4200187.500       1841.817   4       fp_F_che32_xibei
671   3521     560012.501    4200415.572       1614.147   5       fp_F_che32_xibei
671   3534     560012.501    4200577.261       1746.508   5       fp_F_che32_xibei
671   3542     560012.501    4200674.275       1819.729   5       fp_F_che32_xibei
671   3569     560012.501    4201016.798       2032.116   5       fp_F_che32_xibei
697   3543     560332.617    4200687.500       1622.943   6       fp_F_che32_xibei
651   3543     559757.276    4200687.500       1968.997   6       fp_F_che32_xibei
663   3513     559913.253    4200312.500       1581.388   7       fp_F_che32_xibei
639   3513     559616.039    4200312.500       1854.876   7       fp_F_che32_xibei
661   3511     559887.501    4200286.557       1591.617   8       fp_F_che32_xibei
661   3526     559887.501    4200472.500       1729.611   8       fp_F_che32_xibei
661   3554     559887.501    4200828.216       2007.006   8       fp_F_che32_xibei
681   3533     560137.566    4200562.500       1654.920   9       fp_F_che32_xibei
643   3533     559660.901    4200562.500       1936.149   9       fp_F_che32_xibei
678   3523     560096.176    4200437.500       1588.905   10       fp_F_che32_xibei
637   3523     559591.766    4200437.500       1874.447   10       fp_F_che32_xibei
2281   3324     580137.501    4197951.956       2193.684   1             fp_F_che40
2281   3355     580137.501    4198335.703       2642.253   1             fp_F_che40
2101   3265     577887.501    4197212.650       2225.443   2             fp_F_che40
2101   3295     577887.501    4197586.940       2632.928   2             fp_F_che40
2253   3323     579783.238    4197937.500       2352.739   3             fp_F_che40
2236   3323     579577.646    4197937.500       2435.610   3             fp_F_che40
2216   3323     579330.936    4197937.500       2540.186   3             fp_F_che40
2199   3323     579117.120    4197937.500       2638.842   3             fp_F_che40
2186   3323     578944.423    4197937.500       2719.740   3             fp_F_che40
2121   3274     578137.501    4197331.285       2259.703   4             fp_F_che40
2121   3284     578137.501    4197447.886       2410.614   4             fp_F_che40
2121   3302     578137.501    4197675.450       2681.132   4             fp_F_che40
2310   3343     580498.697    4198187.500       2250.136   5             fp_F_che40
2299   3343     580367.118    4198187.500       2313.276   5             fp_F_che40
2280   3343     580128.632    4198187.500       2467.180   5             fp_F_che40
2261   3343     579890.145    4198187.500       2579.648   5             fp_F_che40
2241   3343     579643.435    4198187.500       2648.708   5             fp_F_che40
2230   3343     579503.633    4198187.500       2684.224   5             fp_F_che40
2363   3383     581160.695    4198687.500       2231.051   6             fp_F_che40
2342   3383     580897.901    4198687.500       2398.120   6             fp_F_che40
2331   3383     580761.854    4198687.500       2498.750   6             fp_F_che40
2320   3383     580630.275    4198687.500       2563.863   6             fp_F_che40
2311   3383     580515.144    4198687.500       2627.003   6             fp_F_che40
2201   3292     579137.501    4197553.160       2253.615   7             fp_F_che40
2201   3304     579137.501    4197706.123       2428.085   7             fp_F_che40
2201   3331     579137.501    4198042.250       2729.425   7             fp_F_che40
2341   3369     580887.501    4198516.290       2186.420   8             fp_F_che40
2341   3397     580887.501    4198862.415       2613.196   8             fp_F_che40
2301   3335     580387.501    4198085.764       2194.209   9             fp_F_che40
2301   3368     580387.501    4198501.241       2653.150   9             fp_F_che40
2321   3352     580637.501    4198305.605       2235.454   10             fp_F_che40
2321   3390     580637.501    4198772.121       2631.357   10             fp_F_che40
2245   3303     579692.777    4197687.500       2165.291   11             fp_F_che40
2224   3303     579421.396    4197687.500       2315.249   11             fp_F_che40
2200   3303     579125.344    4197687.500       2407.986   11             fp_F_che40
2177   3303     578837.516    4197687.500       2540.186   11             fp_F_che40
2153   3303     578533.240    4197687.500       2642.788   11             fp_F_che40
2146   3303     578451.003    4197687.500       2666.466   11             fp_F_che40
2081   3268     577637.501    4197255.912       2308.120   12             fp_F_che40
2081   3285     577637.501    4197467.153       2587.448   12             fp_F_che40
2156   3283     578574.358    4197437.500       2240.270   13             fp_F_che40
2136   3283     578327.648    4197437.500       2334.980   13             fp_F_che40
2115   3283     578064.491    4197437.500       2411.932   13             fp_F_che40
2096   3283     577826.004    4197437.500       2492.831   13             fp_F_che40
2075   3283     577562.847    4197437.500       2577.675   13             fp_F_che40
2181   3288     578887.501    4197503.822       2333.675   14             fp_F_che40
2181   3320     578887.501    4197903.372       2728.694   14             fp_F_che40
2141   3279     578387.501    4197388.761       2249.479   15             fp_F_che40
2141   3291     578387.501    4197537.951       2450.417   15             fp_F_che40
2141   3303     578387.501    4197687.403       2658.473   15             fp_F_che40
2221   3291     579387.501    4197538.112       2190.052   16             fp_F_che40
2221   3302     579387.501    4197681.076       2333.522   16             fp_F_che40
2221   3317     579387.501    4197861.663       2475.175   16             fp_F_che40
2221   3340     579387.501    4198147.592       2698.552   16             fp_F_che40
2371   3403     581259.326    4198937.500       2371.420   17             fp_F_che40
2365   3403     581189.606    4198937.500       2468.442   17             fp_F_che40
2361   3403     581133.831    4198937.500       2523.645   17             fp_F_che40
2356   3403     581071.083    4198937.500       2595.575   17             fp_F_che40
2332   3363     580778.302    4198437.500       2258.028   18             fp_F_che40
2322   3363     580654.946    4198437.500       2340.900   18             fp_F_che40
2313   3363     580539.815    4198437.500       2471.126   18             fp_F_che40
2300   3363     580375.342    4198437.500       2599.379   18             fp_F_che40
2290   3363     580251.987    4198437.500       2662.520   18             fp_F_che40
2261   3313     579887.501    4197808.708       2192.218   19             fp_F_che40
2261   3347     579887.501    4198237.885       2636.805   19             fp_F_che40
2361   3382     581137.501    4198675.721       2228.233   20             fp_F_che40
2361   3395     581137.501    4198834.034       2407.108   20             fp_F_che40
2361   3409     581137.501    4199012.686       2594.897   20             fp_F_che40
2241   3301     579637.501    4197658.503       2151.915   21             fp_F_che40
2241   3323     579637.501    4197941.555       2419.276   21             fp_F_che40
2241   3345     579637.501    4198217.110       2671.311   21             fp_F_che40
2161   3286     578637.501    4197478.522       2427.329   22             fp_F_che40
2161   3311     578637.501    4197783.076       2678.808   22             fp_F_che40
2221   3330     579387.501    4198024.302       2208.066   1            fp_F_che401
2221   3387     579387.501    4198736.043       2791.268   1            fp_F_che401
2341   3443     580887.501    4199432.040       2218.141   2            fp_F_che401
2341   3478     580887.501    4199880.346       2769.701   2            fp_F_che401
2121   3291     578137.501    4197542.784       2205.289   3            fp_F_che401
2121   3322     578137.501    4197926.280       2509.107   3            fp_F_che401
2121   3351     578137.501    4198284.639       2773.873   3            fp_F_che401
2321   3403     580634.571    4198937.500       2284.426   4            fp_F_che401
2299   3403     580368.079    4198937.500       2457.672   4            fp_F_che401
2280   3403     580129.154    4198937.500       2630.917   4            fp_F_che401
2268   3403     579972.935    4198937.500       2750.024   4            fp_F_che401
2323   3423     580662.140    4199187.500       2268.185   5            fp_F_che401
2318   3423     580597.814    4199187.500       2326.384   5            fp_F_che401
2301   3423     580386.458    4199187.500       2628.211   5            fp_F_che401
2294   3423     580303.753    4199187.500       2733.782   5            fp_F_che401
2161   3307     578637.501    4197743.458       2207.569   6            fp_F_che401
2161   3366     578637.501    4198469.474       2775.370   6            fp_F_che401
2270   3363     580000.503    4198437.500       2289.840   7            fp_F_che401
2259   3363     579862.662    4198437.500       2349.393   7            fp_F_che401
2239   3363     579609.953    4198437.500       2463.086   7            fp_F_che401
2220   3363     579371.029    4198437.500       2548.355   7            fp_F_che401
2201   3363     579136.699    4198437.500       2621.443   7            fp_F_che401
2180   3363     578879.396    4198437.500       2694.531   7            fp_F_che401
2156   3363     578580.741    4198437.500       2760.852   7            fp_F_che401
2383   3483     581415.670    4199937.500       2226.227   8            fp_F_che401
2376   3483     581319.182    4199937.500       2323.677   8            fp_F_che401
2361   3483     581135.394    4199937.500       2552.416   8            fp_F_che401
2342   3483     580901.064    4199937.500       2758.145   8            fp_F_che401
2290   3383     580244.022    4198687.500       2299.315   9            fp_F_che401
2281   3383     580138.344    4198687.500       2373.756   9            fp_F_che401
2259   3383     579867.257    4198687.500       2570.011   9            fp_F_che401
2241   3383     579642.116    4198687.500       2674.229   9            fp_F_che401
2220   3383     579371.029    4198687.500       2758.145   9            fp_F_che401
2211   3383     579265.351    4198687.500       2787.921   9            fp_F_che401
2361   3451     581137.501    4199532.064       2209.614   10            fp_F_che401
2361   3507     581137.501    4200242.414       2802.664   10            fp_F_che401
2141   3299     578387.501    4197631.754       2191.823   11            fp_F_che401
2141   3356     578387.501    4198344.555       2760.570   11            fp_F_che401
2241   3339     579637.501    4198138.578       2181.605   12            fp_F_che401
2241   3392     579637.501    4198805.581       2776.116   12            fp_F_che401
2261   3349     579887.501    4198264.522       2175.677   13            fp_F_che401
2261   3362     579887.501    4198426.089       2331.972   13            fp_F_che401
2261   3400     579887.501    4198898.670       2747.861   13            fp_F_che401
2061   3275     577387.501    4197336.921       2207.668   14            fp_F_che401
2061   3323     577387.501    4197933.448       2733.047   14            fp_F_che401
2381   3479     581387.501    4199882.323       2228.614   15            fp_F_che401
2381   3526     581387.501    4200477.102       2759.158   15            fp_F_che401
2301   3383     580387.501    4198690.859       2233.120   16            fp_F_che401
2301   3396     580387.501    4198855.206       2383.226   16            fp_F_che401
2301   3406     580387.501    4198976.167       2480.893   16            fp_F_che401
2301   3413     580387.501    4199059.108       2537.013   16            fp_F_che401
2301   3441     580387.501    4199414.953       2758.207   16            fp_F_che401
2041   3268     577137.501    4197249.625       2207.668   17            fp_F_che401
2041   3301     577137.501    4197657.248       2560.584   17            fp_F_che401
2181   3312     578887.501    4197805.144       2192.769   18            fp_F_che401
2181   3372     578887.501    4198548.505       2779.509   18            fp_F_che401
2085   3283     577689.369    4197437.500       2199.157   19            fp_F_che401
2077   3283     577588.286    4197437.500       2232.994   19            fp_F_che401
2054   3283     577294.225    4197437.500       2326.384   19            fp_F_che401
2031   3283     577013.948    4197437.500       2403.533   19            fp_F_che401
2201   3326     579137.501    4197978.987       2230.443   20            fp_F_che401
2201   3376     579137.501    4198595.847       2757.879   20            fp_F_che401
2243   3343     579665.090    4198187.500       2208.631   21            fp_F_che401
2238   3343     579596.169    4198187.500       2239.761   21            fp_F_che401
2220   3343     579371.029    4198187.500       2338.566   21            fp_F_che401
2201   3343     579141.294    4198187.500       2406.240   21            fp_F_che401
2176   3343     578828.855    4198187.500       2507.751   21            fp_F_che401
2158   3343     578594.525    4198187.500       2570.011   21            fp_F_che401
2134   3343     578305.059    4198187.500       2659.341   21            fp_F_che401
2117   3343     578093.703    4198187.500       2717.540   21            fp_F_che401
2081   3281     577637.501    4197409.668       2191.959   22            fp_F_che401
2081   3326     577637.501    4197977.096       2720.829   22            fp_F_che401
2367   3463     581208.909    4199687.500       2279.012   23            fp_F_che401
2355   3463     581066.473    4199687.500       2398.119   23            fp_F_che401
2340   3463     580868.901    4199687.500       2545.648   23            fp_F_che401
2317   3463     580584.030    4199687.500       2762.205   23            fp_F_che401
2281   3369     580137.501    4198509.588       2178.040   24            fp_F_che401
2281   3381     580137.501    4198660.094       2343.785   24            fp_F_che401
2281   3394     580137.501    4198823.947       2531.889   24            fp_F_che401
2281   3411     580137.501    4199043.414       2720.713   24            fp_F_che401
2342   3443     580896.469    4199437.500       2212.692   25            fp_F_che401
2335   3443     580813.765    4199437.500       2304.729   25            fp_F_che401
2320   3443     580625.382    4199437.500       2515.872   25            fp_F_che401
2302   3443     580404.836    4199437.500       2773.033   25            fp_F_che401
2101   3287     577887.501    4197489.763       2231.528   26            fp_F_che401
2101   3338     577887.501    4198119.807       2724.902   26            fp_F_che401
2184   3323     578925.343    4197937.500       2283.073   27            fp_F_che401
2177   3323     578833.449    4197937.500       2315.556   27            fp_F_che401
2161   3323     578635.877    4197937.500       2362.928   27            fp_F_che401
2137   3323     578332.627    4197937.500       2453.611   27            fp_F_che401
2120   3323     578130.460    4197937.500       2506.397   27            fp_F_che401
2102   3323     577900.725    4197937.500       2576.778   27            fp_F_che401
2074   3323     577556.123    4197937.500       2697.238   27            fp_F_che401
2142   3303     578406.142    4197687.500       2226.227   28            fp_F_che401
2118   3303     578102.892    4197687.500       2322.324   28            fp_F_che401
2097   3303     577836.399    4197687.500       2399.472   28            fp_F_che401
2076   3303     577569.907    4197687.500       2465.793   28            fp_F_che401
2054   3303     577298.820    4197687.500       2538.881   28            fp_F_che401
2321   3412     580637.501    4199054.920       2177.962   29            fp_F_che401
2321   3464     580637.501    4199706.333       2736.085   29            fp_F_che401
1661   3516     572387.501    4200354.988       2424.733   1       fp_F_che57_che49
1661   3490     572387.501    4200027.136       2580.895   1       fp_F_che57_che49
1661   3477     572387.501    4199857.758       2646.993   1       fp_F_che57_che49
1661   3440     572387.501    4199402.944       2801.521   1       fp_F_che57_che49
1681   3514     572637.501    4200328.357       2414.684   2       fp_F_che57_che49
1681   3491     572637.501    4200035.417       2579.163   2       fp_F_che57_che49
1681   3483     572637.501    4199941.781       2623.678   2       fp_F_che57_che49
1681   3473     572637.501    4199818.858       2666.439   2       fp_F_che57_che49
1681   3461     572637.501    4199664.496       2709.164   2       fp_F_che57_che49
1681   3440     572637.501    4199402.649       2782.573   2       fp_F_che57_che49
1461   3576     569887.501    4201094.246       2423.113   3       fp_F_che57_che49
1461   3564     569887.501    4200945.948       2489.289   3       fp_F_che57_che49
1461   3540     569887.501    4200653.161       2602.821   3       fp_F_che57_che49
1461   3511     569887.501    4200293.147       2733.648   3       fp_F_che57_che49
1461   3497     569887.501    4200116.182       2794.772   3       fp_F_che57_che49
1461   3486     569887.501    4199979.188       2838.936   3       fp_F_che57_che49
1521   3566     570637.501    4200978.823       2362.986   4       fp_F_che57_che49
1521   3557     570637.501    4200863.475       2428.828   4       fp_F_che57_che49
1521   3522     570637.501    4200422.613       2600.716   4       fp_F_che57_che49
1521   3468     570637.501    4199754.003       2801.166   4       fp_F_che57_che49
1521   3436     570637.501    4199347.934       2944.492   4       fp_F_che57_che49
1541   3565     570887.501    4200959.914       2323.050   5       fp_F_che57_che49
1541   3542     570887.501    4200670.842       2467.964   5       fp_F_che57_che49
1541   3519     570887.501    4200393.433       2586.397   5       fp_F_che57_che49
1541   3463     570887.501    4199681.797       2818.689   5       fp_F_che57_che49
1541   3426     570887.501    4199224.018       2984.159   5       fp_F_che57_che49
1601   3555     571637.501    4200835.921       2289.995   6       fp_F_che57_che49
1601   3516     571637.501    4200353.728       2521.383   6       fp_F_che57_che49
1601   3483     571637.501    4199940.420       2683.354   6       fp_F_che57_che49
1601   3437     571637.501    4199361.788       2861.853   6       fp_F_che57_che49
1601   3372     571637.501    4198548.948       3060.186   6       fp_F_che57_che49
1641   3518     572137.501    4200370.147       2420.604   7       fp_F_che57_che49
1641   3498     572137.501    4200124.277       2537.671   7       fp_F_che57_che49
1641   3483     572137.501    4199940.420       2617.243   7       fp_F_che57_che49
1641   3446     572137.501    4199481.071       2793.016   7       fp_F_che57_che49
1501   3584     570387.501    4201195.132       2325.468   8       fp_F_che57_che49
1501   3537     570387.501    4200615.490       2537.910   8       fp_F_che57_che49
1501   3525     570387.501    4200464.435       2593.605   8       fp_F_che57_che49
1501   3497     570387.501    4200112.626       2704.067   8       fp_F_che57_che49
1501   3485     570387.501    4199960.601       2750.594   8       fp_F_che57_che49
1501   3474     570387.501    4199824.430       2774.183   8       fp_F_che57_che49
1501   3458     570387.501    4199620.400       2821.832   8       fp_F_che57_che49
1481   3578     570137.501    4201126.132       2371.096   9       fp_F_che57_che49
1481   3566     570137.501    4200970.216       2442.728   9       fp_F_che57_che49
1481   3549     570137.501    4200762.913       2517.187   9       fp_F_che57_che49
1481   3501     570137.501    4200164.863       2714.544   9       fp_F_che57_che49
1481   3491     570137.501    4200035.491       2753.682   9       fp_F_che57_che49
1481   3436     570137.501    4199348.011       2954.409   9       fp_F_che57_che49
1581   3545     571387.501    4200711.929       2362.717   10       fp_F_che57_che49
1581   3515     571387.501    4200339.951       2564.355   10       fp_F_che57_che49
1581   3483     571387.501    4199940.420       2729.632   10       fp_F_che57_che49
1581   3444     571387.501    4199444.449       2875.076   10       fp_F_che57_che49
1581   3399     571387.501    4198893.371       3040.353   10       fp_F_che57_che49
1621   3537     571887.501    4200615.490       2359.411   11       fp_F_che57_che49
1621   3502     571887.501    4200174.628       2577.577   11       fp_F_che57_che49
1621   3451     571887.501    4199534.783       2808.324   11       fp_F_che57_che49
1561   3560     571137.501    4200904.806       2323.973   12       fp_F_che57_che49
1561   3533     571137.501    4200560.382       2511.466   12       fp_F_che57_che49
1561   3498     571137.501    4200119.520       2673.438   12       fp_F_che57_che49
1561   3448     571137.501    4199500.429       2858.548   12       fp_F_che57_che49
1561   3409     571137.501    4199017.364       3040.353   12       fp_F_che57_che49
931   3468     563262.501    4199749.379       1784.520   1          fp_F_che6_nan
931   3366     563262.501    4198472.828       2277.129   1          fp_F_che6_nan
961   3456     563637.501    4199596.096       1874.297   2          fp_F_che6_nan
961   3410     563637.501    4199027.783       2083.094   2          fp_F_che6_nan
961   3353     563637.501    4198317.391       2296.718   2          fp_F_che6_nan
991   3458     564012.501    4199626.524       1863.125   3          fp_F_che6_nan
991   3355     564012.501    4198343.372       2331.481   3          fp_F_che6_nan
981   3448     563887.501    4199496.466       1894.328   4          fp_F_che6_nan
981   3421     563887.501    4199161.671       2022.559   4          fp_F_che6_nan
981   3362     563887.501    4198423.152       2294.829   4          fp_F_che6_nan
731   3462     560762.501    4199669.248       1616.869   5          fp_F_che6_nan
731   3404     560762.501    4198947.604       2008.476   5          fp_F_che6_nan
881   3454     562637.501    4199573.630       1810.692   6          fp_F_che6_nan
881   3373     562637.501    4198557.906       2200.403   6          fp_F_che6_nan
1021   3436     564387.501    4199355.547       1942.655   7          fp_F_che6_nan
1021   3336     564387.501    4198106.326       2320.211   7          fp_F_che6_nan
1011   3441     564262.501    4199415.239       1925.354   8          fp_F_che6_nan
1011   3352     564262.501    4198302.420       2321.655   8          fp_F_che6_nan
941   3462     563387.501    4199675.550       1839.640   9          fp_F_che6_nan
941   3366     563387.501    4198475.514       2261.364   9          fp_F_che6_nan
911   3467     563012.501    4199732.626       1776.021   10          fp_F_che6_nan
911   3368     563012.501    4198499.733       2245.200   10          fp_F_che6_nan
1031   3441     564512.501    4199408.115       1912.253   11          fp_F_che6_nan
1031   3343     564512.501    4198193.216       2295.454   11          fp_F_che6_nan
841   3450     562137.501    4199526.829       1769.523   12          fp_F_che6_nan
841   3382     562137.501    4198674.398       2112.954   12          fp_F_che6_nan
851   3467     562262.501    4199735.729       1719.016   13          fp_F_che6_nan
851   3381     562262.501    4198657.335       2118.592   13          fp_F_che6_nan
871   3462     562512.501    4199681.126       1728.841   14          fp_F_che6_nan
871   3377     562512.501    4198616.383       2174.271   14          fp_F_che6_nan
891   3472     562762.501    4199801.093       1772.373   15          fp_F_che6_nan
891   3370     562762.501    4198520.829       2213.573   15          fp_F_che6_nan
781   3453     561387.501    4199561.320       1658.069   16          fp_F_che6_nan
781   3398     561387.501    4198876.968       2020.944   16          fp_F_che6_nan
1001   3447     564137.501    4199489.153       1907.173   17          fp_F_che6_nan
1001   3349     564137.501    4198266.654       2313.842   17          fp_F_che6_nan
951   3467     563512.501    4199743.828       1805.498   18          fp_F_che6_nan
951   3438     563512.501    4199369.540       1947.747   18          fp_F_che6_nan
951   3359     563512.501    4198384.324       2282.353   18          fp_F_che6_nan
791   3458     561512.501    4199630.359       1665.045   19          fp_F_che6_nan
791   3425     561512.501    4199211.106       1884.775   19          fp_F_che6_nan
791   3400     561512.501    4198895.402       2045.679   19          fp_F_che6_nan
831   3461     562012.501    4199667.476       1712.465   20          fp_F_che6_nan
831   3389     562012.501    4198766.539       2098.941   20          fp_F_che6_nan
741   3451     560887.501    4199534.964       1667.442   21          fp_F_che6_nan
741   3405     560887.501    4198961.431       1983.071   21          fp_F_che6_nan
861   3448     562387.501    4199498.355       1810.854   22          fp_F_che6_nan
861   3381     562387.501    4198659.464       2134.710   22          fp_F_che6_nan
801   3457     561637.501    4199606.747       1715.610   23          fp_F_che6_nan
801   3404     561637.501    4198950.161       2007.736   23          fp_F_che6_nan
971   3460     563762.501    4199653.825       1843.474   24          fp_F_che6_nan
971   3354     563762.501    4198329.721       2328.206   24          fp_F_che6_nan
921   3454     563137.501    4199579.547       1844.991   25          fp_F_che6_nan
921   3369     563137.501    4198511.515       2221.760   25          fp_F_che6_nan
771   3464     561262.501    4199694.777       1594.558   26          fp_F_che6_nan
771   3394     561262.501    4198821.141       2062.913   26          fp_F_che6_nan
761   3446     561137.501    4199480.173       1695.454   27          fp_F_che6_nan
761   3422     561137.501    4199176.678       1856.886   27          fp_F_che6_nan
761   3396     561137.501    4198844.594       2032.332   27          fp_F_che6_nan
811   3465     561762.501    4199708.428       1679.713   28          fp_F_che6_nan
811   3400     561762.501    4198903.045       2053.088   28          fp_F_che6_nan
751   3459     561012.501    4199636.269       1626.991   29          fp_F_che6_nan
751   3395     561012.501    4198834.792       2049.812   29          fp_F_che6_nan
901   3463     562887.501    4199686.570       1807.379   30          fp_F_che6_nan
901   3364     562887.501    4198453.939       2234.469   30          fp_F_che6_nan
821   3450     561887.501    4199525.243       1744.323   31          fp_F_che6_nan
821   3400     561887.501    4198901.834       2039.097   31          fp_F_che6_nan
571   3259     558762.501    4197132.774       1560.451   1        fp_F_cheX54_bei
571   3269     558762.501    4197261.864       1635.013   1        fp_F_cheX54_bei
571   3282     558762.501    4197423.227       1743.585   1        fp_F_cheX54_bei
571   3297     558762.501    4197607.641       1841.693   1        fp_F_cheX54_bei
541   3270     558387.501    4197281.063       1463.520   2        fp_F_cheX54_bei
541   3277     558387.501    4197361.711       1562.608   2        fp_F_cheX54_bei
541   3285     558387.501    4197462.902       1639.966   2        fp_F_cheX54_bei
541   3296     558387.501    4197605.813       1744.808   2        fp_F_cheX54_bei
541   3304     558387.501    4197699.886       1804.843   2        fp_F_cheX54_bei
611   3250     559262.501    4197023.987       1562.516   3        fp_F_cheX54_bei
611   3270     559262.501    4197270.709       1672.859   3        fp_F_cheX54_bei
611   3287     559262.501    4197483.977       1752.353   3        fp_F_cheX54_bei
611   3301     559262.501    4197667.973       1818.796   3        fp_F_cheX54_bei
591   3251     559012.501    4197040.714       1577.940   4        fp_F_cheX54_bei
591   3264     559012.501    4197195.438       1652.689   4        fp_F_cheX54_bei
591   3278     559012.501    4197375.252       1732.183   4        fp_F_cheX54_bei
591   3295     559012.501    4197592.702       1825.915   4        fp_F_cheX54_bei
561   3259     558637.501    4197135.208       1541.456   5        fp_F_cheX54_bei
561   3272     558637.501    4197294.172       1647.645   5        fp_F_cheX54_bei
561   3286     558637.501    4197470.126       1736.494   5        fp_F_cheX54_bei
561   3300     558637.501    4197652.345       1826.184   5        fp_F_cheX54_bei
651   3252     559762.501    4197053.259       1557.770   6        fp_F_cheX54_bei
651   3261     559762.501    4197157.802       1613.535   6        fp_F_cheX54_bei
651   3274     559762.501    4197329.253       1693.029   6        fp_F_cheX54_bei
651   3291     559762.501    4197534.157       1782.015   6        fp_F_cheX54_bei
651   3298     559762.501    4197630.337       1817.610   6        fp_F_cheX54_bei
581   3252     558887.501    4197053.259       1557.770   7        fp_F_cheX54_bei
581   3268     558887.501    4197253.982       1664.553   7        fp_F_cheX54_bei
581   3284     558887.501    4197446.341       1749.980   7        fp_F_cheX54_bei
581   3293     558887.501    4197559.248       1799.813   7        fp_F_cheX54_bei
471   3283     557512.501    4197442.159       1291.997   8        fp_F_cheX54_bei
471   3292     557512.501    4197546.703       1372.678   8        fp_F_cheX54_bei
471   3305     557512.501    4197718.153       1509.124   8        fp_F_cheX54_bei
521   3272     558137.501    4197298.539       1402.110   9        fp_F_cheX54_bei
521   3281     558137.501    4197406.561       1487.170   9        fp_F_cheX54_bei
521   3293     558137.501    4197560.099       1590.158   9        fp_F_cheX54_bei
521   3308     558137.501    4197749.271       1697.669   9        fp_F_cheX54_bei
601   3252     559137.501    4197053.259       1577.940   10        fp_F_cheX54_bei
601   3267     559137.501    4197241.437       1666.926   10        fp_F_cheX54_bei
601   3277     559137.501    4197358.525       1725.064   10        fp_F_cheX54_bei
601   3293     559137.501    4197567.611       1829.475   10        fp_F_cheX54_bei
491   3274     557762.501    4197328.331       1343.481   11        fp_F_cheX54_bei
491   3284     557762.501    4197451.032       1434.724   11        fp_F_cheX54_bei
491   3293     557762.501    4197565.625       1499.010   11        fp_F_cheX54_bei
491   3308     557762.501    4197754.753       1598.343   11        fp_F_cheX54_bei
531   3268     558262.501    4197246.106       1425.745   12        fp_F_cheX54_bei
531   3285     558262.501    4197464.201       1591.512   12        fp_F_cheX54_bei
531   3305     558262.501    4197712.174       1739.509   12        fp_F_cheX54_bei
621   3257     559387.501    4197115.985       1543.532   13        fp_F_cheX54_bei
621   3271     559387.501    4197283.254       1620.653   13        fp_F_cheX54_bei
621   3279     559387.501    4197391.979       1677.605   13        fp_F_cheX54_bei
621   3295     559387.501    4197588.520       1782.015   13        fp_F_cheX54_bei
551   3263     558512.501    4197184.758       1516.698   14        fp_F_cheX54_bei
551   3276     558512.501    4197345.444       1637.853   14        fp_F_cheX54_bei
551   3284     558512.501    4197454.312       1706.056   14        fp_F_cheX54_bei
551   3301     558512.501    4197667.825       1818.190   14        fp_F_cheX54_bei
511   3273     558012.501    4197310.706       1353.182   15        fp_F_cheX54_bei
511   3282     558012.501    4197425.751       1459.091   15        fp_F_cheX54_bei
511   3293     558012.501    4197561.228       1562.294   15        fp_F_cheX54_bei
511   3304     558012.501    4197702.834       1663.212   15        fp_F_cheX54_bei
631   3256     559512.501    4197099.258       1563.702   16        fp_F_cheX54_bei
631   3270     559512.501    4197270.709       1643.197   16        fp_F_cheX54_bei
631   3284     559512.501    4197446.341       1719.132   16        fp_F_cheX54_bei
631   3299     559512.501    4197638.700       1791.507   16        fp_F_cheX54_bei
501   3274     557887.501    4197325.379       1360.030   17        fp_F_cheX54_bei
501   3283     557887.501    4197433.504       1441.949   17        fp_F_cheX54_bei
501   3299     557887.501    4197636.722       1565.260   17        fp_F_cheX54_bei
501   3310     557887.501    4197779.880       1639.054   17        fp_F_cheX54_bei
641   3257     559637.501    4197107.621       1558.956   18        fp_F_cheX54_bei
641   3269     559637.501    4197258.163       1637.264   18        fp_F_cheX54_bei
641   3278     559637.501    4197375.252       1703.707   18        fp_F_cheX54_bei
641   3291     559637.501    4197538.339       1791.507   18        fp_F_cheX54_bei
481   3276     557637.501    4197345.951       1316.624   19        fp_F_cheX54_bei
481   3283     557637.501    4197440.677       1372.817   19        fp_F_cheX54_bei
481   3293     557637.501    4197560.771       1444.314   19        fp_F_cheX54_bei
481   3300     557637.501    4197645.286       1504.241   19        fp_F_cheX54_bei
621   3306     559387.501    4197718.965       1517.507   1     fp_F_cheX54_bei_01
621   3323     559387.501    4197941.245       1645.686   1     fp_F_cheX54_bei_01
621   3341     559387.501    4198161.852       1758.932   1     fp_F_cheX54_bei_01
631   3313     559512.501    4197806.822       1550.327   2     fp_F_cheX54_bei_01
631   3329     559512.501    4198008.185       1629.207   2     fp_F_cheX54_bei_01
631   3354     559512.501    4198325.719       1766.515   2     fp_F_cheX54_bei_01
651   3322     559762.501    4197922.175       1558.213   3     fp_F_cheX54_bei_01
651   3331     559762.501    4198041.332       1619.373   3     fp_F_cheX54_bei_01
651   3344     559762.501    4198204.722       1690.843   3     fp_F_cheX54_bei_01
651   3359     559762.501    4198385.484       1761.528   3     fp_F_cheX54_bei_01
561   3283     558637.501    4197433.895       1533.077   4     fp_F_cheX54_bei_01
561   3292     558637.501    4197548.851       1620.446   4     fp_F_cheX54_bei_01
561   3303     558637.501    4197684.707       1698.108   4     fp_F_cheX54_bei_01
561   3313     558637.501    4197813.597       1759.995   4     fp_F_cheX54_bei_01
561   3320     558637.501    4197900.684       1808.534   4     fp_F_cheX54_bei_01
661   3337     559887.501    4198108.444       1579.830   5     fp_F_cheX54_bei_01
661   3342     559887.501    4198175.198       1630.859   5     fp_F_cheX54_bei_01
661   3361     559887.501    4198412.547       1785.883   5     fp_F_cheX54_bei_01
641   3320     559637.501    4197895.886       1553.248   6     fp_F_cheX54_bei_01
641   3337     559637.501    4198109.862       1666.307   6     fp_F_cheX54_bei_01
641   3354     559637.501    4198328.529       1759.889   6     fp_F_cheX54_bei_01
611   3313     559261.495    4197812.500       1544.807   7     fp_F_cheX54_bei_01
600   3313     559129.384    4197812.500       1595.931   7     fp_F_cheX54_bei_01
588   3313     558970.776    4197812.500       1647.201   7     fp_F_cheX54_bei_01
573   3313     558787.497    4197812.500       1710.603   7     fp_F_cheX54_bei_01
563   3313     558667.417    4197812.500       1748.046   7     fp_F_cheX54_bei_01
535   3313     558316.437    4197812.500       1844.497   7     fp_F_cheX54_bei_01
571   3289     558762.501    4197515.849       1553.749   8     fp_F_cheX54_bei_01
571   3307     558762.501    4197739.128       1683.628   8     fp_F_cheX54_bei_01
571   3327     558762.501    4197981.824       1798.127   8     fp_F_cheX54_bei_01
581   3293     558887.501    4197564.650       1540.499   9     fp_F_cheX54_bei_01
581   3309     558887.501    4197760.681       1650.554   9     fp_F_cheX54_bei_01
581   3332     558887.501    4198046.779       1794.185   9     fp_F_cheX54_bei_01
591   3297     559012.501    4197606.603       1533.113   10     fp_F_cheX54_bei_01
591   3312     559012.501    4197805.936       1646.862   10     fp_F_cheX54_bei_01
591   3328     559012.501    4198006.093       1748.568   10     fp_F_cheX54_bei_01
591   3344     559012.501    4198200.632       1844.760   10     fp_F_cheX54_bei_01
601   3306     559137.501    4197728.892       1544.230   11     fp_F_cheX54_bei_01
601   3321     559137.501    4197909.028       1652.419   11     fp_F_cheX54_bei_01
601   3335     559137.501    4198087.671       1773.666   11     fp_F_cheX54_bei_01
601   3339     559137.501    4198135.015       1803.990   11     fp_F_cheX54_bei_01
611   3312     559262.501    4197793.915       1578.376   12     fp_F_cheX54_bei_01
611   3323     559262.501    4197932.562       1648.226   12     fp_F_cheX54_bei_01
611   3334     559262.501    4198074.048       1717.807   12     fp_F_cheX54_bei_01
611   3350     559262.501    4198273.058       1811.799   12     fp_F_cheX54_bei_01
461   3324     557387.501    4197946.227       1321.058   1     fp_F_cheX54_bei_02
461   3325     557387.501    4197965.589       1378.513   1     fp_F_cheX54_bei_02
461   3328     557387.501    4198000.440       1474.921   1     fp_F_cheX54_bei_02
461   3331     557387.501    4198031.419       1519.717   1     fp_F_cheX54_bei_02
451   3316     557262.501    4197853.290       1288.921   2     fp_F_cheX54_bei_02
451   3319     557262.501    4197892.014       1362.932   2     fp_F_cheX54_bei_02
451   3327     557262.501    4197992.696       1487.581   2     fp_F_cheX54_bei_02
521   3324     558137.501    4197948.148       1478.275   3     fp_F_cheX54_bei_02
521   3336     558137.501    4198102.872       1656.248   3     fp_F_cheX54_bei_02
471   3315     557512.501    4197837.801       1316.188   4     fp_F_cheX54_bei_02
471   3319     557512.501    4197884.269       1386.304   4     fp_F_cheX54_bei_02
471   3324     557512.501    4197951.108       1472.924   4     fp_F_cheX54_bei_02
471   3330     557512.501    4198026.749       1551.853   4     fp_F_cheX54_bei_02
411   3316     556762.501    4197849.418       1224.649   5     fp_F_cheX54_bei_02
411   3322     556762.501    4197930.738       1297.686   5     fp_F_cheX54_bei_02
411   3327     556762.501    4197992.696       1347.351   5     fp_F_cheX54_bei_02
441   3318     557137.501    4197876.524       1258.733   6     fp_F_cheX54_bei_02
441   3323     557137.501    4197934.610       1340.534   6     fp_F_cheX54_bei_02
441   3330     557137.501    4198019.802       1450.576   6     fp_F_cheX54_bei_02
501   3315     557887.501    4197833.928       1371.696   7     fp_F_cheX54_bei_02
501   3321     557887.501    4197915.248       1456.419   7     fp_F_cheX54_bei_02
501   3334     557887.501    4198077.888       1640.471   7     fp_F_cheX54_bei_02
481   3315     557637.501    4197835.242       1318.100   8     fp_F_cheX54_bei_02
481   3334     557637.501    4198077.782       1555.397   8     fp_F_cheX54_bei_02
431   3315     557012.501    4197837.801       1228.544   9     fp_F_cheX54_bei_02
431   3321     557012.501    4197907.503       1317.162   9     fp_F_cheX54_bei_02
431   3330     557012.501    4198023.674       1432.073   9     fp_F_cheX54_bei_02
421   3315     556887.501    4197841.673       1223.675   10     fp_F_cheX54_bei_02
421   3322     556887.501    4197922.993       1300.607   10     fp_F_cheX54_bei_02
421   3331     556887.501    4198043.036       1394.094   10     fp_F_cheX54_bei_02
491   3316     557762.501    4197849.418       1349.298   11     fp_F_cheX54_bei_02
491   3322     557762.501    4197926.865       1438.890   11     fp_F_cheX54_bei_02
491   3327     557762.501    4197988.823       1521.665   11     fp_F_cheX54_bei_02
491   3333     557762.501    4198058.526       1584.963   11     fp_F_cheX54_bei_02
511   3326     558012.501    4197973.239       1441.494   12     fp_F_cheX54_bei_02
511   3335     558012.501    4198090.327       1631.332   12     fp_F_cheX54_bei_02
570   3803     558746.984    4203937.500       1648.896   1          fp_F_F05_east
598   3803     559094.167    4203937.500       1916.917   1          fp_F_F05_east
649   3803     559734.662    4203937.500       2333.056   1          fp_F_F05_east
585   3823     558932.547    4204187.500       1652.422   2          fp_F_F05_east
607   3823     559210.776    4204187.500       1861.950   2          fp_F_F05_east
638   3823     559599.489    4204187.500       2117.286   2          fp_F_F05_east
678   3823     560105.725    4204187.500       2432.269   2          fp_F_F05_east
565   3793     558688.394    4203812.500       1674.498   3          fp_F_F05_east
581   3793     558890.879    4203812.500       1837.431   3          fp_F_F05_east
612   3793     559279.733    4203812.500       2128.073   3          fp_F_F05_east
644   3793     559668.816    4203812.500       2387.719   3          fp_F_F05_east
671   3860     560012.502    4204656.000       2187.779   4          fp_F_F05_east
671   3836     560012.502    4204354.367       2312.636   4          fp_F_F05_east
671   3821     560012.502    4204161.482       2393.543   4          fp_F_F05_east
621   3845     559387.502    4204466.929       1820.892   5          fp_F_F05_east
621   3821     559387.502    4204161.470       1986.082   5          fp_F_F05_east
621   3811     559387.502    4204036.044       2063.353   5          fp_F_F05_east
621   3800     559387.502    4203894.655       2137.592   5          fp_F_F05_east
621   3783     559387.502    4203685.544       2265.068   5          fp_F_F05_east
651   3837     559762.502    4204367.851       2111.696   6          fp_F_F05_east
651   3831     559762.502    4204285.959       2163.044   6          fp_F_F05_east
651   3822     559762.502    4204181.136       2222.381   6          fp_F_F05_east
651   3812     559762.502    4204050.108       2301.115   6          fp_F_F05_east
651   3806     559762.502    4203981.318       2343.335   6          fp_F_F05_east
641   3835     559637.502    4204335.094       2058.065   7          fp_F_F05_east
641   3825     559637.502    4204217.169       2125.389   7          fp_F_F05_east
641   3813     559637.502    4204059.935       2220.099   7          fp_F_F05_east
641   3802     559637.502    4203928.907       2285.140   7          fp_F_F05_east
641   3789     559637.502    4203761.846       2403.813   7          fp_F_F05_east
601   3836     559137.502    4204349.900       1689.480   8          fp_F_F05_east
601   3821     559137.502    4204167.703       1815.699   8          fp_F_F05_east
601   3813     559137.502    4204065.630       1879.947   8          fp_F_F05_east
601   3802     559137.502    4203926.741       1952.933   8          fp_F_F05_east
601   3796     559137.502    4203850.197       2000.939   8          fp_F_F05_east
601   3791     559137.502    4203786.282       2038.119   8          fp_F_F05_east
618   3843     559346.925    4204437.500       1811.158   9          fp_F_F05_east
623   3843     559414.695    4204437.500       1861.373   9          fp_F_F05_east
632   3843     559530.871    4204437.500       1948.511   9          fp_F_F05_east
650   3843     559743.860    4204437.500       2115.403   9          fp_F_F05_east
672   3843     560019.778    4204437.500       2305.925   9          fp_F_F05_east
680   3843     560121.432    4204437.500       2384.202   9          fp_F_F05_east
581   3816     558887.502    4204098.684       1644.991   10          fp_F_F05_east
581   3811     558887.502    4204041.669       1679.487   10          fp_F_F05_east
581   3801     558887.502    4203912.634       1768.339   10          fp_F_F05_east
581   3788     558887.502    4203744.589       1893.778   10          fp_F_F05_east
595   3833     559064.932    4204312.500       1652.151   11          fp_F_F05_east
617   3833     559339.824    4204312.500       1873.446   11          fp_F_F05_east
621   3833     559384.967    4204312.500       1913.185   11          fp_F_F05_east
632   3833     559525.381    4204312.500       2006.101   11          fp_F_F05_east
679   3833     560112.975    4204312.500       2391.172   11          fp_F_F05_east
631   3863     559512.502    4204685.017       1798.729   12          fp_F_F05_east
631   3848     559512.502    4204502.172       1905.327   12          fp_F_F05_east
631   3833     559512.502    4204311.632       1999.496   12          fp_F_F05_east
631   3823     559512.502    4204183.049       2064.468   12          fp_F_F05_east
631   3813     559512.502    4204066.479       2136.435   12          fp_F_F05_east
631   3806     559512.502    4203973.434       2185.318   12          fp_F_F05_east
631   3785     559512.502    4203716.387       2336.076   12          fp_F_F05_east
591   3829     559012.502    4204260.728       1663.082   13          fp_F_F05_east
591   3822     559012.502    4204179.706       1717.438   13          fp_F_F05_east
591   3813     559012.502    4204059.674       1777.022   13          fp_F_F05_east
591   3802     559012.502    4203924.638       1867.965   13          fp_F_F05_east
591   3790     559012.502    4203771.596       1952.636   13          fp_F_F05_east
571   3805     558762.502    4203960.647       1643.946   14          fp_F_F05_east
571   3797     558762.502    4203867.622       1702.484   14          fp_F_F05_east
571   3783     558762.502    4203693.575       1807.016   14          fp_F_F05_east
581   3813     558884.660    4204062.500       1664.765   15          fp_F_F05_east
590   3813     559004.382    4204062.500       1772.330   15          fp_F_F05_east
600   3813     559122.518    4204062.500       1873.235   15          fp_F_F05_east
633   3813     559540.303    4204062.500       2154.873   15          fp_F_F05_east
656   3813     559830.436    4204062.500       2333.056   15          fp_F_F05_east
661   3850     559887.502    4204526.891       2169.688   16          fp_F_F05_east
661   3838     559887.502    4204380.124       2224.571   16          fp_F_F05_east
661   3823     559887.502    4204183.963       2301.851   16          fp_F_F05_east
661   3815     559887.502    4204089.607       2346.759   16          fp_F_F05_east
611   3835     559262.502    4204332.747       1791.656   17          fp_F_F05_east
611   3831     559262.502    4204293.737       1820.925   17          fp_F_F05_east
611   3823     559262.502    4204185.708       1900.370   17          fp_F_F05_east
611   3813     559262.502    4204062.675       1953.681   17          fp_F_F05_east
611   3802     559262.502    4203927.638       2037.307   17          fp_F_F05_east
611   3783     559262.502    4203684.573       2225.465   17          fp_F_F05_east
501   3887     557887.502    4204988.726       1645.238   1          fp_F_F09_east
501   3808     557887.502    4204005.299       2085.772   1          fp_F_F09_east
478   3823     557597.428    4204187.500       1856.017   2          fp_F_F09_east
493   3823     557782.092    4204187.500       1957.196   2          fp_F_F09_east
509   3823     557981.529    4204187.500       2055.112   2          fp_F_F09_east
473   3803     557534.642    4203937.500       1945.229   3          fp_F_F09_east
494   3803     557800.558    4203937.500       2091.014   3          fp_F_F09_east
471   3813     557514.622    4204062.500       1864.338   4          fp_F_F09_east
488   3813     557725.615    4204062.500       1991.289   4          fp_F_F09_east
511   3813     558008.435    4204062.500       2124.852   4          fp_F_F09_east
491   3874     557762.502    4204825.025       1629.899   5          fp_F_F09_east
491   3800     557762.502    4203896.847       2090.701   5          fp_F_F09_east
481   3857     557637.502    4204608.900       1651.732   6          fp_F_F09_east
481   3794     557637.502    4203826.579       2067.855   6          fp_F_F09_east
441   3361     557137.501    4198410.638       1284.617   1              fp_F_west
441   3369     557137.501    4198506.473       1372.133   1              fp_F_west
441   3374     557137.501    4198578.349       1450.159   1              fp_F_west
441   3383     557137.501    4198686.163       1540.838   1              fp_F_west
401   3363     556637.501    4198440.586       1232.855   2              fp_F_west
401   3366     556637.501    4198476.524       1305.609   2              fp_F_west
401   3371     556637.501    4198539.416       1400.506   2              fp_F_west
411   3365     556762.501    4198468.751       1232.043   3              fp_F_west
411   3371     556762.501    4198542.288       1333.016   3              fp_F_west
411   3380     556762.501    4198656.271       1439.168   3              fp_F_west
411   3387     556762.501    4198733.485       1505.189   3              fp_F_west
421   3363     556887.501    4198443.581       1240.332   4              fp_F_west
421   3367     556887.501    4198488.504       1314.140   4              fp_F_west
421   3373     556887.501    4198566.369       1390.058   4              fp_F_west
421   3383     556887.501    4198689.158       1493.389   4              fp_F_west
431   3364     557012.501    4198449.221       1281.414   5              fp_F_west
431   3371     557012.501    4198532.555       1384.825   5              fp_F_west
431   3377     557012.501    4198609.044       1474.468   5              fp_F_west
431   3385     557012.501    4198709.954       1585.590   5              fp_F_west
1058   3783     564853.608    4203687.500       2111.162   1      fp_F_wj2_che87_T5
1095   3783     565307.269    4203687.500       2404.663   1      fp_F_wj2_che87_T5
957   3663     563589.918    4202187.500       1891.225   2      fp_F_wj2_che87_T5
1020   3663     564374.922    4202187.500       2315.009   2      fp_F_wj2_che87_T5
1029   3743     564482.860    4203187.500       2056.030   3      fp_F_wj2_che87_T5
1074   3743     565051.987    4203187.500       2446.852   3      fp_F_wj2_che87_T5
1022   3723     564394.547    4202937.500       2077.219   4      fp_F_wj2_che87_T5
1047   3723     564708.548    4202937.500       2336.198   4      fp_F_wj2_che87_T5
1062   3723     564904.799    4202937.500       2479.813   4      fp_F_wj2_che87_T5
978   3683     563845.044    4202437.500       1931.249   5      fp_F_wj2_che87_T5
1006   3683     564202.882    4202437.500       2150.479   5      fp_F_wj2_che87_T5
1043   3683     564659.486    4202437.500       2395.057   5      fp_F_wj2_che87_T5
1083   3803     565161.449    4203937.500       2122.824   6      fp_F_wj2_che87_T5
1109   3803     565485.493    4203937.500       2350.239   6      fp_F_wj2_che87_T5
1000   3703     564119.795    4202687.500       2011.297   7      fp_F_wj2_che87_T5
1029   3703     564492.672    4202687.500       2220.834   7      fp_F_wj2_che87_T5
1055   3703     564806.674    4202687.500       2430.372   7      fp_F_wj2_che87_T5
1050   3763     564748.596    4203437.500       2124.955   8      fp_F_wj2_che87_T5
1087   3763     565208.084    4203437.500       2473.824   8      fp_F_wj2_che87_T5
996   3693     564070.733    4202562.500       1997.171   9      fp_F_wj2_che87_T5
1024   3693     564423.984    4202562.500       2209.063   9      fp_F_wj2_che87_T5
1049   3693     564737.986    4202562.500       2402.120   9      fp_F_wj2_che87_T5
381   3851     556387.502    4204540.136       1569.271   1             fp_F11_bei
381   3833     556387.502    4204315.477       1779.549   1             fp_F11_bei
381   3823     556387.502    4204188.467       1883.612   1             fp_F11_bei
381   3806     556387.502    4203981.154       2059.874   1             fp_F11_bei
366   3833     556206.095    4204312.500       1653.582   2             fp_F11_bei
373   3833     556284.627    4204312.500       1711.967   2             fp_F11_bei
381   3833     556393.077    4204312.500       1780.266   2             fp_F11_bei
392   3833     556527.704    4204312.500       1837.549   2             fp_F11_bei
401   3833     556632.414    4204312.500       1890.426   2             fp_F11_bei
365   3823     556183.657    4204187.500       1781.367   3             fp_F11_bei
373   3823     556292.106    4204187.500       1828.736   3             fp_F11_bei
391   3823     556509.006    4204187.500       1919.068   3             fp_F11_bei
400   3823     556624.934    4204187.500       1962.030   3             fp_F11_bei
391   3856     556512.502    4204604.340       1632.093   4             fp_F11_bei
391   3809     556512.502    4204018.710       2033.892   4             fp_F11_bei
371   3847     556262.502    4204487.193       1532.321   5             fp_F11_bei
371   3801     556262.502    4203918.738       2074.271   5             fp_F11_bei
364   3893     556177.686    4205062.500       1592.141   1          fp_F11_bei_02
372   3893     556274.587    4205062.500       1707.678   1          fp_F11_bei_02
382   3893     556399.174    4205062.500       1839.527   1          fp_F11_bei_02
387   3893     556468.390    4205062.500       1929.239   1          fp_F11_bei_02
431   3977     557012.502    4206112.077       1444.238   2          fp_F11_bei_02
431   3922     557012.502    4205425.552       1857.941   2          fp_F11_bei_02
391   3944     556512.502    4205694.486       1365.100   3          fp_F11_bei_02
391   3893     556512.502    4205065.632       1889.889   3          fp_F11_bei_02
366   3913     556205.372    4205312.500       1393.688   4          fp_F11_bei_02
373   3913     556293.045    4205312.500       1494.273   4          fp_F11_bei_02
383   3913     556417.632    4205312.500       1616.607   4          fp_F11_bei_02
392   3913     556519.147    4205312.500       1690.008   4          fp_F11_bei_02
401   3913     556643.735    4205312.500       1796.031   4          fp_F11_bei_02
413   3913     556786.779    4205312.500       1891.179   4          fp_F11_bei_02
393   3943     556532.990    4205687.500       1407.280   5          fp_F11_bei_02
402   3943     556652.963    4205687.500       1494.273   5          fp_F11_bei_02
414   3943     556800.622    4205687.500       1583.985   5          fp_F11_bei_02
423   3943     556906.752    4205687.500       1641.074   5          fp_F11_bei_02
431   3943     557012.882    4205687.500       1704.960   5          fp_F11_bei_02
440   3943     557123.626    4205687.500       1771.564   5          fp_F11_bei_02
447   3943     557215.913    4205687.500       1828.653   5          fp_F11_bei_02
441   3992     557137.502    4206300.294       1438.185   6          fp_F11_bei_02
441   3935     557137.502    4205593.333       1816.334   6          fp_F11_bei_02
373   3923     556283.816    4205437.500       1435.825   7          fp_F11_bei_02
390   3923     556505.304    4205437.500       1581.266   7          fp_F11_bei_02
404   3923     556671.421    4205437.500       1690.008   7          fp_F11_bei_02
412   3923     556777.550    4205437.500       1749.816   7          fp_F11_bei_02
421   3923     556883.680    4205437.500       1797.390   7          fp_F11_bei_02
433   3923     557035.954    4205437.500       1862.635   7          fp_F11_bei_02
444   3923     557169.769    4205437.500       1925.161   7          fp_F11_bei_02
401   3955     556637.502    4205831.831       1354.279   8          fp_F11_bei_02
401   3903     556637.502    4205184.022       1887.213   8          fp_F11_bei_02
421   3973     556887.502    4206063.618       1412.632   9          fp_F11_bei_02
421   3946     556887.502    4205726.414       1607.796   9          fp_F11_bei_02
421   3931     556887.502    4205541.936       1725.352   9          fp_F11_bei_02
421   3915     556887.502    4205331.767       1854.658   9          fp_F11_bei_02
378   3933     556353.031    4205562.500       1374.658   10          fp_F11_bei_02
385   3933     556436.089    4205562.500       1419.514   10          fp_F11_bei_02
396   3933     556579.134    4205562.500       1521.459   10          fp_F11_bei_02
407   3933     556717.564    4205562.500       1623.404   10          fp_F11_bei_02
421   3933     556883.680    4205562.500       1710.397   10          fp_F11_bei_02
433   3933     557035.954    4205562.500       1794.671   10          fp_F11_bei_02
442   3933     557146.698    4205562.500       1850.401   10          fp_F11_bei_02
411   3958     556762.502    4205879.343       1417.883   11          fp_F11_bei_02
411   3909     556762.502    4205269.021       1863.612   11          fp_F11_bei_02
381   3942     556387.502    4205676.520       1300.177   12          fp_F11_bei_02
381   3891     556387.502    4205039.747       1841.198   12          fp_F11_bei_02
371   3920     556262.502    4205404.700       1355.146   13          fp_F11_bei_02
371   3880     556262.502    4204901.069       1844.984   13          fp_F11_bei_02
396   3953     556579.134    4205812.500       1333.880   14          fp_F11_bei_02
405   3953     556689.878    4205812.500       1419.514   14          fp_F11_bei_02
412   3953     556772.936    4205812.500       1480.681   14          fp_F11_bei_02
425   3953     556934.438    4205812.500       1582.626   14          fp_F11_bei_02
433   3953     557040.568    4205812.500       1649.230   14          fp_F11_bei_02
445   3953     557192.841    4205812.500       1733.504   14          fp_F11_bei_02
454   3953     557294.357    4205812.500       1793.312   14          fp_F11_bei_02
