X,Y
571080.0,4195715.0
576866.0,4203344.0
577641.44,4202865.5
578086.0,4202439.0
571008.75,4196900.5
566870.0,4199472.5
569046.0,4195094.0
574506.0,4197408.5
566456.0,4201615.0
578244.0,4199417.5
576056.0,4199219.5
577068.0,4201059.0
579756.0,4200335.5
579660.0,4195477.5
580992.94,4207945.5
566360.0,4196105.0
561516.0,4202888.0
560540.0,4200331.0
565790.0,4197347.0
579546.0,4198373.5
577650.0,4196976.0
581508.0,4201113.0
580526.0,4199015.0
576594.0,4197927.0
573608.0,4195541.0
577100.0,4197496.0
576798.0,4194693.0
575452.0,4200551.0
575552.0,4201889.0
571567.3,4200044.0
573756.0,4197348.5
570748.0,4202612.0
571002.0,4203551.0
571252.0,4202608.0
571812.0,4203818.0
575246.0,4205567.0
569066.0,4201556.0
571226.0,4201179.5
568924.0,4202778.5
564668.0,4200394.0
567226.9,4200902.5
568936.0,4200360.0
581020.0,4203973.0
562750.0,4197866.5
564108.0,4202074.0
580903.3,4208821.0
576932.0,4204342.0
576054.0,4201850.0
577606.0,4200343.5
560400.0,4195971.0
592331.0,4212564.0
592350.0,4210905.0
590100.0,4212075.0
576979.25,4202636.5
576979.2,4202636.5
576979.1,4202636.5
576979.06,4202636.5
576979.0,4202636.5
576978.94,4202636.5
576978.94,4202636.0
576978.9,4202636.0
576978.8,4202636.0
576978.75,4202636.0
576978.7,4202636.0
576978.6,4202636.0
576978.56,4202636.0
576978.5,4202636.0
576978.44,4202636.0
576978.4,4202636.0
576978.3,4202636.0
576978.25,4202636.0
576978.2,4202636.0
576978.1,4202636.0
576978.06,4202636.0
576978.0,4202636.0
576977.94,4202636.0
576977.9,4202636.0
576977.8,4202636.0
576977.75,4202636.0
576977.75,4202635.5
576977.7,4202635.5
576977.6,4202635.5
576977.56,4202635.5
576977.5,4202635.5
576977.44,4202635.5
576977.4,4202635.5
576977.3,4202635.5
576977.25,4202635.5
576977.2,4202635.5
576977.1,4202635.5
576977.06,4202635.5
576977.0,4202635.5
576976.94,4202635.5
576976.9,4202635.5
576976.8,4202635.5
576976.75,4202635.5
576976.7,4202635.5
576976.6,4202635.5
576976.56,4202635.5
576976.5,4202635.5
576976.44,4202635.5
576976.4,4202635.5
576976.3,4202635.5
576976.25,4202635.5
576976.2,4202635.5
576976.1,4202635.5
576976.06,4202635.5
576976.06,4202636.0
576976.0,4202636.0
576975.94,4202636.0
576975.9,4202636.0
576975.8,4202636.0
576975.75,4202636.0
576975.7,4202636.0
576975.7,4202636.5
576975.6,4202636.5
576975.56,4202636.5
576975.5,4202636.5
576975.44,4202636.5
576975.4,4202636.5
576975.3,4202636.5
576975.3,4202637.0
576975.25,4202637.0
576975.2,4202637.0
576975.1,4202637.0
576975.06,4202637.0
576975.0,4202637.0
576975.0,4202637.5
576974.94,4202637.5
576974.9,4202637.5
576974.8,4202637.5
576974.75,4202637.5
576974.7,4202637.5
576974.6,4202637.5
576974.6,4202638.0
576974.56,4202638.0
576974.5,4202638.0
576974.44,4202638.0
576974.4,4202638.0
576974.3,4202638.0
576974.25,4202638.0
576974.2,4202638.0
576974.1,4202638.0
576974.06,4202638.0
576974.0,4202638.0
576973.94,4202638.0
576973.9,4202638.0
576973.8,4202638.0
576973.75,4202638.0
576973.75,4202637.5
576973.7,4202637.5
576973.6,4202637.5
576973.56,4202637.5
576973.5,4202637.5
576973.44,4202637.5
576973.4,4202637.5
576973.44,4202638.0
576973.5,4202638.0
576973.56,4202638.0
576973.56,4202638.5
576973.6,4202638.5
576973.7,4202638.5
576973.75,4202638.5
576973.75,4202639.0
576973.8,4202639.0
576973.8,4202639.5
576973.8,4202640.0
576973.8,4202640.5
576973.8,4202641.0
576973.8,4202641.5
576973.8,4202642.0
576973.9,4202642.0
576973.9,4202642.5
576973.94,4202642.5
576973.94,4202643.0
576974.0,4202643.0
576974.06,4202643.0
576974.06,4202643.5
576974.1,4202643.5
576974.2,4202643.5
576974.25,4202643.5
576974.3,4202643.5
576974.3,4202644.0
576974.4,4202644.0
576974.44,4202644.0
576974.5,4202644.0
576974.56,4202644.0
576974.6,4202644.0
576974.7,4202644.0
576974.75,4202644.0
576974.75,4202644.5
576974.8,4202644.5
576974.9,4202644.5
576974.94,4202644.5
576975.0,4202644.5
576975.06,4202644.5
576975.1,4202644.5
576975.2,4202644.5
576975.25,4202644.5
576975.3,4202644.5
576975.4,4202644.5
576975.44,4202644.5
576975.5,4202644.5
576975.56,4202644.5
576975.6,4202644.5
576975.7,4202644.5
576975.7,4202645.0
576975.75,4202645.0
576975.8,4202645.0
576975.9,4202645.0
576975.94,4202645.0
576976.0,4202645.0
576976.06,4202645.0
576976.1,4202645.0
576976.2,4202645.0
576976.25,4202645.0
576976.3,4202645.0
576976.4,4202645.0
576976.44,4202645.0
576976.5,4202645.0
576976.56,4202645.0
576976.6,4202645.0
576976.7,4202645.0
576976.75,4202645.0
576976.8,4202645.0
576976.9,4202645.0
576976.94,4202645.0
576977.0,4202645.0
576977.06,4202645.0
576977.1,4202645.0
576977.2,4202645.0
576977.25,4202645.0
576977.3,4202645.0
576977.4,4202645.0
576977.44,4202645.0
576977.5,4202645.0
576977.56,4202645.0
576977.56,4202644.5
576977.6,4202644.5
576977.7,4202644.5
576977.75,4202644.5
576977.8,4202644.5
576977.9,4202644.5
576977.94,4202644.5
576978.0,4202644.5
576978.06,4202644.5
576978.1,4202644.5
576978.2,4202644.5
576978.25,4202644.5
576978.3,4202644.5
576978.4,4202644.5
576978.44,4202644.5
576978.44,4202644.0
576978.5,4202644.0
576978.56,4202644.0
576978.6,4202644.0
576978.7,4202644.0
576978.75,4202644.0
576978.8,4202644.0
576978.8,4202643.5
576978.9,4202643.5
576978.94,4202643.5
576979.0,4202643.5
576979.0,4202643.0
576979.06,4202643.0
576979.1,4202643.0
576979.1,4202642.5
576979.2,4202642.5
576979.2,4202642.0
576979.2,4202641.5
576979.25,4202641.5
576979.25,4202641.0
576979.3,4202641.0
576979.3,4202640.5
576979.4,4202640.5
576979.4,4202640.0
576979.44,4202640.0
576979.5,4202640.0
576979.5,4202639.5
576979.56,4202639.5
576979.56,4202639.0
576979.6,4202639.0
576979.6,4202638.5
576979.7,4202638.5
576979.7,4202638.0
576979.7,4202637.5
576979.6,4202637.5
576979.6,4202637.0
576979.56,4202637.0
576979.5,4202637.0
576979.5,4202636.5
576979.44,4202636.5
576979.5,4202636.0
576979.56,4202636.0
576979.56,4202635.5
576979.6,4202635.5
576979.6,4202635.0
576979.7,4202635.0
576979.7,4202634.5
576979.75,4202634.5
576979.75,4202634.0
576979.8,4202634.0
576979.9,4202634.0
576979.9,4202633.5
576979.94,4202633.5
576980.0,4202633.5
576980.0,4202633.0
576980.06,4202633.0
576980.1,4202633.0
576980.1,4202632.5
576980.2,4202632.5
576980.25,4202632.5
576980.25,4202632.0
576980.3,4202632.0
576980.4,4202632.0
576980.4,4202631.5
576980.44,4202631.5
576980.5,4202631.5
576980.5,4202631.0
576980.56,4202631.0
576980.6,4202631.0
576980.7,4202631.0
576980.7,4202630.5
576980.75,4202630.5
576980.8,4202630.5
576980.8,4202630.0
576980.9,4202630.0
576980.94,4202630.0
576981.0,4202630.0
576981.0,4202629.5
576981.06,4202629.5
576981.1,4202629.5
576981.2,4202629.5
576981.25,4202629.5
576981.3,4202629.5
576981.4,4202629.5
576981.44,4202629.5
576981.5,4202629.5
576981.56,4202629.5
576981.6,4202629.5
576981.7,4202629.5
576981.75,4202629.5
576981.8,4202629.5
576981.8,4202630.0
576981.9,4202630.0
576981.94,4202630.0
576982.0,4202630.0
576982.06,4202630.0
576982.1,4202630.0
576982.2,4202630.0
576982.25,4202630.0
576982.3,4202630.0
576982.4,4202630.0
576982.44,4202630.0
576982.5,4202630.0
576982.5,4202630.5
576982.56,4202630.5
576982.6,4202630.5
576982.7,4202630.5
576982.75,4202630.5
576982.8,4202630.5
576982.9,4202630.5
576982.94,4202630.5
576982.94,4202631.0
576983.0,4202631.0
576983.06,4202631.0
576983.1,4202631.0
576983.2,4202631.0
576983.25,4202631.0
576983.3,4202631.0
576983.4,4202631.0
576983.44,4202631.0
576983.44,4202631.5
576983.5,4202631.5
576983.56,4202631.5
576983.6,4202631.5
576983.7,4202631.5
576983.75,4202631.5
576983.8,4202631.5
576983.9,4202631.5
576983.9,4202632.0
576983.94,4202632.0
576984.0,4202632.0
576984.06,4202632.0
576984.1,4202632.0
576984.2,4202632.0
576984.25,4202632.0
576984.3,4202632.0
576984.4,4202632.5
576984.44,4202632.5
576984.5,4202632.5
576984.56,4202632.5
576984.6,4202632.5
576984.7,4202632.5
576984.7,4202633.0
576984.75,4202633.0
576984.8,4202633.0
576984.9,4202633.0
576984.94,4202633.0
576985.0,4202633.0
576985.0,4202633.5
576985.06,4202633.5
576985.1,4202633.5
576985.2,4202633.5
576985.25,4202633.5
576985.3,4202633.5
576985.3,4202634.0
576985.4,4202634.0
576985.44,4202634.0
576985.5,4202634.0
576985.56,4202634.0
576985.6,4202634.0
576985.6,4202634.5
576985.7,4202634.5
576985.75,4202634.5
576985.8,4202634.5
576985.9,4202634.5
576985.94,4202634.5
576985.94,4202635.0
576986.0,4202635.0
576986.06,4202635.0
576986.1,4202635.0
576986.2,4202635.0
576986.25,4202635.0
576986.3,4202635.0
576986.3,4202635.5
576986.4,4202635.5
576986.44,4202635.5
576986.5,4202635.5
576986.56,4202635.5
576986.6,4202635.5
576986.6,4202636.0
576986.7,4202636.0
576986.75,4202636.0
576986.8,4202636.0
576986.9,4202636.0
576986.9,4202636.5
576986.94,4202636.5
576987.0,4202636.5
576987.06,4202636.5
576987.06,4202637.0
576987.1,4202637.0
576987.2,4202637.0
576987.25,4202637.0
576987.25,4202637.5
576987.3,4202637.5
576987.4,4202637.5
576987.4,4202638.0
576987.44,4202638.0
576987.5,4202638.0
576987.56,4202638.0
576987.56,4202638.5
576987.6,4202638.5
576987.7,4202638.5
576987.75,4202638.5
576987.75,4202639.0
576987.8,4202639.0
576987.9,4202639.0
576987.94,4202639.0
576987.94,4202639.5
576988.0,4202639.5
576988.06,4202639.5
576988.1,4202640.0
576988.2,4202640.0
576988.25,4202640.0
576988.25,4202640.5
576988.3,4202640.5
576988.4,4202640.5
576988.44,4202640.5
576988.44,4202641.0
576988.5,4202641.0
576988.56,4202641.0
576988.6,4202641.0
576988.6,4202641.5
576988.7,4202641.5
576988.75,4202641.5
576988.8,4202642.0
576988.9,4202642.0
576988.9,4202642.5
576988.94,4202642.5
576989.0,4202642.5
576989.0,4202643.0
576989.06,4202643.0
576989.1,4202643.0
576989.1,4202643.5
576989.2,4202643.5
576989.2,4202644.0
576989.25,4202644.0
576989.3,4202644.0
576989.3,4202644.5
576989.4,4202644.5
576989.44,4202645.0
576989.5,4202645.0
576989.5,4202645.5
576989.56,4202645.5
576989.6,4202645.5
576989.6,4202646.0
576989.7,4202646.0
576989.75,4202646.5
576989.8,4202646.5
576989.8,4202647.0
576989.9,4202647.0
576989.94,4202647.0
576989.94,4202647.5
576990.0,4202647.5
576990.06,4202648.0
576990.1,4202648.0
576990.1,4202648.5
576990.2,4202648.5
576990.25,4202648.5
576990.25,4202649.0
576990.3,4202649.0
576990.3,4202649.5
576990.4,4202649.5
576990.44,4202649.5
576990.44,4202650.0
576990.5,4202650.0
576990.56,4202650.5
576990.6,4202650.5
576990.6,4202651.0
576990.7,4202651.0
576990.75,4202651.5
576990.8,4202651.5
576990.8,4202652.0
576990.9,4202652.0
576990.9,4202652.5
576990.94,4202652.5
576991.0,4202652.5
576991.0,4202653.0
576991.06,4202653.0
576991.06,4202653.5
576991.1,4202653.5
576991.2,4202653.5
576991.2,4202654.0
576991.25,4202654.0
576991.25,4202654.5
576991.3,4202654.5
576991.4,4202655.0
576991.44,4202655.0
576991.44,4202655.5
576991.5,4202655.5
576991.56,4202656.0
576991.6,4202656.0
576991.6,4202656.5
576991.7,4202656.5
576991.7,4202657.0
576991.75,4202657.0
576991.8,4202657.0
576991.8,4202657.5
576991.9,4202657.5
576991.9,4202658.0
576991.94,4202658.0
576992.0,4202658.0
576992.0,4202658.5
576992.06,4202658.5
576992.06,4202659.0
576992.1,4202659.0
576992.2,4202659.0
576992.2,4202659.5
576992.25,4202659.5
576992.25,4202660.0
576992.3,4202660.0
576992.4,4202660.5
576992.44,4202660.5
576992.44,4202661.0
576992.5,4202661.0
576992.56,4202661.5
576992.6,4202661.5
576992.6,4202662.0
576992.7,4202662.0
576992.7,4202662.5
576992.75,4202662.5
576992.8,4202662.5
576992.8,4202663.0
576992.9,4202663.0
576992.9,4202663.5
576992.94,4202663.5
576993.0,4202663.5
576993.0,4202664.0
576993.06,4202664.0
576993.06,4202664.5
576993.1,4202664.5
576993.2,4202664.5
576993.2,4202665.0
576993.25,4202665.0
576993.25,4202665.5
576993.3,4202665.5
576993.4,4202666.0
576993.44,4202666.0
576993.44,4202666.5
576993.5,4202666.5
576993.56,4202667.0
576993.6,4202667.0
576993.6,4202667.5
576993.7,4202667.5
576993.7,4202668.0
576993.75,4202668.0
576993.8,4202668.0
576993.8,4202668.5
576993.9,4202668.5
576993.94,4202669.0
576994.0,4202669.0
576994.0,4202669.5
576994.06,4202669.5
576994.1,4202669.5
576994.1,4202670.0
576994.2,4202670.0
576994.25,4202670.0
576994.25,4202670.5
576994.3,4202670.5
576994.4,4202670.5
576994.4,4202671.0
576994.44,4202671.0
576994.5,4202671.5
576994.56,4202671.5
576994.56,4202672.0
576994.6,4202672.0
576994.7,4202672.0
576994.7,4202672.5
576994.75,4202672.5
576994.8,4202672.5
576994.8,4202673.0
576994.9,4202673.0
576994.94,4202673.5
576995.0,4202673.5
576995.0,4202674.0
576995.06,4202674.0
576995.1,4202674.0
576995.1,4202674.5
576995.2,4202674.5
576995.25,4202674.5
576995.25,4202675.0
576995.3,4202675.0
576995.4,4202675.0
576995.4,4202675.5
576995.44,4202675.5
576995.5,4202675.5
576995.5,4202676.0
576995.56,4202676.0
576995.56,4202676.5
576995.6,4202676.5
576995.7,4202676.5
576995.7,4202677.0
576995.75,4202677.0
576995.8,4202677.0
576995.8,4202677.5
576995.9,4202677.5
576995.94,4202677.5
576995.94,4202678.0
576996.0,4202678.0
576996.06,4202678.5
576996.1,4202678.5
576996.1,4202679.0
576996.2,4202679.0
576996.25,4202679.0
576996.25,4202679.5
576996.3,4202679.5
576996.4,4202679.5
576996.4,4202680.0
576996.44,4202680.0
576996.44,4202680.5
576996.5,4202680.5
576996.56,4202680.5
576996.56,4202681.0
576996.6,4202681.0
576996.7,4202681.0
576996.7,4202681.5
576996.75,4202681.5
576996.8,4202681.5
576996.8,4202682.0
576996.9,4202682.0
576996.9,4202682.5
576996.94,4202682.5
576997.0,4202682.5
576997.0,4202683.0
576997.06,4202683.0
576997.1,4202683.0
576997.1,4202683.5
576997.2,4202683.5
576997.25,4202684.0
576997.3,4202684.0
576997.3,4202684.5
576997.4,4202684.5
576997.44,4202684.5
576997.44,4202685.0
576997.5,4202685.0
576997.56,4202685.0
576997.56,4202685.5
576997.6,4202685.5
576997.6,4202686.0
576997.7,4202686.0
576997.75,4202686.0
576997.75,4202686.5
576997.8,4202686.5
576997.9,4202687.0
576997.94,4202687.0
576997.94,4202687.5
576998.0,4202687.5
576998.0,4202688.0
576998.06,4202688.0
576998.06,4202688.5
576998.1,4202688.5
576998.2,4202689.0
576998.25,4202689.0
576998.25,4202689.5
576998.3,4202689.5
576998.3,4202690.0
576998.4,4202690.0
576998.4,4202690.5
576998.44,4202690.5
576998.5,4202690.5
576998.5,4202691.0
576998.56,4202691.0
576998.56,4202691.5
576998.6,4202691.5
576998.6,4202692.0
576998.7,4202692.0
576998.75,4202692.0
576998.75,4202692.5
576998.8,4202692.5
576998.8,4202693.0
576998.9,4202693.0
576998.9,4202693.5
576998.94,4202693.5
576998.94,4202694.0
576999.0,4202694.0
576999.06,4202694.0
576999.06,4202694.5
576999.1,4202694.5
576999.1,4202695.0
576999.2,4202695.0
576999.2,4202695.5
576999.25,4202695.5
576999.25,4202696.0
576999.3,4202696.0
576999.3,4202696.5
576999.4,4202696.5
576999.4,4202697.0
576999.44,4202697.0
576999.44,4202697.5
576999.5,4202697.5
576999.5,4202698.0
576999.56,4202698.0
576999.56,4202698.5
576999.6,4202698.5
576999.6,4202699.0
576999.7,4202699.0
576999.7,4202699.5
576999.75,4202699.5
576999.75,4202700.0
576999.8,4202700.0
576999.8,4202700.5
576999.9,4202700.5
576999.9,4202701.0
576999.94,4202701.0
576999.94,4202701.5
577000.0,4202701.5
577000.0,4202702.0
577000.06,4202702.0
577000.06,4202702.5
577000.1,4202702.5
577000.1,4202703.0
577000.2,4202703.0
577000.2,4202703.5
577000.25,4202703.5
577000.25,4202704.0
577000.3,4202704.0
577000.3,4202704.5
577000.4,4202705.0
577000.44,4202705.5
577000.44,4202706.0
577000.5,4202706.0
577000.5,4202706.5
577000.5,4202707.0
577000.56,4202707.0
577000.56,4202707.5
577000.56,4202708.0
577000.6,4202708.0
577000.6,4202708.5
577000.6,4202709.0
577000.7,4202709.0
577000.7,4202709.5
577000.7,4202710.0
577000.75,4202710.0
577000.75,4202710.5
577000.75,4202711.0
577000.75,4202711.5
577000.8,4202711.5
577000.8,4202712.0
577000.8,4202712.5
577000.9,4202712.5
577000.9,4202713.0
577000.9,4202713.5
577000.94,4202713.5
577000.94,4202714.0
577000.94,4202714.5
577001.0,4202715.0
577001.0,4202715.5
577001.0,4202716.0
577001.06,4202716.0
577001.06,4202716.5
577001.06,4202717.0
577001.1,4202717.0
577001.1,4202717.5
577001.1,4202718.0
577001.1,4202718.5
577001.1,4202719.0
577001.1,4202719.5
577001.1,4202720.0
577001.1,4202720.5
577001.1,4202721.0
577001.1,4202721.5
577001.1,4202722.0
577001.1,4202722.5
577001.2,4202722.5
577001.2,4202723.0
577001.2,4202723.5
577001.2,4202724.0
577001.2,4202724.5
577001.2,4202725.0
577001.2,4202725.5
577001.2,4202726.0
577001.2,4202726.5
577001.2,4202727.0
577001.2,4202727.5
577001.2,4202728.0
577001.2,4202728.5
577001.2,4202729.0
577001.2,4202729.5
577001.2,4202730.0
577001.2,4202730.5
577001.2,4202731.0
577001.2,4202731.5
577001.1,4202731.5
577001.1,4202732.0
577001.1,4202732.5
577001.1,4202733.0
577001.06,4202733.0
577001.06,4202733.5
577001.06,4202734.0
577001.0,4202734.0
577001.0,4202734.5
577001.0,4202735.0
577001.0,4202735.5
577000.94,4202735.5
577000.94,4202736.0
577000.94,4202736.5
577000.9,4202736.5
577000.9,4202737.0
577000.9,4202737.5
577000.8,4202738.0
577000.8,4202738.5
577000.8,4202739.0
577000.75,4202739.0
577000.75,4202739.5
577000.75,4202740.0
577000.7,4202740.0
577000.7,4202740.5
577000.7,4202741.0
577000.7,4202741.5
577000.6,4202741.5
577000.6,4202742.0
577000.6,4202742.5
577000.56,4202742.5
577000.56,4202743.0
577000.56,4202743.5
577000.5,4202744.0
577000.5,4202744.5
577000.5,4202745.0
577000.44,4202745.0
577000.44,4202745.5
577000.44,4202746.0
577000.4,4202746.0
577000.4,4202746.5
577000.3,4202746.5
577000.3,4202747.0
577000.25,4202747.0
577000.25,4202747.5
577000.2,4202747.5
577000.2,4202748.0
577000.1,4202748.0
577000.1,4202748.5
577000.06,4202748.5
577000.06,4202749.0
577000.0,4202749.0
577000.0,4202749.5
576999.94,4202749.5
576999.9,4202750.0
576999.8,4202750.5
576999.75,4202751.0
576999.7,4202751.5
576999.7,4202752.0
576999.6,4202752.0
576999.6,4202752.5
576999.56,4202752.5
576999.56,4202753.0
576999.5,4202753.0
576999.5,4202753.5
576999.44,4202753.5
576999.44,4202754.0
576999.4,4202754.0
576999.3,4202754.5
576999.25,4202755.0
576999.2,4202755.5
576999.1,4202756.0
576999.06,4202756.5
576999.0,4202757.0
576998.94,4202757.5
576998.9,4202758.0
576998.8,4202758.5
576998.75,4202759.0
576998.7,4202759.0
576998.7,4202759.5
576998.6,4202759.5
576998.6,4202760.0
576998.56,4202760.0
576998.56,4202760.5
576998.5,4202760.5
576998.5,4202761.0
576998.44,4202761.5
576998.4,4202762.0
576998.3,4202762.0
576998.3,4202762.5
576998.25,4202762.5
576998.25,4202763.0
576998.2,4202763.0
576998.1,4202763.5
576998.06,4202763.5
576998.06,4202764.0
576998.0,4202764.0
576997.94,4202764.5
576997.9,4202764.5
576997.9,4202765.0
576997.8,4202765.0
576997.75,4202765.5
576997.7,4202765.5
576997.7,4202766.0
576997.6,4202766.0
576997.6,4202766.5
576997.56,4202766.5
576997.5,4202766.5
576997.5,4202767.0
576997.44,4202767.0
576997.44,4202767.5
576997.4,4202767.5
576997.3,4202768.0
576997.25,4202768.0
576997.25,4202768.5
576997.2,4202768.5
576997.2,4202769.0
576997.1,4202769.0
576997.06,4202769.0
576997.06,4202769.5
576997.0,4202769.5
576997.0,4202770.0
576996.94,4202770.0
576996.9,4202770.0
576996.9,4202770.5
576996.8,4202770.5
576996.8,4202771.0
576996.75,4202771.0
576996.7,4202771.5
576996.6,4202771.5
576996.6,4202772.0
576996.56,4202772.0
576996.56,4202772.5
576996.5,4202772.5
576996.44,4202772.5
576996.44,4202773.0
576996.4,4202773.0
576996.4,4202773.5
576996.3,4202773.5
576996.25,4202774.0
576996.2,4202774.0
576996.2,4202774.5
576996.1,4202774.5
576996.06,4202775.0
576996.0,4202775.0
576996.0,4202775.5
576995.94,4202775.5
576995.9,4202776.0
576995.8,4202776.0
576995.8,4202776.5
576995.75,4202776.5
576995.75,4202777.0
576995.7,4202777.0
576995.6,4202777.5
576995.56,4202777.5
576995.56,4202778.0
576995.5,4202778.0
576995.5,4202778.5
576995.44,4202778.5
576995.4,4202778.5
576995.4,4202779.0
576995.3,4202779.0
576995.25,4202779.5
576995.2,4202779.5
576995.2,4202780.0
576995.1,4202780.0
576995.06,4202780.0
576995.06,4202780.5
576995.0,4202780.5
576994.94,4202780.5
576994.94,4202781.0
576994.9,4202781.0
576994.9,4202781.5
576994.8,4202781.5
576994.75,4202781.5
576994.75,4202782.0
576994.7,4202782.0
576994.6,4202782.5
576994.56,4202782.5
576994.5,4202783.0
576994.44,4202783.0
576994.44,4202783.5
576994.4,4202783.5
576994.3,4202784.0
576994.25,4202784.0
576994.2,4202784.5
576994.1,4202784.5
576994.1,4202785.0
576994.06,4202785.0
576994.0,4202785.5
576993.94,4202785.5
576993.94,4202786.0
576993.9,4202786.0
576993.8,4202786.0
576993.8,4202786.5
576993.75,4202786.5
576993.7,4202786.5
576993.7,4202787.0
576993.6,4202787.0
576993.6,4202787.5
576993.56,4202787.5
576993.5,4202787.5
576993.5,4202788.0
576993.44,4202788.0
576993.4,4202788.0
576993.4,4202788.5
576993.3,4202788.5
576993.25,4202789.0
576993.2,4202789.0
576993.2,4202789.5
576993.1,4202789.5
576993.06,4202789.5
576993.06,4202790.0
576993.0,4202790.0
576992.94,4202790.5
576992.9,4202790.5
576992.9,4202791.0
576992.8,4202791.0
576992.75,4202791.5
576992.7,4202791.5
576992.6,4202792.0
576992.56,4202792.0
576992.56,4202792.5
576992.5,4202792.5
576992.44,4202792.5
576992.44,4202793.0
576992.4,4202793.0
576992.3,4202793.5
576992.25,4202793.5
576992.25,4202794.0
576992.2,4202794.0
576992.1,4202794.0
576992.1,4202794.5
576992.06,4202794.5
576992.0,4202795.0
576991.94,4202795.0
576991.94,4202795.5
576991.9,4202795.5
576991.8,4202795.5
576991.8,4202796.0
576991.75,4202796.0
576991.7,4202796.5
576991.6,4202796.5
576991.56,4202797.0
576991.5,4202797.0
576991.5,4202797.5
576991.44,4202797.5
576991.4,4202797.5
576991.4,4202798.0
576991.3,4202798.0
576991.25,4202798.5
576991.2,4202798.5
576991.1,4202799.0
576991.06,4202799.0
576991.0,4202799.5
576990.94,4202799.5
576990.94,4202800.0
576990.9,4202800.0
576990.8,4202800.0
576990.75,4202800.5
576990.7,4202800.5
576990.6,4202801.0
576990.56,4202801.0
576990.56,4202801.5
576990.5,4202801.5
576990.44,4202801.5
576990.44,4202802.0
576990.4,4202802.0
576990.3,4202802.0
576990.3,4202802.5
576990.25,4202802.5
576990.2,4202802.5
576990.2,4202803.0
576990.1,4202803.0
576990.06,4202803.0
576990.06,4202803.5
576990.0,4202803.5
576989.94,4202804.0
576989.9,4202804.0
576989.8,4202804.5
576989.75,4202804.5
576989.7,4202805.0
576989.6,4202805.0
576989.56,4202805.5
576989.5,4202805.5
576989.44,4202806.0
576989.4,4202806.0
576989.3,4202806.5
576989.25,4202806.5
576989.25,4202807.0
576989.2,4202807.0
576989.1,4202807.0
576989.1,4202807.5
576989.06,4202807.5
576989.0,4202807.5
576989.0,4202808.0
576988.94,4202808.0
576988.9,4202808.0
576988.9,4202808.5
576988.8,4202808.5
576988.75,4202808.5
576988.75,4202809.0
576988.7,4202809.0
576988.6,4202809.5
576988.56,4202809.5
576988.5,4202810.0
576988.44,4202810.0
576988.4,4202810.5
576988.3,4202810.5
576988.25,4202811.0
576988.2,4202811.0
576988.1,4202811.5
576988.06,4202811.5
576988.0,4202812.0
576987.94,4202812.0
576987.94,4202812.5
576987.9,4202812.5
576987.8,4202812.5
576987.8,4202813.0
576987.75,4202813.0
576987.7,4202813.0
576987.7,4202813.5
576987.6,4202813.5
576987.56,4202813.5
576987.56,4202814.0
576987.5,4202814.0
576987.44,4202814.0
576987.44,4202814.5
576987.4,4202814.5
576987.3,4202815.0
576987.25,4202815.0
576987.2,4202815.5
576987.1,4202815.5
576987.06,4202816.0
576987.0,4202816.0
576986.94,4202816.5
576986.9,4202816.5
576986.8,4202817.0
576986.75,4202817.0
576986.7,4202817.5
576986.6,4202817.5
576986.56,4202818.0
576986.5,4202818.0
576986.44,4202818.5
576986.4,4202818.5
576986.3,4202818.5
576986.3,4202819.0
576986.25,4202819.0
576986.2,4202819.0
576986.1,4202819.5
576986.06,4202819.5
576986.06,4202820.0
576986.0,4202820.0
576985.94,4202820.0
576985.9,4202820.5
576985.8,4202820.5
576985.75,4202821.0
576985.7,4202821.0
576985.6,4202821.5
576985.56,4202821.5
576985.5,4202822.0
576985.44,4202822.0
576985.4,4202822.5
576985.3,4202822.5
576985.25,4202822.5
576985.25,4202823.0
576985.2,4202823.0
576985.1,4202823.0
576985.06,4202823.5
576985.0,4202823.5
576985.0,4202824.0
576984.94,4202824.0
576984.9,4202824.0
576984.8,4202824.5
576984.75,4202824.5
576984.7,4202825.0
576984.6,4202825.0
576984.56,4202825.0
576984.56,4202825.5
576984.5,4202825.5
576984.44,4202826.0
576984.4,4202826.0
576984.3,4202826.0
576984.3,4202826.5
576984.25,4202826.5
576984.2,4202826.5
576984.2,4202827.0
576984.1,4202827.0
576984.06,4202827.0
576983.75,4202828.5
576983.7,4202828.5
576983.6,4202829.0
576983.56,4202829.0
576983.5,4202829.0
576983.5,4202829.5
576983.44,4202829.5
576983.4,4202830.0
576983.3,4202830.0
576983.25,4202830.0
576983.25,4202830.5
576983.2,4202830.5
576983.1,4202830.5
576983.1,4202831.0
576983.06,4202831.0
576983.0,4202831.0
576983.0,4202831.5
576982.94,4202831.5
576982.9,4202831.5
576982.8,4202832.0
576982.75,4202832.0
576982.7,4202832.5
576982.6,4202832.5
576982.56,4202832.5
576982.56,4202833.0
576982.5,4202833.0
576982.44,4202833.0
576982.44,4202833.5
576982.4,4202833.5
576982.3,4202833.5
576982.25,4202834.0
576982.2,4202834.0
576982.1,4202834.5
576982.06,4202834.5
576982.0,4202834.5
576981.94,4202835.0
576981.9,4202835.0
576981.8,4202835.5
576981.75,4202835.5
576981.7,4202835.5
576981.7,4202836.0
576981.6,4202836.0
576981.56,4202836.0
576981.56,4202836.5
576981.5,4202836.5
576981.44,4202836.5
576981.4,4202837.0
576981.3,4202837.0
576981.25,4202837.5
576981.0,4202838.5
576980.94,4202838.5
576980.9,4202838.5
576980.8,4202839.0
576980.75,4202839.0
576980.7,4202839.5
576980.6,4202839.5
576980.56,4202839.5
576980.5,4202840.0
576980.44,4202840.0
576980.4,4202840.5
576980.3,4202840.5
576980.25,4202840.5
576980.25,4202841.0
576980.2,4202841.0
576980.1,4202841.5
576980.06,4202841.5
576980.0,4202842.0
576979.94,4202842.0
576979.9,4202842.0
576979.8,4202842.5
576979.75,4202842.5
576979.7,4202842.5
576979.7,4202843.0
576979.6,4202843.0
576979.56,4202843.0
576979.5,4202843.5
576979.44,4202843.5
576979.4,4202844.0
576979.3,4202844.0
576979.25,4202844.0
576979.25,4202844.5
576979.2,4202844.5
576979.1,4202844.5
576979.06,4202845.0
576979.0,4202845.0
576978.94,4202845.0
576978.9,4202845.5
576978.8,4202845.5
576978.75,4202846.0
576978.7,4202846.0
576978.6,4202846.5
576978.3,4202847.5
576978.25,4202847.5
576978.2,4202848.0
576978.1,4202848.0
576978.06,4202848.0
576978.06,4202848.5
576978.0,4202848.5
576977.94,4202848.5
576977.9,4202848.5
576977.9,4202849.0
576977.8,4202849.0
576977.75,4202849.0
576977.7,4202849.5
576977.6,4202849.5
576977.56,4202850.0
576977.5,4202850.0
576977.44,4202850.5
576977.4,4202850.5
576977.3,4202850.5
576977.3,4202851.0
576977.25,4202851.0
576977.2,4202851.0
576977.1,4202851.5
576977.06,4202851.5
576977.0,4202851.5
576976.94,4202852.0
576976.9,4202852.0
576976.8,4202852.5
576976.75,4202852.5
576976.7,4202852.5
576976.7,4202853.0
576976.6,4202853.0
576976.56,4202853.0
576976.5,4202853.5
576976.44,4202853.5
576976.4,4202854.0
576976.3,4202854.0
576976.25,4202854.5
576976.2,4202854.5
576976.1,4202854.5
576976.06,4202855.0
576976.0,4202855.0
576975.94,4202855.0
576975.9,4202855.5
576975.8,4202855.5
576975.75,4202856.0
576975.7,4202856.0
576975.6,4202856.5
576975.56,4202856.5
576975.5,4202856.5
576975.5,4202857.0
576975.44,4202857.0
576975.4,4202857.0
576975.3,4202857.5
576975.25,4202857.5
576975.2,4202858.0
576975.1,4202858.0
576975.06,4202858.0
576975.0,4202858.5
576974.94,4202858.5
576974.9,4202859.0
576974.8,4202859.0
576974.75,4202859.0
576974.7,4202859.5
576974.6,4202859.5
576974.56,4202860.0
576974.5,4202860.0
576974.44,4202860.5
576974.4,4202860.5
576974.3,4202860.5
576974.3,4202861.0
576974.25,4202861.0
576974.2,4202861.0
576974.1,4202861.0
576974.1,4202861.5
576974.06,4202861.5
576974.0,4202861.5
576973.94,4202862.0
576973.9,4202862.0
576973.8,4202862.5
576973.75,4202862.5
576973.7,4202862.5
576973.7,4202863.0
576973.6,4202863.0
576973.56,4202863.0
576973.5,4202863.5
576973.44,4202863.5
576973.4,4202864.0
576973.3,4202864.0
576973.25,4202864.5
576973.2,4202864.5
576973.1,4202864.5
576973.06,4202865.0
576973.0,4202865.0
576972.94,4202865.5
576972.9,4202865.5
576972.8,4202865.5
576972.75,4202866.0
576972.7,4202866.0
576972.6,4202866.0
576972.56,4202866.5
576972.5,4202866.5
576972.44,4202867.0
576972.4,4202867.0
576972.3,4202867.0
576972.3,4202867.5
576972.25,4202867.5
576972.2,4202867.5
576972.1,4202868.0
576972.06,4202868.0
576972.0,4202868.0
576971.94,4202868.5
576971.9,4202868.5
576971.8,4202869.0
576971.75,4202869.0
576971.7,4202869.0
576971.6,4202869.5
576971.56,4202869.5
576971.5,4202870.0
576971.44,4202870.0
576971.4,4202870.5
576971.3,4202870.5
576971.25,4202870.5
576971.2,4202871.0
576971.1,4202871.0
576971.06,4202871.0
576971.0,4202871.5
576970.94,4202871.5
576970.9,4202872.0
576970.8,4202872.0
576970.75,4202872.5
576970.7,4202872.5
576970.6,4202872.5
576970.56,4202873.0
576970.5,4202873.0
576970.44,4202873.0
576970.4,4202873.5
576970.3,4202873.5
576970.25,4202873.5
576970.25,4202874.0
576970.2,4202874.0
576970.1,4202874.5
576970.06,4202874.5
576970.0,4202874.5
576969.94,4202875.0
576969.9,4202875.0
576969.8,4202875.0
576969.75,4202875.5
576969.7,4202875.5
576969.6,4202875.5
576969.56,4202876.0
576969.5,4202876.5
576969.44,4202876.5
576969.4,4202876.5
576969.3,4202877.0
576969.25,4202877.0
576969.2,4202877.0
576969.1,4202877.5
576969.06,4202877.5
576969.0,4202877.5
576968.94,4202878.0
576968.9,4202878.0
576968.9,4202878.5
576968.8,4202878.5
576968.75,4202878.5
576968.7,4202879.0
576968.6,4202879.0
576968.56,4202879.0
576968.5,4202879.5
576968.44,4202879.5
576968.4,4202880.0
576968.3,4202880.0
576968.25,4202880.0
576968.2,4202880.5
576968.1,4202880.5
576968.06,4202881.0
576968.0,4202881.0
576967.94,4202881.0
576967.9,4202881.5
576967.8,4202881.5
576967.75,4202882.0
576967.7,4202882.0
576967.6,4202882.0
576967.56,4202882.5
576967.5,4202882.5
576967.44,4202882.5
576967.44,4202883.0
576967.4,4202883.0
576967.3,4202883.0
576967.25,4202883.5
576967.2,4202883.5
576967.1,4202884.0
576967.06,4202884.0
576967.0,4202884.0
576966.94,4202884.5
576966.9,4202884.5
576966.8,4202884.5
576966.75,4202885.0
576966.7,4202885.0
576966.6,4202885.5
576966.56,4202885.5
576966.5,4202886.0
576966.44,4202886.0
576966.4,4202886.0
576966.3,4202886.5
576966.25,4202886.5
576966.2,4202886.5
576966.1,4202887.0
576966.06,4202887.0
576966.06,4202887.5
576966.0,4202887.5
576965.94,4202887.5
576965.9,4202888.0
576965.8,4202888.0
576965.75,4202888.0
576965.6,4202888.5
576965.56,4202888.5
576965.5,4202889.0
576965.44,4202889.0
576965.4,4202889.5
576965.3,4202889.5
576965.25,4202889.5
576965.2,4202890.0
576965.1,4202890.0
576965.0,4202890.5
576964.94,4202890.5
576964.9,4202891.0
576964.8,4202891.0
576964.75,4202891.0
576964.7,4202891.5
576964.6,4202891.5
576964.56,4202892.0
576964.5,4202892.0
576964.4,4202892.0
576964.3,4202892.5
576964.25,4202892.5
576964.2,4202893.0
576964.1,4202893.0
576964.06,4202893.5
576964.0,4202893.5
576963.94,4202893.5
576963.9,4202894.0
576963.75,4202894.0
576963.7,4202894.5
576963.6,4202894.5
576963.56,4202895.0
576963.5,4202895.0
576963.44,4202895.0
576963.4,4202895.5
576963.3,4202895.5
576963.25,4202896.0
576963.1,4202896.0
576963.06,4202896.5
576963.0,4202896.5
576962.94,4202896.5
576962.9,4202897.0
576962.8,4202897.0
576962.75,4202897.5
576962.7,4202897.5
576962.6,4202897.5
576962.5,4202898.0
576962.44,4202898.0
576962.4,4202898.5
576962.3,4202898.5
576962.25,4202899.0
576962.2,4202899.0
576962.1,4202899.0
576962.06,4202899.5
576962.0,4202899.5
576961.9,4202900.0
576961.8,4202900.0
576961.75,4202900.5
576961.7,4202900.5
576961.6,4202900.5
576961.56,4202901.0
576961.5,4202901.0
576961.44,4202901.5
576961.3,4202901.5
576961.25,4202901.5
576961.2,4202902.0
576961.1,4202902.0
576961.06,4202902.5
576961.0,4202902.5
576960.94,4202903.0
576960.9,4202903.0
576960.8,4202903.0
576960.7,4202903.5
576960.6,4202903.5
576960.56,4202904.0
576960.5,4202904.0
576960.44,4202904.5
576960.4,4202904.5
576960.3,4202904.5
576960.25,4202905.0
576960.2,4202905.0
576960.06,4202905.5
576960.0,4202905.5
576959.94,4202906.0
576959.9,4202906.0
576959.8,4202906.0
576959.75,4202906.5
576959.7,4202906.5
576959.6,4202907.0
576959.56,4202907.0
576959.44,4202907.0
576959.4,4202907.5
576959.3,4202907.5
576959.25,4202908.0
576959.2,4202908.0
576959.1,4202908.5
576959.06,4202908.5
576959.0,4202908.5
576958.94,4202909.0
576958.8,4202909.0
576958.75,4202909.5
576958.7,4202909.5
576958.6,4202910.0
576958.56,4202910.0
576958.5,4202910.0
576958.44,4202910.5
576958.4,4202910.5
576958.3,4202911.0
576958.2,4202911.0
576958.1,4202911.5
576958.06,4202911.5
576958.0,4202911.5
576957.94,4202912.0
576957.9,4202912.0
576957.8,4202912.5
576957.7,4202912.5
576957.6,4202913.0
576957.5,4202913.0
576957.44,4202913.5
576957.4,4202913.5
576957.25,4202914.0
576957.2,4202914.0
576957.1,4202914.5
576957.0,4202914.5
576956.94,4202915.0
576956.9,4202915.0
576956.75,4202915.5
576956.7,4202915.5
576956.6,4202916.0
576956.5,4202916.0
576956.44,4202916.5
576956.4,4202916.5
576956.25,4202917.0
576956.2,4202917.0
576956.1,4202917.5
576956.0,4202917.5
576955.94,4202918.0
576955.9,4202918.0
576955.75,4202918.5
576955.7,4202918.5
576955.56,4202919.0
576955.5,4202919.0
576955.44,4202919.5
576955.3,4202919.5
576955.25,4202920.0
576955.2,4202920.0
576955.06,4202920.5
576955.0,4202920.5
576954.94,4202921.0
576954.8,4202921.0
576954.75,4202921.5
576954.7,4202921.5
576954.56,4202922.0
576954.5,4202922.0
576954.44,4202922.5
576954.3,4202922.5
576954.25,4202923.0
576954.2,4202923.0
576954.06,4202923.5
576954.0,4202923.5
576953.9,4202924.0
576953.8,4202924.0
576953.75,4202924.5
576953.6,4202924.5
576953.56,4202925.0
576953.5,4202925.0
576953.4,4202925.0
576953.3,4202925.5
576953.25,4202925.5
576953.1,4202926.0
576953.06,4202926.0
576953.0,4202926.5
576952.9,4202926.5
576952.8,4202927.0
576952.75,4202927.0
576952.6,4202927.5
576952.56,4202927.5
576952.5,4202928.0
576952.4,4202928.0
576952.3,4202928.5
576952.25,4202928.5
576952.1,4202929.0
576952.06,4202929.0
576951.94,4202929.5
576951.9,4202929.5
576951.8,4202930.0
576951.7,4202930.0
576951.6,4202930.5
576951.56,4202930.5
576951.44,4202931.0
576951.4,4202931.0
576951.3,4202931.5
576951.2,4202931.5
576951.1,4202932.0
576951.06,4202932.0
576950.94,4202932.5
576950.9,4202932.5
576950.8,4202933.0
576950.7,4202933.0
576950.6,4202933.5
576950.56,4202933.5
576950.44,4202934.0
576950.4,4202934.0
576950.25,4202934.5
576950.2,4202934.5
576950.1,4202935.0
576950.0,4202935.0
576949.94,4202935.5
576949.9,4202935.5
576949.75,4202936.0
576949.7,4202936.0
576949.6,4202936.5
576949.5,4202936.5
576949.44,4202937.0
576949.4,4202937.0
576949.25,4202937.5
576949.1,4202938.0
576949.06,4202938.0
576948.94,4202938.5
576948.8,4202938.5
576948.75,4202939.0
576948.6,4202939.5
576948.56,4202939.5
576948.44,4202940.0
576948.3,4202940.0
576948.25,4202940.5
576948.1,4202941.0
576948.0,4202941.0
576947.94,4202941.5
576947.8,4202941.5
576947.7,4202942.0
576947.6,4202942.5
576947.5,4202942.5
576947.44,4202943.0
576947.3,4202943.0
576947.2,4202943.5
576947.1,4202944.0
576947.0,4202944.0
576946.9,4202944.5
576946.8,4202944.5
576946.7,4202945.0
576946.56,4202945.5
576946.5,4202945.5
576946.4,4202946.0
576946.3,4202946.0
576946.2,4202946.5
576946.06,4202947.0
576946.0,4202947.0
576945.9,4202947.5
576945.75,4202947.5
576945.7,4202948.0
576945.56,4202948.5
576945.5,4202948.5
576945.4,4202949.0
576945.25,4202949.0
576945.2,4202949.5
576945.06,4202950.0
576944.94,4202950.0
576944.9,4202950.5
576944.75,4202950.5
576944.6,4202951.0
576944.56,4202951.5
576944.44,4202951.5
576944.4,4202952.0
576944.25,4202952.0
576944.1,4202952.5
576944.06,4202953.0
576943.94,4202953.0
576943.8,4202953.5
576943.75,4202953.5
576943.6,4202954.0
576943.5,4202954.5
576943.44,4202954.5
576943.3,4202955.0
576943.25,4202955.0
576943.1,4202955.5
576943.0,4202956.0
576942.94,4202956.0
576942.8,4202956.5
576942.7,4202956.5
576942.6,4202957.0
576942.5,4202957.5
576942.4,4202957.5
576942.3,4202958.0
576942.2,4202958.0
576942.1,4202958.5
576942.0,4202959.0
576941.9,4202959.0
576941.8,4202959.5
576941.7,4202959.5
576941.56,4202960.0
576941.5,4202960.5
576941.4,4202960.5
576941.3,4202961.0
576941.2,4202961.0
576941.06,4202961.5
576941.0,4202962.0
576940.9,4202962.0
576940.75,4202962.5
576940.7,4202962.5
576940.56,4202963.0
576940.44,4202963.5
576940.3,4202964.0
576940.1,4202964.0
576940.0,4202964.5
576939.9,4202965.0
576939.75,4202965.5
576939.6,4202965.5
576939.5,4202966.0
576939.4,4202966.5
576939.25,4202967.0
576939.1,4202967.0
576939.0,4202967.5
576938.9,4202968.0
576938.75,4202968.5
576938.6,4202968.5
576938.5,4202969.0
576938.4,4202969.5
576938.25,4202970.0
576938.1,4202970.0
576938.0,4202970.5
576937.9,4202971.0
576937.75,4202971.5
576937.6,4202971.5
576937.5,4202972.0
576937.3,4202972.5
576937.2,4202972.5
576937.06,4202973.0
576936.94,4202973.5
576936.8,4202974.0
576936.7,4202974.0
576936.56,4202974.5
576936.44,4202975.0
576936.3,4202975.5
576936.2,4202975.5
576936.06,4202976.0
576935.94,4202976.5
576935.8,4202977.0
576935.7,4202977.0
576935.56,4202977.5
576935.44,4202978.0
576935.3,4202978.5
576935.2,4202978.5
576935.06,4202979.0
576934.94,4202979.5
576934.8,4202980.0
576934.7,4202980.0
576934.5,4202980.5
576934.4,4202981.0
576934.25,4202981.5
576934.1,4202981.5
576934.0,4202982.0
576933.9,4202982.5
576933.75,4202983.0
576933.6,4202983.0
576933.5,4202983.5
576933.4,4202984.0
576933.25,4202984.5
576933.1,4202984.5
576933.0,4202985.0
576932.9,4202985.5
576932.75,4202986.0
576932.6,4202986.0
576932.5,4202986.5
576932.4,4202987.0
576932.25,4202987.5
576932.1,4202987.5
576932.0,4202988.0
576931.9,4202988.5
576931.7,4202989.0
576931.56,4202989.0
576931.4,4202989.5
576931.25,4202990.0
576931.06,4202990.5
576930.9,4202991.0
576930.7,4202991.5
576930.56,4202992.0
576930.4,4202992.5
576930.2,4202993.0
576930.0,4202993.5
576929.9,4202994.0
576929.7,4202994.5
576929.5,4202995.0
576929.3,4202995.5
576929.2,4202996.0
576929.0,4202996.5
576928.8,4202997.0
576928.6,4202997.5
576928.5,4202998.0
576928.3,4202998.5
576928.1,4202999.0
576927.94,4202999.5
576927.8,4203000.0
576927.6,4203000.5
576927.44,4203001.0
576927.25,4203001.5
576927.1,4203002.0
576926.94,4203002.5
576926.75,4203003.0
576926.56,4203003.5
576926.44,4203004.0
576926.25,4203004.5
576926.06,4203005.0
576925.9,4203005.5
576925.75,4203006.0
576925.56,4203006.5
576925.4,4203007.0
576925.2,4203007.5
576925.06,4203008.0
576924.9,4203008.5
576924.7,4203009.0
576924.5,4203009.5
576924.4,4203010.0
576924.2,4203010.5
576924.0,4203011.0
576923.9,4203011.5
576923.7,4203012.0
576923.5,4203012.5
576923.3,4203013.0
576923.2,4203013.5
576923.0,4203014.0
576922.8,4203014.5
576922.6,4203015.0
576922.5,4203015.5
576922.3,4203016.0
576922.1,4203016.5
576921.9,4203017.0
576921.7,4203017.5
576921.5,4203018.5
576921.25,4203019.0
576921.06,4203019.5
576920.8,4203020.0
576920.6,4203021.0
576920.44,4203021.5
576920.2,4203022.0
576920.0,4203022.5
576919.8,4203023.0
576919.56,4203024.0
576919.4,4203024.5
576919.1,4203025.0
576918.9,4203026.0
576918.7,4203026.5
576918.44,4203027.5
576918.2,4203028.0
576917.94,4203028.5
576917.75,4203029.5
576917.5,4203030.0
576917.25,4203030.5
576917.06,4203031.5
576916.8,4203032.0
576916.56,4203033.0
576916.3,4203033.5
576916.1,4203034.0
576915.9,4203035.0
576915.6,4203035.5
576915.44,4203036.5
576915.2,4203037.0
576914.94,4203037.5
576914.7,4203038.5
576914.5,4203039.0
576914.25,4203039.5
576914.0,4203040.5
576913.8,4203041.0
576913.5,4203042.0
576913.25,4203042.5
576913.0,4203043.5
576912.75,4203044.0
576912.44,4203045.0
576912.2,4203045.5
576911.94,4203046.5
576911.7,4203047.5
576911.4,4203048.0
576911.1,4203049.0
576910.8,4203049.5
576910.56,4203050.5
576910.3,4203051.5
576910.0,4203052.0
576909.75,4203053.0
576909.44,4203054.0
576909.2,4203054.5
576908.94,4203055.5
576908.6,4203056.5
576908.4,4203057.0
576908.06,4203058.0
576907.8,4203058.5
576907.56,4203059.5
576907.25,4203060.5
576907.0,4203061.0
576906.7,4203062.0
576905.9,4203064.5
576905.6,4203065.5
576905.3,4203066.0
576905.06,4203067.0
576904.75,4203068.0
576904.5,4203068.5
576904.2,4203069.5
576903.9,4203070.5
576903.6,4203071.5
576903.06,4203073.0
576902.75,4203074.0
576902.5,4203074.5
576902.2,4203075.5
576901.9,4203076.5
576901.6,4203077.5
576901.3,4203078.0
576901.06,4203079.0
576900.75,4203080.0
576900.5,4203081.0
576900.2,4203081.5
576899.9,4203082.5
576899.6,4203083.5
576899.3,4203084.0
576899.06,4203085.0
576898.75,4203086.0
576898.5,4203087.0
576898.2,4203087.5
576897.94,4203088.5
576897.6,4203089.5
576897.3,4203090.5
576897.06,4203091.0
576896.75,4203092.0
576896.5,4203093.0
576896.2,4203093.5
576895.94,4203094.5
576895.7,4203095.5
576895.4,4203096.0
576895.1,4203097.0
576894.8,4203098.0
576894.56,4203098.5
576894.3,4203099.5
576894.0,4203100.5
576893.75,4203101.5
576893.5,4203102.0
576893.2,4203103.0
576892.94,4203104.0
576892.7,4203104.5
576892.4,4203105.5
576892.1,4203106.5
576891.8,4203107.0
576891.56,4203108.0
576891.3,4203109.0
576891.0,4203109.5
576890.75,4203110.5
576890.5,4203111.5
576890.2,4203112.0
576889.94,4203113.0
576889.7,4203114.0
576889.4,4203114.5
576889.1,4203115.5
576888.8,4203116.5
576888.56,4203117.0
576888.3,4203118.0
576888.0,4203119.0
576887.75,4203119.5
576887.5,4203120.5
576887.2,4203121.5
576886.94,4203122.0
576886.7,4203123.0
576886.44,4203124.0
576886.2,4203124.5
576885.94,4203125.5
576885.7,4203126.0
576885.44,4203127.0
576885.2,4203128.0
576884.94,4203128.5
576884.6,4203129.5
576884.4,4203130.0
576884.1,4203131.0
576883.9,4203132.0
576883.6,4203132.5
576883.4,4203133.5
576883.1,4203134.0
576882.9,4203135.0
576882.6,4203136.0
576882.4,4203136.5
576882.06,4203137.5
576881.8,4203138.5
576881.56,4203139.0
576881.3,4203140.0
576881.06,4203140.5
576880.8,4203141.5
576880.56,4203142.5
576880.3,4203143.0
576880.06,4203144.0
576879.8,4203144.5
576879.5,4203145.5
576879.25,4203146.5
576879.0,4203147.0
576878.75,4203148.0
576878.5,4203148.5
576878.25,4203149.5
576878.0,4203150.5
576877.75,4203151.0
576877.5,4203152.0
576877.25,4203152.5
576877.0,4203153.5
576876.75,4203154.5
576876.5,4203155.0
576876.25,4203156.0
576876.0,4203156.5
576875.75,4203157.5
576875.5,4203158.5
576875.25,4203159.0
576875.0,4203160.0
576874.7,4203160.5
576874.44,4203161.5
576874.2,4203162.0
576873.94,4203163.0
576873.7,4203164.0
576873.44,4203164.5
576873.2,4203165.5
576872.94,4203166.0
576872.7,4203167.0
576872.44,4203168.0
576872.2,4203168.5
576871.94,4203169.5
576871.7,4203170.0
576871.44,4203171.0
576871.2,4203172.0
576870.94,4203172.5
576870.7,4203173.5
576870.44,4203174.0
576870.2,4203175.0
576869.94,4203176.0
576869.6,4203176.5
576869.4,4203177.5
576869.1,4203178.0
576868.9,4203179.0
576868.6,4203180.0
576868.4,4203180.5
576868.06,4203181.5
576867.8,4203182.5
576867.56,4203183.0
576867.3,4203184.0
576867.06,4203184.5
576866.75,4203185.5
576866.5,4203186.5
576866.25,4203187.0
576866.0,4203188.0
576865.75,4203189.0
576865.44,4203189.5
576865.2,4203190.5
576864.94,4203191.5
576864.7,4203192.0
576864.44,4203193.0
576864.1,4203193.5
576863.9,4203194.5
576863.6,4203195.5
576863.4,4203196.0
576863.1,4203197.0
576862.8,4203198.0
576862.56,4203198.5
576862.3,4203199.5
576862.06,4203200.5
576861.8,4203201.0
576861.5,4203202.0
576861.25,4203202.5
576861.0,4203203.5
576860.75,4203204.5
576860.44,4203205.0
576860.2,4203206.0
576859.94,4203207.0
576859.7,4203207.5
576859.4,4203208.5
576859.1,4203209.5
576858.9,4203210.0
576858.56,4203211.0
576858.3,4203212.0
576858.06,4203212.5
576857.8,4203213.5
576857.5,4203214.5
576857.25,4203215.0
576857.0,4203216.0
576856.75,4203217.0
576856.44,4203217.5
576856.2,4203218.5
576855.94,4203219.5
576855.6,4203220.0
576855.4,4203221.0
576855.1,4203222.0
576854.9,4203222.5
576854.56,4203223.5
576854.3,4203224.5
576854.06,4203225.0
576853.8,4203226.0
576853.5,4203226.5
576853.25,4203227.5
576853.0,4203228.5
576852.7,4203229.0
576852.44,4203230.0
576852.2,4203231.0
576851.94,4203231.5
576851.7,4203232.5
576851.4,4203233.5
576851.1,4203234.0
576850.9,4203235.0
576850.6,4203236.0
576850.4,4203236.5
576850.1,4203237.5
576849.8,4203238.0
576849.56,4203239.0
576849.3,4203240.0
576849.06,4203240.5
576848.8,4203241.5
576848.56,4203242.5
576848.25,4203243.0
576848.0,4203244.0
576847.75,4203244.5
576847.5,4203245.5
576847.25,4203246.5
576846.94,4203247.0
576846.7,4203248.0
576846.44,4203249.0
576846.2,4203249.5
576845.94,4203250.5
576845.7,4203251.0
576845.4,4203252.0
576845.1,4203253.0
576844.9,4203253.5
576844.6,4203254.5
576844.4,4203255.5
576844.1,4203256.0
576843.8,4203257.0
576843.56,4203257.5
576843.3,4203258.5
576843.06,4203259.0
576842.8,4203260.0
576842.56,4203261.0
576842.25,4203261.5
576842.0,4203262.5
576841.75,4203263.0
576841.5,4203264.0
576841.25,4203264.5
576841.0,4203265.5
576840.7,4203266.0
576840.44,4203267.0
576840.2,4203267.5
576839.94,4203268.5
576839.7,4203269.5
576839.44,4203270.0
576839.1,4203271.0
576838.9,4203271.5
576838.6,4203272.5
576838.4,4203273.0
576838.1,4203274.0
576837.9,4203274.5
576837.56,4203275.5
576837.3,4203276.0
576837.06,4203277.0
576836.8,4203278.0
576836.56,4203278.5
576836.3,4203279.5
576836.0,4203280.0
576835.75,4203281.0
576835.5,4203281.5
576835.25,4203282.5
576835.0,4203283.0
576834.75,4203284.0
576834.5,4203284.5
576834.2,4203285.5
576834.0,4203286.0
576833.75,4203287.0
576833.5,4203287.5
576833.25,4203288.5
576833.0,4203289.0
576832.75,4203290.0
576832.5,4203290.5
576832.25,4203291.0
576832.0,4203292.0
576831.75,4203292.5
576831.5,4203293.5
576831.25,4203294.0
576831.0,4203295.0
576830.75,4203295.5
576830.56,4203296.0
576830.3,4203297.0
576830.06,4203297.5
576829.8,4203298.5
576829.56,4203299.0
576829.3,4203300.0
576829.06,4203300.5
576828.8,4203301.0
576828.56,4203302.0
576828.3,4203302.5
576828.06,4203303.5
576827.8,4203304.0
576827.56,4203305.0
576827.3,4203305.5
576827.1,4203306.5
576826.9,4203307.0
576826.6,4203307.5
576826.4,4203308.5
576826.1,4203309.0
576825.9,4203310.0
576825.6,4203310.5
576825.4,4203311.5
576825.1,4203312.0
576824.9,4203312.5
576824.6,4203313.5
576824.44,4203314.0
576824.2,4203315.0
576823.94,4203315.5
576823.7,4203316.0
576823.44,4203317.0
576823.25,4203317.5
576823.0,4203318.0
576822.75,4203319.0
576822.5,4203319.5
576822.25,4203320.0
576822.0,4203321.0
576821.8,4203321.5
576821.56,4203322.5
576821.3,4203323.0
576821.06,4203323.5
576820.8,4203324.5
576820.6,4203325.0
576820.4,4203325.5
576820.1,4203326.5
576819.9,4203327.0
576819.6,4203328.0
576819.4,4203328.5
576819.2,4203329.0
576818.94,4203330.0
576818.7,4203330.5
576818.44,4203331.0
576818.2,4203332.0
576818.0,4203332.5
576817.75,4203333.5
576817.5,4203334.0
576817.25,4203334.5
576817.0,4203335.5
576816.75,4203336.0
576816.56,4203336.5
576816.3,4203337.5
576816.06,4203338.0
576815.8,4203339.0
576815.56,4203339.5
576815.3,4203340.0
576815.06,4203341.0
576814.8,4203341.5
576814.56,4203342.5
576814.25,4203343.0
576814.0,4203343.5
576813.75,4203344.5
576813.5,4203345.0
576813.25,4203346.0
576813.0,4203346.5
576812.75,4203347.0
576812.44,4203348.0
576812.2,4203348.5
576811.94,4203349.5
576811.7,4203350.0
576811.44,4203351.0
576811.2,4203351.5
576810.9,4203352.0
576810.6,4203353.0
576810.4,4203353.5
576810.1,4203354.5
576809.9,4203355.0
576809.6,4203355.5
576809.3,4203356.5
576809.06,4203357.0
576808.8,4203358.0
576808.56,4203358.5
576808.3,4203359.0
576808.06,4203360.0
576807.75,4203360.5
576807.5,4203361.5
576807.25,4203362.0
576805.94,4203365.5
576805.7,4203366.5
576805.4,4203367.0
576805.1,4203368.0
576804.8,4203368.5
576804.5,4203369.5
576804.2,4203370.0
576803.94,4203371.0
576803.3,4203372.5
576803.06,4203373.5
576802.75,4203374.0
576802.44,4203375.0
576802.1,4203375.5
576801.9,4203376.5
576801.56,4203377.5
576801.25,4203378.0
576800.94,4203379.0
576800.7,4203379.5
576800.4,4203380.5
576800.06,4203381.0
576799.8,4203382.0
576799.5,4203383.0
576799.2,4203383.5
576798.9,4203384.5
576798.6,4203385.0
576798.3,4203386.0
576798.0,4203386.5
576797.7,4203387.5
576797.44,4203388.5
576797.1,4203389.0
576796.8,4203390.0
576796.56,4203390.5
576796.25,4203391.5
576795.94,4203392.0
576795.6,4203393.0
576795.3,4203394.0
576795.0,4203394.5
576794.7,4203395.5
576794.4,4203396.5
576794.06,4203397.0
576793.7,4203398.0
576793.06,4203399.5
576792.75,4203400.5
576792.44,4203401.5
576792.1,4203402.5
576791.75,4203403.0
576791.44,4203404.0
576791.1,4203405.0
576790.8,4203405.5
576790.5,4203406.5
576790.1,4203407.5
576789.8,4203408.0
576789.5,4203409.0
576789.2,4203410.0
576788.9,4203411.0
576788.5,4203411.5
576788.2,4203412.5
576787.9,4203413.5
576787.56,4203414.0
576787.25,4203415.0
576786.94,4203416.0
576786.56,4203416.5
576786.25,4203417.5
576785.94,4203418.5
576785.6,4203419.0
576785.3,4203420.0
576784.94,4203421.0
576784.56,4203422.0
576784.2,4203423.0
576783.8,4203424.0
576783.44,4203425.0
576783.06,4203426.0
576782.75,4203427.0
576782.4,4203428.0
576782.0,4203429.0
576781.6,4203430.0
576781.25,4203431.0
576780.9,4203432.0
576780.5,4203433.0
576780.1,4203434.0
576779.75,4203435.0
576779.44,4203436.0
576779.06,4203437.0
576778.7,4203438.0
576778.3,4203438.5
576777.94,4203439.5
576777.56,4203440.5
576777.2,4203441.5
576776.8,4203442.5
576776.44,4203443.5
576776.1,4203444.5
576775.75,4203445.5
576775.4,4203446.5
576774.94,4203447.5
576774.5,4203449.0
576774.06,4203450.0
576773.6,4203451.5
576773.2,4203452.5
576772.75,4203454.0
576772.3,4203455.0
576771.9,4203456.0
576771.44,4203457.5
576771.0,4203458.5
576770.56,4203460.0
576770.1,4203461.0
576769.7,4203462.5
576769.25,4203463.5
576768.8,4203465.0
576768.4,4203466.0
576767.94,4203467.0
576767.5,4203468.5
576767.06,4203469.5
576766.6,4203471.0
576766.1,4203472.0
576765.7,4203473.5
576765.25,4203474.5
576764.8,4203476.0
576764.4,4203477.0
576763.94,4203478.5
576763.44,4203479.5
576763.0,4203481.0
576762.56,4203482.0
576762.06,4203483.5
576761.6,4203484.5
576761.2,4203486.0
576760.75,4203487.5
576760.25,4203488.5
576759.8,4203490.0
576759.4,4203491.0
576758.94,4203492.5
576758.44,4203493.5
576758.0,4203495.0
576757.56,4203496.0
576757.1,4203497.5
576756.6,4203498.5
576755.75,4203501.0
576755.25,4203502.5
576754.8,4203503.5
576754.4,4203505.0
576753.9,4203506.0
576753.44,4203507.5
576753.0,4203508.5
576752.56,4203510.0
576752.06,4203511.0
576751.6,4203512.5
576751.2,4203513.5
576750.7,4203515.0
576750.25,4203516.0
576749.8,4203517.5
576749.3,4203518.5
576748.9,4203520.0
576748.44,4203521.0
576747.94,4203522.5
576747.5,4203523.5
576747.06,4203525.0
576746.56,4203526.0
576746.1,4203527.5
576745.7,4203528.5
576745.2,4203530.0
576744.7,4203531.5
576744.2,4203532.5
576743.7,4203534.0
576743.2,4203535.5
576742.7,4203537.0
576742.1,4203538.0
576741.6,4203539.5
576741.1,4203541.0
576740.6,4203542.0
576740.1,4203543.5
576739.6,4203545.0
576739.1,4203546.5
576738.6,4203547.5
576738.1,4203549.0
576737.6,4203550.5
576737.1,4203551.5
576736.56,4203553.0
576736.06,4203554.5
576735.56,4203556.0
576735.1,4203557.0
576734.6,4203558.5
576734.1,4203559.5
576733.7,4203561.0
576733.2,4203562.0
576732.7,4203563.5
576732.2,4203564.5
576731.75,4203566.0
576731.25,4203567.0
576730.75,4203568.5
576730.3,4203569.5
576729.8,4203571.0
576729.3,4203572.0
576728.9,4203573.5
576728.4,4203574.5
576727.9,4203576.0
576727.44,4203577.0
576726.94,4203578.5
576726.44,4203579.5
576726.0,4203581.0
576725.5,4203582.0
576725.0,4203583.5
576724.56,4203584.5
576724.1,4203586.0
576723.7,4203587.0
576723.25,4203588.0
576722.8,4203589.5
576722.3,4203590.5
576721.9,4203591.5
576721.44,4203593.0
576721.0,4203594.0
576720.56,4203595.5
576720.06,4203596.5
576719.6,4203597.5
576719.2,4203599.0
576718.3,4203601.0
576717.8,4203602.5
576717.4,4203603.5
576716.94,4203605.0
576716.5,4203606.0
576716.06,4203607.0
576715.56,4203608.5
576715.1,4203609.5
576714.7,4203610.5
576714.25,4203612.0
576713.9,4203613.0
576713.44,4203614.0
576713.0,4203615.0
576712.56,4203616.5
576712.2,4203617.5
576711.75,4203618.5
576711.3,4203620.0
576710.9,4203621.0
576710.5,4203622.0
576710.06,4203623.0
576709.6,4203624.5
576709.2,4203625.5
576708.8,4203626.5
576708.4,4203628.0
576707.94,4203629.0
576707.5,4203630.0
576707.1,4203631.0
576706.7,4203632.5
576706.25,4203633.5
576705.8,4203634.5
576705.44,4203636.0
576705.0,4203637.0
576704.56,4203638.0
576704.2,4203639.0
576703.75,4203640.0
576703.4,4203641.5
576702.94,4203642.5
576702.56,4203643.5
576702.1,4203644.5
576701.75,4203645.5
576701.3,4203646.5
576700.94,4203647.5
576700.56,4203649.0
576700.1,4203650.0
576699.7,4203651.0
576699.3,4203652.0
576698.9,4203653.5
576698.44,4203654.5
576698.0,4203655.5
576697.56,4203657.0
576697.1,4203658.0
576696.7,4203659.0
576696.3,4203660.5
576695.9,4203661.5
576695.44,4203662.5
576695.0,4203664.0
576694.56,4203665.0
576694.1,4203666.0
576693.75,4203667.5
576693.3,4203668.5
576692.9,4203669.5
576692.44,4203671.0
576692.0,4203672.0
576691.56,4203673.0
574387.06,4199348.5
574387.0,4199348.5
574386.94,4199348.5
574386.9,4199348.5
574386.8,4199348.5
574386.75,4199348.5
574386.7,4199348.5
574386.6,4199348.5
574386.56,4199348.5
574386.5,4199348.5
574386.44,4199348.5
574386.4,4199348.5
574386.3,4199348.5
574386.3,4199348.0
574386.25,4199348.0
574386.2,4199348.0
574386.1,4199348.0
574386.06,4199348.0
574386.0,4199348.0
574385.94,4199348.0
574385.9,4199348.0
574385.8,4199348.0
574385.75,4199348.0
574385.7,4199348.0
574385.6,4199348.0
574385.56,4199348.0
574385.56,4199347.5
574385.5,4199347.5
574385.44,4199347.5
574385.4,4199347.5
574385.3,4199347.5
574385.25,4199347.5
574385.2,4199347.5
574385.1,4199347.5
574385.06,4199347.5
574385.06,4199347.0
574385.0,4199347.0
574384.94,4199347.0
574384.9,4199347.0
574384.8,4199347.0
574384.75,4199347.0
574384.7,4199347.0
574384.6,4199347.0
574384.56,4199347.0
574384.56,4199346.5
574384.5,4199346.5
574384.44,4199346.5
574384.4,4199346.5
574384.3,4199346.5
574384.25,4199346.5
574384.2,4199346.5
574384.2,4199346.0
574384.1,4199346.0
574384.06,4199346.0
574384.0,4199346.0
574383.94,4199346.0
574383.9,4199346.0
574383.8,4199346.0
574383.75,4199346.0
574383.7,4199346.0
574383.6,4199346.0
574383.6,4199345.5
574383.56,4199345.5
574383.5,4199345.5
574383.44,4199345.5
574383.4,4199345.5
574383.3,4199345.5
574383.25,4199345.5
574383.2,4199345.5
574383.1,4199345.5
574383.06,4199345.5
574383.4,4199346.0
574383.44,4199346.0
574383.5,4199346.0
574383.56,4199346.0
574384.25,4199346.0
574384.3,4199346.0
574384.4,4199346.0
574384.44,4199346.0
574384.5,4199346.0
574384.56,4199346.0
574384.6,4199346.0
574384.7,4199346.0
574384.75,4199346.0
574384.8,4199346.0
574384.9,4199346.0
574384.94,4199346.0
574385.0,4199346.5
574385.06,4199346.5
574385.1,4199346.5
574385.2,4199346.5
574385.25,4199346.5
574385.25,4199347.0
574385.3,4199347.0
574385.4,4199348.0
574385.44,4199348.0
574385.44,4199348.5
574385.44,4199349.0
574385.4,4199349.0
574385.4,4199349.5
574385.3,4199349.5
574385.25,4199349.5
574385.25,4199350.0
574385.2,4199350.0
574385.1,4199350.0
574385.06,4199350.0
574385.06,4199350.5
574385.0,4199350.5
574384.94,4199350.5
574384.9,4199350.5
574384.8,4199350.5
574384.75,4199350.5
574384.7,4199350.5
574384.6,4199350.5
574384.56,4199350.5
574384.5,4199350.5
574384.44,4199350.5
574384.4,4199350.5
574384.3,4199350.5
574384.25,4199350.5
574384.2,4199350.5
574384.1,4199350.5
574384.06,4199350.5
574384.0,4199350.5
574383.94,4199350.5
574383.9,4199350.5
574383.8,4199350.5
574383.8,4199350.0
574383.75,4199350.0
574383.7,4199350.0
574383.6,4199350.0
574383.56,4199350.0
574383.5,4199350.0
574383.44,4199350.0
574383.44,4199349.5
574383.4,4199349.5
574383.3,4199349.5
574383.25,4199349.5
574383.2,4199349.5
574383.1,4199349.5
574383.1,4199349.0
574383.06,4199349.0
574383.0,4199349.0
574382.94,4199349.0
574382.9,4199349.0
574382.8,4199349.0
574382.75,4199349.0
574382.75,4199348.5
574382.7,4199348.5
574382.6,4199348.5
574382.56,4199348.5
574382.5,4199348.5
574382.5,4199348.0
574382.44,4199348.0
574382.4,4199348.0
574382.3,4199348.0
574382.25,4199348.0
574382.25,4199347.5
574382.2,4199347.5
574382.1,4199347.5
574382.06,4199347.5
574382.0,4199347.5
574381.94,4199347.5
574381.9,4199347.5
574381.9,4199347.0
574381.8,4199347.0
574381.75,4199347.0
574381.7,4199347.0
574381.6,4199347.0
574381.56,4199347.0
574381.5,4199347.0
574381.44,4199347.0
574381.44,4199346.5
574381.4,4199346.5
574381.3,4199346.5
574381.25,4199346.5
574381.2,4199346.5
574381.1,4199346.5
574381.06,4199346.5
574381.0,4199346.5
574380.94,4199346.5
574380.94,4199346.0
574380.9,4199346.0
574380.8,4199346.0
574380.75,4199346.0
574380.7,4199346.0
574380.6,4199346.0
574380.56,4199346.0
574380.5,4199346.0
574380.44,4199345.5
574380.4,4199345.5
574380.3,4199345.5
574380.25,4199345.5
574380.25,4199345.0
574380.2,4199345.0
574380.3,4199345.0
574380.3,4199344.5
574380.4,4199344.5
574380.44,4199344.5
574380.5,4199344.5
574380.56,4199344.5
574380.6,4199344.5
574380.7,4199344.5
574380.75,4199344.5
574380.8,4199344.5
574380.9,4199344.5
574380.94,4199344.5
574381.0,4199344.5
574381.0,4199345.0
574381.06,4199345.0
574381.1,4199345.0
574381.2,4199345.0
574381.25,4199345.0
574381.25,4199345.5
574381.3,4199345.5
574381.4,4199345.5
574381.4,4199346.0
574381.44,4199346.0
574381.5,4199346.0
574381.56,4199346.0
574381.6,4199346.0
574381.6,4199346.5
574381.7,4199346.5
574381.75,4199346.5
574381.8,4199346.5
574381.9,4199346.5
574381.94,4199346.5
574382.0,4199346.5
574382.0,4199347.0
574382.06,4199347.0
574382.1,4199347.0
574382.2,4199347.0
574382.25,4199347.0
574382.3,4199347.0
574382.4,4199347.0
574382.44,4199347.0
574382.5,4199347.0
574382.56,4199347.5
574382.6,4199347.5
574382.7,4199347.5
574382.75,4199347.5
574382.8,4199347.5
574382.9,4199347.5
574382.94,4199347.5
574383.0,4199347.5
574383.06,4199347.5
574383.1,4199347.5
574383.2,4199348.0
574383.25,4199348.0
574383.3,4199348.0
574383.4,4199348.0
574383.44,4199348.0
574383.5,4199348.0
574383.56,4199348.0
574383.6,4199348.0
574383.7,4199348.0
574383.75,4199348.0
574383.8,4199348.0
574383.9,4199348.0
574383.94,4199348.0
574384.0,4199348.0
574384.06,4199348.0
574384.06,4199348.5
574384.1,4199348.5
574384.2,4199348.5
574384.25,4199348.5
574384.3,4199348.5
574384.4,4199348.5
574384.44,4199348.5
574384.5,4199348.5
574384.56,4199348.5
574384.6,4199348.5
574384.7,4199348.5
574384.75,4199348.5
574384.8,4199348.5
574384.9,4199348.5
574384.94,4199348.5
574385.0,4199348.5
574385.06,4199348.5
574385.1,4199348.5
574385.2,4199348.5
574385.2,4199349.0
574385.25,4199349.0
574385.3,4199349.0
574385.5,4199349.0
574385.56,4199349.0
574385.6,4199349.0
574385.7,4199349.0
574385.75,4199349.0
574385.8,4199349.0
574385.9,4199349.0
574385.94,4199349.0
574386.0,4199349.0
574386.06,4199349.0
574386.1,4199349.0
574386.2,4199349.0
574386.25,4199349.0
574386.3,4199349.0
574386.4,4199349.0
574386.44,4199349.0
574386.5,4199349.0
574386.56,4199349.0
574386.6,4199349.0
574386.7,4199349.0
574386.75,4199349.0
574386.8,4199349.0
574386.9,4199349.0
574386.94,4199349.0
574386.94,4199349.5
574387.0,4199349.5
574387.06,4199349.5
574387.1,4199349.5
574387.2,4199349.5
574387.25,4199349.5
574387.3,4199349.5
574387.4,4199349.5
574387.44,4199349.5
574387.5,4199349.5
574387.56,4199349.5
574387.6,4199349.5
574387.7,4199349.5
574387.75,4199349.5
574387.8,4199349.5
574387.9,4199349.5
574387.94,4199349.5
574388.0,4199349.5
574388.06,4199349.5
574388.1,4199349.5
574388.2,4199349.5
574388.25,4199349.5
574388.3,4199349.5
574388.4,4199349.5
574388.44,4199349.5
574388.5,4199349.5
574388.56,4199349.5
574388.6,4199349.5
574388.7,4199349.5
574388.75,4199349.5
574388.8,4199349.5
574388.9,4199349.5
574388.94,4199349.5
574389.0,4199349.5
574389.06,4199349.5
574389.1,4199349.5
574389.2,4199349.5
574389.25,4199349.5
574389.3,4199349.5
574389.4,4199349.5
574389.44,4199349.5
574389.5,4199349.5
574389.56,4199349.5
574389.56,4199350.0
574389.6,4199350.0
574389.7,4199350.0
574389.75,4199350.0
574389.8,4199350.0
574389.9,4199350.0
574389.94,4199350.0
574390.0,4199350.0
574390.06,4199350.0
574390.1,4199350.0
574390.2,4199350.0
574390.25,4199350.0
574390.3,4199350.0
574390.4,4199350.0
574390.44,4199350.0
574390.44,4199350.5
574390.5,4199350.5
574390.56,4199350.5
574390.6,4199350.5
574390.7,4199350.5
574390.75,4199350.5
574390.8,4199350.5
574390.9,4199350.5
574390.94,4199350.5
574391.0,4199350.5
574391.06,4199350.5
574391.1,4199350.5
574391.2,4199350.5
574391.2,4199351.0
574391.25,4199351.0
574391.3,4199351.0
574391.4,4199351.0
574391.44,4199351.0
574391.5,4199351.0
574391.56,4199351.0
574391.6,4199351.0
574391.7,4199351.0
574391.75,4199351.0
574391.8,4199351.0
574391.8,4199351.5
574391.9,4199351.5
574391.94,4199351.5
574392.0,4199351.5
574392.06,4199351.5
574392.1,4199351.5
574392.2,4199351.5
574392.25,4199351.5
574392.3,4199351.5
574392.4,4199351.5
574392.44,4199351.5
574392.5,4199351.5
574392.5,4199352.0
574392.56,4199352.0
574392.6,4199352.0
574392.7,4199352.0
574392.75,4199352.0
574392.8,4199352.0
574392.9,4199352.0
574392.94,4199352.0
574393.0,4199352.0
574393.06,4199352.0
574393.1,4199352.0
574393.1,4199352.5
574393.2,4199352.5
574393.25,4199352.5
574393.3,4199352.5
574393.4,4199352.5
574393.44,4199352.5
574393.5,4199352.5
574393.56,4199352.5
574393.6,4199352.5
574393.7,4199352.5
574393.75,4199352.5
574393.75,4199353.0
574393.8,4199353.0
574393.9,4199353.0
574393.94,4199353.0
574394.0,4199353.0
574394.06,4199353.0
574394.1,4199353.0
574394.2,4199353.0
574394.25,4199353.0
574394.3,4199353.0
574394.4,4199353.0
574394.4,4199353.5
574394.44,4199353.5
574394.5,4199353.5
574394.56,4199353.5
574394.6,4199353.5
574394.7,4199353.5
574394.75,4199353.5
574394.8,4199353.5
574394.9,4199353.5
574394.94,4199353.5
574395.0,4199353.5
574395.0,4199354.0
574395.06,4199354.0
574395.1,4199354.0
574395.2,4199354.0
574395.25,4199354.0
574395.3,4199354.0
574395.4,4199354.0
574395.44,4199354.0
574395.5,4199354.0
574395.56,4199354.0
574395.6,4199354.0
574395.6,4199354.5
574395.7,4199354.5
574395.75,4199354.5
574395.8,4199354.5
574395.9,4199354.5
574395.94,4199354.5
574396.0,4199354.5
574396.06,4199354.5
574396.1,4199354.5
574396.2,4199354.5
574396.25,4199354.5
574396.3,4199354.5
574396.3,4199355.0
574396.4,4199355.0
574396.44,4199355.0
574396.5,4199355.0
574396.56,4199355.0
574396.6,4199355.0
574396.7,4199355.0
574396.75,4199355.0
574396.8,4199355.0
574396.9,4199355.0
574396.94,4199355.0
574397.0,4199355.0
574397.06,4199355.0
574397.06,4199355.5
574397.1,4199355.5
574397.2,4199355.5
574397.25,4199355.5
574397.3,4199355.5
574397.4,4199355.5
574397.44,4199355.5
574397.5,4199355.5
574397.56,4199355.5
574397.6,4199355.5
574397.7,4199355.5
574397.75,4199355.5
574397.8,4199355.5
574397.8,4199356.0
574397.9,4199356.0
574397.94,4199356.0
574398.0,4199356.0
574398.06,4199356.0
574398.1,4199356.0
574398.2,4199356.0
574398.25,4199356.0
574398.3,4199356.0
574398.4,4199356.0
574398.44,4199356.0
574398.5,4199356.0
574398.56,4199356.0
574398.6,4199356.0
574398.7,4199356.0
574398.75,4199356.0
574398.75,4199356.5
574398.8,4199356.5
574398.9,4199356.5
574398.94,4199356.5
574399.0,4199356.5
574399.06,4199356.5
574399.1,4199356.5
574399.2,4199356.5
574399.25,4199356.5
574399.3,4199356.5
574399.4,4199356.5
574399.44,4199356.5
574399.5,4199356.5
574399.56,4199356.5
574399.6,4199356.5
574399.7,4199356.5
574399.75,4199356.5
574399.75,4199357.0
574399.8,4199357.0
574399.9,4199357.0
574399.94,4199357.0
574400.0,4199357.0
574400.06,4199357.0
574400.1,4199357.0
574400.2,4199357.0
574400.25,4199357.0
574400.3,4199357.0
574400.4,4199357.0
574400.44,4199357.0
574400.5,4199357.0
574400.56,4199357.0
574400.6,4199357.0
574400.7,4199357.0
574400.75,4199357.0
574400.8,4199357.0
574400.8,4199357.5
574400.9,4199357.5
574400.94,4199357.5
574401.0,4199357.5
574401.06,4199357.5
574401.1,4199357.5
574401.2,4199357.5
574401.25,4199357.5
574401.3,4199357.5
574401.4,4199357.5
574401.44,4199357.5
574401.5,4199357.5
574401.56,4199357.5
574401.6,4199357.5
574401.7,4199357.5
574401.75,4199357.5
574401.8,4199357.5
574401.8,4199358.0
574401.9,4199358.0
574401.94,4199358.0
574402.0,4199358.0
574402.06,4199358.0
574402.1,4199358.0
574402.2,4199358.0
574402.25,4199358.0
574402.3,4199358.0
574402.4,4199358.0
574402.44,4199358.0
574402.5,4199358.0
574402.56,4199358.0
574402.6,4199358.0
574402.7,4199358.0
574402.75,4199358.0
574402.8,4199358.0
574402.8,4199358.5
574402.9,4199358.5
574402.94,4199358.5
574403.0,4199358.5
574403.06,4199358.5
574403.1,4199358.5
574403.2,4199358.5
574403.25,4199358.5
574403.3,4199358.5
574403.4,4199358.5
574403.44,4199358.5
574403.5,4199358.5
574403.56,4199358.5
574403.6,4199358.5
574403.7,4199358.5
574403.7,4199359.0
574403.75,4199359.0
574403.8,4199359.0
574403.9,4199359.0
574403.94,4199359.0
574404.0,4199359.0
574404.06,4199359.0
574404.1,4199359.0
574404.2,4199359.0
574404.25,4199359.0
574404.3,4199359.0
574404.4,4199359.0
574404.44,4199359.0
574404.5,4199359.0
574404.56,4199359.0
574404.56,4199359.5
574404.6,4199359.5
574404.7,4199359.5
574404.75,4199359.5
574404.8,4199359.5
574404.9,4199359.5
574404.94,4199359.5
574405.0,4199359.5
574405.06,4199359.5
574405.1,4199359.5
574405.2,4199359.5
574405.25,4199359.5
574405.3,4199359.5
574405.4,4199359.5
574405.44,4199359.5
574405.44,4199360.0
574405.5,4199360.0
574405.56,4199360.0
574405.6,4199360.0
574405.7,4199360.0
574405.75,4199360.0
574405.8,4199360.0
574405.9,4199360.0
574405.94,4199360.0
574406.0,4199360.0
574406.06,4199360.0
574406.1,4199360.0
574406.2,4199360.0
574406.25,4199360.0
574406.3,4199360.0
574406.4,4199360.0
574406.4,4199360.5
574406.44,4199360.5
574406.5,4199360.5
574406.56,4199360.5
574406.6,4199360.5
574406.7,4199360.5
574406.75,4199360.5
574406.8,4199360.5
574406.9,4199360.5
574406.94,4199360.5
574407.0,4199360.5
574407.06,4199360.5
574407.1,4199360.5
574407.2,4199360.5
574407.25,4199360.5
574407.3,4199360.5
574407.3,4199361.0
574407.4,4199361.0
574407.44,4199361.0
574407.5,4199361.0
574407.56,4199361.0
574407.6,4199361.0
574407.7,4199361.0
574407.75,4199361.0
574407.8,4199361.0
574407.9,4199361.0
574407.94,4199361.0
574408.0,4199361.0
574408.06,4199361.0
574408.1,4199361.0
574408.2,4199361.0
574408.25,4199361.0
574408.25,4199361.5
574408.3,4199361.5
574408.4,4199361.5
574408.44,4199361.5
574408.5,4199361.5
574408.56,4199361.5
574408.6,4199361.5
574408.7,4199361.5
574408.75,4199361.5
574408.8,4199361.5
574408.9,4199361.5
574408.94,4199361.5
574409.0,4199361.5
574409.06,4199361.5
574409.1,4199361.5
574409.2,4199361.5
574409.25,4199361.5
574409.25,4199362.0
574409.3,4199362.0
574409.4,4199362.0
574409.44,4199362.0
574409.5,4199362.0
574409.56,4199362.0
574409.6,4199362.0
574409.7,4199362.0
574409.75,4199362.0
574409.8,4199362.0
574409.9,4199362.0
574409.94,4199362.0
574410.0,4199362.0
574410.06,4199362.0
574410.1,4199362.0
574410.2,4199362.0
574410.2,4199362.5
574410.25,4199362.5
574410.3,4199362.5
574410.4,4199362.5
574410.44,4199362.5
574410.5,4199362.5
574410.56,4199362.5
574410.6,4199362.5
574410.7,4199362.5
574410.75,4199362.5
574410.8,4199362.5
574410.9,4199362.5
574410.94,4199362.5
574411.0,4199362.5
574411.06,4199362.5
574411.1,4199362.5
574411.2,4199363.0
574411.25,4199363.0
574411.3,4199363.0
574411.4,4199363.0
574411.44,4199363.0
574411.5,4199363.0
574411.56,4199363.0
574411.6,4199363.0
574411.7,4199363.0
574411.75,4199363.0
574411.8,4199363.0
574411.9,4199363.0
574411.94,4199363.0
574412.0,4199363.0
574412.06,4199363.0
574412.1,4199363.0
574412.1,4199363.5
574412.2,4199363.5
574412.25,4199363.5
574412.3,4199363.5
574412.4,4199363.5
574412.44,4199363.5
574412.5,4199363.5
574412.56,4199363.5
574412.6,4199363.5
574412.7,4199363.5
574412.75,4199363.5
574412.8,4199363.5
574412.9,4199363.5
574412.94,4199363.5
574413.0,4199363.5
574413.06,4199363.5
574413.1,4199363.5
574413.2,4199363.5
574413.2,4199364.0
574413.25,4199364.0
574413.3,4199364.0
574413.4,4199364.0
574413.44,4199364.0
574413.5,4199364.0
574413.56,4199364.0
574413.6,4199364.0
574413.7,4199364.0
574413.75,4199364.0
574413.8,4199364.0
574413.9,4199364.0
574413.94,4199364.0
574414.0,4199364.0
574414.06,4199364.0
574414.1,4199364.0
574414.2,4199364.0
574414.25,4199364.0
574414.3,4199364.0
574414.3,4199364.5
574414.4,4199364.5
574414.44,4199364.5
574414.5,4199364.5
574414.56,4199364.5
574414.6,4199364.5
574414.7,4199364.5
574414.75,4199364.5
574414.8,4199364.5
574414.9,4199364.5
574414.94,4199364.5
574415.0,4199364.5
574415.06,4199364.5
574415.1,4199364.5
574415.2,4199364.5
574415.25,4199364.5
574415.3,4199364.5
574415.4,4199364.5
574415.44,4199364.5
574415.5,4199364.5
574415.5,4199365.0
574415.56,4199365.0
574415.6,4199365.0
574415.7,4199365.0
574415.75,4199365.0
574415.8,4199365.0
574415.9,4199365.0
574415.94,4199365.0
574416.0,4199365.0
574416.06,4199365.0
574416.1,4199365.0
574416.2,4199365.0
574416.25,4199365.0
574416.3,4199365.0
574416.4,4199365.0
574416.44,4199365.0
574416.5,4199365.0
574416.56,4199365.0
574416.6,4199365.0
574416.7,4199365.0
574416.7,4199365.5
574416.75,4199365.5
574416.8,4199365.5
574416.9,4199365.5
574416.94,4199365.5
574417.0,4199365.5
574417.06,4199365.5
574417.1,4199365.5
574417.2,4199365.5
574417.25,4199365.5
574417.3,4199365.5
574417.4,4199365.5
574417.44,4199365.5
574417.5,4199365.5
574417.56,4199365.5
574417.6,4199365.5
574417.7,4199365.5
574417.75,4199365.5
574417.8,4199365.5
574417.8,4199366.0
574417.9,4199366.0
574417.94,4199366.0
574418.0,4199366.0
574418.06,4199366.0
574418.1,4199366.0
574418.2,4199366.0
574418.25,4199366.0
574418.3,4199366.0
574418.4,4199366.0
574418.44,4199366.0
574418.5,4199366.0
574418.56,4199366.0
574418.6,4199366.0
574418.7,4199366.0
574418.75,4199366.0
574418.8,4199366.0
574418.9,4199366.0
574418.94,4199366.0
574418.94,4199366.5
574419.0,4199366.5
574419.06,4199366.5
574419.1,4199366.5
574419.2,4199366.5
574419.25,4199366.5
574419.3,4199366.5
574419.4,4199366.5
574419.44,4199366.5
574419.5,4199366.5
574419.56,4199366.5
574419.6,4199366.5
574419.7,4199366.5
574419.75,4199366.5
574419.8,4199366.5
574419.9,4199366.5
574419.94,4199366.5
574420.0,4199366.5
574420.06,4199366.5
574420.1,4199366.5
574420.2,4199366.5
574420.2,4199367.0
574420.25,4199367.0
574420.3,4199367.0
574420.4,4199367.0
574420.44,4199367.0
574420.5,4199367.0
574420.56,4199367.0
574420.6,4199367.0
574420.7,4199367.0
574420.75,4199367.0
574420.8,4199367.0
574420.9,4199367.0
574420.94,4199367.0
574421.0,4199367.0
574421.06,4199367.0
574421.1,4199367.0
574421.2,4199367.0
574421.25,4199367.0
574421.3,4199367.0
574421.4,4199367.0
574421.44,4199367.0
574421.44,4199367.5
574421.5,4199367.5
574421.56,4199367.5
574421.6,4199367.5
574421.7,4199367.5
574421.75,4199367.5
574421.8,4199367.5
574421.9,4199367.5
574421.94,4199367.5
574422.0,4199367.5
574422.06,4199367.5
574422.1,4199367.5
574422.2,4199367.5
574422.25,4199367.5
574422.3,4199367.5
574422.4,4199367.5
574422.44,4199367.5
574422.5,4199367.5
574422.56,4199367.5
574422.6,4199367.5
574422.7,4199367.5
574422.7,4199368.0
574422.75,4199368.0
574422.8,4199368.0
574422.9,4199368.0
574422.94,4199368.0
574423.0,4199368.0
574423.06,4199368.0
574423.1,4199368.0
574423.2,4199368.0
574423.25,4199368.0
574423.3,4199368.0
574423.4,4199368.0
574423.44,4199368.0
574423.5,4199368.0
574423.56,4199368.0
574423.6,4199368.0
574423.7,4199368.0
574423.75,4199368.0
574423.75,4199368.5
574423.8,4199368.5
574423.9,4199368.5
574423.94,4199368.5
574424.0,4199368.5
574424.06,4199368.5
574424.1,4199368.5
574424.2,4199368.5
574424.25,4199368.5
574424.3,4199368.5
574424.4,4199368.5
574424.44,4199368.5
574424.5,4199368.5
574424.56,4199368.5
574424.6,4199368.5
574424.7,4199368.5
574424.7,4199369.0
574424.75,4199369.0
574424.8,4199369.0
574424.9,4199369.0
574424.94,4199369.0
574425.0,4199369.0
574425.06,4199369.0
574425.1,4199369.0
574425.2,4199369.0
574425.25,4199369.0
574425.3,4199369.0
574425.4,4199369.0
574425.44,4199369.0
574425.5,4199369.0
574425.56,4199369.0
574425.6,4199369.0
574425.6,4199369.5
574425.7,4199369.5
574425.75,4199369.5
574425.8,4199369.5
574425.9,4199369.5
574425.94,4199369.5
574426.0,4199369.5
574426.06,4199369.5
574426.1,4199369.5
574426.2,4199369.5
574426.25,4199369.5
574426.3,4199369.5
574426.4,4199369.5
574426.44,4199369.5
574426.44,4199370.0
574426.5,4199370.0
574426.56,4199370.0
574426.6,4199370.0
574426.7,4199370.0
574426.75,4199370.0
574426.8,4199370.0
574426.9,4199370.0
574426.94,4199370.0
574427.0,4199370.0
574427.06,4199370.0
574427.1,4199370.0
574427.2,4199370.0
574427.25,4199370.0
574427.25,4199370.5
574427.3,4199370.5
574427.4,4199370.5
574427.44,4199370.5
574427.5,4199370.5
574427.56,4199370.5
574427.6,4199370.5
574427.7,4199370.5
574427.75,4199370.5
574427.8,4199370.5
574427.9,4199370.5
574427.94,4199370.5
574428.0,4199370.5
574428.06,4199370.5
574428.06,4199371.0
574428.1,4199371.0
574428.2,4199371.0
574428.25,4199371.0
574428.3,4199371.0
574428.4,4199371.0
574428.44,4199371.0
574428.5,4199371.0
574428.56,4199371.0
574428.6,4199371.0
574428.7,4199371.0
574428.75,4199371.0
574428.8,4199371.0
574428.9,4199371.0
574428.9,4199371.5
574428.94,4199371.5
574429.0,4199371.5
574429.06,4199371.5
574429.1,4199371.5
574429.2,4199371.5
574429.25,4199371.5
574429.3,4199371.5
574429.4,4199371.5
574429.44,4199371.5
574429.5,4199371.5
574429.56,4199371.5
574429.6,4199371.5
574429.7,4199371.5
574429.7,4199372.0
574429.75,4199372.0
574429.8,4199372.0
574429.9,4199372.0
574429.94,4199372.0
574430.0,4199372.0
574430.06,4199372.0
574430.1,4199372.0
574430.2,4199372.0
574430.25,4199372.0
574430.3,4199372.0
574430.4,4199372.0
574430.44,4199372.0
574430.5,4199372.0
574430.5,4199372.5
574430.56,4199372.5
574430.6,4199372.5
574430.7,4199372.5
574430.75,4199372.5
574430.8,4199372.5
574430.9,4199372.5
574430.94,4199372.5
574431.0,4199372.5
574431.06,4199372.5
574431.1,4199372.5
574431.2,4199372.5
574431.25,4199372.5
574431.3,4199372.5
574431.4,4199372.5
574431.4,4199373.0
574431.44,4199373.0
574431.5,4199373.0
574431.56,4199373.0
574431.6,4199373.0
574431.7,4199373.0
574431.75,4199373.0
574431.8,4199373.0
574431.9,4199373.0
574431.94,4199373.0
574432.0,4199373.0
574432.06,4199373.0
574432.1,4199373.0
574432.2,4199373.0
574432.25,4199373.0
574432.25,4199373.5
574432.3,4199373.5
574432.4,4199373.5
574432.44,4199373.5
574432.5,4199373.5
574432.56,4199373.5
574432.6,4199373.5
574432.7,4199373.5
574432.75,4199373.5
574432.8,4199373.5
574432.9,4199373.5
574432.94,4199373.5
574433.0,4199373.5
574433.06,4199373.5
574433.1,4199373.5
574433.2,4199374.0
574433.25,4199374.0
574433.3,4199374.0
574433.4,4199374.0
574433.44,4199374.0
574433.5,4199374.0
574433.56,4199374.0
574433.6,4199374.0
574433.7,4199374.0
574433.75,4199374.0
574433.8,4199374.0
574433.9,4199374.0
574433.94,4199374.0
574434.0,4199374.0
574434.06,4199374.0
574434.1,4199374.0
574434.1,4199374.5
574434.2,4199374.5
574434.25,4199374.5
574434.3,4199374.5
574434.4,4199374.5
574434.44,4199374.5
574434.5,4199374.5
574434.56,4199374.5
574434.6,4199374.5
574434.7,4199374.5
574434.75,4199374.5
574434.8,4199374.5
574434.9,4199374.5
574434.94,4199374.5
574435.0,4199374.5
574435.06,4199374.5
574435.1,4199374.5
574435.1,4199375.0
574435.2,4199375.0
574435.25,4199375.0
574435.3,4199375.0
574435.4,4199375.0
574435.44,4199375.0
574435.5,4199375.0
574435.56,4199375.0
574435.6,4199375.0
574435.7,4199375.0
574435.75,4199375.0
574435.8,4199375.0
574435.9,4199375.0
574435.94,4199375.0
574436.0,4199375.0
574436.06,4199375.0
574436.1,4199375.0
574436.2,4199375.0
574436.2,4199375.5
574436.25,4199375.5
574436.3,4199375.5
574436.4,4199375.5
574436.44,4199375.5
574436.5,4199375.5
574436.56,4199375.5
574436.6,4199375.5
574436.7,4199375.5
574436.75,4199375.5
574436.8,4199375.5
574436.9,4199375.5
574436.94,4199375.5
574437.0,4199375.5
574437.06,4199375.5
574437.1,4199375.5
574437.2,4199375.5
574437.25,4199375.5
574437.3,4199376.0
574437.4,4199376.0
574437.44,4199376.0
574437.5,4199376.0
574437.56,4199376.0
574437.6,4199376.0
574437.7,4199376.0
574437.75,4199376.0
574437.8,4199376.0
574437.9,4199376.0
574437.94,4199376.0
574438.0,4199376.0
574438.06,4199376.0
574438.1,4199376.0
574438.2,4199376.0
574438.25,4199376.0
574438.3,4199376.0
574438.4,4199376.0
574438.44,4199376.5
574438.5,4199376.5
574438.56,4199376.5
574438.6,4199376.5
574438.7,4199376.5
574438.75,4199376.5
574438.8,4199376.5
574438.9,4199376.5
574438.94,4199376.5
574439.0,4199376.5
574439.06,4199376.5
574439.1,4199376.5
574439.2,4199376.5
574439.25,4199376.5
574439.3,4199376.5
574439.4,4199376.5
574439.44,4199376.5
574439.5,4199376.5
574439.56,4199376.5
574439.56,4199377.0
574439.6,4199377.0
574439.7,4199377.0
574439.75,4199377.0
574439.8,4199377.0
574439.9,4199377.0
574439.94,4199377.0
574440.0,4199377.0
574440.06,4199377.0
574440.1,4199377.0
574440.2,4199377.0
574440.25,4199377.0
574440.3,4199377.0
574440.4,4199377.0
574440.44,4199377.0
574440.5,4199377.0
574440.56,4199377.0
574440.6,4199377.0
574440.7,4199377.0
574440.75,4199377.0
574440.75,4199377.5
574440.8,4199377.5
574440.9,4199377.5
574440.94,4199377.5
574441.0,4199377.5
574441.06,4199377.5
574441.1,4199377.5
574441.2,4199377.5
574441.25,4199377.5
574441.3,4199377.5
574441.4,4199377.5
574441.44,4199377.5
574441.5,4199377.5
574441.56,4199377.5
574441.6,4199377.5
574441.7,4199377.5
574441.75,4199377.5
574441.8,4199377.5
574441.9,4199377.5
574441.9,4199378.0
574441.94,4199378.0
574442.0,4199378.0
574442.06,4199378.0
574442.1,4199378.0
574442.2,4199378.0
574442.25,4199378.0
574442.3,4199378.0
574442.4,4199378.0
574442.44,4199378.0
574442.5,4199378.0
574442.56,4199378.0
574442.6,4199378.0
574442.7,4199378.0
574442.75,4199378.0
574442.8,4199378.0
574442.9,4199378.0
574442.94,4199378.0
574443.0,4199378.0
574443.06,4199378.0
574443.06,4199378.5
574443.1,4199378.5
574443.2,4199378.5
574443.25,4199378.5
574443.3,4199378.5
574443.4,4199378.5
574443.44,4199378.5
574443.5,4199378.5
574443.56,4199378.5
574443.6,4199378.5
574443.7,4199378.5
574443.75,4199378.5
574443.8,4199378.5
574443.9,4199378.5
574443.94,4199378.5
574444.0,4199378.5
574444.06,4199378.5
574444.1,4199378.5
574444.2,4199378.5
574444.2,4199379.0
574444.25,4199379.0
574444.3,4199379.0
574444.4,4199379.0
574444.44,4199379.0
574444.5,4199379.0
574444.56,4199379.0
574444.6,4199379.0
574444.7,4199379.0
574444.75,4199379.0
574444.8,4199379.0
574444.9,4199379.0
574444.94,4199379.0
574445.0,4199379.0
574445.06,4199379.0
574445.1,4199379.0
574445.2,4199379.0
574445.25,4199379.0
574445.3,4199379.0
574445.4,4199379.0
574445.4,4199379.5
574445.44,4199379.5
574445.5,4199379.5
574445.56,4199379.5
574445.6,4199379.5
574445.7,4199379.5
574445.75,4199379.5
574445.8,4199379.5
574445.9,4199379.5
574445.94,4199379.5
574446.0,4199379.5
574446.06,4199379.5
574446.1,4199379.5
574446.2,4199379.5
574446.25,4199379.5
574446.3,4199379.5
574446.4,4199379.5
574446.44,4199379.5
574446.5,4199379.5
574446.56,4199379.5
574446.6,4199379.5
574446.6,4199380.0
574446.7,4199380.0
574446.75,4199380.0
574446.8,4199380.0
574446.9,4199380.0
574446.94,4199380.0
574447.0,4199380.0
574447.06,4199380.0
574447.1,4199380.0
574447.2,4199380.0
574447.25,4199380.0
574447.3,4199380.0
574447.4,4199380.0
574447.44,4199380.0
574447.5,4199380.0
574447.56,4199380.0
574447.6,4199380.0
574447.7,4199380.0
574447.75,4199380.0
574447.8,4199380.0
574447.9,4199380.0
574447.94,4199380.0
574447.94,4199380.5
574448.0,4199380.5
574448.06,4199380.5
574448.1,4199380.5
574448.2,4199380.5
574448.25,4199380.5
574448.3,4199380.5
574448.4,4199380.5
574448.44,4199380.5
574448.5,4199380.5
574448.56,4199380.5
574448.6,4199380.5
574448.7,4199380.5
574448.75,4199380.5
574448.8,4199380.5
574448.9,4199380.5
574448.94,4199380.5
574449.0,4199380.5
574449.06,4199380.5
574449.1,4199380.5
574449.2,4199380.5
574449.25,4199380.5
574449.3,4199380.5
574449.3,4199381.0
574449.4,4199381.0
574449.44,4199381.0
574449.5,4199381.0
574449.56,4199381.0
574449.6,4199381.0
574449.7,4199381.0
574449.75,4199381.0
574449.8,4199381.0
574449.9,4199381.0
574449.94,4199381.0
574450.0,4199381.0
574450.06,4199381.0
574450.1,4199381.0
574450.2,4199381.0
574450.25,4199381.0
574450.3,4199381.0
574450.4,4199381.0
574450.44,4199381.0
574450.5,4199381.0
574450.56,4199381.0
574450.6,4199381.0
574450.7,4199381.0
574450.75,4199381.0
574450.75,4199381.5
574450.8,4199381.5
574450.9,4199381.5
574450.94,4199381.5
574451.0,4199381.5
574451.06,4199381.5
574451.1,4199381.5
574451.2,4199381.5
574451.25,4199381.5
574451.3,4199381.5
574451.4,4199381.5
574451.44,4199381.5
574451.5,4199381.5
574451.56,4199381.5
574451.6,4199381.5
574451.7,4199381.5
574451.75,4199381.5
574451.8,4199381.5
574451.9,4199381.5
574451.94,4199381.5
574452.0,4199381.5
574452.06,4199381.5
574452.1,4199381.5
574452.2,4199381.5
574452.25,4199381.5
574452.3,4199381.5
574452.3,4199382.0
574452.4,4199382.0
574452.44,4199382.0
574452.5,4199382.0
574452.56,4199382.0
574452.6,4199382.0
574452.7,4199382.0
574452.75,4199382.0
574452.8,4199382.0
574452.9,4199382.0
574452.94,4199382.0
574453.0,4199382.0
574453.06,4199382.0
574453.1,4199382.0
574453.2,4199382.0
574453.25,4199382.0
574453.3,4199382.0
574453.4,4199382.0
574453.44,4199382.0
574453.5,4199382.0
574453.56,4199382.0
574453.6,4199382.0
574453.7,4199382.0
574453.75,4199382.0
574453.8,4199382.0
574453.9,4199382.0
574453.94,4199382.0
574454.0,4199382.0
574454.06,4199382.0
574454.06,4199382.5
574454.1,4199382.5
574454.2,4199382.5
574454.25,4199382.5
574454.3,4199382.5
574454.4,4199382.5
574454.44,4199382.5
574454.5,4199382.5
574454.56,4199382.5
574454.6,4199382.5
574454.7,4199382.5
574454.75,4199382.5
574454.8,4199382.5
574454.9,4199382.5
574454.94,4199382.5
574455.0,4199382.5
574455.06,4199382.5
574455.1,4199382.5
574455.2,4199382.5
574455.25,4199382.5
574455.3,4199382.5
574455.4,4199382.5
574455.44,4199382.5
574455.5,4199382.5
574455.56,4199382.5
574455.6,4199382.5
574455.7,4199382.5
574455.75,4199382.5
574455.8,4199382.5
574455.9,4199382.5
574455.94,4199382.5
574455.94,4199383.0
574456.0,4199383.0
574456.06,4199383.0
574456.1,4199383.0
574456.2,4199383.0
574456.25,4199383.0
574456.3,4199383.0
574456.4,4199383.0
574456.44,4199383.0
574456.5,4199383.0
574456.56,4199383.0
574456.6,4199383.0
574456.7,4199383.0
574456.75,4199383.0
574456.8,4199383.0
574456.9,4199383.0
574456.94,4199383.0
574457.0,4199383.0
574457.06,4199383.0
574457.1,4199383.0
574457.2,4199383.0
574457.25,4199383.0
574457.3,4199383.0
574457.4,4199383.0
574457.44,4199383.0
574457.5,4199383.0
574457.56,4199383.0
574457.6,4199383.0
574457.7,4199383.0
574457.75,4199383.0
574457.75,4199383.5
574457.8,4199383.5
574457.9,4199383.5
574457.94,4199383.5
574458.0,4199383.5
574458.06,4199383.5
574458.1,4199383.5
574458.2,4199383.5
574458.25,4199383.5
574458.3,4199383.5
574458.4,4199383.5
574458.44,4199383.5
574458.5,4199383.5
574458.56,4199383.5
574458.6,4199383.5
574458.7,4199383.5
574458.75,4199383.5
574458.8,4199383.5
574458.9,4199383.5
574458.94,4199383.5
574459.0,4199383.5
574459.06,4199383.5
574459.1,4199383.5
574459.2,4199383.5
574459.25,4199383.5
574459.3,4199383.5
574459.4,4199383.5
574459.44,4199383.5
574459.5,4199383.5
574459.56,4199383.5
574459.6,4199383.5
574459.7,4199383.5
574459.7,4199384.0
574459.75,4199384.0
574459.8,4199384.0
574459.9,4199384.0
574459.94,4199384.0
574460.0,4199384.0
574460.06,4199384.0
574460.1,4199384.0
574460.2,4199384.0
574460.25,4199384.0
574460.3,4199384.0
574460.4,4199384.0
574460.44,4199384.0
574460.5,4199384.0
574460.56,4199384.0
574460.6,4199384.0
574460.7,4199384.0
574460.75,4199384.0
574460.8,4199384.0
574460.9,4199384.0
574460.94,4199384.0
574461.0,4199384.0
574461.06,4199384.0
574461.1,4199384.0
574461.2,4199384.0
574461.25,4199384.0
574461.3,4199384.0
574461.4,4199384.0
574461.44,4199384.0
574461.5,4199384.0
574461.56,4199384.0
574461.6,4199384.0
574461.7,4199384.0
574461.75,4199384.0
574461.8,4199384.0
574461.9,4199384.0
574461.94,4199384.0
574462.0,4199384.0
574462.06,4199384.0
574462.1,4199384.0
574462.2,4199384.0
574462.25,4199384.0
574462.3,4199384.0
574462.3,4199384.5
574462.4,4199384.5
574462.44,4199384.5
574462.5,4199384.5
574462.56,4199384.5
574462.6,4199384.5
574462.7,4199384.5
574462.75,4199384.5
574462.8,4199384.5
574462.9,4199384.5
574462.94,4199384.5
574463.0,4199384.5
574463.06,4199384.5
574463.1,4199384.5
574463.2,4199384.5
574463.25,4199384.5
574463.3,4199384.5
574463.4,4199384.5
574463.44,4199384.5
574463.5,4199384.5
574463.56,4199384.5
574463.6,4199384.5
574463.7,4199384.5
574463.75,4199384.5
574463.8,4199384.5
574463.9,4199384.5
574463.94,4199384.5
574464.0,4199384.5
574464.06,4199384.5
574464.1,4199384.5
574464.2,4199384.5
574464.25,4199384.5
574464.3,4199384.5
574464.4,4199384.5
574464.44,4199384.5
574464.5,4199384.5
574464.56,4199384.5
574464.6,4199384.5
574464.7,4199384.5
574464.75,4199384.5
574464.8,4199384.5
574464.9,4199384.5
574464.94,4199384.5
574465.0,4199384.5
574465.06,4199384.5
574465.1,4199384.5
574465.2,4199384.5
574465.25,4199384.5
574465.3,4199384.5
574465.4,4199384.5
574465.44,4199384.5
574465.5,4199384.5
574465.56,4199384.5
574465.6,4199384.5
574465.7,4199384.5
574465.75,4199384.5
574465.8,4199384.5
574465.9,4199384.5
574465.94,4199384.5
574466.0,4199384.5
574466.06,4199384.5
574466.1,4199384.5
574466.2,4199384.5
574466.25,4199384.5
574466.3,4199384.5
574466.4,4199384.5
574466.44,4199384.5
574466.5,4199384.5
574466.56,4199384.5
574466.6,4199384.5
574466.7,4199384.5
574466.75,4199384.5
574466.8,4199384.5
574466.9,4199384.5
574466.94,4199384.5
574467.0,4199384.5
574467.06,4199384.5
574467.1,4199384.5
574467.2,4199384.5
574467.25,4199384.5
574467.3,4199384.5
574467.4,4199384.5
574467.44,4199384.5
574467.5,4199384.5
574467.56,4199384.5
574467.6,4199384.5
574467.7,4199384.5
574467.75,4199384.5
574467.8,4199384.5
574467.9,4199384.5
574467.94,4199384.5
574468.0,4199384.5
574468.06,4199384.5
574468.1,4199384.5
574468.2,4199384.5
574468.25,4199384.5
574468.3,4199384.5
574468.4,4199384.5
574468.4,4199384.0
574468.44,4199384.0
574468.5,4199384.0
574468.56,4199384.0
574468.6,4199384.0
574468.7,4199384.0
574468.75,4199384.0
574468.8,4199384.0
574468.9,4199384.0
574468.94,4199384.0
574469.0,4199384.0
574469.06,4199384.0
574469.1,4199384.0
574469.2,4199384.0
574469.25,4199384.0
574469.3,4199384.0
574469.4,4199384.0
574469.44,4199384.0
574469.5,4199384.0
574469.56,4199384.0
574469.6,4199384.0
574469.7,4199384.0
574469.75,4199384.0
574469.8,4199384.0
574469.9,4199384.0
574469.94,4199384.0
574470.0,4199384.0
574470.06,4199384.0
574470.1,4199384.0
574470.2,4199384.0
574470.25,4199384.0
574470.3,4199384.0
574470.4,4199384.0
574470.44,4199384.0
574470.5,4199384.0
574470.56,4199384.0
574470.6,4199384.0
574470.7,4199384.0
574470.75,4199384.0
574470.8,4199384.0
574470.9,4199384.0
574470.94,4199384.0
574471.0,4199384.0
574471.06,4199384.0
574471.1,4199384.0
574471.2,4199384.0
574471.25,4199384.0
574471.3,4199384.0
574471.4,4199384.0
574471.44,4199384.0
574471.5,4199384.0
574471.56,4199384.0
574471.6,4199384.0
574471.7,4199384.0
574471.75,4199384.0
574471.8,4199384.0
574471.9,4199384.0
574471.94,4199384.0
574472.0,4199384.0
574472.06,4199384.0
574472.1,4199384.0
574472.2,4199384.0
574472.25,4199384.0
574472.3,4199384.0
574472.4,4199384.0
574472.44,4199384.0
574472.5,4199384.0
574472.56,4199384.0
574472.6,4199384.0
574472.7,4199384.0
574472.75,4199384.0
574472.8,4199384.0
574472.8,4199383.5
574472.9,4199383.5
574472.94,4199383.5
574473.0,4199383.5
574473.06,4199383.5
574473.1,4199383.5
574473.2,4199383.5
574473.25,4199383.5
574473.3,4199383.5
574473.4,4199383.5
574473.44,4199383.5
574473.5,4199383.5
574473.56,4199383.5
574473.6,4199383.5
574473.7,4199383.5
574473.75,4199383.5
574473.8,4199383.5
574473.9,4199383.5
574473.94,4199383.5
574474.0,4199383.5
574474.06,4199383.5
574474.1,4199383.5
574474.2,4199383.5
574474.25,4199383.5
574474.3,4199383.5
574474.4,4199383.5
574474.44,4199383.5
574474.5,4199383.5
574474.56,4199383.5
574474.6,4199383.5
574474.7,4199383.5
574474.75,4199383.5
574474.8,4199383.5
574474.9,4199383.5
574474.94,4199383.5
574475.0,4199383.5
574475.06,4199383.5
574475.1,4199383.5
574475.1,4199383.0
574475.2,4199383.0
574475.25,4199383.0
574475.3,4199383.0
574475.4,4199383.0
574475.44,4199383.0
574475.5,4199383.0
574475.56,4199383.0
574475.6,4199383.0
574475.7,4199383.0
574475.75,4199383.0
574475.8,4199383.0
574475.9,4199383.0
574475.94,4199383.0
574476.0,4199383.0
574476.06,4199383.0
574476.1,4199383.0
574476.2,4199383.0
574476.25,4199383.0
574476.3,4199383.0
574476.4,4199383.0
574476.44,4199383.0
574476.5,4199383.0
574476.56,4199383.0
574476.6,4199383.0
574476.7,4199383.0
574476.75,4199383.0
574476.8,4199383.0
574476.8,4199382.5
574476.9,4199382.5
574476.94,4199382.5
574477.0,4199382.5
574477.06,4199382.5
574477.1,4199382.5
574477.2,4199382.5
574477.25,4199382.5
574477.3,4199382.5
574477.4,4199382.5
574477.44,4199382.5
574477.5,4199382.5
574477.56,4199382.5
574477.6,4199382.5
574477.7,4199382.5
574477.75,4199382.5
574477.8,4199382.5
574477.9,4199382.5
574477.94,4199382.5
574478.0,4199382.5
574478.06,4199382.5
574478.1,4199382.5
574478.2,4199382.5
574478.2,4199382.0
574478.25,4199382.0
574478.3,4199382.0
574478.4,4199382.0
574478.44,4199382.0
574478.5,4199382.0
574478.56,4199382.0
574478.6,4199382.0
574478.7,4199382.0
574478.75,4199382.0
574478.8,4199382.0
574478.9,4199382.0
574478.94,4199382.0
574479.0,4199382.0
574479.06,4199382.0
574479.1,4199382.0
574479.2,4199382.0
574479.25,4199382.0
574479.3,4199382.0
574479.4,4199382.0
574479.44,4199382.0
574479.5,4199382.0
574479.56,4199382.0
574479.56,4199381.5
574479.6,4199381.5
574479.7,4199381.5
574479.75,4199381.5
574479.8,4199381.5
574479.9,4199381.5
574479.94,4199381.5
574480.0,4199381.5
574480.06,4199381.5
574480.1,4199381.5
574480.2,4199381.5
574480.25,4199381.5
574480.3,4199381.5
574480.4,4199381.5
574480.44,4199381.5
574480.5,4199381.5
574480.56,4199381.5
574480.6,4199381.5
574480.7,4199381.5
574480.75,4199381.5
574480.8,4199381.5
574480.9,4199381.5
574480.94,4199381.0
574481.0,4199381.0
574481.06,4199381.0
574481.1,4199381.0
574481.2,4199381.0
574481.25,4199381.0
574481.3,4199381.0
574481.4,4199381.0
574481.44,4199381.0
574481.5,4199381.0
574481.56,4199381.0
574481.6,4199381.0
574481.7,4199381.0
574481.75,4199381.0
574481.8,4199381.0
574481.9,4199381.0
574481.94,4199381.0
574482.0,4199381.0
574482.06,4199381.0
574482.1,4199381.0
574482.2,4199381.0
574482.25,4199381.0
574482.25,4199380.5
574482.3,4199380.5
574482.4,4199380.5
574482.44,4199380.5
574482.5,4199380.5
574482.56,4199380.5
574482.6,4199380.5
574482.7,4199380.5
574482.75,4199380.5
574482.8,4199380.5
574482.9,4199380.5
574482.94,4199380.5
574483.0,4199380.5
574483.06,4199380.5
574483.1,4199380.5
574483.2,4199380.5
574483.25,4199380.5
574483.3,4199380.5
574483.4,4199380.5
574483.44,4199380.5
574483.5,4199380.5
574483.56,4199380.5
574483.6,4199380.5
574483.6,4199380.0
574483.7,4199380.0
574483.75,4199380.0
574483.8,4199380.0
574483.9,4199380.0
574483.94,4199380.0
574484.0,4199380.0
574484.06,4199380.0
574484.1,4199380.0
574484.2,4199380.0
574484.25,4199380.0
574484.3,4199380.0
574484.4,4199380.0
574484.44,4199380.0
574484.5,4199380.0
574484.56,4199380.0
574484.6,4199380.0
574484.7,4199380.0
574484.75,4199380.0
574484.8,4199380.0
574484.9,4199380.0
574484.94,4199380.0
574484.94,4199379.5
574485.0,4199379.5
574485.06,4199379.5
574485.1,4199379.5
574485.2,4199379.5
574485.25,4199379.5
574485.3,4199379.5
574485.4,4199379.5
574485.44,4199379.5
574485.5,4199379.5
574485.56,4199379.5
574485.6,4199379.5
574485.7,4199379.5
574485.75,4199379.5
574485.8,4199379.5
574485.9,4199379.5
574485.94,4199379.5
574486.0,4199379.5
574486.06,4199379.5
574486.1,4199379.5
574486.2,4199379.5
574486.25,4199379.0
574486.3,4199379.0
574486.4,4199379.0
574486.44,4199379.0
574486.5,4199379.0
574486.56,4199379.0
574486.6,4199379.0
574486.7,4199379.0
574486.75,4199379.0
574486.8,4199379.0
574486.9,4199379.0
574486.94,4199379.0
574486.94,4199378.5
574487.0,4199378.5
574487.06,4199378.5
574487.1,4199378.5
574487.2,4199378.5
574487.25,4199378.5
574487.3,4199378.5
574487.4,4199378.5
574487.44,4199378.5
574487.5,4199378.5
574487.56,4199378.5
574487.6,4199378.5
574487.6,4199378.0
574487.7,4199378.0
574487.75,4199378.0
574487.8,4199378.0
574487.9,4199378.0
574487.94,4199378.0
574488.0,4199378.0
574488.06,4199378.0
574488.06,4199377.5
574488.1,4199377.5
574488.2,4199377.5
574488.25,4199377.5
574488.3,4199377.5
574488.4,4199377.5
574488.44,4199377.5
574488.5,4199377.0
574488.56,4199377.0
574488.6,4199377.0
574488.7,4199377.0
574488.75,4199377.0
574488.8,4199377.0
574488.9,4199377.0
574488.9,4199376.5
574488.94,4199376.5
574489.0,4199376.5
574489.06,4199376.5
574489.1,4199376.5
574489.2,4199376.5
574489.25,4199376.5
574489.3,4199376.5
574489.3,4199376.0
574489.4,4199376.0
574489.44,4199376.0
574489.5,4199376.0
574489.56,4199376.0
574489.6,4199376.0
574489.7,4199376.0
574489.7,4199375.5
574489.75,4199375.5
574489.8,4199375.5
574489.9,4199375.5
574489.94,4199375.5
574490.0,4199375.5
574490.06,4199375.5
574490.1,4199375.5
574490.1,4199375.0
574490.2,4199375.0
574490.25,4199375.0
574490.3,4199375.0
574490.4,4199375.0
574490.44,4199375.0
574490.5,4199375.0
574490.5,4199374.5
574490.56,4199374.5
574490.6,4199374.5
574490.7,4199374.5
574490.75,4199374.5
574490.8,4199374.5
574490.9,4199374.5
574490.9,4199374.0
574490.94,4199374.0
574491.0,4199374.0
574491.06,4199374.0
574491.1,4199374.0
574491.2,4199374.0
574491.25,4199374.0
574491.3,4199373.5
574491.4,4199373.5
574491.44,4199373.5
574491.5,4199373.5
574491.56,4199373.5
574491.6,4199373.5
574491.7,4199373.0
574491.75,4199373.0
574491.8,4199373.0
574491.9,4199373.0
574491.94,4199373.0
574492.0,4199373.0
574492.06,4199372.5
574492.1,4199372.5
574492.2,4199372.5
574492.25,4199372.5
574492.3,4199372.5
574492.4,4199372.5
574492.44,4199372.0
574492.5,4199372.0
574492.56,4199372.0
574492.6,4199372.0
574492.7,4199372.0
574492.75,4199372.0
574492.75,4199371.5
574492.8,4199371.5
574492.9,4199371.5
574492.94,4199371.5
574493.0,4199371.5
574493.06,4199371.5
574493.1,4199371.5
574493.1,4199371.0
574493.2,4199371.0
574493.25,4199371.0
574493.3,4199371.0
574493.4,4199371.0
574493.44,4199371.0
574493.5,4199371.0
574493.5,4199370.5
574493.56,4199370.5
574493.6,4199370.5
574493.7,4199370.5
574493.75,4199370.5
574493.8,4199370.5
574493.9,4199370.5
574493.9,4199370.0
574493.94,4199370.0
574494.0,4199370.0
574494.06,4199370.0
574494.1,4199370.0
574494.2,4199370.0
574494.25,4199369.5
574494.3,4199369.5
574494.4,4199369.5
574494.44,4199369.5
574494.5,4199369.5
574494.56,4199369.5
574494.56,4199369.0
574494.6,4199369.0
574494.7,4199369.0
574494.75,4199369.0
574494.8,4199369.0
574494.9,4199369.0
574494.94,4199369.0
574494.94,4199368.5
574495.0,4199368.5
574495.06,4199368.5
574495.1,4199368.5
574495.2,4199368.5
574495.25,4199368.5
574495.25,4199368.0
574495.3,4199368.0
574495.4,4199368.0
574495.44,4199368.0
574495.5,4199368.0
574495.56,4199368.0
574495.6,4199368.0
574495.6,4199367.5
574495.7,4199367.5
574495.75,4199367.5
574495.8,4199367.5
574495.9,4199367.5
574495.94,4199367.5
574495.94,4199367.0
574496.0,4199367.0
574496.06,4199367.0
574496.1,4199367.0
574496.2,4199367.0
574496.25,4199367.0
574496.3,4199367.0
574496.3,4199366.5
574496.4,4199366.5
574496.44,4199366.5
574496.5,4199366.5
574496.56,4199366.5
574496.6,4199366.5
574496.6,4199366.0
574496.7,4199366.0
574496.75,4199366.0
574496.8,4199366.0
574496.9,4199366.0
574496.94,4199366.0
574497.0,4199366.0
574497.0,4199365.5
574497.06,4199365.5
574497.1,4199365.5
574497.2,4199365.5
574497.25,4199365.5
574497.3,4199365.5
574497.3,4199365.0
574497.4,4199365.0
574497.44,4199365.0
574497.5,4199365.0
574497.56,4199365.0
574497.6,4199365.0
574497.7,4199364.5
574497.75,4199364.5
574497.8,4199364.5
574497.9,4199364.5
574497.94,4199364.5
574498.0,4199364.5
574498.0,4199364.0
574498.06,4199364.0
574498.1,4199364.0
574498.2,4199364.0
574498.25,4199364.0
574498.3,4199364.0
574498.3,4199363.5
574498.4,4199363.5
574498.44,4199363.5
574498.5,4199363.5
574498.56,4199363.5
574498.6,4199363.5
574498.7,4199363.0
574498.75,4199363.0
574498.8,4199363.0
574498.9,4199363.0
574498.94,4199363.0
574499.0,4199363.0
574499.0,4199362.5
574499.06,4199362.5
574499.1,4199362.5
574499.2,4199362.5
574499.25,4199362.5
574499.3,4199362.5
574499.3,4199362.0
574499.4,4199362.0
574499.44,4199362.0
574499.5,4199362.0
574499.56,4199362.0
574499.6,4199362.0
574499.7,4199361.5
574499.75,4199361.5
574499.8,4199361.5
574499.9,4199361.5
574499.94,4199361.5
574500.0,4199361.5
574500.0,4199361.0
574500.06,4199361.0
574500.1,4199361.0
574500.2,4199361.0
574500.25,4199361.0
574500.3,4199361.0
574500.3,4199360.5
574500.4,4199360.5
574500.44,4199360.5
574500.5,4199360.5
574500.56,4199360.5
574500.6,4199360.5
574500.7,4199360.5
574500.7,4199360.0
574500.75,4199360.0
574500.8,4199360.0
574500.9,4199360.0
574500.94,4199360.0
574501.0,4199360.0
574501.0,4199359.5
574501.06,4199359.5
574501.1,4199359.5
574501.2,4199359.5
574501.25,4199359.5
574501.3,4199359.5
574501.4,4199359.0
574501.44,4199359.0
574501.5,4199359.0
574501.56,4199359.0
574501.6,4199359.0
574501.7,4199359.0
574501.7,4199358.5
574501.75,4199358.5
574501.8,4199358.5
574501.9,4199358.5
574501.94,4199358.5
574502.0,4199358.5
574502.0,4199358.0
574502.06,4199358.0
574502.1,4199358.0
574502.2,4199358.0
574502.25,4199358.0
574502.3,4199358.0
574502.4,4199358.0
574502.4,4199357.5
574502.44,4199357.5
574502.5,4199357.5
574502.56,4199357.5
574502.6,4199357.5
574502.7,4199357.5
574502.7,4199357.0
574502.75,4199357.0
574502.8,4199357.0
574502.9,4199357.0
574502.94,4199357.0
574503.0,4199357.0
574503.06,4199356.5
574503.1,4199356.5
574503.2,4199356.5
574503.25,4199356.5
574503.3,4199356.5
574503.4,4199356.5
574503.4,4199356.0
574503.44,4199356.0
574503.5,4199356.0
574503.56,4199356.0
574503.6,4199356.0
574503.7,4199356.0
574503.7,4199355.5
574503.75,4199355.5
574503.8,4199355.5
574503.9,4199355.5
574503.94,4199355.5
574504.0,4199355.5
574504.06,4199355.5
574504.06,4199355.0
574504.1,4199355.0
574504.2,4199355.0
574504.25,4199355.0
574504.3,4199355.0
574504.4,4199355.0
574504.4,4199354.5
574504.44,4199354.5
574504.5,4199354.5
574504.56,4199354.5
574504.6,4199354.5
574504.7,4199354.5
574504.75,4199354.5
574504.75,4199354.0
574504.8,4199354.0
574504.9,4199354.0
574504.94,4199354.0
574505.0,4199354.0
574505.06,4199354.0
574505.1,4199353.5
574505.2,4199353.5
574505.25,4199353.5
574505.3,4199353.5
574505.4,4199353.5
574505.44,4199353.5
574505.44,4199353.0
574505.5,4199353.0
574505.56,4199353.0
574505.6,4199353.0
574505.7,4199353.0
574505.75,4199353.0
574505.8,4199352.5
574505.9,4199352.5
574505.94,4199352.5
574506.0,4199352.5
574506.06,4199352.5
574506.1,4199352.5
574506.1,4199352.0
574506.2,4199352.0
574506.25,4199352.0
574506.3,4199352.0
574506.4,4199352.0
574506.44,4199352.0
574506.5,4199352.0
574506.5,4199351.5
574506.56,4199351.5
574506.6,4199351.5
574506.7,4199351.5
574506.75,4199351.5
574506.8,4199351.5
574506.9,4199351.5
574506.9,4199351.0
574506.94,4199351.0
574507.0,4199351.0
574507.06,4199351.0
574507.1,4199351.0
574507.2,4199351.0
574507.2,4199350.5
574507.25,4199350.5
574507.3,4199350.5
574507.4,4199350.5
574507.44,4199350.5
574507.5,4199350.5
574507.56,4199350.5
574507.56,4199350.0
574507.6,4199350.0
574507.7,4199350.0
574507.75,4199350.0
574507.8,4199350.0
574507.9,4199350.0
574507.9,4199349.5
574507.94,4199349.5
574508.0,4199349.5
574508.06,4199349.5
574508.1,4199349.5
574508.2,4199349.5
574508.25,4199349.0
574508.3,4199349.0
574508.4,4199349.0
574508.44,4199349.0
574508.5,4199349.0
574508.56,4199349.0
574508.56,4199348.5
574508.6,4199348.5
574508.7,4199348.5
574508.75,4199348.5
574508.8,4199348.5
574508.9,4199348.5
574508.9,4199348.0
574508.94,4199348.0
574509.0,4199348.0
574509.06,4199348.0
574509.1,4199348.0
574509.2,4199348.0
574509.25,4199347.5
574509.3,4199347.5
574509.4,4199347.5
574509.44,4199347.5
574509.5,4199347.5
574509.56,4199347.5
574509.56,4199347.0
574509.6,4199347.0
574509.7,4199347.0
574509.75,4199347.0
574509.8,4199347.0
574509.9,4199347.0
574509.9,4199346.5
574509.94,4199346.5
574510.0,4199346.5
574510.06,4199346.5
574510.1,4199346.5
574510.2,4199346.5
574510.25,4199346.0
574510.3,4199346.0
574510.4,4199346.0
574510.44,4199346.0
574510.5,4199346.0
574510.56,4199346.0
574510.56,4199345.5
574510.6,4199345.5
574510.7,4199345.5
574510.75,4199345.5
574510.8,4199345.5
574510.9,4199345.5
574510.9,4199345.0
574510.94,4199345.0
574511.0,4199345.0
574511.06,4199345.0
574511.1,4199345.0
574511.2,4199345.0
574511.25,4199344.5
574511.3,4199344.5
574511.4,4199344.5
574511.44,4199344.5
574511.5,4199344.5
574511.56,4199344.5
574511.56,4199344.0
574511.6,4199344.0
574511.7,4199344.0
574511.75,4199344.0
574511.8,4199344.0
574511.9,4199344.0
574511.94,4199343.5
574512.0,4199343.5
574512.06,4199343.5
574512.1,4199343.5
574512.2,4199343.5
574512.25,4199343.5
574512.25,4199343.0
574512.3,4199343.0
574512.4,4199343.0
574512.44,4199343.0
574512.5,4199343.0
574512.56,4199343.0
574512.56,4199342.5
574512.6,4199342.5
574512.7,4199342.5
574512.75,4199342.5
574512.8,4199342.5
574512.9,4199342.5
574512.94,4199342.5
574512.94,4199342.0
574513.0,4199342.0
574513.06,4199342.0
574513.1,4199342.0
574513.2,4199342.0
574513.25,4199342.0
574513.3,4199341.5
574513.4,4199341.5
574513.44,4199341.5
574513.5,4199341.5
574513.56,4199341.5
574513.6,4199341.5
574513.6,4199341.0
574513.7,4199341.0
574513.75,4199341.0
574513.8,4199341.0
574513.9,4199341.0
574513.94,4199341.0
574514.0,4199341.0
574514.0,4199340.5
574514.06,4199340.5
574514.1,4199340.5
574514.2,4199340.5
574514.25,4199340.5
574514.3,4199340.5
574514.4,4199340.5
574514.4,4199340.0
574514.44,4199340.0
574514.5,4199340.0
574514.56,4199340.0
574514.6,4199340.0
574514.7,4199340.0
574514.75,4199339.5
574514.8,4199339.5
574514.9,4199339.5
574514.94,4199339.5
574515.0,4199339.5
574515.06,4199339.5
574515.06,4199339.0
574515.1,4199339.0
574515.2,4199339.0
574515.25,4199339.0
574515.3,4199339.0
574515.4,4199339.0
574515.44,4199339.0
574515.44,4199338.5
574515.5,4199338.5
574515.56,4199338.5
574515.6,4199338.5
574515.7,4199338.5
574515.75,4199338.5
574515.8,4199338.5
574515.8,4199338.0
574515.9,4199338.0
574515.94,4199338.0
574516.0,4199338.0
574516.06,4199338.0
574516.1,4199338.0
574516.2,4199338.0
574516.2,4199337.5
574516.25,4199337.5
574516.3,4199337.5
574516.4,4199337.5
574516.44,4199337.5
574516.5,4199337.5
574516.56,4199337.5
574516.56,4199337.0
574516.6,4199337.0
574516.7,4199337.0
574516.75,4199337.0
574516.8,4199337.0
574516.9,4199337.0
574516.94,4199337.0
574516.94,4199336.5
574517.0,4199336.5
574517.06,4199336.5
574517.1,4199336.5
574517.2,4199336.5
574517.25,4199336.5
574517.3,4199336.5
574517.3,4199336.0
574517.4,4199336.0
574517.44,4199336.0
574517.5,4199336.0
574517.56,4199336.0
574517.6,4199336.0
574517.7,4199336.0
574517.7,4199335.5
574517.75,4199335.5
574517.8,4199335.5
574517.9,4199335.5
574517.94,4199335.5
574518.0,4199335.5
574518.06,4199335.5
574518.06,4199335.0
574518.1,4199335.0
574518.2,4199335.0
574518.25,4199335.0
574518.3,4199335.0
574518.4,4199335.0
574518.44,4199335.0
574518.5,4199334.5
570623.9,4201678.0
570623.8,4201678.0
570623.75,4201678.0
570623.7,4201678.0
570623.6,4201678.0
570623.56,4201678.0
570623.5,4201678.0
570623.44,4201678.0
570623.4,4201678.0
570623.3,4201678.0
570623.25,4201678.0
570623.2,4201678.0
570623.1,4201678.0
570623.06,4201678.0
570623.0,4201678.0
570622.94,4201678.0
570622.9,4201678.0
570622.8,4201678.0
570622.75,4201678.0
570622.7,4201678.0
570622.7,4201677.5
570622.6,4201677.5
570622.56,4201677.5
570622.5,4201677.5
570622.44,4201677.5
570622.4,4201677.5
570622.3,4201677.5
570622.25,4201677.5
570622.2,4201677.5
570622.1,4201677.5
570622.06,4201677.5
570622.0,4201677.5
570621.94,4201677.5
570621.9,4201677.5
570621.8,4201677.5
570621.75,4201677.5
570621.7,4201677.5
570621.6,4201677.5
570621.56,4201677.5
570621.5,4201677.5
570621.44,4201677.5
570621.4,4201677.5
570621.3,4201677.5
570621.25,4201677.5
570621.2,4201677.5
570621.1,4201677.5
570621.06,4201677.5
570621.0,4201677.5
570620.94,4201677.5
570620.9,4201677.5
570620.8,4201677.5
570620.75,4201677.5
570620.7,4201677.5
570620.7,4201677.0
570620.6,4201677.0
570620.56,4201677.0
570620.5,4201677.0
570620.44,4201677.0
570620.4,4201677.0
570620.3,4201677.0
570620.25,4201677.0
570620.2,4201677.0
570620.1,4201677.0
570620.06,4201677.0
570620.0,4201677.0
570619.94,4201677.0
570619.9,4201677.0
570619.8,4201677.0
570619.75,4201677.0
570619.7,4201677.0
570619.6,4201677.0
570619.56,4201677.0
570619.5,4201677.0
570619.44,4201677.0
570619.4,4201677.0
570619.3,4201677.0
570619.25,4201677.0
570619.2,4201677.0
570619.1,4201677.0
570619.06,4201677.0
570619.0,4201677.0
570618.94,4201677.0
570618.9,4201677.0
570618.8,4201677.0
570618.75,4201677.0
570618.7,4201677.0
570618.6,4201677.0
570618.56,4201677.0
570618.5,4201677.0
570618.44,4201677.0
570618.4,4201677.0
570618.3,4201677.0
570618.25,4201677.0
570618.2,4201677.0
570618.1,4201677.0
570618.06,4201677.0
570618.0,4201677.0
570617.94,4201677.0
570617.9,4201677.0
570617.8,4201677.0
570617.75,4201677.0
570617.7,4201677.0
570617.6,4201677.0
570617.56,4201677.0
570617.5,4201677.0
570617.44,4201677.0
570617.4,4201677.0
570617.3,4201677.0
570617.25,4201677.0
570617.2,4201677.0
570617.1,4201677.0
570617.06,4201677.0
570617.0,4201677.0
570616.94,4201677.0
570616.9,4201677.0
570616.8,4201677.0
570616.75,4201677.0
570616.7,4201677.0
570616.6,4201677.0
570616.56,4201677.0
570616.5,4201677.0
570616.44,4201677.0
570616.4,4201677.0
570616.3,4201677.0
570616.25,4201677.0
570616.2,4201677.0
570616.1,4201677.0
570616.1,4201677.5
570616.06,4201677.5
570616.0,4201677.5
570615.94,4201677.5
570615.9,4201677.5
570615.8,4201677.5
570615.75,4201677.5
570615.7,4201677.5
570615.6,4201677.5
570615.56,4201677.5
570615.5,4201677.5
570615.44,4201677.5
570615.4,4201677.5
570615.3,4201677.5
570615.25,4201677.5
570615.2,4201677.5
570615.1,4201677.5
570615.06,4201677.5
570615.0,4201677.5
570615.0,4201678.0
570614.94,4201678.0
570614.9,4201678.0
570614.8,4201678.0
570614.75,4201678.0
570614.7,4201678.0
570614.6,4201678.0
570614.56,4201678.0
570614.5,4201678.0
570614.44,4201678.0
570614.4,4201678.0
570614.3,4201678.0
570614.25,4201678.0
570614.25,4201678.5
570614.2,4201678.5
570614.1,4201678.5
570614.06,4201678.5
570614.0,4201678.5
570613.94,4201678.5
570613.9,4201678.5
570613.8,4201678.5
570613.75,4201678.5
570613.7,4201678.5
570613.6,4201678.5
570613.6,4201679.0
570613.56,4201679.0
570613.5,4201679.0
570613.44,4201679.0
570613.4,4201679.0
570613.3,4201679.0
570613.25,4201679.0
570613.2,4201679.0
570613.1,4201679.0
570613.06,4201679.0
570613.0,4201679.0
570612.94,4201679.0
570612.9,4201679.0
570612.8,4201679.0
570612.75,4201679.0
570612.7,4201679.0
570612.6,4201679.0
570612.56,4201679.0
570612.5,4201679.0
570612.44,4201679.0
570612.4,4201679.0
570612.3,4201679.0
570612.25,4201679.0
570612.2,4201679.0
570612.1,4201679.0
570612.06,4201679.0
570612.0,4201679.0
570611.94,4201679.0
570611.9,4201679.0
570611.8,4201679.0
570611.75,4201679.0
570611.7,4201679.0
570611.6,4201679.0
570611.6,4201678.5
570611.56,4201678.5
570611.5,4201678.5
570611.44,4201678.5
570611.4,4201678.5
570611.3,4201678.5
570611.25,4201678.5
570611.2,4201678.5
570611.1,4201678.5
570611.06,4201678.5
570611.0,4201678.5
570610.94,4201678.5
570610.9,4201678.5
570610.8,4201678.5
570610.75,4201678.5
570610.75,4201678.0
570610.7,4201678.0
570610.6,4201678.0
570610.56,4201678.0
570610.5,4201678.0
570610.44,4201678.0
570610.4,4201678.0
570610.3,4201678.0
570610.25,4201678.0
570610.2,4201678.0
570610.1,4201678.0
570610.06,4201678.0
570610.0,4201678.0
570609.94,4201678.0
570609.9,4201678.0
570609.9,4201677.5
570609.8,4201677.5
570609.75,4201677.5
570609.7,4201677.5
570609.6,4201677.5
570609.56,4201677.5
570609.5,4201677.5
570609.44,4201677.5
570609.4,4201677.5
570609.3,4201677.5
570609.25,4201677.5
570609.2,4201677.5
570609.1,4201677.5
570609.06,4201677.5
570609.0,4201677.5
570608.94,4201677.5
570608.94,4201677.0
570608.9,4201677.0
570608.8,4201677.0
570608.75,4201677.0
570608.7,4201677.0
570608.6,4201677.0
570608.56,4201677.0
570608.5,4201677.0
570608.44,4201677.0
570608.4,4201677.0
570608.3,4201677.0
570608.25,4201677.0
570608.2,4201677.0
570608.1,4201677.0
570608.1,4201676.5
570608.06,4201676.5
570608.0,4201676.5
570607.94,4201676.5
570607.9,4201676.5
570607.8,4201676.5
570607.75,4201676.5
570607.7,4201676.5
570607.6,4201676.5
570607.56,4201676.5
570607.5,4201676.5
570607.44,4201676.5
570607.44,4201676.0
570607.4,4201676.0
570607.3,4201676.0
570607.25,4201676.0
570607.2,4201676.0
570607.1,4201676.0
570607.06,4201676.0
570607.0,4201676.0
570606.94,4201676.0
570606.9,4201676.0
570606.8,4201676.0
570606.75,4201676.0
570606.7,4201676.0
570606.7,4201675.5
570606.6,4201675.5
570606.56,4201675.5
570606.5,4201675.5
570606.44,4201675.5
570606.4,4201675.5
570606.3,4201675.5
570606.25,4201675.5
570606.2,4201675.5
570606.1,4201675.5
570606.06,4201675.5
570606.0,4201675.5
570605.94,4201675.5
570605.94,4201675.0
570605.9,4201675.0
570605.8,4201675.0
570605.75,4201675.0
570605.7,4201675.0
570605.6,4201675.0
570605.56,4201675.0
570605.5,4201675.0
570605.44,4201675.0
570605.4,4201675.0
570605.3,4201675.0
570605.25,4201675.0
570605.2,4201675.0
570605.2,4201674.5
570605.1,4201674.5
570605.06,4201674.5
570605.0,4201674.5
570604.94,4201674.5
570604.9,4201674.5
570604.8,4201674.5
570604.75,4201674.5
570604.7,4201674.5
570604.6,4201674.5
570604.56,4201674.5
570604.5,4201674.5
570604.44,4201674.5
570604.4,4201674.0
570604.3,4201674.0
570604.25,4201674.0
570604.2,4201674.0
570604.1,4201674.0
570604.06,4201674.0
570604.0,4201674.0
570603.94,4201674.0
570603.9,4201674.0
570603.8,4201674.0
570603.75,4201674.0
570603.7,4201674.0
570603.6,4201674.0
570603.6,4201673.5
570603.56,4201673.5
570603.5,4201673.5
570603.44,4201673.5
570603.4,4201673.5
570603.3,4201673.5
570603.25,4201673.5
570603.2,4201673.5
570603.1,4201673.5
570603.06,4201673.5
570603.0,4201673.5
570602.94,4201673.5
570602.9,4201673.5
570602.9,4201673.0
570602.8,4201673.0
570602.75,4201673.0
570602.7,4201673.0
570602.6,4201673.0
570602.56,4201673.0
570602.5,4201673.0
570602.44,4201673.0
570602.4,4201673.0
570602.3,4201673.0
570602.25,4201673.0
570602.2,4201673.0
570602.1,4201673.0
570602.1,4201672.5
570602.06,4201672.5
570602.0,4201672.5
570601.94,4201672.5
570601.9,4201672.5
570601.8,4201672.5
570601.75,4201672.5
570601.7,4201672.5
570601.6,4201672.5
570601.56,4201672.5
570601.5,4201672.5
570601.44,4201672.5
570601.4,4201672.5
570601.3,4201672.5
570601.25,4201672.5
570601.2,4201672.5
570601.1,4201672.5
570601.1,4201672.0
570601.06,4201672.0
570601.0,4201672.0
570600.94,4201672.0
570600.9,4201672.0
570600.8,4201672.0
570600.75,4201672.0
570600.7,4201672.0
570600.6,4201672.0
570600.56,4201672.0
570600.5,4201672.0
570600.44,4201672.0
570600.4,4201672.0
570600.3,4201672.0
570600.25,4201672.0
570600.2,4201672.0
570600.1,4201671.5
570600.06,4201671.5
570600.0,4201671.5
570599.94,4201671.5
570599.9,4201671.5
570599.8,4201671.5
570599.75,4201671.5
570599.7,4201671.5
570599.6,4201671.5
570599.56,4201671.5
570599.5,4201671.5
570599.44,4201671.5
570599.4,4201671.5
570599.3,4201671.5
570599.3,4201671.0
570599.25,4201671.0
570599.2,4201671.0
570599.1,4201671.0
570599.06,4201671.0
570599.0,4201671.0
570598.94,4201671.0
570598.9,4201671.0
570598.8,4201671.0
570598.75,4201671.0
570598.7,4201671.0
570598.6,4201671.0
570598.6,4201670.5
570598.56,4201670.5
570598.5,4201670.5
570598.44,4201670.5
570598.4,4201670.5
570598.3,4201670.5
570598.25,4201670.5
570598.2,4201670.5
570598.1,4201670.5
570598.06,4201670.5
570598.0,4201670.5
570597.94,4201670.0
570597.9,4201670.0
570597.8,4201670.0
570597.75,4201670.0
570597.7,4201670.0
570597.6,4201670.0
570597.56,4201670.0
570597.5,4201670.0
570597.44,4201670.0
570597.4,4201670.0
570597.3,4201670.0
570597.25,4201670.0
570597.25,4201669.5
570597.2,4201669.5
570597.1,4201669.5
570597.06,4201669.5
570597.0,4201669.5
570596.94,4201669.5
570596.9,4201669.5
570596.8,4201669.5
570596.75,4201669.5
570596.7,4201669.5
570596.6,4201669.5
570596.56,4201669.5
570596.5,4201669.0
570596.44,4201669.0
570596.4,4201669.0
570596.3,4201669.0
570596.25,4201669.0
570596.2,4201669.0
570596.1,4201669.0
570596.06,4201669.0
570596.0,4201669.0
570595.94,4201669.0
570595.9,4201669.0
570595.8,4201669.0
570595.75,4201669.0
570595.75,4201668.5
570595.7,4201668.5
570595.6,4201668.5
570595.56,4201668.5
570595.5,4201668.5
570595.44,4201668.5
570595.4,4201668.5
570595.3,4201668.5
570595.25,4201668.5
570595.2,4201668.5
570595.1,4201668.5
570595.06,4201668.5
570595.0,4201668.5
570594.94,4201668.5
570594.94,4201668.0
570594.9,4201668.0
570594.8,4201668.0
570594.75,4201668.0
570594.7,4201668.0
570594.6,4201668.0
570594.56,4201668.0
570594.5,4201668.0
570594.44,4201668.0
570594.4,4201668.0
570594.3,4201668.0
570594.25,4201668.0
570594.2,4201668.0
570594.1,4201668.0
570594.06,4201668.0
570594.06,4201667.5
570594.0,4201667.5
570593.94,4201667.5
570593.9,4201667.5
570593.8,4201667.5
570593.75,4201667.5
570593.7,4201667.5
570593.6,4201667.5
570593.56,4201667.5
570593.5,4201667.5
570593.44,4201667.5
570593.4,4201667.5
570593.3,4201667.5
570593.25,4201667.5
570593.2,4201667.5
570593.2,4201667.0
570593.1,4201667.0
570593.06,4201667.0
570593.0,4201667.0
570592.94,4201667.0
570592.9,4201667.0
570592.8,4201667.0
570592.75,4201667.0
570592.7,4201667.0
570592.6,4201667.0
570592.56,4201667.0
570592.5,4201667.0
570592.44,4201667.0
570592.4,4201667.0
570592.3,4201667.0
570592.3,4201666.5
570592.25,4201666.5
570592.2,4201666.5
570592.1,4201666.5
570592.06,4201666.5
570592.0,4201666.5
570591.94,4201666.5
570591.9,4201666.5
570591.8,4201666.5
570591.75,4201666.5
570591.7,4201666.5
570591.6,4201666.5
570591.56,4201666.5
570591.5,4201666.5
570591.44,4201666.5
570591.4,4201666.5
570591.4,4201666.0
570591.3,4201666.0
570591.25,4201666.0
570591.2,4201666.0
570591.1,4201666.0
570591.06,4201666.0
570591.0,4201666.0
570590.94,4201666.0
570590.9,4201666.0
570590.8,4201666.0
570590.75,4201666.0
570590.7,4201666.0
570590.6,4201666.0
570590.56,4201666.0
570590.56,4201665.5
570590.5,4201665.5
570590.44,4201665.5
570590.4,4201665.5
570590.3,4201665.5
570590.25,4201665.5
570590.2,4201665.5
570590.1,4201665.5
570590.06,4201665.5
570590.06,4201665.0
570590.0,4201665.0
570589.94,4201665.0
570590.1,4201665.0
570590.2,4201665.0
570590.25,4201665.0
570590.3,4201665.0
570590.4,4201665.0
570590.44,4201665.0
570590.44,4201664.5
570590.5,4201664.5
570590.56,4201664.5
570590.6,4201664.5
570590.7,4201664.5
570590.75,4201664.5
570590.8,4201664.5
570590.9,4201664.5
570590.94,4201664.5
570591.0,4201664.5
570591.06,4201664.5
570591.1,4201664.5
570591.2,4201664.5
570591.25,4201664.5
570591.3,4201664.5
570591.3,4201664.0
570591.4,4201664.0
570591.44,4201664.0
570591.5,4201664.0
570591.56,4201664.0
570591.6,4201664.0
570591.7,4201664.0
570591.75,4201664.0
570591.8,4201664.0
570591.9,4201664.0
570591.94,4201664.0
570592.0,4201664.0
570592.06,4201664.0
570592.1,4201664.0
570592.2,4201664.0
570592.25,4201664.0
570592.25,4201663.5
570592.3,4201663.5
570592.4,4201663.5
570592.44,4201663.5
570592.5,4201663.5
570592.56,4201663.5
570592.6,4201663.5
570592.7,4201663.5
570592.75,4201663.5
570592.8,4201663.5
570592.9,4201663.5
570592.94,4201663.5
570593.0,4201663.5
570593.06,4201663.5
570593.1,4201663.5
570593.2,4201663.5
570593.25,4201663.5
570593.3,4201663.5
570593.4,4201663.5
570593.44,4201663.5
570593.5,4201663.5
570593.56,4201663.5
570593.6,4201663.5
570593.7,4201663.5
570593.7,4201663.0
570593.75,4201663.0
570593.8,4201663.0
570593.9,4201663.0
570593.94,4201663.0
570594.0,4201663.0
570594.06,4201663.0
570594.1,4201663.0
570594.2,4201663.0
570594.25,4201663.0
570594.3,4201663.0
570594.4,4201663.0
570594.44,4201663.0
570594.5,4201663.0
570594.56,4201663.0
570594.6,4201663.0
570594.7,4201663.0
570594.75,4201663.0
570594.8,4201663.0
570594.9,4201663.0
570594.94,4201663.0
570595.0,4201663.0
570595.06,4201663.0
570595.1,4201663.0
570595.2,4201663.0
570595.25,4201663.0
570595.3,4201663.0
570595.4,4201663.0
570595.44,4201663.0
570595.44,4201662.5
570595.5,4201662.5
570595.56,4201662.5
570595.6,4201662.5
570595.7,4201662.5
570595.75,4201662.5
570595.8,4201662.5
570595.9,4201662.5
570595.94,4201662.5
570596.0,4201662.5
570596.06,4201662.5
570596.1,4201662.5
570596.2,4201662.5
570596.25,4201662.5
570596.3,4201662.5
570596.4,4201662.5
570596.44,4201662.5
570596.5,4201662.5
570596.56,4201662.5
570596.6,4201662.5
570596.7,4201662.5
570596.75,4201662.5
570596.8,4201662.5
570596.9,4201662.5
570596.94,4201662.5
570597.0,4201662.5
570597.06,4201662.5
570597.1,4201662.5
570597.2,4201662.5
570597.25,4201662.5
570597.3,4201662.5
570597.4,4201662.5
570597.44,4201662.5
570597.5,4201662.5
570597.56,4201662.5
570597.6,4201662.5
570597.7,4201662.5
570597.75,4201662.5
570597.8,4201662.5
570597.9,4201662.5
570597.9,4201662.0
570597.94,4201662.0
570598.0,4201662.0
570598.06,4201662.0
570598.1,4201662.0
570598.2,4201662.0
570598.25,4201662.0
570598.3,4201662.0
570598.4,4201662.0
570598.44,4201662.0
570598.5,4201662.0
570598.56,4201662.0
570598.6,4201662.0
570598.7,4201662.0
570598.75,4201662.0
570598.8,4201662.0
570598.9,4201662.0
570598.94,4201662.0
570599.0,4201662.0
570599.06,4201662.0
570599.1,4201662.0
570599.2,4201662.0
570599.25,4201662.0
570599.3,4201662.0
570599.4,4201662.0
570599.44,4201662.0
570599.5,4201662.0
570599.56,4201662.0
570599.6,4201662.0
570599.7,4201662.0
570599.75,4201662.0
570599.8,4201662.0
570599.9,4201662.0
570599.94,4201662.0
570600.0,4201662.0
570600.06,4201662.0
570600.1,4201662.0
570600.2,4201662.0
570600.25,4201662.0
570600.3,4201662.0
570600.4,4201662.0
570600.44,4201662.0
570600.5,4201662.0
570600.56,4201662.0
570600.6,4201662.0
570600.7,4201662.0
570600.75,4201662.0
570600.8,4201662.0
570600.9,4201662.0
570600.94,4201662.0
570601.0,4201662.0
570601.06,4201662.0
570601.1,4201662.0
570601.2,4201662.0
570601.25,4201662.0
570601.3,4201662.0
570601.4,4201662.0
570601.44,4201662.0
570601.5,4201662.0
570601.56,4201662.0
570601.6,4201662.0
570601.7,4201662.0
570601.75,4201662.0
570601.8,4201662.0
570601.9,4201662.0
570601.9,4201661.5
570601.94,4201661.5
570602.0,4201661.5
570602.06,4201661.5
570602.1,4201661.5
570602.2,4201661.5
570602.25,4201661.5
570602.3,4201661.5
570602.4,4201661.5
570602.44,4201661.5
570602.5,4201661.5
570602.56,4201661.5
570602.6,4201661.5
570602.7,4201661.5
570602.75,4201661.5
570602.8,4201661.5
570602.9,4201661.5
570602.94,4201661.5
570603.0,4201661.5
570603.06,4201661.5
570603.1,4201661.5
570603.2,4201661.5
570603.25,4201661.5
570603.3,4201661.5
570603.4,4201661.5
570603.44,4201661.5
570603.5,4201661.5
570603.56,4201661.5
570603.6,4201661.5
570603.7,4201661.5
570603.75,4201661.5
570603.8,4201661.5
570603.9,4201661.5
570603.94,4201661.5
570604.0,4201661.5
570604.06,4201661.5
570604.1,4201661.5
570604.2,4201661.5
570604.25,4201661.5
570604.3,4201661.5
570604.4,4201661.5
570604.44,4201661.5
570604.5,4201661.5
570604.56,4201661.5
570604.6,4201661.5
570604.7,4201661.5
570604.75,4201661.5
570604.8,4201661.5
570604.9,4201661.5
570604.94,4201661.5
570605.0,4201661.5
570605.06,4201661.5
570605.1,4201661.5
570605.2,4201661.5
570605.25,4201661.5
570605.3,4201661.5
570605.4,4201661.5
570605.44,4201661.5
570605.5,4201661.5
570605.56,4201661.5
570605.6,4201661.5
570605.7,4201661.5
570605.75,4201661.5
570605.8,4201661.5
570605.9,4201661.5
570605.94,4201661.5
570606.0,4201661.5
570606.06,4201661.5
570606.1,4201661.5
570606.2,4201661.5
570606.25,4201661.5
570606.3,4201661.5
570606.4,4201661.5
570606.44,4201661.5
570606.5,4201661.5
570606.56,4201661.5
570606.6,4201661.5
570606.7,4201661.5
570606.75,4201661.5
570606.8,4201661.5
570606.9,4201661.5
570606.94,4201661.5
570607.0,4201661.5
570607.06,4201661.5
570607.1,4201661.5
570607.2,4201661.5
570607.25,4201661.5
570607.3,4201661.5
570607.4,4201661.5
570607.4,4201661.0
570607.44,4201661.0
570607.5,4201661.0
570607.56,4201661.0
570607.6,4201661.0
570607.7,4201661.0
570607.75,4201661.0
570607.8,4201661.0
570607.9,4201661.0
570607.94,4201661.0
570608.0,4201661.0
570608.06,4201661.0
570608.1,4201661.0
570608.2,4201661.0
570608.25,4201661.0
570608.3,4201661.0
570608.4,4201661.0
570608.44,4201661.0
570608.5,4201661.0
570608.56,4201661.0
570608.6,4201661.0
570608.7,4201661.0
570608.75,4201661.0
570608.8,4201661.0
570608.9,4201661.0
570608.94,4201661.0
570609.0,4201661.0
570609.06,4201661.0
570609.1,4201661.0
570609.2,4201661.0
570609.25,4201661.0
570609.3,4201661.0
570609.4,4201661.0
570609.44,4201661.0
570609.5,4201661.0
570609.56,4201661.0
570609.6,4201661.0
570609.7,4201661.0
570609.75,4201661.0
570609.8,4201661.0
570609.9,4201661.0
570609.94,4201661.0
570610.0,4201661.0
570610.06,4201661.0
570610.1,4201661.0
570610.2,4201661.0
570610.25,4201661.0
570610.3,4201661.0
570610.4,4201661.0
570610.44,4201661.0
570610.5,4201661.0
570610.56,4201661.0
570610.56,4201660.5
570610.6,4201660.5
570610.7,4201660.5
570610.75,4201660.5
570610.8,4201660.5
570610.9,4201660.5
570610.94,4201660.5
570611.0,4201660.5
570611.06,4201660.5
570611.1,4201660.5
570611.2,4201660.5
570611.25,4201660.5
570611.3,4201660.5
570611.4,4201660.5
570611.44,4201660.5
570611.5,4201660.5
570611.56,4201660.5
570611.6,4201660.5
570611.7,4201660.5
570611.75,4201660.5
570611.8,4201660.5
570611.9,4201660.5
570611.94,4201660.5
570612.0,4201660.5
570612.06,4201660.5
570612.1,4201660.5
570612.2,4201660.5
570612.25,4201660.5
570612.3,4201660.5
570612.4,4201660.5
570612.44,4201660.5
570612.5,4201660.5
570612.56,4201660.5
570612.6,4201660.5
570612.7,4201660.5
570612.75,4201660.5
570612.8,4201660.5
570612.9,4201660.5
570612.94,4201660.5
570613.0,4201660.5
570613.06,4201660.5
570613.1,4201660.5
570613.2,4201660.5
570613.25,4201660.5
570613.3,4201660.5
570613.3,4201660.0
570613.4,4201660.0
570613.44,4201660.0
570613.5,4201660.0
570613.56,4201660.0
570613.6,4201660.0
570613.7,4201660.0
570613.75,4201660.0
570613.8,4201660.0
570613.9,4201660.0
570613.94,4201660.0
570614.0,4201660.0
570614.06,4201660.0
570614.1,4201660.0
570614.2,4201660.0
570614.25,4201660.0
570614.3,4201660.0
570614.4,4201660.0
570614.44,4201660.0
570614.5,4201660.0
570614.56,4201660.0
570614.6,4201660.0
570614.7,4201660.0
570614.75,4201660.0
570614.8,4201660.0
570614.9,4201660.0
570614.94,4201660.0
570615.0,4201660.0
570615.06,4201660.0
570615.1,4201660.0
570615.2,4201660.0
570615.25,4201660.0
570615.3,4201660.0
570615.4,4201660.0
570615.44,4201660.0
570615.5,4201660.0
570615.5,4201659.5
570615.56,4201659.5
570615.6,4201659.5
570615.7,4201659.5
570615.75,4201659.5
570615.8,4201659.5
570615.9,4201659.5
570615.94,4201659.5
570616.0,4201659.5
570616.06,4201659.5
570616.1,4201659.5
570616.2,4201659.5
570616.25,4201659.5
570616.3,4201659.5
570616.4,4201659.5
570616.44,4201659.5
570616.5,4201659.5
570616.56,4201659.5
570616.6,4201659.5
570616.7,4201659.5
570616.75,4201659.5
570616.8,4201659.5
570616.9,4201659.5
570616.94,4201659.5
570617.0,4201659.5
570617.06,4201659.5
570617.1,4201659.5
570617.2,4201659.5
570617.25,4201659.5
570617.3,4201659.5
570617.4,4201659.5
570617.44,4201659.5
570617.5,4201659.5
570617.56,4201659.5
570617.6,4201659.5
570617.7,4201659.5
570617.7,4201659.0
570617.75,4201659.0
570617.8,4201659.0
570617.9,4201659.0
570617.94,4201659.0
570618.0,4201659.0
570618.06,4201659.0
570618.1,4201659.0
570618.2,4201659.0
570618.25,4201659.0
570618.3,4201659.0
570618.4,4201659.0
570618.44,4201659.0
570618.5,4201659.0
570618.56,4201659.0
570618.6,4201659.0
570618.7,4201659.0
570618.75,4201659.0
570618.8,4201659.0
570618.9,4201659.0
570618.94,4201659.0
570619.0,4201659.0
570619.06,4201659.0
570619.1,4201659.0
570619.2,4201659.0
570619.25,4201659.0
570619.3,4201659.0
570619.4,4201659.0
570619.44,4201659.0
570619.5,4201659.0
570619.56,4201659.0
570619.6,4201659.0
570619.7,4201659.0
570619.75,4201659.0
570619.8,4201659.0
570619.9,4201658.5
570619.94,4201658.5
570620.0,4201658.5
570620.06,4201658.5
570620.1,4201658.5
570620.2,4201658.5
570620.25,4201658.5
570620.3,4201658.5
570620.4,4201658.5
570620.44,4201658.5
570620.5,4201658.5
570620.56,4201658.5
570620.6,4201658.5
570620.7,4201658.5
570620.75,4201658.5
570620.8,4201658.5
570620.9,4201658.5
570620.94,4201658.5
570621.0,4201658.5
570621.06,4201658.5
570621.1,4201658.5
570621.2,4201658.5
570621.25,4201658.5
570621.3,4201658.5
570621.4,4201658.5
570621.44,4201658.5
570621.5,4201658.5
570621.56,4201658.5
570621.6,4201658.5
570621.7,4201658.5
570621.75,4201658.5
570621.8,4201658.5
570621.9,4201658.5
570621.94,4201658.5
570622.0,4201658.0
570622.06,4201658.0
570622.1,4201658.0
570622.2,4201658.0
570622.25,4201658.0
570622.3,4201658.0
570622.4,4201658.0
570622.44,4201658.0
570622.5,4201658.0
570622.56,4201658.0
570622.6,4201658.0
570622.7,4201658.0
570622.75,4201658.0
570622.8,4201658.0
570622.9,4201658.0
570622.94,4201658.0
570623.0,4201658.0
570623.06,4201658.0
570623.1,4201658.0
570623.2,4201658.0
570623.25,4201658.0
570623.3,4201658.0
570623.4,4201658.0
570623.44,4201658.0
570623.5,4201658.0
570623.56,4201658.0
570623.6,4201658.0
570623.7,4201658.0
570623.75,4201658.0
570623.8,4201658.0
570623.9,4201658.0
570623.94,4201658.0
570624.0,4201658.0
570624.06,4201658.0
570624.1,4201657.5
570624.2,4201657.5
570624.25,4201657.5
570624.3,4201657.5
570624.4,4201657.5
570624.44,4201657.5
570624.5,4201657.5
570624.56,4201657.5
570624.6,4201657.5
570624.7,4201657.5
570624.75,4201657.5
570624.8,4201657.5
570624.9,4201657.5
570624.94,4201657.5
570625.0,4201657.5
570625.06,4201657.5
570625.1,4201657.5
570625.2,4201657.5
570625.25,4201657.5
570625.3,4201657.5
570625.4,4201657.5
570625.44,4201657.5
570625.5,4201657.5
570625.56,4201657.5
570625.6,4201657.5
570625.7,4201657.5
570625.75,4201657.5
570625.8,4201657.5
570625.9,4201657.5
570625.94,4201657.5
570626.0,4201657.5
570626.06,4201657.5
570626.1,4201657.5
570626.2,4201657.5
570626.25,4201657.0
570626.3,4201657.0
570626.4,4201657.0
570626.44,4201657.0
570626.5,4201657.0
570626.56,4201657.0
570626.6,4201657.0
570626.7,4201657.0
570626.75,4201657.0
570626.8,4201657.0
570626.9,4201657.0
570626.94,4201657.0
570627.0,4201657.0
570627.06,4201657.0
570627.1,4201657.0
570627.2,4201657.0
570627.25,4201657.0
570627.3,4201657.0
570627.4,4201657.0
570627.44,4201657.0
570627.5,4201657.0
570627.56,4201657.0
570627.6,4201657.0
570627.7,4201657.0
570627.75,4201657.0
570627.8,4201657.0
570627.9,4201657.0
570627.94,4201657.0
570628.0,4201657.0
570628.06,4201657.0
570628.1,4201657.0
570628.2,4201657.0
570628.25,4201657.0
570628.3,4201657.0
570628.3,4201656.5
570628.4,4201656.5
570628.44,4201656.5
570628.5,4201656.5
570628.56,4201656.5
570628.6,4201656.5
570628.7,4201656.5
570628.75,4201656.5
570628.8,4201656.5
570628.9,4201656.5
570628.94,4201656.5
570629.0,4201656.5
570629.06,4201656.5
570629.1,4201656.5
570629.2,4201656.5
570629.25,4201656.5
570629.3,4201656.5
570629.4,4201656.5
570629.44,4201656.5
570629.5,4201656.5
570629.56,4201656.5
570629.6,4201656.5
570629.7,4201656.5
570629.75,4201656.5
570629.8,4201656.5
570629.9,4201656.5
570629.94,4201656.5
570630.0,4201656.5
570630.06,4201656.5
570630.1,4201656.5
570630.2,4201656.5
570630.25,4201656.5
570630.3,4201656.5
570630.4,4201656.5
570630.44,4201656.0
570630.5,4201656.0
570630.56,4201656.0
570630.6,4201656.0
570630.7,4201656.0
570630.75,4201656.0
570630.8,4201656.0
570630.9,4201656.0
570630.94,4201656.0
570631.0,4201656.0
570631.06,4201656.0
570631.1,4201656.0
570631.2,4201656.0
570631.25,4201656.0
570631.3,4201656.0
570631.4,4201656.0
570631.44,4201656.0
570631.5,4201656.0
570631.56,4201656.0
570631.6,4201656.0
570631.7,4201656.0
570631.75,4201656.0
570631.8,4201656.0
570631.9,4201656.0
570631.94,4201656.0
570632.0,4201656.0
570632.06,4201656.0
570632.1,4201656.0
570632.2,4201656.0
570632.25,4201656.0
570632.3,4201656.0
570632.4,4201656.0
570632.44,4201656.0
570632.5,4201656.0
570632.56,4201655.5
570632.6,4201655.5
570632.7,4201655.5
570632.75,4201655.5
570632.8,4201655.5
570632.9,4201655.5
570632.94,4201655.5
570633.0,4201655.5
570633.06,4201655.5
570633.1,4201655.5
570633.2,4201655.5
570633.25,4201655.5
570633.3,4201655.5
570633.4,4201655.5
570633.44,4201655.5
570633.5,4201655.5
570633.56,4201655.5
570633.6,4201655.5
570633.7,4201655.5
570633.75,4201655.5
570633.8,4201655.5
570633.9,4201655.5
570633.94,4201655.5
570634.0,4201655.5
570634.06,4201655.5
570634.1,4201655.5
570634.2,4201655.5
570634.25,4201655.5
570634.3,4201655.5
570634.4,4201655.5
570634.44,4201655.5
570634.5,4201655.5
570634.56,4201655.5
570634.6,4201655.0
570634.7,4201655.0
570634.75,4201655.0
570634.8,4201655.0
570634.9,4201655.0
570634.94,4201655.0
570635.0,4201655.0
570635.06,4201655.0
570635.1,4201655.0
570635.2,4201655.0
570635.25,4201655.0
570635.3,4201655.0
570635.4,4201655.0
570635.44,4201655.0
570635.5,4201655.0
570635.56,4201655.0
570635.6,4201655.0
570635.7,4201655.0
570635.75,4201655.0
570635.8,4201655.0
570635.9,4201655.0
570635.94,4201655.0
570636.0,4201655.0
570636.06,4201655.0
570636.1,4201655.0
570636.2,4201655.0
570636.25,4201655.0
570636.3,4201655.0
570636.4,4201655.0
570636.44,4201655.0
570636.5,4201655.0
570636.56,4201655.0
570636.6,4201655.0
570636.7,4201655.0
570636.75,4201654.5
570636.8,4201654.5
570636.9,4201654.5
570636.94,4201654.5
570637.0,4201654.5
570637.06,4201654.5
570637.1,4201654.5
570637.2,4201654.5
570637.25,4201654.5
570637.3,4201654.5
570637.4,4201654.5
570637.44,4201654.5
570637.5,4201654.5
570637.56,4201654.5
570637.6,4201654.5
570637.7,4201654.5
570637.75,4201654.5
570637.8,4201654.5
570637.9,4201654.5
570637.94,4201654.5
570638.0,4201654.5
570638.06,4201654.5
570638.1,4201654.5
570638.2,4201654.5
570638.25,4201654.5
570638.3,4201654.5
570638.4,4201654.5
570638.44,4201654.5
570638.5,4201654.5
570638.56,4201654.5
570638.6,4201654.5
570638.7,4201654.5
570638.75,4201654.0
570638.8,4201654.0
570638.9,4201654.0
570638.94,4201654.0
570639.0,4201654.0
570639.06,4201654.0
570639.1,4201654.0
570639.2,4201654.0
570639.25,4201654.0
570639.3,4201654.0
570639.4,4201654.0
570639.44,4201654.0
570639.5,4201654.0
570639.56,4201654.0
570639.6,4201654.0
570639.7,4201654.0
570639.75,4201654.0
570639.8,4201654.0
570639.9,4201654.0
570639.94,4201654.0
570640.0,4201654.0
570640.06,4201654.0
570640.1,4201654.0
570640.2,4201654.0
570640.25,4201654.0
570640.3,4201654.0
570640.4,4201654.0
570640.44,4201654.0
570640.5,4201654.0
570640.56,4201654.0
570640.6,4201654.0
570640.7,4201654.0
570640.75,4201654.0
570640.8,4201654.0
570640.9,4201653.5
570640.94,4201653.5
570641.0,4201653.5
570641.06,4201653.5
570641.1,4201653.5
570641.2,4201653.5
570641.25,4201653.5
570641.3,4201653.5
570641.4,4201653.5
570641.44,4201653.5
570641.5,4201653.5
570641.56,4201653.5
570641.6,4201653.5
570641.7,4201653.5
570641.75,4201653.5
570641.8,4201653.5
570641.9,4201653.5
570641.94,4201653.5
570642.0,4201653.5
570642.06,4201653.5
570642.1,4201653.5
570642.2,4201653.5
570642.25,4201653.5
570642.3,4201653.5
570642.4,4201653.5
570642.44,4201653.5
570642.5,4201653.5
570642.56,4201653.5
570642.6,4201653.5
570642.7,4201653.5
570642.75,4201653.5
570642.8,4201653.5
570642.9,4201653.0
570642.94,4201653.0
570643.0,4201653.0
570643.06,4201653.0
570643.1,4201653.0
570643.2,4201653.0
570643.25,4201653.0
570643.3,4201653.0
570643.4,4201653.0
570643.44,4201653.0
570643.5,4201653.0
570643.56,4201653.0
570643.6,4201653.0
570643.7,4201653.0
570643.75,4201653.0
570643.8,4201653.0
570643.9,4201653.0
570643.94,4201653.0
570644.0,4201653.0
570644.06,4201653.0
570644.1,4201653.0
570644.2,4201653.0
570644.25,4201653.0
570644.3,4201653.0
570644.4,4201653.0
570644.44,4201653.0
570644.5,4201653.0
570644.56,4201653.0
570644.6,4201653.0
570644.7,4201653.0
570644.75,4201653.0
570644.8,4201653.0
570644.9,4201653.0
570644.94,4201652.5
570645.0,4201652.5
570645.06,4201652.5
570645.1,4201652.5
570645.2,4201652.5
570645.25,4201652.5
570645.3,4201652.5
570645.4,4201652.5
570645.44,4201652.5
570645.5,4201652.5
570645.56,4201652.5
570645.6,4201652.5
570645.7,4201652.5
570645.75,4201652.5
570645.8,4201652.5
570645.9,4201652.5
570645.94,4201652.5
570646.0,4201652.5
570646.06,4201652.5
570646.1,4201652.5
570646.2,4201652.5
570646.25,4201652.5
570646.3,4201652.5
570646.4,4201652.5
570646.44,4201652.5
570646.5,4201652.5
570646.56,4201652.5
570646.6,4201652.5
570646.7,4201652.5
570646.75,4201652.5
570646.8,4201652.5
570646.9,4201652.5
570646.94,4201652.5
570647.0,4201652.0
570647.06,4201652.0
570647.1,4201652.0
570647.2,4201652.0
570647.25,4201652.0
570647.3,4201652.0
570647.4,4201652.0
570647.44,4201652.0
570647.5,4201652.0
570647.56,4201652.0
570647.6,4201652.0
570647.7,4201652.0
570647.75,4201652.0
570647.8,4201652.0
570647.9,4201652.0
570647.94,4201652.0
570648.0,4201652.0
570648.06,4201652.0
570648.1,4201652.0
570648.2,4201652.0
570648.25,4201652.0
570648.3,4201652.0
570648.4,4201652.0
570648.44,4201652.0
570648.5,4201652.0
570648.56,4201652.0
570648.6,4201652.0
570648.7,4201652.0
570648.75,4201652.0
570648.8,4201652.0
570648.9,4201652.0
570648.94,4201652.0
570649.0,4201652.0
570649.06,4201652.0
570649.1,4201651.5
570649.2,4201651.5
570649.25,4201651.5
570649.3,4201651.5
570649.4,4201651.5
570649.44,4201651.5
570649.5,4201651.5
570649.56,4201651.5
570649.6,4201651.5
570649.7,4201651.5
570649.75,4201651.5
570649.8,4201651.5
570649.9,4201651.5
570649.94,4201651.5
570650.0,4201651.5
570650.06,4201651.5
570650.1,4201651.5
570650.2,4201651.5
570650.25,4201651.5
570650.3,4201651.5
570650.4,4201651.5
570650.44,4201651.5
570650.5,4201651.5
570650.56,4201651.5
570650.6,4201651.5
570650.7,4201651.5
570650.75,4201651.5
570650.8,4201651.5
570650.9,4201651.5
570650.94,4201651.5
570651.0,4201651.5
570651.06,4201651.5
570651.1,4201651.5
570651.2,4201651.5
570651.25,4201651.0
570651.3,4201651.0
570651.4,4201651.0
570651.44,4201651.0
570651.5,4201651.0
570651.56,4201651.0
570651.6,4201651.0
570651.7,4201651.0
570651.75,4201651.0
570651.8,4201651.0
570651.9,4201651.0
570651.94,4201651.0
570652.0,4201651.0
570652.06,4201651.0
570652.1,4201651.0
570652.2,4201651.0
570652.25,4201651.0
570652.3,4201651.0
570652.4,4201651.0
570652.44,4201651.0
570652.5,4201651.0
570652.56,4201651.0
570652.6,4201651.0
570652.7,4201651.0
570652.75,4201651.0
570652.8,4201651.0
570652.9,4201651.0
570652.94,4201651.0
570653.0,4201651.0
570653.06,4201651.0
570653.1,4201651.0
570653.2,4201651.0
570653.25,4201651.0
570653.3,4201651.0
570653.4,4201651.0
570653.44,4201650.5
570653.5,4201650.5
570653.56,4201650.5
570653.6,4201650.5
570653.7,4201650.5
570653.75,4201650.5
570653.8,4201650.5
570653.9,4201650.5
570653.94,4201650.5
570654.0,4201650.5
570654.06,4201650.5
570654.1,4201650.5
570654.2,4201650.5
570654.25,4201650.5
570654.3,4201650.5
570654.4,4201650.5
570654.44,4201650.5
570654.5,4201650.5
570654.56,4201650.5
570654.6,4201650.5
570654.7,4201650.5
570654.75,4201650.5
570654.8,4201650.5
570654.9,4201650.5
570654.94,4201650.5
570655.0,4201650.5
570655.06,4201650.5
570655.1,4201650.5
570655.2,4201650.5
570655.25,4201650.5
570655.3,4201650.5
570655.4,4201650.5
570655.44,4201650.5
570655.5,4201650.5
570655.56,4201650.0
570655.6,4201650.0
570655.7,4201650.0
570655.75,4201650.0
570655.8,4201650.0
570655.9,4201650.0
570655.94,4201650.0
570656.0,4201650.0
570656.06,4201650.0
570656.1,4201650.0
570656.2,4201650.0
570656.25,4201650.0
570656.3,4201650.0
570656.4,4201650.0
570656.44,4201650.0
570656.5,4201650.0
570656.56,4201650.0
570656.6,4201650.0
570656.7,4201650.0
570656.75,4201650.0
570656.8,4201650.0
570656.9,4201650.0
570656.94,4201650.0
570657.0,4201650.0
570657.06,4201650.0
570657.1,4201650.0
570657.2,4201650.0
570657.25,4201650.0
570657.3,4201650.0
570657.4,4201650.0
570657.44,4201650.0
570657.5,4201650.0
570657.56,4201650.0
570657.6,4201650.0
570657.7,4201650.0
570657.75,4201649.5
570657.8,4201649.5
570657.9,4201649.5
570657.94,4201649.5
570658.0,4201649.5
570658.06,4201649.5
570658.1,4201649.5
570658.2,4201649.5
570658.25,4201649.5
570658.3,4201649.5
570658.4,4201649.5
570658.44,4201649.5
570658.5,4201649.5
570658.56,4201649.5
570658.6,4201649.5
570658.7,4201649.5
570658.75,4201649.5
570658.8,4201649.5
570658.9,4201649.5
570658.94,4201649.5
570659.0,4201649.5
570659.06,4201649.5
570659.1,4201649.5
570659.2,4201649.5
570659.25,4201649.5
570659.3,4201649.5
570659.4,4201649.5
570659.44,4201649.5
570659.5,4201649.5
570659.56,4201649.5
570659.6,4201649.5
570659.7,4201649.5
570659.75,4201649.5
570659.8,4201649.5
570659.9,4201649.5
570659.94,4201649.5
570660.0,4201649.5
570660.06,4201649.0
570660.1,4201649.0
570660.2,4201649.0
570660.25,4201649.0
570660.3,4201649.0
570660.4,4201649.0
570660.44,4201649.0
570660.5,4201649.0
570660.56,4201649.0
570660.6,4201649.0
570660.7,4201649.0
570660.75,4201649.0
570660.8,4201649.0
570660.9,4201649.0
570660.94,4201649.0
570661.0,4201649.0
570661.06,4201649.0
570661.1,4201649.0
570661.2,4201649.0
570661.25,4201649.0
570661.3,4201649.0
570661.4,4201649.0
570661.44,4201649.0
570661.5,4201649.0
570661.56,4201649.0
570661.6,4201649.0
570661.7,4201649.0
570661.75,4201649.0
570661.8,4201649.0
570661.9,4201649.0
570661.94,4201649.0
570662.0,4201649.0
570662.06,4201649.0
570662.1,4201649.0
570662.2,4201649.0
570662.25,4201649.0
570662.3,4201649.0
570662.4,4201648.5
570662.44,4201648.5
570662.5,4201648.5
570662.56,4201648.5
570662.6,4201648.5
570662.7,4201648.5
570662.75,4201648.5
570662.8,4201648.5
570662.9,4201648.5
570662.94,4201648.5
570663.0,4201648.5
570663.06,4201648.5
570663.1,4201648.5
570663.2,4201648.5
570663.25,4201648.5
570663.3,4201648.5
570663.4,4201648.5
570663.44,4201648.5
570663.5,4201648.5
570663.56,4201648.5
570663.6,4201648.5
570663.7,4201648.5
570663.75,4201648.5
570663.8,4201648.5
570663.9,4201648.5
570663.94,4201648.5
570664.0,4201648.5
570664.06,4201648.5
570664.1,4201648.5
570664.2,4201648.5
570664.25,4201648.5
570664.3,4201648.5
570664.4,4201648.5
570664.44,4201648.5
570664.5,4201648.5
570664.56,4201648.5
570664.6,4201648.5
570664.7,4201648.5
570664.75,4201648.0
570664.8,4201648.0
570664.9,4201648.0
570664.94,4201648.0
570665.0,4201648.0
570665.06,4201648.0
570665.1,4201648.0
570665.2,4201648.0
570665.25,4201648.0
570665.3,4201648.0
570665.4,4201648.0
570665.44,4201648.0
570665.5,4201648.0
570665.56,4201648.0
570665.6,4201648.0
570665.7,4201648.0
570665.75,4201648.0
570665.8,4201648.0
570665.9,4201648.0
570665.94,4201648.0
570666.0,4201648.0
570666.06,4201648.0
570666.1,4201648.0
570666.2,4201648.0
570666.25,4201648.0
570666.3,4201648.0
570666.4,4201648.0
570666.44,4201648.0
570666.5,4201648.0
570666.56,4201648.0
570666.6,4201648.0
570666.7,4201648.0
570666.75,4201648.0
570666.8,4201648.0
570666.9,4201648.0
570666.94,4201648.0
570667.0,4201648.0
570667.06,4201647.5
570667.1,4201647.5
570667.2,4201647.5
570667.25,4201647.5
570667.3,4201647.5
570667.4,4201647.5
570667.44,4201647.5
570667.5,4201647.5
570667.56,4201647.5
570667.6,4201647.5
570667.7,4201647.5
570667.75,4201647.5
570667.8,4201647.5
570667.9,4201647.5
570667.94,4201647.5
570668.0,4201647.5
570668.06,4201647.5
570668.1,4201647.5
570668.2,4201647.5
570668.25,4201647.5
570668.3,4201647.5
570668.4,4201647.5
570668.44,4201647.5
570668.5,4201647.5
570668.56,4201647.5
570668.6,4201647.5
570668.7,4201647.5
570668.75,4201647.5
570668.8,4201647.5
570668.9,4201647.5
570668.94,4201647.5
570669.0,4201647.5
570669.1,4201647.5
570669.2,4201647.5
570669.25,4201647.5
570669.3,4201647.5
570669.4,4201647.0
570669.44,4201647.0
570669.5,4201647.0
570669.56,4201647.0
570669.6,4201647.0
570669.7,4201647.0
570669.75,4201647.0
570669.8,4201647.0
570669.9,4201647.0
570669.94,4201647.0
570670.0,4201647.0
570670.06,4201647.0
570670.1,4201647.0
570670.2,4201647.0
570670.25,4201647.0
570670.3,4201647.0
570670.4,4201647.0
570670.5,4201647.0
570670.56,4201647.0
570670.6,4201647.0
570670.7,4201647.0
570670.75,4201647.0
570670.8,4201647.0
570670.9,4201647.0
570670.94,4201647.0
570671.0,4201647.0
570671.06,4201647.0
570671.1,4201647.0
570671.2,4201647.0
570671.25,4201647.0
570671.3,4201647.0
570671.4,4201647.0
570671.44,4201647.0
570671.5,4201647.0
570671.56,4201647.0
570671.6,4201647.0
570671.7,4201646.5
570671.75,4201646.5
570671.9,4201646.5
570671.94,4201646.5
570672.0,4201646.5
570672.06,4201646.5
570672.1,4201646.5
570672.2,4201646.5
570672.25,4201646.5
570672.3,4201646.5
570672.4,4201646.5
570672.44,4201646.5
570672.5,4201646.5
570672.56,4201646.5
570672.6,4201646.5
570672.7,4201646.5
570672.75,4201646.5
570672.8,4201646.5
570672.9,4201646.5
570672.94,4201646.5
570673.0,4201646.5
570673.06,4201646.5
570673.1,4201646.5
570673.25,4201646.5
570673.3,4201646.5
570673.4,4201646.5
570673.44,4201646.5
570673.5,4201646.5
570673.56,4201646.5
570673.6,4201646.5
570673.7,4201646.5
570673.75,4201646.5
570673.8,4201646.5
570673.9,4201646.5
570673.94,4201646.5
570674.0,4201646.5
570674.06,4201646.0
570674.1,4201646.0
570674.2,4201646.0
570674.25,4201646.0
570674.3,4201646.0
570674.4,4201646.0
570674.44,4201646.0
570674.56,4201646.0
570674.6,4201646.0
570674.7,4201646.0
570674.75,4201646.0
570674.8,4201646.0
570674.9,4201646.0
570674.94,4201646.0
570675.0,4201646.0
570675.06,4201646.0
570675.1,4201646.0
570675.2,4201646.0
570675.25,4201646.0
570675.3,4201646.0
570675.4,4201646.0
570675.44,4201646.0
570675.5,4201646.0
570675.56,4201646.0
570675.6,4201646.0
570675.7,4201646.0
570675.75,4201646.0
570675.8,4201646.0
570675.94,4201646.0
570676.0,4201646.0
570676.06,4201646.0
570676.1,4201646.0
570676.2,4201646.0
570676.25,4201646.0
570676.3,4201646.0
570676.4,4201646.0
570676.44,4201645.5
570676.5,4201645.5
570676.56,4201645.5
570676.6,4201645.5
570676.7,4201645.5
570676.75,4201645.5
570676.8,4201645.5
570676.9,4201645.5
570676.94,4201645.5
570677.0,4201645.5
570677.06,4201645.5
570677.1,4201645.5
570677.2,4201645.5
570677.3,4201645.5
570677.4,4201645.5
570677.44,4201645.5
570677.5,4201645.5
570677.56,4201645.5
570677.6,4201645.5
570677.7,4201645.5
570677.75,4201645.5
570677.8,4201645.5
570677.9,4201645.5
570677.94,4201645.5
570678.0,4201645.5
570678.06,4201645.5
570678.1,4201645.5
570678.2,4201645.5
570678.25,4201645.5
570678.3,4201645.5
570678.4,4201645.5
570678.44,4201645.5
570678.5,4201645.5
570678.56,4201645.5
570678.7,4201645.5
570678.75,4201645.5
570678.8,4201645.0
570678.9,4201645.0
570678.94,4201645.0
570679.0,4201645.0
570679.06,4201645.0
570679.1,4201645.0
570679.2,4201645.0
570679.25,4201645.0
570679.3,4201645.0
570679.4,4201645.0
570679.44,4201645.0
570679.5,4201645.0
570679.56,4201645.0
570679.6,4201645.0
570679.7,4201645.0
570679.75,4201645.0
570679.8,4201645.0
570679.94,4201645.0
570680.0,4201645.0
570680.06,4201645.0
570680.1,4201645.0
570680.2,4201645.0
570680.25,4201645.0
570680.3,4201645.0
570680.4,4201645.0
570680.44,4201645.0
570680.5,4201645.0
570680.56,4201645.0
570680.6,4201645.0
570680.7,4201645.0
570680.8,4201645.0
570680.9,4201645.0
570680.94,4201645.0
570681.0,4201645.0
570681.06,4201644.5
570681.1,4201644.5
570681.2,4201644.5
570681.25,4201644.5
570681.3,4201644.5
570681.4,4201644.5
570681.44,4201644.5
570681.5,4201644.5
570681.56,4201644.5
570681.7,4201644.5
570681.75,4201644.5
570681.8,4201644.5
570681.9,4201644.5
570681.94,4201644.5
570682.0,4201644.5
570682.06,4201644.5
570682.1,4201644.5
570682.2,4201644.5
570682.25,4201644.5
570682.3,4201644.5
570682.4,4201644.5
570682.5,4201644.5
570682.56,4201644.5
570682.6,4201644.5
570682.7,4201644.5
570682.75,4201644.5
570682.8,4201644.5
570682.9,4201644.5
570682.94,4201644.5
570683.0,4201644.5
570683.06,4201644.5
570683.1,4201644.5
570683.2,4201644.5
570683.25,4201644.5
570683.4,4201644.0
570683.44,4201644.0
570683.5,4201644.0
570683.56,4201644.0
570683.6,4201644.0
570683.7,4201644.0
570683.75,4201644.0
570683.8,4201644.0
570683.9,4201644.0
570683.94,4201644.0
570684.0,4201644.0
570684.06,4201644.0
570684.2,4201644.0
570684.25,4201644.0
570684.3,4201644.0
570684.4,4201644.0
570684.44,4201644.0
570684.5,4201644.0
570684.56,4201644.0
570684.6,4201644.0
570684.7,4201644.0
570684.75,4201644.0
570684.8,4201644.0
570684.9,4201644.0
570684.94,4201644.0
570685.06,4201644.0
570685.1,4201644.0
570685.2,4201644.0
570685.25,4201644.0
570685.3,4201644.0
570685.4,4201644.0
570685.44,4201644.0
570685.5,4201644.0
570685.56,4201644.0
570685.6,4201643.5
570685.7,4201643.5
570685.75,4201643.5
570685.9,4201643.5
570685.94,4201643.5
570686.0,4201643.5
570686.06,4201643.5
570686.1,4201643.5
570686.2,4201643.5
570686.25,4201643.5
570686.3,4201643.5
570686.4,4201643.5
570686.44,4201643.5
570686.5,4201643.5
570686.56,4201643.5
570686.6,4201643.5
570686.75,4201643.5
570686.8,4201643.5
570686.9,4201643.5
570686.94,4201643.5
570687.0,4201643.5
570687.06,4201643.5
570687.1,4201643.5
570687.2,4201643.5
570687.25,4201643.5
570687.3,4201643.5
570687.4,4201643.5
570687.44,4201643.5
570687.5,4201643.5
570687.6,4201643.5
570687.7,4201643.5
570687.75,4201643.5
570687.8,4201643.5
570687.9,4201643.5
570687.94,4201643.0
570688.0,4201643.0
570688.06,4201643.0
570688.1,4201643.0
570688.2,4201643.0
570688.25,4201643.0
570688.3,4201643.0
570688.44,4201643.0
570688.5,4201643.0
570688.56,4201643.0
570688.6,4201643.0
570688.7,4201643.0
570688.75,4201643.0
570688.8,4201643.0
570688.9,4201643.0
570688.94,4201643.0
570689.0,4201643.0
570689.06,4201643.0
570689.1,4201643.0
570689.2,4201643.0
570689.3,4201643.0
570689.4,4201643.0
570689.44,4201643.0
570689.5,4201643.0
570689.56,4201643.0
570689.6,4201643.0
570689.7,4201643.0
570689.75,4201643.0
570689.8,4201643.0
570689.9,4201643.0
570689.94,4201643.0
570690.0,4201643.0
570690.1,4201643.0
570690.2,4201643.0
570690.25,4201642.5
570690.3,4201642.5
570690.4,4201642.5
570690.44,4201642.5
570690.5,4201642.5
570690.56,4201642.5
570690.6,4201642.5
570690.7,4201642.5
570690.75,4201642.5
570690.8,4201642.5
570690.9,4201642.5
570691.0,4201642.5
570691.06,4201642.5
570691.1,4201642.5
570691.2,4201642.5
570691.25,4201642.5
570691.3,4201642.5
570691.4,4201642.5
570691.44,4201642.5
570691.5,4201642.5
570691.56,4201642.5
570691.6,4201642.5
570691.7,4201642.5
570691.8,4201642.5
570691.9,4201642.5
570691.94,4201642.5
570692.0,4201642.5
570692.06,4201642.5
570692.1,4201642.5
570692.2,4201642.5
570692.25,4201642.5
570692.3,4201642.5
570692.4,4201642.5
570692.5,4201642.0
570692.56,4201642.0
570692.6,4201642.0
570692.7,4201642.0
570692.75,4201642.0
570692.8,4201642.0
570692.9,4201642.0
570692.94,4201642.0
570693.0,4201642.0
570693.06,4201642.0
570693.2,4201642.0
570693.25,4201642.0
570693.3,4201642.0
570693.4,4201642.0
570693.44,4201642.0
570693.5,4201642.0
570693.56,4201642.0
570693.6,4201642.0
570693.7,4201642.0
570693.8,4201642.0
570693.9,4201642.0
570693.94,4201642.0
570694.0,4201642.0
570694.06,4201642.0
570694.1,4201642.0
570694.2,4201642.0
570694.25,4201642.0
570694.3,4201642.0
570694.4,4201642.0
570694.5,4201642.0
570694.56,4201642.0
570694.6,4201642.0
570694.7,4201642.0
570694.75,4201641.5
570694.8,4201641.5
570694.9,4201641.5
570694.94,4201641.5
570695.0,4201641.5
570695.06,4201641.5
570695.2,4201641.5
570695.25,4201641.5
570695.3,4201641.5
570695.4,4201641.5
570695.44,4201641.5
570695.5,4201641.5
570695.56,4201641.5
570695.6,4201641.5
570695.7,4201641.5
570695.75,4201641.5
570695.9,4201641.5
570695.94,4201641.5
570696.0,4201641.5
570696.06,4201641.5
570696.1,4201641.5
570696.2,4201641.5
570696.25,4201641.5
570696.3,4201641.5
570696.4,4201641.5
570696.44,4201641.5
570696.56,4201641.5
570696.6,4201641.5
570696.7,4201641.5
570696.75,4201641.5
570696.8,4201641.5
570696.9,4201641.5
570696.94,4201641.5
570697.0,4201641.0
570697.06,4201641.0
570697.1,4201641.0
570697.25,4201641.0
570697.3,4201641.0
570697.4,4201641.0
570697.44,4201641.0
570697.5,4201641.0
570697.56,4201641.0
570697.6,4201641.0
570697.7,4201641.0
570697.75,4201641.0
570697.8,4201641.0
570697.94,4201641.0
570698.0,4201641.0
570698.06,4201641.0
570698.1,4201641.0
570698.2,4201641.0
570698.25,4201641.0
570698.3,4201641.0
570698.4,4201641.0
570698.44,4201641.0
570698.5,4201641.0
570698.6,4201641.0
570698.7,4201641.0
570698.75,4201641.0
570698.8,4201641.0
570698.9,4201641.0
570698.94,4201641.0
570699.0,4201641.0
570699.06,4201641.0
570699.1,4201641.0
570699.25,4201641.0
570699.3,4201640.5
570699.4,4201640.5
570699.44,4201640.5
570699.5,4201640.5
570699.56,4201640.5
570699.6,4201640.5
570699.7,4201640.5
570699.75,4201640.5
570699.8,4201640.5
570699.94,4201640.5
570700.0,4201640.5
570700.06,4201640.5
570700.1,4201640.5
570700.2,4201640.5
570700.25,4201640.5
570700.3,4201640.5
570700.4,4201640.5
570700.44,4201640.5
570700.5,4201640.5
570700.6,4201640.5
570700.7,4201640.5
570700.75,4201640.5
570700.8,4201640.5
570700.9,4201640.5
570700.94,4201640.5
570701.0,4201640.5
570701.06,4201640.5
570701.1,4201640.5
570701.2,4201640.5
570701.3,4201640.5
570701.4,4201640.5
570701.44,4201640.5
570701.5,4201640.5
570701.56,4201640.0
570701.6,4201640.0
570701.7,4201640.0
570701.75,4201640.0
570701.8,4201640.0
570701.9,4201640.0
570702.0,4201640.0
570702.06,4201640.0
570702.1,4201640.0
570702.2,4201640.0
570702.25,4201640.0
570702.3,4201640.0
570702.4,4201640.0
570702.44,4201640.0
570702.5,4201640.0
570702.56,4201640.0
570702.7,4201640.0
570702.75,4201640.0
570702.8,4201640.0
570702.9,4201640.0
570702.94,4201640.0
570703.0,4201640.0
570703.06,4201640.0
570703.1,4201640.0
570703.2,4201640.0
570703.25,4201640.0
570703.4,4201640.0
570703.44,4201640.0
570703.5,4201640.0
570703.56,4201640.0
570703.6,4201640.0
570703.7,4201640.0
570703.75,4201640.0
570703.8,4201640.0
570703.9,4201639.5
570703.94,4201639.5
570704.0,4201639.5
570704.1,4201639.5
570704.2,4201639.5
570704.25,4201639.5
570704.3,4201639.5
570704.4,4201639.5
570704.44,4201639.5
570704.5,4201639.5
570704.56,4201639.5
570704.6,4201639.5
570704.7,4201639.5
570704.75,4201639.5
570704.8,4201639.5
570704.94,4201639.5
570705.0,4201639.5
570705.06,4201639.5
570705.1,4201639.5
570705.2,4201639.5
570705.25,4201639.5
570705.3,4201639.5
570705.4,4201639.5
570705.44,4201639.5
570705.5,4201639.5
570705.56,4201639.5
570705.6,4201639.5
570705.75,4201639.5
570705.8,4201639.5
570705.9,4201639.5
570705.94,4201639.5
570706.0,4201639.5
570706.06,4201639.5
570706.1,4201639.0
570706.2,4201639.0
570706.25,4201639.0
570706.3,4201639.0
570706.4,4201639.0
570706.44,4201639.0
570706.56,4201639.0
570706.6,4201639.0
570706.7,4201639.0
570706.75,4201639.0
570706.8,4201639.0
570706.9,4201639.0
570706.94,4201639.0
570707.0,4201639.0
570707.06,4201639.0
570707.1,4201639.0
570707.2,4201639.0
570707.25,4201639.0
570707.4,4201639.0
570707.44,4201639.0
570707.5,4201639.0
570707.56,4201639.0
570707.6,4201639.0
570707.7,4201639.0
570707.75,4201639.0
570707.8,4201639.0
570707.9,4201639.0
570707.94,4201639.0
570708.0,4201639.0
570708.06,4201639.0
570708.2,4201639.0
570708.25,4201639.0
570708.3,4201639.0
570708.4,4201639.0
570708.44,4201638.5
570708.5,4201638.5
570708.56,4201638.5
570708.6,4201638.5
570708.7,4201638.5
570708.75,4201638.5
570708.8,4201638.5
570708.9,4201638.5
570709.0,4201638.5
570709.06,4201638.5
570709.1,4201638.5
570709.2,4201638.5
570709.25,4201638.5
570709.3,4201638.5
570709.4,4201638.5
570709.44,4201638.5
570709.5,4201638.5
570709.56,4201638.5
570709.6,4201638.5
570709.7,4201638.5
570709.75,4201638.5
570709.9,4201638.5
570709.94,4201638.5
570710.0,4201638.5
570710.06,4201638.5
570710.1,4201638.5
570710.2,4201638.5
570710.25,4201638.5
570710.3,4201638.5
570710.4,4201638.5
570710.44,4201638.5
570710.5,4201638.5
570710.56,4201638.5
570710.7,4201638.5
570710.75,4201638.0
570710.8,4201638.0
570710.9,4201638.0
570710.94,4201638.0
570711.0,4201638.0
570711.06,4201638.0
570711.1,4201638.0
570711.2,4201638.0
570711.25,4201638.0
570711.3,4201638.0
570711.4,4201638.0
570711.5,4201638.0
570711.56,4201638.0
570711.6,4201638.0
570711.7,4201638.0
570711.75,4201638.0
570711.8,4201638.0
570711.9,4201638.0
570711.94,4201638.0
570712.0,4201638.0
570712.06,4201638.0
570712.1,4201638.0
570712.2,4201638.0
570712.3,4201638.0
570712.4,4201638.0
570712.44,4201638.0
570712.5,4201638.0
570712.56,4201638.0
570712.6,4201638.0
570712.7,4201638.0
570712.75,4201638.0
570712.8,4201638.0
570712.9,4201638.0
570712.94,4201638.0
570713.0,4201637.5
570713.1,4201637.5
570713.2,4201637.5
570713.25,4201637.5
570713.3,4201637.5
570713.4,4201637.5
570713.44,4201637.5
570713.5,4201637.5
570713.56,4201637.5
570713.6,4201637.5
570713.7,4201637.5
570713.75,4201637.5
570713.8,4201637.5
570713.94,4201637.5
570714.0,4201637.5
570714.06,4201637.5
570714.1,4201637.5
570714.2,4201637.5
570714.25,4201637.5
570714.3,4201637.5
570714.4,4201637.5
570714.44,4201637.5
570714.5,4201637.5
570714.56,4201637.5
570714.6,4201637.5
570714.75,4201637.5
570714.8,4201637.5
570714.9,4201637.5
570714.94,4201637.5
570715.0,4201637.5
570715.06,4201637.5
570715.1,4201637.5
570715.2,4201637.5
570715.25,4201637.0
570715.3,4201637.0
570715.4,4201637.0
570715.44,4201637.0
570715.5,4201637.0
570715.6,4201637.0
570715.7,4201637.0
570715.75,4201637.0
570715.8,4201637.0
570715.9,4201637.0
570715.94,4201637.0
570716.0,4201637.0
570716.06,4201637.0
570716.1,4201637.0
570716.2,4201637.0
570716.25,4201637.0
570716.3,4201637.0
570716.4,4201637.0
570716.44,4201637.0
570716.5,4201637.0
570716.56,4201637.0
570716.7,4201637.0
570716.75,4201637.0
570716.8,4201637.0
570716.9,4201637.0
570716.94,4201637.0
570717.0,4201637.0
570717.06,4201637.0
570717.1,4201637.0
570717.2,4201637.0
570717.25,4201637.0
570717.3,4201637.0
570717.4,4201637.0
570717.44,4201637.0
570717.5,4201637.0
570717.56,4201636.5
570717.6,4201636.5
570717.7,4201636.5
570717.8,4201636.5
570717.9,4201636.5
570717.94,4201636.5
570718.0,4201636.5
570718.06,4201636.5
570718.1,4201636.5
570718.2,4201636.5
570718.25,4201636.5
570718.3,4201636.5
570718.4,4201636.5
570718.44,4201636.5
570718.5,4201636.5
570718.56,4201636.5
570718.6,4201636.5
570718.7,4201636.5
570718.75,4201636.5
570718.9,4201636.5
570718.94,4201636.5
570719.0,4201636.5
570719.06,4201636.5
570719.1,4201636.5
570719.2,4201636.5
570719.25,4201636.5
570719.3,4201636.5
570719.4,4201636.5
570719.44,4201636.5
570719.5,4201636.5
570719.56,4201636.5
570719.6,4201636.5
570719.7,4201636.5
570719.75,4201636.5
570719.8,4201636.5
570719.9,4201636.0
570720.0,4201636.0
570720.06,4201636.0
570720.1,4201636.0
570720.2,4201636.0
570720.25,4201636.0
570720.3,4201636.0
570720.4,4201636.0
570720.44,4201636.0
570720.5,4201636.0
570720.56,4201636.0
570720.6,4201636.0
570720.7,4201636.0
570720.75,4201636.0
570720.8,4201636.0
570720.9,4201636.0
570720.94,4201636.0
570721.06,4201636.0
570721.1,4201636.0
570721.2,4201636.0
570721.25,4201636.0
570721.3,4201636.0
570721.4,4201636.0
570721.44,4201636.0
570721.5,4201636.0
570721.56,4201636.0
570721.6,4201636.0
570721.7,4201636.0
570721.75,4201636.0
570721.8,4201636.0
570721.9,4201636.0
570721.94,4201636.0
570722.0,4201636.0
570722.06,4201636.0
570722.2,4201636.0
570722.25,4201635.5
570722.3,4201635.5
570722.4,4201635.5
570722.44,4201635.5
570722.5,4201635.5
570722.56,4201635.5
570722.6,4201635.5
570722.7,4201635.5
570722.75,4201635.5
570722.8,4201635.5
570722.9,4201635.5
570722.94,4201635.5
570723.0,4201635.5
570723.06,4201635.5
570723.1,4201635.5
570723.25,4201635.5
570723.3,4201635.5
570723.4,4201635.5
570723.44,4201635.5
570723.5,4201635.5
570723.56,4201635.5
570723.6,4201635.5
570723.7,4201635.5
570723.75,4201635.5
570723.8,4201635.5
570723.9,4201635.5
570723.94,4201635.5
570724.0,4201635.5
570724.06,4201635.5
570724.1,4201635.5
570724.2,4201635.5
570724.25,4201635.5
570724.4,4201635.5
570724.44,4201635.5
570724.5,4201635.0
570724.56,4201635.0
570724.6,4201635.0
570724.7,4201635.0
570724.75,4201635.0
570724.8,4201635.0
570724.9,4201635.0
570724.94,4201635.0
570725.0,4201635.0
570725.06,4201635.0
570725.1,4201635.0
570725.2,4201635.0
570725.25,4201635.0
570725.3,4201635.0
570725.44,4201635.0
570725.5,4201635.0
570725.56,4201635.0
570725.6,4201635.0
570725.7,4201635.0
570725.75,4201635.0
570725.8,4201635.0
570725.9,4201635.0
570725.94,4201635.0
570726.0,4201635.0
570726.06,4201635.0
570726.1,4201635.0
570726.2,4201635.0
570726.25,4201635.0
570726.3,4201635.0
570726.4,4201635.0
570726.44,4201635.0
570726.56,4201635.0
570726.6,4201635.0
570726.7,4201635.0
570726.75,4201635.0
570726.8,4201634.5
570726.9,4201634.5
570726.94,4201634.5
570727.0,4201634.5
570727.06,4201634.5
570727.1,4201634.5
570727.2,4201634.5
570727.25,4201634.5
570727.3,4201634.5
570727.4,4201634.5
570727.44,4201634.5
570727.56,4201634.5
570727.6,4201634.5
570727.7,4201634.5
570727.75,4201634.5
570727.8,4201634.5
570727.9,4201634.5
570727.94,4201634.5
570728.0,4201634.5
570728.06,4201634.5
570728.1,4201634.5
570728.2,4201634.5
570728.25,4201634.5
570728.3,4201634.5
570728.4,4201634.5
570728.5,4201634.5
570728.56,4201634.5
570728.6,4201634.5
570728.7,4201634.5
570728.75,4201634.5
570728.8,4201634.5
570728.9,4201634.5
570728.94,4201634.5
570729.0,4201634.5
570729.06,4201634.5
570729.1,4201634.0
570729.2,4201634.0
570729.25,4201634.0
570729.3,4201634.0
570729.44,4201634.0
570729.5,4201634.0
570729.56,4201634.0
570729.6,4201634.0
570729.7,4201634.0
570729.75,4201634.0
570729.8,4201634.0
570729.9,4201634.0
570729.94,4201634.0
570730.0,4201634.0
570730.06,4201634.0
570730.1,4201634.0
570730.2,4201634.0
570730.3,4201634.0
570730.4,4201634.0
570730.44,4201634.0
570730.5,4201634.0
570730.56,4201634.0
570730.6,4201634.0
570730.7,4201634.0
570730.75,4201634.0
570730.8,4201634.0
570730.9,4201634.0
570730.94,4201634.0
570731.0,4201634.0
570731.06,4201634.0
570731.1,4201634.0
570731.25,4201634.0
570731.3,4201634.0
570731.4,4201634.0
570731.44,4201633.5
570731.5,4201633.5
570731.56,4201633.5
570731.6,4201633.5
570731.7,4201633.5
570731.75,4201633.5
570731.8,4201633.5
570731.9,4201633.5
570731.94,4201633.5
570732.0,4201633.5
570732.06,4201633.5
570732.2,4201633.5
570732.25,4201633.5
570732.3,4201633.5
570732.4,4201633.5
570732.44,4201633.5
570732.5,4201633.5
570732.56,4201633.5
570732.6,4201633.5
570732.7,4201633.5
570732.75,4201633.5
570732.8,4201633.5
570732.9,4201633.5
570732.94,4201633.5
570733.0,4201633.5
570733.1,4201633.5
570733.2,4201633.5
570733.25,4201633.5
570733.3,4201633.5
570733.4,4201633.5
570733.44,4201633.5
570733.5,4201633.5
570733.56,4201633.5
570733.6,4201633.5
570733.7,4201633.5
570733.75,4201633.0
570733.8,4201633.0
570733.9,4201633.0
570734.0,4201633.0
570734.06,4201633.0
570734.1,4201633.0
570734.2,4201633.0
570734.25,4201633.0
570734.3,4201633.0
570734.4,4201633.0
570734.44,4201633.0
570734.5,4201633.0
570734.56,4201633.0
570734.6,4201633.0
570734.7,4201633.0
570734.75,4201633.0
570734.8,4201633.0
570734.94,4201633.0
570735.0,4201633.0
570735.06,4201633.0
570735.1,4201633.0
570735.2,4201633.0
570735.25,4201633.0
570735.3,4201633.0
570735.4,4201633.0
570735.44,4201633.0
570735.5,4201633.0
570735.56,4201633.0
570735.6,4201633.0
570735.7,4201633.0
570735.75,4201633.0
570735.9,4201633.0
570735.94,4201633.0
570736.0,4201633.0
570736.06,4201633.0
570736.1,4201632.5
570736.2,4201632.5
570736.25,4201632.5
570736.3,4201632.5
570736.4,4201632.5
570736.44,4201632.5
570736.5,4201632.5
570736.56,4201632.5
570736.6,4201632.5
570736.7,4201632.5
570736.8,4201632.5
570736.9,4201632.5
570736.94,4201632.5
570737.0,4201632.5
570737.06,4201632.5
570737.1,4201632.5
570737.2,4201632.5
570737.25,4201632.5
570737.3,4201632.5
570737.4,4201632.5
570737.44,4201632.5
570737.5,4201632.5
570737.56,4201632.5
570737.7,4201632.5
570737.75,4201632.5
570737.8,4201632.5
570737.9,4201632.5
570737.94,4201632.5
570738.0,4201632.5
570738.06,4201632.5
570738.1,4201632.5
570738.2,4201632.5
570738.25,4201632.5
570738.3,4201632.5
570738.4,4201632.5
570738.44,4201632.0
570738.5,4201632.0
570738.6,4201632.0
570738.7,4201632.0
570738.75,4201632.0
570738.8,4201632.0
570738.9,4201632.0
570738.94,4201632.0
570739.0,4201632.0
570739.06,4201632.0
570739.1,4201632.0
570739.2,4201632.0
570739.25,4201632.0
570739.3,4201632.0
570739.44,4201632.0
570739.5,4201632.0
570739.56,4201632.0
570739.6,4201632.0
570739.7,4201632.0
570739.75,4201632.0
570739.8,4201632.0
570739.9,4201632.0
570739.94,4201632.0
570740.0,4201632.0
570740.06,4201632.0
570740.1,4201632.0
570740.25,4201632.0
570740.3,4201632.0
570740.4,4201632.0
570740.44,4201632.0
570740.5,4201632.0
570740.56,4201632.0
570740.6,4201632.0
570740.7,4201632.0
570740.75,4201631.5
570740.8,4201631.5
570740.9,4201631.5
570741.0,4201631.5
570741.06,4201631.5
570741.1,4201631.5
570741.2,4201631.5
570741.25,4201631.5
570741.3,4201631.5
570741.4,4201631.5
570741.44,4201631.5
570741.5,4201631.5
570741.56,4201631.5
570741.6,4201631.5
570741.75,4201631.5
570741.8,4201631.5
570741.9,4201631.5
570741.94,4201631.5
570742.0,4201631.5
570742.06,4201631.5
570742.1,4201631.5
570742.2,4201631.5
570742.25,4201631.5
570742.3,4201631.5
570742.4,4201631.5
570742.44,4201631.5
570742.56,4201631.5
570742.6,4201631.5
570742.7,4201631.5
570742.75,4201631.5
570742.8,4201631.5
570742.9,4201631.5
570742.94,4201631.5
570743.0,4201631.5
570743.06,4201631.0
570743.1,4201631.0
570743.2,4201631.0
570743.3,4201631.0
570743.4,4201631.0
570743.44,4201631.0
570743.5,4201631.0
570743.56,4201631.0
570743.6,4201631.0
570743.7,4201631.0
570743.75,4201631.0
570743.8,4201631.0
570743.9,4201631.0
570743.94,4201631.0
570744.0,4201631.0
570744.1,4201631.0
570744.2,4201631.0
570744.25,4201631.0
570744.3,4201631.0
570744.4,4201631.0
570744.44,4201631.0
570744.5,4201631.0
570744.56,4201631.0
570744.6,4201631.0
570744.7,4201631.0
570744.75,4201631.0
570744.9,4201631.0
570744.94,4201631.0
570745.0,4201631.0
570745.06,4201631.0
570745.1,4201631.0
570745.2,4201631.0
570745.25,4201631.0
570745.3,4201631.0
570745.4,4201630.5
570745.44,4201630.5
570745.5,4201630.5
570745.56,4201630.5
570745.7,4201630.5
570745.75,4201630.5
570745.8,4201630.5
570745.9,4201630.5
570745.94,4201630.5
570746.0,4201630.5
570746.06,4201630.5
570746.1,4201630.5
570746.2,4201630.5
570746.25,4201630.5
570746.3,4201630.5
570746.44,4201630.5
570746.5,4201630.5
570746.56,4201630.5
570746.6,4201630.5
570746.7,4201630.5
570746.75,4201630.5
570746.8,4201630.5
570746.9,4201630.5
570746.94,4201630.5
570747.0,4201630.5
570747.06,4201630.5
570747.2,4201630.5
570747.25,4201630.5
570747.3,4201630.5
570747.4,4201630.5
570747.44,4201630.5
570747.5,4201630.5
570747.56,4201630.5
570747.6,4201630.5
570747.7,4201630.0
570747.75,4201630.0
570747.8,4201630.0
570747.9,4201630.0
570748.0,4201630.0
570748.06,4201630.0
570748.1,4201630.0
570748.2,4201630.0
570748.25,4201630.0
570748.3,4201630.0
570748.4,4201630.0
570748.44,4201630.0
570748.5,4201630.0
570748.56,4201630.0
570748.6,4201630.0
570748.75,4201630.0
570748.8,4201630.0
570748.9,4201630.0
570748.94,4201630.0
570749.0,4201630.0
570749.06,4201630.0
570749.1,4201630.0
570749.2,4201630.0
570749.25,4201630.0
570749.3,4201630.0
570749.4,4201630.0
570749.44,4201630.0
570749.56,4201630.0
570749.6,4201630.0
570749.7,4201630.0
570749.75,4201630.0
570749.8,4201630.0
570749.9,4201630.0
570749.94,4201630.0
570750.0,4201629.5
570750.06,4201629.5
570750.1,4201629.5
570750.2,4201629.5
570750.3,4201629.5
570750.4,4201629.5
570750.44,4201629.5
570750.5,4201629.5
570750.56,4201629.5
570750.6,4201629.5
570750.7,4201629.5
570750.75,4201629.5
570750.8,4201629.5
570750.9,4201629.5
570750.94,4201629.5
570751.06,4201629.5
570751.1,4201629.5
570751.2,4201629.5
570751.25,4201629.5
570751.3,4201629.5
570751.4,4201629.5
570751.44,4201629.5
570751.5,4201629.5
570751.56,4201629.5
570751.6,4201629.5
570751.75,4201629.5
570751.8,4201629.5
570751.9,4201629.5
570751.94,4201629.5
570752.0,4201629.5
570752.06,4201629.5
570752.1,4201629.5
570752.2,4201629.5
570752.25,4201629.5
570752.3,4201629.0
570752.44,4201629.0
570752.5,4201629.0
570752.56,4201629.0
570752.6,4201629.0
570752.7,4201629.0
570752.75,4201629.0
570752.8,4201629.0
570752.9,4201629.0
570752.94,4201629.0
570753.0,4201629.0
570753.1,4201629.0
570753.2,4201629.0
570753.25,4201629.0
570753.3,4201629.0
570753.4,4201629.0
570753.44,4201629.0
570753.5,4201629.0
570753.56,4201629.0
570753.6,4201629.0
570753.7,4201629.0
570753.8,4201629.0
570753.9,4201629.0
570753.94,4201629.0
570754.0,4201629.0
570754.06,4201629.0
570754.1,4201629.0
570754.2,4201629.0
570754.25,4201629.0
570754.3,4201629.0
570754.4,4201629.0
570754.5,4201629.0
570754.56,4201629.0
570754.6,4201628.5
570754.7,4201628.5
570754.75,4201628.5
570754.8,4201628.5
570754.9,4201628.5
570754.94,4201628.5
570755.0,4201628.5
570755.06,4201628.5
570755.2,4201628.5
570755.25,4201628.5
570755.3,4201628.5
570755.4,4201628.5
570755.44,4201628.5
570755.5,4201628.5
570755.56,4201628.5
570755.6,4201628.5
570755.7,4201628.5
570755.75,4201628.5
570755.9,4201628.5
570755.94,4201628.5
570756.0,4201628.5
570756.06,4201628.5
570756.1,4201628.5
570756.2,4201628.5
570756.25,4201628.5
570756.3,4201628.5
570756.4,4201628.5
570756.44,4201628.5
570756.56,4201628.5
570756.6,4201628.5
570756.7,4201628.5
570756.75,4201628.5
570756.8,4201628.5
570756.9,4201628.5
570756.94,4201628.0
570757.0,4201628.0
570757.06,4201628.0
570757.1,4201628.0
570757.25,4201628.0
570757.3,4201628.0
570757.4,4201628.0
570757.44,4201628.0
570757.5,4201628.0
570757.56,4201628.0
570757.6,4201628.0
570757.7,4201628.0
570757.75,4201628.0
570757.8,4201628.0
570757.94,4201628.0
570758.0,4201628.0
570758.06,4201628.0
570758.1,4201628.0
570758.2,4201628.0
570758.25,4201628.0
570758.3,4201628.0
570758.4,4201628.0
570758.44,4201628.0
570758.5,4201628.0
570758.6,4201628.0
570758.7,4201628.0
570758.75,4201628.0
570758.8,4201628.0
570758.9,4201628.0
570758.94,4201628.0
570759.0,4201628.0
570759.06,4201628.0
570759.1,4201628.0
570759.2,4201627.5
570759.3,4201627.5
570759.4,4201627.5
570759.44,4201627.5
570759.5,4201627.5
570759.56,4201627.5
570759.6,4201627.5
570759.7,4201627.5
570759.75,4201627.5
570759.8,4201627.5
570759.9,4201627.5
570760.0,4201627.5
570760.06,4201627.5
570760.1,4201627.5
570760.2,4201627.5
570760.25,4201627.5
570760.3,4201627.5
570760.4,4201627.5
570760.44,4201627.5
570760.5,4201627.5
570760.56,4201627.5
570760.7,4201627.5
570760.75,4201627.5
570760.8,4201627.5
570760.9,4201627.5
570760.94,4201627.5
570761.0,4201627.5
570761.06,4201627.5
570761.1,4201627.5
570761.2,4201627.5
570761.25,4201627.5
570761.4,4201627.5
570761.44,4201627.5
570761.5,4201627.5
570761.56,4201627.0
570761.6,4201627.0
570761.7,4201627.0
570761.75,4201627.0
570761.8,4201627.0
570761.9,4201627.0
570761.94,4201627.0
570762.06,4201627.0
570762.1,4201627.0
570762.2,4201627.0
570762.25,4201627.0
570762.3,4201627.0
570762.4,4201627.0
570762.44,4201627.0
570762.5,4201627.0
570762.56,4201627.0
570762.6,4201627.0
570762.75,4201627.0
570762.8,4201627.0
570762.9,4201627.0
570762.94,4201627.0
570763.0,4201627.0
570763.06,4201627.0
570763.1,4201627.0
570763.2,4201627.0
570763.3,4201627.0
570763.4,4201627.0
570763.44,4201627.0
570763.5,4201627.0
570763.56,4201627.0
570763.6,4201627.0
570763.7,4201627.0
570763.75,4201627.0
570763.8,4201626.5
570763.94,4201626.5
570764.0,4201626.5
570764.06,4201626.5
570764.1,4201626.5
570764.2,4201626.5
570764.25,4201626.5
570764.3,4201626.5
570764.4,4201626.5
570764.44,4201626.5
570764.56,4201626.5
570764.6,4201626.5
570764.7,4201626.5
570764.75,4201626.5
570764.8,4201626.5
570764.9,4201626.5
570764.94,4201626.5
570765.0,4201626.5
570765.06,4201626.5
570765.2,4201626.5
570765.25,4201626.5
570765.3,4201626.5
570765.4,4201626.5
570765.44,4201626.5
570765.5,4201626.5
570765.56,4201626.5
570765.6,4201626.5
570765.7,4201626.5
570765.8,4201626.5
570765.9,4201626.5
570765.94,4201626.5
570766.0,4201626.5
570766.06,4201626.5
570766.1,4201626.0
570766.2,4201626.0
570766.25,4201626.0
570766.3,4201626.0
570766.44,4201626.0
570766.5,4201626.0
570766.56,4201626.0
570766.6,4201626.0
570766.7,4201626.0
570766.75,4201626.0
570766.8,4201626.0
570766.9,4201626.0
570766.94,4201626.0
570767.06,4201626.0
570767.1,4201626.0
570767.2,4201626.0
570767.25,4201626.0
570767.3,4201626.0
570767.4,4201626.0
570767.44,4201626.0
570767.5,4201626.0
570767.56,4201626.0
570767.7,4201626.0
570767.75,4201626.0
570767.8,4201626.0
570767.9,4201626.0
570767.94,4201626.0
570768.0,4201626.0
570768.06,4201626.0
570768.1,4201626.0
570768.2,4201626.0
570768.3,4201626.0
570768.4,4201626.0
570768.44,4201626.0
570768.5,4201625.5
570768.56,4201625.5
570768.6,4201625.5
570768.7,4201625.5
570768.75,4201625.5
570768.8,4201625.5
570768.94,4201625.5
570769.0,4201625.5
570769.06,4201625.5
570769.1,4201625.5
570769.2,4201625.5
570769.25,4201625.5
570769.3,4201625.5
570769.4,4201625.5
570769.44,4201625.5
570769.56,4201625.5
570769.6,4201625.5
570769.7,4201625.5
570769.75,4201625.5
570769.8,4201625.5
570769.9,4201625.5
570769.94,4201625.5
570770.0,4201625.5
570770.06,4201625.5
570770.2,4201625.5
570770.25,4201625.5
570770.3,4201625.5
570770.4,4201625.5
570770.44,4201625.5
570770.5,4201625.5
570770.56,4201625.5
570770.6,4201625.5
570770.7,4201625.5
570770.8,4201625.0
570770.9,4201625.0
570770.94,4201625.0
570771.0,4201625.0
570771.06,4201625.0
570771.1,4201625.0
570771.2,4201625.0
570771.25,4201625.0
570771.3,4201625.0
570771.44,4201625.0
570771.5,4201625.0
570771.56,4201625.0
570771.6,4201625.0
570771.7,4201625.0
570771.75,4201625.0
570771.8,4201625.0
570771.9,4201625.0
570771.94,4201625.0
570772.06,4201625.0
570772.1,4201625.0
570772.2,4201625.0
570772.25,4201625.0
570772.3,4201625.0
570772.4,4201625.0
570772.44,4201625.0
570772.5,4201625.0
570772.56,4201625.0
570772.7,4201625.0
570772.75,4201625.0
570772.8,4201625.0
570772.9,4201625.0
570772.94,4201625.0
570773.0,4201625.0
570773.06,4201624.5
570773.1,4201624.5
570773.25,4201624.5
570773.3,4201624.5
570773.4,4201624.5
570773.44,4201624.5
570773.5,4201624.5
570773.56,4201624.5
570773.6,4201624.5
570773.7,4201624.5
570773.75,4201624.5
570773.9,4201624.5
570773.94,4201624.5
570774.0,4201624.5
570774.06,4201624.5
570774.1,4201624.5
570774.2,4201624.5
570774.25,4201624.5
570774.3,4201624.5
570774.4,4201624.5
570774.5,4201624.5
570774.56,4201624.5
570774.6,4201624.5
570774.7,4201624.5
570774.75,4201624.5
570774.8,4201624.5
570774.9,4201624.5
570774.94,4201624.5
570775.0,4201624.5
570775.1,4201624.5
570775.2,4201624.5
570775.25,4201624.5
570775.3,4201624.5
570775.4,4201624.0
570775.44,4201624.0
570775.5,4201624.0
570775.56,4201624.0
570775.7,4201624.0
570775.75,4201624.0
570775.8,4201624.0
570775.9,4201624.0
570775.94,4201624.0
570776.0,4201624.0
570776.06,4201624.0
570776.1,4201624.0
570776.25,4201624.0
570776.3,4201624.0
570776.4,4201624.0
570776.44,4201624.0
570776.5,4201624.0
570776.56,4201624.0
570776.6,4201624.0
570776.75,4201624.0
570776.8,4201624.0
570776.9,4201624.0
570776.94,4201624.0
570777.0,4201624.0
570777.06,4201624.0
570777.1,4201624.0
570777.2,4201624.0
570777.3,4201624.0
570777.4,4201624.0
570777.44,4201624.0
570777.5,4201624.0
570777.56,4201624.0
570777.6,4201624.0
570777.7,4201623.5
570777.75,4201623.5
570777.9,4201623.5
570777.94,4201623.5
570778.0,4201623.5
570778.06,4201623.5
570778.1,4201623.5
570778.2,4201623.5
570778.25,4201623.5
570778.3,4201623.5
570778.44,4201623.5
570778.5,4201623.5
570778.56,4201623.5
570778.6,4201623.5
570778.7,4201623.5
570778.75,4201623.5
570778.8,4201623.5
570778.9,4201623.5
570779.0,4201623.5
570779.06,4201623.5
570779.1,4201623.5
570779.2,4201623.5
570779.25,4201623.5
570779.3,4201623.5
570779.4,4201623.5
570779.44,4201623.5
570779.56,4201623.5
570779.6,4201623.5
570779.7,4201623.5
570779.75,4201623.5
570779.8,4201623.5
570779.9,4201623.5
570779.94,4201623.0
570780.0,4201623.0
570780.1,4201623.0
570780.2,4201623.0
570780.25,4201623.0
570780.3,4201623.0
570780.4,4201623.0
570780.44,4201623.0
570780.5,4201623.0
570780.56,4201623.0
570780.7,4201623.0
570780.75,4201623.0
570780.8,4201623.0
570780.9,4201623.0
570780.94,4201623.0
570781.0,4201623.0
570781.06,4201623.0
570781.1,4201623.0
570781.25,4201623.0
570781.3,4201623.0
570781.4,4201623.0
570781.44,4201623.0
570781.5,4201623.0
570781.56,4201623.0
570781.6,4201623.0
570781.7,4201623.0
570781.8,4201623.0
570781.9,4201623.0
570781.94,4201623.0
570782.0,4201623.0
570782.06,4201623.0
570782.1,4201623.0
570782.2,4201623.0
570782.3,4201622.5
570782.4,4201622.5
570782.44,4201622.5
570782.5,4201622.5
570782.56,4201622.5
570782.6,4201622.5
570782.7,4201622.5
570782.75,4201622.5
570782.9,4201622.5
570782.94,4201622.5
570783.0,4201622.5
570783.06,4201622.5
570783.1,4201622.5
570783.2,4201622.5
570783.25,4201622.5
570783.3,4201622.5
570783.44,4201622.5
570783.5,4201622.5
570783.56,4201622.5
570783.6,4201622.5
570783.7,4201622.5
570783.75,4201622.5
570783.8,4201622.5
570783.9,4201622.5
570784.0,4201622.5
570784.06,4201622.5
570784.1,4201622.5
570784.2,4201622.5
570784.25,4201622.5
570784.3,4201622.5
570784.4,4201622.5
570784.44,4201622.5
570784.56,4201622.5
570784.6,4201622.0
570784.7,4201622.0
570784.75,4201622.0
570784.8,4201622.0
570784.9,4201622.0
570784.94,4201622.0
570785.0,4201622.0
570785.1,4201622.0
570785.2,4201622.0
570785.25,4201622.0
570785.3,4201622.0
570785.4,4201622.0
570785.44,4201622.0
570785.5,4201622.0
570785.56,4201622.0
570785.7,4201622.0
570785.75,4201622.0
570785.8,4201622.0
570785.9,4201622.0
570785.94,4201622.0
570786.0,4201622.0
570786.06,4201622.0
570786.1,4201622.0
570786.25,4201622.0
570786.3,4201622.0
570786.4,4201622.0
570786.44,4201622.0
570786.5,4201622.0
570786.56,4201622.0
570786.6,4201622.0
570786.7,4201622.0
570786.8,4201622.0
570786.9,4201621.5
570786.94,4201621.5
570787.0,4201621.5
570787.06,4201621.5
570787.1,4201621.5
570787.2,4201621.5
570787.25,4201621.5
570787.3,4201621.5
570787.44,4201621.5
570787.5,4201621.5
570787.56,4201621.5
570787.6,4201621.5
570787.7,4201621.5
570787.75,4201621.5
570787.8,4201621.5
570787.9,4201621.5
570787.94,4201621.5
570788.06,4201621.5
570788.1,4201621.5
570788.2,4201621.5
570788.25,4201621.5
570788.3,4201621.5
570788.4,4201621.5
570788.44,4201621.5
570788.5,4201621.5
570788.56,4201621.5
570788.6,4201621.5
570788.75,4201621.5
570788.8,4201621.5
570788.9,4201621.5
570788.94,4201621.5
570789.0,4201621.5
570789.06,4201621.5
570789.1,4201621.5
570789.2,4201621.0
570789.25,4201621.0
570789.4,4201621.0
570789.44,4201621.0
570789.5,4201621.0
570789.56,4201621.0
570789.6,4201621.0
570789.7,4201621.0
570789.75,4201621.0
570789.8,4201621.0
570789.9,4201621.0
570789.94,4201621.0
570790.06,4201621.0
570790.1,4201621.0
570790.2,4201621.0
570790.25,4201621.0
570790.3,4201621.0
570790.4,4201621.0
570790.44,4201621.0
570790.5,4201621.0
570790.56,4201621.0
570790.7,4201621.0
570790.75,4201621.0
570790.8,4201621.0
570790.9,4201621.0
570790.94,4201621.0
570791.0,4201621.0
570791.06,4201621.0
570791.1,4201621.0
570791.2,4201621.0
570791.25,4201621.0
570791.4,4201621.0
570791.44,4201621.0
570791.5,4201620.5
570791.56,4201620.5
570791.6,4201620.5
570791.7,4201620.5
570791.75,4201620.5
570791.8,4201620.5
570791.9,4201620.5
570792.0,4201620.5
570792.06,4201620.5
570792.1,4201620.5
570792.2,4201620.5
570792.25,4201620.5
570792.3,4201620.5
570792.4,4201620.5
570792.44,4201620.5
570792.5,4201620.5
570792.56,4201620.5
570792.7,4201620.5
570792.75,4201620.5
570792.8,4201620.5
570792.9,4201620.5
570792.94,4201620.5
570793.0,4201620.5
570793.06,4201620.5
570793.1,4201620.5
570793.2,4201620.5
570793.25,4201620.5
570793.4,4201620.5
570793.44,4201620.5
570793.5,4201620.5
570793.56,4201620.5
570793.6,4201620.5
570793.7,4201620.5
570793.75,4201620.0
570793.8,4201620.0
570793.9,4201620.0
570794.0,4201620.0
570794.06,4201620.0
570794.1,4201620.0
570794.2,4201620.0
570794.25,4201620.0
570794.3,4201620.0
570794.4,4201620.0
570794.44,4201620.0
570794.5,4201620.0
570794.56,4201620.0
570794.7,4201620.0
570794.75,4201620.0
570794.8,4201620.0
570794.9,4201620.0
570794.94,4201620.0
570795.0,4201620.0
570795.06,4201620.0
570795.1,4201620.0
570795.2,4201620.0
570795.3,4201620.0
570795.4,4201620.0
570795.44,4201620.0
570795.5,4201620.0
570795.56,4201620.0
570795.6,4201620.0
570795.7,4201620.0
570795.75,4201620.0
570795.8,4201620.0
570795.9,4201620.0
570796.0,4201620.0
570796.06,4201619.5
570796.1,4201619.5
570796.2,4201619.5
570796.25,4201619.5
570796.3,4201619.5
570796.4,4201619.5
570796.44,4201619.5
570796.5,4201619.5
570796.6,4201619.5
570796.7,4201619.5
570796.75,4201619.5
570796.8,4201619.5
570796.9,4201619.5
570796.94,4201619.5
570797.0,4201619.5
570797.06,4201619.5
570797.1,4201619.5
570797.2,4201619.5
570797.3,4201619.5
570797.4,4201619.5
570797.44,4201619.5
570797.5,4201619.5
570797.56,4201619.5
570797.6,4201619.5
570797.7,4201619.5
570797.75,4201619.5
570797.8,4201619.5
570797.94,4201619.5
570798.0,4201619.5
570798.06,4201619.5
570798.1,4201619.5
570798.2,4201619.5
570798.25,4201619.5
570798.3,4201619.5
570798.4,4201619.0
570798.44,4201619.0
570798.5,4201619.0
570798.6,4201619.0
570798.7,4201619.0
570798.75,4201619.0
570798.8,4201619.0
570798.9,4201619.0
570798.94,4201619.0
570799.0,4201619.0
570799.06,4201619.0
570799.1,4201619.0
570799.2,4201619.0
570799.3,4201619.0
570799.4,4201619.0
570799.44,4201619.0
570799.5,4201619.0
570799.56,4201619.0
570799.6,4201619.0
570799.7,4201619.0
570799.75,4201619.0
570799.8,4201619.0
570799.9,4201619.0
570799.94,4201619.0
570800.0,4201619.0
570800.1,4201619.0
570800.2,4201619.0
570800.25,4201619.0
570800.3,4201619.0
570800.4,4201619.0
570800.44,4201619.0
570800.5,4201619.0
570800.56,4201619.0
570800.6,4201618.5
570800.7,4201618.5
570800.75,4201618.5
570800.9,4201618.5
570800.94,4201618.5
570801.0,4201618.5
570801.06,4201618.5
570801.1,4201618.5
570801.2,4201618.5
570801.25,4201618.5
570801.3,4201618.5
570801.4,4201618.5
570801.44,4201618.5
570801.5,4201618.5
570801.56,4201618.5
570801.7,4201618.5
570801.75,4201618.5
570801.8,4201618.5
570801.9,4201618.5
570801.94,4201618.5
570802.0,4201618.5
570802.06,4201618.5
570802.1,4201618.5
570802.2,4201618.5
570802.25,4201618.5
570802.3,4201618.5
570802.44,4201618.5
570802.5,4201618.5
570802.56,4201618.5
570802.6,4201618.5
570802.7,4201618.5
570802.75,4201618.5
570802.8,4201618.5
570802.9,4201618.5
570802.94,4201618.0
570803.0,4201618.0
570803.06,4201618.0
570803.2,4201618.0
570803.25,4201618.0
570803.3,4201618.0
570803.4,4201618.0
570803.44,4201618.0
570803.5,4201618.0
570803.56,4201618.0
570803.6,4201618.0
570803.7,4201618.0
570803.75,4201618.0
570803.8,4201618.0
570803.9,4201618.0
570804.0,4201618.0
570804.06,4201618.0
570804.1,4201618.0
570804.2,4201618.0
570804.25,4201618.0
570804.3,4201618.0
570804.4,4201618.0
570804.44,4201618.0
570804.5,4201618.0
570804.56,4201618.0
570804.6,4201618.0
570804.75,4201618.0
570804.8,4201618.0
570804.9,4201618.0
570804.94,4201618.0
570805.0,4201618.0
570805.06,4201618.0
570805.1,4201618.0
570805.2,4201618.0
570805.25,4201617.5
570805.3,4201617.5
570805.4,4201617.5
570805.44,4201617.5
570805.56,4201617.5
570805.6,4201617.5
570805.7,4201617.5
570805.75,4201617.5
570805.8,4201617.5
570805.9,4201617.5
570805.94,4201617.5
570806.0,4201617.5
570806.06,4201617.5
570806.1,4201617.5
570806.2,4201617.5
570806.3,4201617.5
570806.4,4201617.5
570806.44,4201617.5
570806.5,4201617.5
570806.56,4201617.5
570806.6,4201617.5
570806.7,4201617.5
570806.75,4201617.5
570806.8,4201617.5
570806.9,4201617.5
570806.94,4201617.5
570807.0,4201617.5
570807.1,4201617.5
570807.2,4201617.5
570807.25,4201617.5
570807.3,4201617.5
570807.4,4201617.5
570807.44,4201617.5
570807.5,4201617.0
570807.56,4201617.0
570807.6,4201617.0
570807.7,4201617.0
570807.75,4201617.0
570807.9,4201617.0
570807.94,4201617.0
570808.0,4201617.0
570808.06,4201617.0
570808.1,4201617.0
570808.2,4201617.0
570808.25,4201617.0
570808.3,4201617.0
570808.4,4201617.0
570808.44,4201617.0
570808.5,4201617.0
570808.56,4201617.0
570808.7,4201617.0
570808.75,4201617.0
570808.8,4201617.0
570808.9,4201617.0
570808.94,4201617.0
570809.0,4201617.0
570809.06,4201617.0
570809.1,4201617.0
570809.2,4201617.0
570809.25,4201617.0
570809.3,4201617.0
570809.44,4201617.0
570809.5,4201617.0
570809.56,4201617.0
570809.6,4201617.0
570809.7,4201617.0
570809.75,4201617.0
570809.8,4201616.5
570809.9,4201616.5
570809.94,4201616.5
570810.0,4201616.5
570810.06,4201616.5
570810.2,4201616.5
570810.25,4201616.5
570810.3,4201616.5
570810.4,4201616.5
570810.44,4201616.5
570810.5,4201616.5
570810.56,4201616.5
570810.6,4201616.5
570810.7,4201616.5
570810.75,4201616.5
570810.8,4201616.5
570810.9,4201616.5
570811.0,4201616.5
570811.06,4201616.5
570811.1,4201616.5
570811.2,4201616.5
570811.25,4201616.5
570811.3,4201616.5
570811.4,4201616.5
570811.44,4201616.5
570811.5,4201616.5
570811.56,4201616.5
570811.7,4201616.5
570811.75,4201616.5
570811.8,4201616.5
570811.9,4201616.5
570811.94,4201616.5
570812.0,4201616.5
570812.06,4201616.0
570812.1,4201616.0
570812.2,4201616.0
570812.3,4201616.0
570812.4,4201616.0
570812.44,4201616.0
570812.5,4201616.0
570812.56,4201616.0
570812.6,4201616.0
570812.7,4201616.0
570812.75,4201616.0
570812.8,4201616.0
570812.9,4201616.0
570813.0,4201616.0
570813.06,4201616.0
570813.1,4201616.0
570813.2,4201616.0
570813.25,4201616.0
570813.3,4201616.0
570813.4,4201616.0
570813.44,4201616.0
570813.5,4201616.0
570813.56,4201616.0
570813.7,4201616.0
570813.75,4201616.0
570813.8,4201616.0
570813.9,4201616.0
570813.94,4201616.0
570814.0,4201616.0
570814.06,4201616.0
570814.1,4201616.0
570814.2,4201616.0
570814.25,4201616.0
570814.4,4201615.5
570814.44,4201615.5
570814.5,4201615.5
570814.56,4201615.5
570814.6,4201615.5
570814.7,4201615.5
570814.75,4201615.5
570814.8,4201615.5
570814.9,4201615.5
570814.94,4201615.5
570815.06,4201615.5
570815.1,4201615.5
570815.2,4201615.5
570815.25,4201615.5
570815.3,4201615.5
570815.4,4201615.5
570815.44,4201615.5
570815.5,4201615.5
570815.56,4201615.5
570815.6,4201615.5
570815.75,4201615.5
570815.8,4201615.5
570815.9,4201615.5
570815.94,4201615.5
570816.0,4201615.5
570816.06,4201615.5
570816.1,4201615.5
570816.2,4201615.5
570816.25,4201615.5
570816.3,4201615.5
570816.44,4201615.5
570816.5,4201615.5
570816.56,4201615.0
570816.6,4201615.0
570816.7,4201615.0
570816.75,4201615.0
570816.8,4201615.0
570816.9,4201615.0
570816.94,4201615.0
570817.0,4201615.0
570817.1,4201615.0
570817.2,4201615.0
570817.25,4201615.0
570817.3,4201615.0
570817.4,4201615.0
570817.44,4201615.0
570817.5,4201615.0
570817.56,4201615.0
570817.6,4201615.0
570817.7,4201615.0
570817.8,4201615.0
570817.9,4201615.0
570817.94,4201615.0
570818.0,4201615.0
570818.06,4201615.0
570818.1,4201615.0
570818.2,4201615.0
570818.25,4201615.0
570818.3,4201615.0
570818.4,4201615.0
570818.5,4201615.0
570818.56,4201615.0
570818.6,4201615.0
570818.7,4201615.0
570818.75,4201615.0
570818.8,4201614.5
570818.9,4201614.5
570818.94,4201614.5
570819.0,4201614.5
570819.1,4201614.5
570819.2,4201614.5
570819.25,4201614.5
570819.3,4201614.5
570819.4,4201614.5
570819.44,4201614.5
570819.5,4201614.5
570819.56,4201614.5
570819.6,4201614.5
570819.7,4201614.5
570819.8,4201614.5
570819.9,4201614.5
570819.94,4201614.5
570820.0,4201614.5
570820.06,4201614.5
570820.1,4201614.5
570820.2,4201614.5
570820.25,4201614.5
570820.3,4201614.5
570820.4,4201614.5
570820.5,4201614.5
570820.56,4201614.5
570820.6,4201614.5
570820.7,4201614.5
570820.75,4201614.5
570820.8,4201614.5
570820.9,4201614.5
570820.94,4201614.5
570821.0,4201614.5
570821.06,4201614.0
570821.2,4201614.0
570821.25,4201614.0
570821.3,4201614.0
570821.4,4201614.0
570821.44,4201614.0
570821.5,4201614.0
570821.56,4201614.0
570821.6,4201614.0
570821.7,4201614.0
570821.75,4201614.0
570821.9,4201614.0
570821.94,4201614.0
570822.0,4201614.0
570822.06,4201614.0
570822.1,4201614.0
570822.2,4201614.0
570822.25,4201614.0
570822.3,4201614.0
570822.4,4201614.0
570822.44,4201614.0
570822.56,4201614.0
570822.6,4201614.0
570822.7,4201614.0
570822.75,4201614.0
570822.8,4201614.0
570822.9,4201614.0
570822.94,4201614.0
570823.0,4201614.0
570823.06,4201614.0
570823.1,4201614.0
570823.25,4201614.0
570823.3,4201613.5
570823.4,4201613.5
570823.44,4201613.5
570823.5,4201613.5
570823.56,4201613.5
570823.6,4201613.5
570823.7,4201613.5
570823.75,4201613.5
570823.9,4201613.5
570823.94,4201613.5
570824.0,4201613.5
570824.06,4201613.5
570824.1,4201613.5
570824.2,4201613.5
570824.25,4201613.5
570824.3,4201613.5
570824.4,4201613.5
570824.5,4201613.5
570824.56,4201613.5
570824.6,4201613.5
570824.7,4201613.5
570824.75,4201613.5
570824.8,4201613.5
570824.9,4201613.5
570824.94,4201613.5
570825.0,4201613.5
570825.06,4201613.5
570825.2,4201613.5
570825.25,4201613.5
570825.3,4201613.5
570825.4,4201613.5
570825.44,4201613.5
570825.5,4201613.0
570825.56,4201613.0
570825.6,4201613.0
570825.7,4201613.0
570825.8,4201613.0
570825.9,4201613.0
570825.94,4201613.0
570826.0,4201613.0
570826.06,4201613.0
570826.1,4201613.0
570826.2,4201613.0
570826.25,4201613.0
570826.3,4201613.0
570826.4,4201613.0
570826.5,4201613.0
570826.56,4201613.0
570826.6,4201613.0
570826.7,4201613.0
570826.75,4201613.0
570826.8,4201613.0
570826.9,4201613.0
570826.94,4201613.0
570827.0,4201613.0
570827.1,4201613.0
570827.2,4201613.0
570827.25,4201613.0
570827.3,4201613.0
570827.4,4201613.0
570827.44,4201613.0
570827.5,4201613.0
570827.56,4201613.0
570827.6,4201613.0
570827.7,4201612.5
570827.8,4201612.5
570827.9,4201612.5
570827.94,4201612.5
570828.0,4201612.5
570828.06,4201612.5
570828.1,4201612.5
570828.2,4201612.5
570828.25,4201612.5
570828.3,4201612.5
570828.44,4201612.5
570828.5,4201612.5
570828.56,4201612.5
570828.6,4201612.5
570828.7,4201612.5
570828.75,4201612.5
570828.8,4201612.5
570828.9,4201612.5
570828.94,4201612.5
570829.0,4201612.5
570829.1,4201612.5
570829.2,4201612.5
570829.25,4201612.5
570829.3,4201612.5
570829.4,4201612.5
570829.44,4201612.5
570829.5,4201612.5
570829.56,4201612.5
570829.6,4201612.5
570829.75,4201612.5
570829.8,4201612.5
570829.9,4201612.0
570829.94,4201612.0
570830.0,4201612.0
570830.06,4201612.0
570830.1,4201612.0
570830.2,4201612.0
570830.25,4201612.0
570830.3,4201612.0
570830.44,4201612.0
570830.5,4201612.0
570830.56,4201612.0
570830.6,4201612.0
570830.7,4201612.0
570830.75,4201612.0
570830.8,4201612.0
570830.9,4201612.0
570830.94,4201612.0
570831.06,4201612.0
570831.1,4201612.0
570831.2,4201612.0
570831.25,4201612.0
570831.3,4201612.0
570831.4,4201612.0
570831.44,4201612.0
570831.5,4201612.0
570831.56,4201612.0
570831.7,4201612.0
570831.75,4201612.0
570831.8,4201612.0
570831.9,4201612.0
570831.94,4201612.0
570832.0,4201612.0
570832.06,4201611.5
570832.1,4201611.5
570832.2,4201611.5
570832.25,4201611.5
570832.4,4201611.5
570832.44,4201611.5
570832.5,4201611.5
570832.56,4201611.5
570832.6,4201611.5
570832.7,4201611.5
570832.75,4201611.5
570832.8,4201611.5
570832.9,4201611.5
570833.0,4201611.5
570833.06,4201611.5
570833.1,4201611.5
570833.2,4201611.5
570833.25,4201611.5
570833.3,4201611.5
570833.4,4201611.5
570833.44,4201611.5
570833.5,4201611.5
570833.56,4201611.5
570833.7,4201611.5
570833.75,4201611.5
570833.8,4201611.5
570833.9,4201611.5
570833.94,4201611.5
570834.0,4201611.5
570834.06,4201611.5
570834.1,4201611.5
570834.2,4201611.5
570834.3,4201611.0
570834.4,4201611.0
570834.44,4201611.0
570834.5,4201611.0
570834.56,4201611.0
570834.6,4201611.0
570834.7,4201611.0
570834.75,4201611.0
570834.8,4201611.0
570834.9,4201611.0
570835.0,4201611.0
570835.06,4201611.0
570835.1,4201611.0
570835.2,4201611.0
570835.25,4201611.0
570835.3,4201611.0
570835.4,4201611.0
570835.44,4201611.0
570835.5,4201611.0
570835.6,4201611.0
570835.7,4201611.0
570835.75,4201611.0
570835.8,4201611.0
570835.9,4201611.0
570835.94,4201611.0
570836.0,4201611.0
570836.06,4201611.0
570836.1,4201611.0
570836.25,4201611.0
570836.3,4201611.0
570836.4,4201611.0
570836.44,4201610.5
570836.5,4201610.5
570836.56,4201610.5
570836.6,4201610.5
570836.7,4201610.5
570836.75,4201610.5
570836.9,4201610.5
570836.94,4201610.5
570837.0,4201610.5
570837.06,4201610.5
570837.1,4201610.5
570837.2,4201610.5
570837.25,4201610.5
570837.3,4201610.5
570837.4,4201610.5
570837.5,4201610.5
570837.56,4201610.5
570837.6,4201610.5
570837.7,4201610.5
570837.75,4201610.5
570837.8,4201610.5
570837.9,4201610.5
570837.94,4201610.5
570838.0,4201610.5
570838.06,4201610.5
570838.2,4201610.5
570838.25,4201610.5
570838.3,4201610.5
570838.4,4201610.5
570838.44,4201610.5
570838.5,4201610.5
570838.56,4201610.5
570838.6,4201610.0
570838.7,4201610.0
570838.8,4201610.0
570838.9,4201610.0
570838.94,4201610.0
570839.0,4201610.0
570839.06,4201610.0
570839.1,4201610.0
570839.2,4201610.0
570839.25,4201610.0
570839.3,4201610.0
570839.44,4201610.0
570839.5,4201610.0
570839.56,4201610.0
570839.6,4201610.0
570839.7,4201610.0
570839.75,4201610.0
570839.8,4201610.0
570839.9,4201610.0
570839.94,4201610.0
570840.06,4201610.0
570840.1,4201610.0
570840.2,4201610.0
570840.25,4201610.0
570840.3,4201610.0
570840.4,4201610.0
570840.44,4201610.0
570840.5,4201610.0
570840.56,4201610.0
570840.7,4201610.0
570840.75,4201610.0
570840.8,4201609.5
570840.9,4201609.5
570840.94,4201609.5
570841.0,4201609.5
570841.06,4201609.5
570841.1,4201609.5
570841.2,4201609.5
570841.3,4201609.5
570841.4,4201609.5
570841.44,4201609.5
570841.5,4201609.5
570841.56,4201609.5
570841.6,4201609.5
570841.7,4201609.5
570841.75,4201609.5
570841.8,4201609.5
570841.9,4201609.5
570842.0,4201609.5
570842.06,4201609.5
570842.1,4201609.5
570842.2,4201609.5
570842.25,4201609.5
570842.3,4201609.5
570842.4,4201609.5
570842.44,4201609.5
570842.5,4201609.5
570842.6,4201609.5
570842.7,4201609.5
570842.75,4201609.5
570842.8,4201609.5
570842.9,4201609.5
570842.94,4201609.5
570843.0,4201609.0
570843.06,4201609.0
570843.1,4201609.0
570843.25,4201609.0
570843.3,4201609.0
570843.4,4201609.0
570843.44,4201609.0
570843.5,4201609.0
570843.56,4201609.0
570843.6,4201609.0
570843.7,4201609.0
570843.75,4201609.0
570843.9,4201609.0
570843.94,4201609.0
570844.0,4201609.0
570844.06,4201609.0
570844.1,4201609.0
570844.2,4201609.0
570844.25,4201609.0
570844.3,4201609.0
570844.4,4201609.0
570844.5,4201609.0
570844.56,4201609.0
570844.6,4201609.0
570844.7,4201609.0
570844.75,4201609.0
570844.8,4201609.0
570844.9,4201609.0
570844.94,4201609.0
570845.0,4201609.0
570845.1,4201609.0
570845.2,4201608.5
570845.25,4201608.5
570845.3,4201608.5
570845.4,4201608.5
570845.44,4201608.5
570845.5,4201608.5
570845.56,4201608.5
570845.6,4201608.5
570845.7,4201608.5
570845.8,4201608.5
570845.9,4201608.5
570845.94,4201608.5
570846.0,4201608.5
570846.06,4201608.5
570846.1,4201608.5
570846.2,4201608.5
570846.25,4201608.5
570846.3,4201608.5
570846.44,4201608.5
570846.5,4201608.5
570846.56,4201608.5
570846.6,4201608.5
570846.7,4201608.5
570846.75,4201608.5
570846.8,4201608.5
570846.9,4201608.5
570846.94,4201608.5
570847.06,4201608.5
570847.1,4201608.5
570847.2,4201608.5
570847.25,4201608.5
570847.3,4201608.5
570847.4,4201608.0
570847.44,4201608.0
570847.5,4201608.0
570847.56,4201608.0
570847.7,4201608.0
570847.75,4201608.0
570847.8,4201608.0
570847.9,4201608.0
570847.94,4201608.0
570848.0,4201608.0
570848.06,4201608.0
570848.1,4201608.0
570848.2,4201608.0
570848.3,4201608.0
570848.4,4201608.0
570848.44,4201608.0
570848.5,4201608.0
570848.56,4201608.0
570848.6,4201608.0
570848.7,4201608.0
570848.75,4201608.0
570848.8,4201608.0
570848.94,4201608.0
570849.0,4201608.0
570849.06,4201608.0
570849.1,4201608.0
570849.2,4201608.0
570849.25,4201608.0
570849.3,4201608.0
570849.4,4201608.0
570849.44,4201608.0
570849.56,4201608.0
570849.6,4201607.5
570849.7,4201607.5
570849.75,4201607.5
570849.8,4201607.5
570849.9,4201607.5
570849.94,4201607.5
570850.0,4201607.5
570850.06,4201607.5
570850.2,4201607.5
570850.25,4201607.5
570850.3,4201607.5
570850.4,4201607.5
570850.44,4201607.5
570850.5,4201607.5
570850.56,4201607.5
570850.6,4201607.5
570850.7,4201607.5
570850.8,4201607.5
570850.9,4201607.5
570850.94,4201607.5
570851.0,4201607.5
570851.06,4201607.5
570851.1,4201607.5
570851.2,4201607.5
570851.25,4201607.5
570851.3,4201607.5
570851.44,4201607.5
570851.5,4201607.5
570851.56,4201607.5
570851.6,4201607.5
570851.7,4201607.5
570851.75,4201607.5
570851.8,4201607.0
570851.9,4201607.0
570851.94,4201607.0
570852.06,4201607.0
570852.1,4201607.0
570852.2,4201607.0
570852.25,4201607.0
570852.3,4201607.0
570852.4,4201607.0
570852.44,4201607.0
570852.5,4201607.0
570852.56,4201607.0
570852.7,4201607.0
570852.75,4201607.0
570852.8,4201607.0
570852.9,4201607.0
570852.94,4201607.0
570853.0,4201607.0
570853.06,4201607.0
570853.1,4201607.0
570853.2,4201607.0
570853.3,4201607.0
570853.4,4201607.0
570853.44,4201607.0
570853.5,4201607.0
570853.56,4201607.0
570853.6,4201607.0
570853.7,4201607.0
570853.75,4201607.0
570853.8,4201607.0
570853.94,4201607.0
570854.0,4201607.0
570854.06,4201606.5
570854.1,4201606.5
570854.2,4201606.5
570854.25,4201606.5
570854.3,4201606.5
570854.4,4201606.5
570854.44,4201606.5
570854.56,4201606.5
570854.6,4201606.5
570854.7,4201606.5
570854.75,4201606.5
570854.8,4201606.5
570854.9,4201606.5
570854.94,4201606.5
570855.0,4201606.5
570855.06,4201606.5
570855.2,4201606.5
570855.25,4201606.5
570855.3,4201606.5
570855.4,4201606.5
570855.44,4201606.5
570855.5,4201606.5
570855.56,4201606.5
570855.6,4201606.5
570855.7,4201606.5
570855.8,4201606.5
570855.9,4201606.5
570855.94,4201606.5
570856.0,4201606.5
570856.06,4201606.5
570856.1,4201606.5
570856.2,4201606.5
570856.25,4201606.5
570856.3,4201606.0
570856.44,4201606.0
570856.5,4201606.0
570856.56,4201606.0
570856.6,4201606.0
570856.7,4201606.0
570856.75,4201606.0
570856.8,4201606.0
570856.9,4201606.0
570857.0,4201606.0
570857.06,4201606.0
570857.1,4201606.0
570857.2,4201606.0
570857.25,4201606.0
570857.3,4201606.0
570857.4,4201606.0
570857.44,4201606.0
570857.5,4201606.0
570857.6,4201606.0
570857.7,4201606.0
570857.75,4201606.0
570857.8,4201606.0
570857.9,4201606.0
570857.94,4201606.0
570858.0,4201606.0
570858.06,4201606.0
570858.1,4201606.0
570858.25,4201606.0
570858.3,4201606.0
570858.4,4201606.0
570858.44,4201606.0
570858.5,4201606.0
570858.56,4201605.5
570858.6,4201605.5
570858.7,4201605.5
570858.75,4201605.5
570858.9,4201605.5
570858.94,4201605.5
570859.0,4201605.5
570859.06,4201605.5
570859.1,4201605.5
570859.2,4201605.5
570859.25,4201605.5
570859.3,4201605.5
570859.4,4201605.5
570859.5,4201605.5
570859.56,4201605.5
570859.6,4201605.5
570859.7,4201605.5
570859.75,4201605.5
570859.8,4201605.5
570859.9,4201605.5
570859.94,4201605.5
570860.0,4201605.5
570860.1,4201605.5
570860.2,4201605.5
570860.25,4201605.5
570860.3,4201605.5
570860.4,4201605.5
570860.44,4201605.5
570860.5,4201605.5
570860.56,4201605.5
570860.7,4201605.5
570860.75,4201605.5
570860.8,4201605.5
570860.9,4201605.5
570860.94,4201605.0
570861.0,4201605.0
570861.06,4201605.0
570861.1,4201605.0
570861.2,4201605.0
570861.3,4201605.0
570861.4,4201605.0
570861.44,4201605.0
570861.5,4201605.0
570861.56,4201605.0
570861.6,4201605.0
570861.7,4201605.0
570861.75,4201605.0
570861.9,4201605.0
570861.94,4201605.0
570862.0,4201605.0
570862.06,4201605.0
570862.1,4201605.0
570862.2,4201605.0
570862.25,4201605.0
570862.3,4201605.0
570862.4,4201605.0
570862.5,4201605.0
570862.56,4201605.0
570862.6,4201605.0
570862.7,4201605.0
570862.75,4201605.0
570862.8,4201605.0
570862.9,4201605.0
570862.94,4201605.0
570863.06,4201605.0
570863.1,4201605.0
570863.2,4201605.0
570863.25,4201605.0
570863.3,4201604.5
570863.4,4201604.5
570863.44,4201604.5
570863.5,4201604.5
570863.56,4201604.5
570863.7,4201604.5
570863.75,4201604.5
570863.8,4201604.5
570863.9,4201604.5
570863.94,4201604.5
570864.0,4201604.5
570864.06,4201604.5
570864.1,4201604.5
570864.25,4201604.5
570864.3,4201604.5
570864.4,4201604.5
570864.44,4201604.5
570864.5,4201604.5
570864.56,4201604.5
570864.6,4201604.5
570864.7,4201604.5
570864.75,4201604.5
570864.9,4201604.5
570864.94,4201604.5
570865.0,4201604.5
570865.06,4201604.5
570865.1,4201604.5
570865.2,4201604.5
570865.25,4201604.5
570865.3,4201604.5
570865.44,4201604.5
570865.5,4201604.5
570865.56,4201604.5
570865.6,4201604.5
570865.7,4201604.0
570865.75,4201604.0
570865.8,4201604.0
570865.9,4201604.0
570865.94,4201604.0
570866.06,4201604.0
570866.1,4201604.0
570866.2,4201604.0
570866.25,4201604.0
570866.3,4201604.0
570866.4,4201604.0
570866.44,4201604.0
570866.5,4201604.0
570866.6,4201604.0
570866.7,4201604.0
570866.75,4201604.0
570866.8,4201604.0
570866.9,4201604.0
570866.94,4201604.0
570867.0,4201604.0
570867.06,4201604.0
570867.1,4201604.0
570867.25,4201604.0
570867.3,4201604.0
570867.4,4201604.0
570867.44,4201604.0
570867.5,4201604.0
570867.56,4201604.0
570867.6,4201604.0
570867.7,4201604.0
570867.8,4201604.0
570867.9,4201604.0
570867.94,4201604.0
570868.0,4201604.0
570868.06,4201603.5
570868.1,4201603.5
570868.2,4201603.5
570868.25,4201603.5
570868.3,4201603.5
570868.44,4201603.5
570868.5,4201603.5
570868.56,4201603.5
570868.6,4201603.5
570868.7,4201603.5
570868.75,4201603.5
570868.8,4201603.5
570868.9,4201603.5
570869.0,4201603.5
570869.06,4201603.5
570869.1,4201603.5
570869.2,4201603.5
570869.25,4201603.5
570869.3,4201603.5
570869.4,4201603.5
570869.44,4201603.5
570869.5,4201603.5
570869.6,4201603.5
570869.7,4201603.5
570869.75,4201603.5
570869.8,4201603.5
570869.9,4201603.5
570869.94,4201603.5
570870.0,4201603.5
570870.06,4201603.5
570870.2,4201603.5
570870.25,4201603.5
570870.3,4201603.5
570870.4,4201603.5
570870.44,4201603.5
570870.5,4201603.0
570870.56,4201603.0
570870.6,4201603.0
570870.7,4201603.0
570870.8,4201603.0
570870.9,4201603.0
570870.94,4201603.0
570871.0,4201603.0
570871.06,4201603.0
570871.1,4201603.0
570871.2,4201603.0
570871.25,4201603.0
570871.4,4201603.0
570871.44,4201603.0
570871.5,4201603.0
570871.56,4201603.0
570871.6,4201603.0
570871.7,4201603.0
570871.75,4201603.0
570871.8,4201603.0
570871.94,4201603.0
570872.0,4201603.0
570872.06,4201603.0
570872.1,4201603.0
570872.2,4201603.0
570872.25,4201603.0
570872.3,4201603.0
570872.4,4201603.0
570872.5,4201603.0
570872.56,4201603.0
570872.6,4201603.0
570872.7,4201603.0
570872.75,4201603.0
570872.8,4201603.0
570872.9,4201603.0
570872.94,4201603.0
570873.06,4201602.5
570873.1,4201602.5
570873.2,4201602.5
570873.25,4201602.5
570873.3,4201602.5
570873.4,4201602.5
570873.44,4201602.5
570873.5,4201602.5
570873.6,4201602.5
570873.7,4201602.5
570873.75,4201602.5
570873.8,4201602.5
570873.9,4201602.5
570873.94,4201602.5
570874.0,4201602.5
570874.06,4201602.5
570874.2,4201602.5
570874.25,4201602.5
570874.3,4201602.5
570874.4,4201602.5
570874.44,4201602.5
570874.5,4201602.5
570874.56,4201602.5
570874.6,4201602.5
570874.75,4201602.5
570874.8,4201602.5
570874.9,4201602.5
570874.94,4201602.5
570875.0,4201602.5
570875.06,4201602.5
570875.1,4201602.5
570875.2,4201602.5
570875.3,4201602.5
570875.4,4201602.5
570875.44,4201602.5
570875.5,4201602.5
570875.56,4201602.5
570875.6,4201602.0
570875.7,4201602.0
570875.75,4201602.0
570875.9,4201602.0
570875.94,4201602.0
570876.0,4201602.0
570876.06,4201602.0
570876.1,4201602.0
570876.2,4201602.0
570876.25,4201602.0
570876.3,4201602.0
570876.44,4201602.0
570876.5,4201602.0
570876.56,4201602.0
570876.6,4201602.0
570876.7,4201602.0
570876.75,4201602.0
570876.8,4201602.0
570876.9,4201602.0
570877.0,4201602.0
570877.06,4201602.0
570877.1,4201602.0
570877.2,4201602.0
570877.25,4201602.0
570877.3,4201602.0
570877.4,4201602.0
570877.44,4201602.0
570877.56,4201602.0
570877.6,4201602.0
570877.7,4201602.0
570877.75,4201602.0
570877.8,4201602.0
570877.9,4201602.0
570877.94,4201602.0
570878.0,4201602.0
570878.1,4201602.0
570878.2,4201602.0
570878.25,4201601.5
570878.3,4201601.5
570878.4,4201601.5
570878.44,4201601.5
570878.5,4201601.5
570878.56,4201601.5
570878.7,4201601.5
570878.75,4201601.5
570878.8,4201601.5
570878.9,4201601.5
570878.94,4201601.5
570879.0,4201601.5
570879.06,4201601.5
570879.1,4201601.5
570879.25,4201601.5
570879.3,4201601.5
570879.4,4201601.5
570879.44,4201601.5
570879.5,4201601.5
570879.56,4201601.5
570879.6,4201601.5
570879.7,4201601.5
570879.8,4201601.5
570879.9,4201601.5
570879.94,4201601.5
570880.0,4201601.5
570880.06,4201601.5
570880.1,4201601.5
570880.2,4201601.5
570880.25,4201601.5
570880.4,4201601.5
570880.44,4201601.5
570880.5,4201601.5
570880.56,4201601.5
570880.6,4201601.5
570880.7,4201601.5
570880.75,4201601.5
570880.8,4201601.0
570880.94,4201601.0
570881.0,4201601.0
570881.06,4201601.0
570881.1,4201601.0
570881.2,4201601.0
570881.25,4201601.0
570881.3,4201601.0
570881.4,4201601.0
570881.5,4201601.0
570881.56,4201601.0
570881.6,4201601.0
570881.7,4201601.0
570881.75,4201601.0
570881.8,4201601.0
570881.9,4201601.0
570881.94,4201601.0
570882.06,4201601.0
570882.1,4201601.0
570882.2,4201601.0
570882.25,4201601.0
570882.3,4201601.0
570882.4,4201601.0
570882.44,4201601.0
570882.5,4201601.0
570882.6,4201601.0
570882.7,4201601.0
570882.75,4201601.0
570882.8,4201601.0
570882.9,4201601.0
570882.94,4201601.0
570883.0,4201601.0
570883.06,4201601.0
570883.2,4201601.0
570883.25,4201601.0
570883.3,4201601.0
570883.4,4201601.0
570883.44,4201600.5
570883.5,4201600.5
570883.56,4201600.5
570883.7,4201600.5
570883.75,4201600.5
570883.8,4201600.5
570883.9,4201600.5
570883.94,4201600.5
570884.0,4201600.5
570884.1,4201600.5
570884.2,4201600.5
570884.25,4201600.5
570884.3,4201600.5
570884.4,4201600.5
570884.44,4201600.5
570884.56,4201600.5
570884.6,4201600.5
570884.7,4201600.5
570884.75,4201600.5
570884.8,4201600.5
570884.9,4201600.5
570885.0,4201600.5
570885.06,4201600.5
570885.1,4201600.5
570885.2,4201600.5
570885.25,4201600.5
570885.3,4201600.5
570885.44,4201600.5
570885.5,4201600.5
570885.56,4201600.5
570885.6,4201600.5
570885.7,4201600.5
570885.75,4201600.5
570885.8,4201600.5
570885.94,4201600.5
570886.0,4201600.5
570886.06,4201600.5
570886.1,4201600.5
570886.2,4201600.5
570886.25,4201600.0
570886.4,4201600.0
570886.44,4201600.0
570886.5,4201600.0
570886.56,4201600.0
570886.6,4201600.0
570886.7,4201600.0
570886.8,4201600.0
570886.9,4201600.0
570886.94,4201600.0
570887.0,4201600.0
570887.06,4201600.0
570887.1,4201600.0
570887.25,4201600.0
570887.3,4201600.0
570887.4,4201600.0
570887.44,4201600.0
570887.5,4201600.0
570887.56,4201600.0
570887.7,4201600.0
570887.75,4201600.0
570887.8,4201600.0
570887.9,4201600.0
570887.94,4201600.0
570888.0,4201600.0
570888.06,4201600.0
570888.2,4201600.0
570888.25,4201600.0
570888.3,4201600.0
570888.4,4201600.0
570888.44,4201600.0
570888.5,4201600.0
570888.6,4201600.0
570888.7,4201600.0
570888.75,4201600.0
570888.8,4201600.0
570888.9,4201600.0
570888.94,4201600.0
570889.06,4201600.0
570889.1,4201599.5
570889.2,4201599.5
570889.25,4201599.5
570889.3,4201599.5
570889.4,4201599.5
570889.5,4201599.5
570889.56,4201599.5
570889.6,4201599.5
570889.7,4201599.5
570889.75,4201599.5
570889.8,4201599.5
570889.94,4201599.5
570890.0,4201599.5
570890.06,4201599.5
570890.1,4201599.5
570890.2,4201599.5
570890.25,4201599.5
570890.3,4201599.5
570890.44,4201599.5
570890.5,4201599.5
570890.56,4201599.5
570890.6,4201599.5
570890.7,4201599.5
570890.75,4201599.5
570890.9,4201599.5
570890.94,4201599.5
570891.0,4201599.5
570891.06,4201599.5
570891.1,4201599.5
570891.2,4201599.5
570891.3,4201599.5
570891.4,4201599.5
570891.44,4201599.5
570891.5,4201599.5
570891.56,4201599.5
570891.6,4201599.5
570891.75,4201599.5
570891.8,4201599.5
570891.9,4201599.5
570891.94,4201599.0
570892.0,4201599.0
570892.06,4201599.0
570892.2,4201599.0
570892.25,4201599.0
570892.3,4201599.0
570892.4,4201599.0
570892.44,4201599.0
570892.5,4201599.0
570892.56,4201599.0
570892.7,4201599.0
570892.75,4201599.0
570892.8,4201599.0
570892.9,4201599.0
570892.94,4201599.0
570893.0,4201599.0
570893.1,4201599.0
570893.2,4201599.0
570893.25,4201599.0
570893.3,4201599.0
570893.4,4201599.0
570893.44,4201599.0
570893.56,4201599.0
570893.6,4201599.0
570893.7,4201599.0
570893.75,4201599.0
570893.8,4201599.0
570893.9,4201599.0
570894.0,4201599.0
570894.06,4201599.0
570894.1,4201599.0
570894.2,4201599.0
570894.25,4201599.0
570894.3,4201599.0
570894.44,4201599.0
570894.5,4201599.0
570894.56,4201599.0
570894.6,4201599.0
570894.7,4201599.0
570894.75,4201598.5
570894.8,4201598.5
570894.94,4201598.5
570895.0,4201598.5
570895.06,4201598.5
570895.1,4201598.5
570895.2,4201598.5
570895.25,4201598.5
570895.4,4201598.5
570895.44,4201598.5
570895.5,4201598.5
570895.56,4201598.5
570895.6,4201598.5
570895.7,4201598.5
570895.8,4201598.5
570895.9,4201598.5
570895.94,4201598.5
570896.0,4201598.5
570896.06,4201598.5
570896.1,4201598.5
570896.25,4201598.5
570896.3,4201598.5
570896.4,4201598.5
570896.44,4201598.5
570896.5,4201598.5
570896.56,4201598.5
570896.7,4201598.5
570896.75,4201598.5
570896.8,4201598.5
570896.9,4201598.5
570896.94,4201598.5
570897.06,4201598.5
570897.1,4201598.5
570897.2,4201598.5
570897.25,4201598.5
570897.3,4201598.5
570897.4,4201598.5
570897.5,4201598.5
570897.56,4201598.5
570897.6,4201598.5
570897.7,4201598.0
570897.75,4201598.0
570897.8,4201598.0
570897.94,4201598.0
570898.0,4201598.0
570898.06,4201598.0
570898.1,4201598.0
570898.2,4201598.0
570898.25,4201598.0
570898.4,4201598.0
570898.44,4201598.0
570898.5,4201598.0
570898.56,4201598.0
570898.6,4201598.0
570898.7,4201598.0
570898.8,4201598.0
570898.9,4201598.0
570898.94,4201598.0
570899.0,4201598.0
570899.06,4201598.0
570899.1,4201598.0
570899.25,4201598.0
570899.3,4201598.0
570899.4,4201598.0
570899.44,4201598.0
570899.5,4201598.0
570899.6,4201598.0
570899.7,4201598.0
570899.75,4201598.0
570899.8,4201598.0
570899.9,4201598.0
570899.94,4201598.0
570900.06,4201598.0
570900.1,4201598.0
570900.2,4201598.0
570900.25,4201598.0
570900.3,4201598.0
570900.4,4201598.0
570900.5,4201598.0
570900.56,4201598.0
570900.6,4201597.5
570900.7,4201597.5
570900.75,4201597.5
570900.8,4201597.5
570900.94,4201597.5
570901.0,4201597.5
570901.06,4201597.5
570901.1,4201597.5
570901.2,4201597.5
570901.25,4201597.5
570901.4,4201597.5
570901.44,4201597.5
570901.5,4201597.5
570901.56,4201597.5
570901.6,4201597.5
570901.7,4201597.5
570901.8,4201597.5
570901.9,4201597.5
570901.94,4201597.5
570902.0,4201597.5
570902.06,4201597.5
570902.1,4201597.5
570902.25,4201597.5
570902.3,4201597.5
570902.4,4201597.5
570902.44,4201597.5
570902.5,4201597.5
570902.6,4201597.5
570902.7,4201597.5
570902.75,4201597.5
570902.8,4201597.5
570902.9,4201597.5
570902.94,4201597.5
570903.06,4201597.5
570903.1,4201597.5
570903.2,4201597.5
570903.25,4201597.5
570903.3,4201597.5
570903.4,4201597.5
570903.5,4201597.5
570903.56,4201597.0
570903.6,4201597.0
570903.7,4201597.0
570903.75,4201597.0
570903.8,4201597.0
570903.94,4201597.0
570904.0,4201597.0
570904.06,4201597.0
570904.1,4201597.0
570904.2,4201597.0
570904.25,4201597.0
570904.4,4201597.0
570904.44,4201597.0
570904.5,4201597.0
570904.56,4201597.0
570904.6,4201597.0
570904.7,4201597.0
570904.8,4201597.0
570904.9,4201597.0
570904.94,4201597.0
570905.0,4201597.0
570905.06,4201597.0
570905.2,4201597.0
570905.25,4201597.0
570905.3,4201597.0
570905.4,4201597.0
570905.44,4201597.0
570905.5,4201597.0
570905.6,4201597.0
570905.7,4201597.0
570905.75,4201597.0
570905.8,4201597.0
570905.9,4201597.0
570905.94,4201597.0
570906.06,4201597.0
570906.1,4201597.0
570906.2,4201597.0
570906.25,4201597.0
570906.3,4201597.0
570906.4,4201597.0
570906.5,4201596.5
570906.56,4201596.5
570906.6,4201596.5
570906.7,4201596.5
570906.75,4201596.5
570906.8,4201596.5
570906.94,4201596.5
570907.0,4201596.5
570907.06,4201596.5
570907.1,4201596.5
570907.2,4201596.5
570907.25,4201596.5
570907.4,4201596.5
570907.44,4201596.5
570907.5,4201596.5
570907.56,4201596.5
570907.6,4201596.5
570907.75,4201596.5
570907.8,4201596.5
570907.9,4201596.5
570907.94,4201596.5
570908.0,4201596.5
570908.06,4201596.5
570908.2,4201596.5
570908.25,4201596.5
570908.3,4201596.5
570908.4,4201596.5
570908.44,4201596.5
570908.5,4201596.5
570908.56,4201596.5
570908.7,4201596.5
570908.75,4201596.5
570908.8,4201596.5
570908.9,4201596.5
570908.94,4201596.5
570909.0,4201596.5
570909.06,4201596.5
570909.2,4201596.5
570909.25,4201596.0
570909.3,4201596.0
570909.4,4201596.0
570909.44,4201596.0
570909.5,4201596.0
570909.56,4201596.0
570909.7,4201596.0
570909.75,4201596.0
570909.8,4201596.0
570909.9,4201596.0
570909.94,4201596.0
570910.0,4201596.0
570910.06,4201596.0
570910.2,4201596.0
570910.25,4201596.0
570910.3,4201596.0
570910.4,4201596.0
570910.44,4201596.0
570910.5,4201596.0
570910.56,4201596.0
570910.7,4201596.0
570910.75,4201596.0
570910.8,4201596.0
570910.9,4201596.0
570910.94,4201596.0
570911.0,4201596.0
570911.06,4201596.0
570911.1,4201596.0
570911.25,4201596.0
570911.3,4201596.0
570911.4,4201596.0
570911.44,4201596.0
570911.5,4201596.0
570911.56,4201596.0
570911.6,4201596.0
570911.75,4201596.0
570911.8,4201596.0
570911.9,4201595.5
570911.94,4201595.5
570912.0,4201595.5
570912.06,4201595.5
570912.1,4201595.5
570912.25,4201595.5
570912.3,4201595.5
570912.4,4201595.5
570912.44,4201595.5
570912.5,4201595.5
570912.56,4201595.5
570912.6,4201595.5
570912.75,4201595.5
570912.8,4201595.5
570912.9,4201595.5
570912.94,4201595.5
570913.0,4201595.5
570913.06,4201595.5
570913.1,4201595.5
570913.25,4201595.5
570913.3,4201595.5
570913.4,4201595.5
570913.44,4201595.5
570913.5,4201595.5
570913.56,4201595.5
570913.6,4201595.5
570913.75,4201595.5
570913.8,4201595.5
570913.9,4201595.5
570913.94,4201595.5
570914.0,4201595.5
570914.06,4201595.5
570914.1,4201595.5
570914.2,4201595.5
570914.3,4201595.5
570914.4,4201595.5
570914.44,4201595.0
570914.5,4201595.0
570914.56,4201595.0
570914.6,4201595.0
570914.7,4201595.0
570914.8,4201595.0
570914.9,4201595.0
570914.94,4201595.0
570915.0,4201595.0
570915.06,4201595.0
570915.1,4201595.0
570915.2,4201595.0
570915.3,4201595.0
570915.4,4201595.0
570915.44,4201595.0
570915.5,4201595.0
570915.56,4201595.0
570915.6,4201595.0
570915.7,4201595.0
570915.8,4201595.0
570915.9,4201595.0
570915.94,4201595.0
570916.0,4201595.0
570916.06,4201595.0
570916.1,4201595.0
570916.2,4201595.0
570916.3,4201595.0
570916.4,4201595.0
570916.44,4201595.0
570916.5,4201595.0
570916.56,4201595.0
570916.6,4201595.0
570916.7,4201595.0
570916.75,4201595.0
570916.9,4201595.0
570916.94,4201595.0
570917.0,4201595.0
570917.06,4201594.5
570917.1,4201594.5
570917.2,4201594.5
570917.25,4201594.5
570917.4,4201594.5
570917.44,4201594.5
570917.5,4201594.5
570917.56,4201594.5
570917.6,4201594.5
570917.7,4201594.5
570917.75,4201594.5
570917.9,4201594.5
570917.94,4201594.5
570918.0,4201594.5
570918.06,4201594.5
570918.1,4201594.5
570918.2,4201594.5
570918.25,4201594.5
570918.4,4201594.5
570918.44,4201594.5
570918.5,4201594.5
570918.56,4201594.5
570918.6,4201594.5
570918.7,4201594.5
570918.75,4201594.5
570918.9,4201594.5
570918.94,4201594.5
570919.0,4201594.5
570919.06,4201594.5
570919.1,4201594.5
570919.2,4201594.5
570919.25,4201594.5
570919.3,4201594.5
570919.44,4201594.5
570919.5,4201594.5
570919.56,4201594.5
570919.6,4201594.0
570919.7,4201594.0
570919.75,4201594.0
570919.8,4201594.0
570919.94,4201594.0
570920.0,4201594.0
570920.06,4201594.0
570920.1,4201594.0
570920.2,4201594.0
570920.25,4201594.0
570920.3,4201594.0
570920.44,4201594.0
570920.5,4201594.0
570920.56,4201594.0
570920.6,4201594.0
570920.7,4201594.0
570920.75,4201594.0
570920.8,4201594.0
570920.9,4201594.0
570921.0,4201594.0
570921.06,4201594.0
570921.1,4201594.0
570921.2,4201594.0
570921.25,4201594.0
570921.3,4201594.0
570921.4,4201594.0
570921.44,4201594.0
570921.5,4201594.0
570921.6,4201594.0
570921.7,4201594.0
570921.75,4201594.0
570921.8,4201594.0
570921.9,4201594.0
570921.94,4201593.5
570922.0,4201593.5
570922.06,4201593.5
570922.1,4201593.5
570922.25,4201593.5
570922.3,4201593.5
570922.4,4201593.5
570922.44,4201593.5
570922.5,4201593.5
570922.56,4201593.5
570922.6,4201593.5
570922.7,4201593.5
570922.75,4201593.5
570922.9,4201593.5
570922.94,4201593.5
570923.0,4201593.5
570923.06,4201593.5
570923.1,4201593.5
570923.2,4201593.5
570923.25,4201593.5
570923.3,4201593.5
570923.44,4201593.5
570923.5,4201593.5
570923.56,4201593.5
570923.6,4201593.5
570923.7,4201593.5
570923.75,4201593.5
570923.8,4201593.5
570923.9,4201593.5
570923.94,4201593.5
570924.06,4201593.5
570924.1,4201593.5
570924.2,4201593.0
570924.25,4201593.0
570924.3,4201593.0
570924.4,4201593.0
570924.44,4201593.0
570924.5,4201593.0
570924.56,4201593.0
570924.7,4201593.0
570924.75,4201593.0
570924.8,4201593.0
570924.9,4201593.0
570924.94,4201593.0
570925.0,4201593.0
570925.06,4201593.0
570925.1,4201593.0
570925.2,4201593.0
570925.3,4201593.0
570925.4,4201593.0
570925.44,4201593.0
570925.5,4201593.0
570925.56,4201593.0
570925.6,4201593.0
570925.7,4201593.0
570925.75,4201593.0
570925.8,4201593.0
570925.94,4201593.0
570926.0,4201593.0
570926.06,4201593.0
570926.1,4201593.0
570926.2,4201593.0
570926.25,4201593.0
570926.3,4201592.5
570926.4,4201592.5
570926.44,4201592.5
570926.56,4201592.5
570926.6,4201592.5
570926.7,4201592.5
570926.75,4201592.5
570926.8,4201592.5
570926.9,4201592.5
570926.94,4201592.5
570927.0,4201592.5
570927.06,4201592.5
570927.2,4201592.5
570927.25,4201592.5
570927.3,4201592.5
570927.4,4201592.5
570927.44,4201592.5
570927.5,4201592.5
570927.56,4201592.5
570927.6,4201592.5
570927.7,4201592.5
570927.8,4201592.5
570927.9,4201592.5
570927.94,4201592.5
570928.0,4201592.5
570928.06,4201592.5
570928.1,4201592.5
570928.2,4201592.5
570928.25,4201592.5
570928.3,4201592.5
570928.44,4201592.5
570928.5,4201592.0
570928.56,4201592.0
570928.6,4201592.0
570928.7,4201592.0
570928.75,4201592.0
570928.8,4201592.0
570928.9,4201592.0
570928.94,4201592.0
570929.06,4201592.0
570929.1,4201592.0
570929.2,4201592.0
570929.25,4201592.0
570929.3,4201592.0
570929.4,4201592.0
570929.44,4201592.0
570929.5,4201592.0
570929.56,4201592.0
570929.7,4201592.0
570929.75,4201592.0
570929.8,4201592.0
570929.9,4201592.0
570929.94,4201592.0
570930.0,4201592.0
570930.06,4201592.0
570930.1,4201592.0
570930.2,4201592.0
570930.3,4201592.0
570930.4,4201592.0
570930.44,4201592.0
570930.5,4201592.0
570930.56,4201592.0
570930.6,4201591.5
570930.7,4201591.5
570930.75,4201591.5
570930.8,4201591.5
570930.94,4201591.5
570931.0,4201591.5
570931.06,4201591.5
570931.1,4201591.5
570931.2,4201591.5
570931.25,4201591.5
570931.3,4201591.5
570931.4,4201591.5
570931.44,4201591.5
570931.56,4201591.5
570931.6,4201591.5
570931.7,4201591.5
570931.75,4201591.5
570931.8,4201591.5
570931.9,4201591.5
570931.94,4201591.5
570932.0,4201591.5
570932.06,4201591.5
570932.2,4201591.5
570932.25,4201591.5
570932.3,4201591.5
570932.4,4201591.5
570932.44,4201591.5
570932.5,4201591.5
570932.56,4201591.5
570932.6,4201591.5
570932.7,4201591.5
570932.8,4201591.0
570932.9,4201591.0
570932.94,4201591.0
570933.0,4201591.0
570933.06,4201591.0
570933.1,4201591.0
570933.2,4201591.0
570933.25,4201591.0
570933.3,4201591.0
570933.4,4201591.0
570933.44,4201591.0
570933.5,4201591.0
570933.56,4201591.0
570933.6,4201591.0
570933.75,4201591.0
570933.8,4201591.0
570933.9,4201591.0
570933.94,4201591.0
570934.0,4201591.0
570934.06,4201591.0
570934.1,4201591.0
570934.2,4201591.0
570934.25,4201591.0
570934.3,4201591.0
570934.4,4201591.0
570934.44,4201591.0
570934.5,4201591.0
570934.56,4201590.5
570934.6,4201590.5
570934.75,4201590.5
570934.8,4201590.5
570934.9,4201590.5
570934.94,4201590.5
570935.0,4201590.5
570935.06,4201590.5
570935.1,4201590.5
570935.2,4201590.5
570935.25,4201590.5
570935.3,4201590.5
570935.4,4201590.5
570935.44,4201590.5
570935.5,4201590.5
570935.56,4201590.5
570935.6,4201590.5
570935.75,4201590.5
570935.8,4201590.5
570935.9,4201590.5
570935.94,4201590.5
570936.0,4201590.5
570936.06,4201590.5
570936.1,4201590.5
570936.2,4201590.5
570936.25,4201590.5
570936.3,4201590.0
570936.4,4201590.0
570936.44,4201590.0
570936.5,4201590.0
570936.56,4201590.0
570936.7,4201590.0
570936.75,4201590.0
570936.8,4201590.0
570936.9,4201590.0
570936.94,4201590.0
570937.0,4201590.0
570937.06,4201590.0
570937.1,4201590.0
570937.2,4201590.0
570937.25,4201590.0
570937.3,4201590.0
570937.4,4201590.0
570937.44,4201590.0
570937.5,4201590.0
570937.56,4201590.0
570937.7,4201590.0
570937.75,4201590.0
570937.8,4201590.0
570937.9,4201590.0
570937.94,4201590.0
570938.0,4201590.0
570938.06,4201589.5
570938.1,4201589.5
570938.2,4201589.5
570938.25,4201589.5
570938.3,4201589.5
570938.4,4201589.5
570938.44,4201589.5
570938.5,4201589.5
570938.56,4201589.5
570938.7,4201589.5
570938.75,4201589.5
570938.8,4201589.5
570938.9,4201589.5
570938.94,4201589.5
570939.0,4201589.5
570939.06,4201589.5
570939.1,4201589.5
570939.2,4201589.5
570939.25,4201589.5
570939.3,4201589.5
570939.4,4201589.5
570939.44,4201589.5
570939.5,4201589.5
570939.56,4201589.5
570939.7,4201589.5
570939.75,4201589.5
570939.8,4201589.5
570939.9,4201589.0
570939.94,4201589.0
570940.0,4201589.0
570940.06,4201589.0
570940.1,4201589.0
570940.2,4201589.0
570940.25,4201589.0
570940.3,4201589.0
570940.4,4201589.0
570940.44,4201589.0
570940.5,4201589.0
570940.6,4201589.0
570940.7,4201589.0
570940.75,4201589.0
570940.8,4201589.0
570940.9,4201589.0
570940.94,4201589.0
570941.0,4201589.0
570941.06,4201589.0
570941.1,4201589.0
570941.2,4201589.0
570941.25,4201589.0
570941.3,4201589.0
570941.4,4201589.0
570941.44,4201589.0
570941.5,4201589.0
570941.6,4201588.5
570941.7,4201588.5
570941.75,4201588.5
570941.8,4201588.5
570941.9,4201588.5
570941.94,4201588.5
570942.0,4201588.5
570942.06,4201588.5
570942.1,4201588.5
570942.2,4201588.5
570942.25,4201588.5
570942.3,4201588.5
570942.4,4201588.5
570942.44,4201588.5
570942.5,4201588.5
570942.6,4201588.5
570942.7,4201588.5
570942.75,4201588.5
570942.8,4201588.5
570942.9,4201588.5
570942.94,4201588.5
570943.0,4201588.5
570943.06,4201588.5
570943.1,4201588.5
570943.2,4201588.5
570943.25,4201588.5
570943.3,4201588.0
570943.4,4201588.0
570943.44,4201588.0
570943.5,4201588.0
570943.6,4201588.0
570943.7,4201588.0
570943.75,4201588.0
570943.8,4201588.0
570943.9,4201588.0
570943.94,4201588.0
570944.0,4201588.0
570944.06,4201588.0
570944.1,4201588.0
570944.2,4201588.0
570944.25,4201588.0
570944.3,4201588.0
570944.4,4201588.0
570944.44,4201588.0
570944.5,4201588.0
570944.56,4201588.0
570944.6,4201588.0
570944.7,4201588.0
570944.75,4201588.0
570944.8,4201588.0
570944.9,4201588.0
570944.94,4201588.0
570945.0,4201588.0
570945.0,4201588.5
570945.06,4201588.5
570945.1,4201588.5
570945.2,4201588.5
570945.25,4201588.5
570945.3,4201588.5
570945.4,4201588.5
570945.44,4201588.5
570945.5,4201588.5
570945.56,4201588.5
570945.6,4201588.5
570945.7,4201588.5
570945.75,4201588.5
570945.8,4201588.5
570945.9,4201588.5
570945.9,4201589.0
570945.94,4201589.0
570946.0,4201589.0
570946.06,4201589.0
570946.1,4201589.0
570946.2,4201589.0
570946.25,4201589.0
570946.3,4201589.0
570946.4,4201589.0
570946.44,4201589.0
570946.5,4201589.0
570946.56,4201589.0
570946.6,4201589.0
570946.7,4201589.0
570946.75,4201589.5
570946.8,4201589.5
570946.9,4201589.5
570946.94,4201589.5
570947.0,4201589.5
570947.06,4201589.5
570947.1,4201589.5
570947.2,4201589.5
570947.25,4201589.5
570947.3,4201589.5
570947.4,4201589.5
570947.44,4201589.5
570947.5,4201589.5
570947.56,4201589.5
570947.6,4201590.0
570947.7,4201590.0
570947.75,4201590.0
570947.8,4201590.0
570947.9,4201590.0
570947.94,4201590.0
570948.0,4201590.0
570948.06,4201590.0
570948.1,4201590.0
570948.2,4201590.0
570948.25,4201590.0
570948.3,4201590.0
570948.4,4201590.0
570948.44,4201590.0
570948.5,4201590.0
570948.56,4201590.0
570948.6,4201590.0
570948.7,4201590.0
570948.75,4201590.0
570948.8,4201590.5
570948.9,4201590.5
570948.94,4201590.5
570949.0,4201590.5
570949.06,4201590.5
570949.1,4201590.5
570949.2,4201590.5
570949.25,4201590.5
570949.3,4201590.5
570949.4,4201590.5
570949.44,4201590.5
570949.5,4201590.5
570949.56,4201590.5
570949.6,4201590.5
570949.7,4201590.5
570949.75,4201590.5
570949.8,4201590.5
570949.9,4201590.5
570949.9,4201591.0
570949.94,4201591.0
570950.0,4201591.0
570950.06,4201591.0
570950.1,4201591.0
570950.2,4201591.0
570950.25,4201591.0
570950.3,4201591.0
570950.4,4201591.0
570950.44,4201591.0
570950.5,4201591.0
570950.56,4201591.0
570950.6,4201590.5
570950.7,4201590.5
570950.75,4201590.5
570950.8,4201590.5
570950.9,4201590.5
570950.94,4201590.5
570951.0,4201590.5
570951.06,4201590.5
570951.1,4201590.5
570951.2,4201590.5
570951.25,4201590.5
570951.3,4201590.5
570951.4,4201590.5
570951.44,4201590.5
570951.5,4201590.0
570951.56,4201590.0
570951.6,4201590.0
570951.7,4201590.0
570951.75,4201590.0
570951.8,4201590.0
570951.9,4201590.0
570951.94,4201590.0
570952.0,4201590.0
570952.06,4201590.0
570952.1,4201590.0
570952.2,4201590.0
570952.25,4201590.0
570952.3,4201590.0
570952.4,4201590.0
570952.44,4201589.5
570952.5,4201589.5
570952.56,4201589.5
570952.6,4201589.5
570952.7,4201589.5
570952.75,4201589.5
570952.8,4201589.5
570952.9,4201589.5
570952.94,4201589.5
570953.0,4201589.5
570953.06,4201589.5
570953.1,4201589.5
570953.2,4201589.5
570953.25,4201589.5
570953.3,4201589.5
570953.4,4201589.0
570953.44,4201589.0
570953.5,4201589.0
570953.56,4201589.0
570953.6,4201589.0
570953.7,4201589.0
570953.75,4201589.0
570953.8,4201589.0
570953.9,4201589.0
570953.94,4201589.0
570954.0,4201589.0
570954.06,4201589.0
570954.1,4201589.0
570954.2,4201588.5
570954.25,4201588.5
570954.3,4201588.5
570954.4,4201588.5
570954.44,4201588.5
570954.5,4201588.5
570954.56,4201588.5
570954.6,4201588.5
570954.7,4201588.5
570954.75,4201588.5
570954.8,4201588.5
570954.9,4201588.5
570954.94,4201588.5
570955.0,4201588.5
570955.06,4201588.5
570955.1,4201588.0
570955.2,4201588.0
570955.25,4201588.0
570955.3,4201588.0
570955.4,4201588.0
570955.44,4201588.0
570955.5,4201588.0
570955.56,4201588.0
570955.6,4201588.0
570955.7,4201588.0
570955.75,4201588.0
570955.8,4201588.0
570955.9,4201588.0
570955.94,4201588.0
570956.0,4201588.0
570956.06,4201587.5
570956.1,4201587.5
570956.2,4201587.5
570956.25,4201587.5
570956.3,4201587.5
570956.4,4201587.5
570956.44,4201587.5
570956.5,4201587.5
570956.56,4201587.5
570956.6,4201587.5
570956.7,4201587.5
570956.75,4201587.5
570956.8,4201587.5
570956.9,4201587.5
570956.94,4201587.5
570956.94,4201587.0
570957.0,4201587.0
570957.06,4201587.0
570957.1,4201587.0
570957.2,4201587.0
570957.25,4201587.0
570957.3,4201587.0
570957.4,4201587.0
570957.44,4201587.0
570957.5,4201587.0
570957.56,4201587.0
570957.6,4201587.0
570957.7,4201587.0
570957.75,4201587.0
570957.8,4201587.0
570957.9,4201586.5
570957.94,4201586.5
570958.0,4201586.5
570958.06,4201586.5
570958.1,4201586.5
570958.2,4201586.5
570958.25,4201586.5
570958.3,4201586.5
570958.4,4201586.5
570958.44,4201586.5
570958.5,4201586.5
570958.56,4201586.5
570958.6,4201586.5
570958.7,4201586.5
570958.75,4201586.5
570958.8,4201586.0
570958.9,4201586.0
570958.94,4201586.0
570959.0,4201586.0
570959.06,4201586.0
570959.1,4201586.0
570959.2,4201586.0
570959.25,4201586.0
570959.3,4201586.0
570959.4,4201586.0
570959.44,4201586.0
570959.5,4201586.0
570959.56,4201586.0
570959.6,4201586.0
570959.7,4201585.5
570959.75,4201585.5
570959.8,4201585.5
570959.9,4201585.5
570959.94,4201585.5
570960.0,4201585.5
570960.06,4201585.5
570960.1,4201585.5
570960.2,4201585.5
570960.25,4201585.5
570960.3,4201585.5
570960.4,4201585.5
570960.44,4201585.5
570960.5,4201585.5
570960.56,4201585.5
570960.6,4201585.0
570960.7,4201585.0
570960.75,4201585.0
570960.8,4201585.0
570960.9,4201585.0
570960.94,4201585.0
570961.0,4201585.0
570961.06,4201585.0
570961.1,4201585.0
570961.2,4201585.0
570961.25,4201585.0
570961.3,4201585.0
570961.4,4201585.0
570961.44,4201585.0
570961.5,4201585.0
570961.56,4201584.5
570961.6,4201584.5
570961.7,4201584.5
570961.75,4201584.5
570961.8,4201584.5
570961.9,4201584.5
570961.94,4201584.5
570962.0,4201584.5
570962.06,4201584.5
570962.1,4201584.5
570962.2,4201584.5
570962.25,4201584.5
570962.3,4201584.5
570962.4,4201584.5
570962.44,4201584.0
570962.5,4201584.0
570962.56,4201584.0
570962.6,4201584.0
570962.7,4201584.0
570962.75,4201584.0
570962.8,4201584.0
570962.9,4201584.0
570962.94,4201584.0
570963.0,4201584.0
570963.06,4201584.0
570963.1,4201584.0
570963.2,4201584.0
570963.25,4201584.0
570963.3,4201584.0
570963.4,4201583.5
570963.44,4201583.5
570963.5,4201583.5
570963.56,4201583.5
570963.6,4201583.5
570963.7,4201583.5
570963.75,4201583.5
570963.8,4201583.5
570963.9,4201583.5
570963.94,4201583.5
570964.0,4201583.5
570964.06,4201583.5
570964.1,4201583.5
570964.2,4201583.5
570964.25,4201583.5
570964.3,4201583.0
570964.4,4201583.0
570964.44,4201583.0
570964.5,4201583.0
570964.56,4201583.0
570964.6,4201583.0
570964.7,4201583.0
570964.75,4201583.0
570964.8,4201583.0
570964.9,4201583.0
570964.94,4201583.0
570965.0,4201583.0
570965.06,4201583.0
570965.1,4201583.0
570965.2,4201583.0
570965.25,4201582.5
570965.3,4201582.5
570965.4,4201582.5
570965.44,4201582.5
570965.5,4201582.5
570965.56,4201582.5
570965.6,4201582.5
570965.7,4201582.5
570965.75,4201582.5
570965.8,4201582.5
570965.9,4201582.5
570965.94,4201582.5
570966.0,4201582.5
570966.06,4201582.5
570966.1,4201582.0
570966.2,4201582.0
570966.25,4201582.0
570966.3,4201582.0
570966.4,4201582.0
570966.44,4201582.0
570966.5,4201582.0
570966.56,4201582.0
570966.6,4201582.0
570966.7,4201582.0
570966.75,4201582.0
570966.8,4201582.0
570966.9,4201582.0
570966.94,4201582.0
570967.0,4201582.0
570967.06,4201581.5
570967.1,4201581.5
570967.2,4201581.5
570967.25,4201581.5
570967.3,4201581.5
570967.4,4201581.5
570967.44,4201581.5
570967.5,4201581.5
570967.56,4201581.5
570967.6,4201581.5
570967.7,4201581.5
570967.75,4201581.5
570967.8,4201581.5
570967.9,4201581.5
570967.94,4201581.5
570968.0,4201581.0
570968.06,4201581.0
570968.1,4201581.0
570968.2,4201581.0
570968.25,4201581.0
570968.3,4201581.0
570968.4,4201581.0
570968.44,4201581.0
570968.5,4201581.0
570968.56,4201581.0
570968.6,4201581.0
570968.7,4201581.0
570968.75,4201581.0
570968.8,4201581.0
570968.9,4201581.0
570968.94,4201580.5
570969.0,4201580.5
570969.06,4201580.5
570969.1,4201580.5
570969.2,4201580.5
570969.25,4201580.5
570969.3,4201580.5
570969.4,4201580.5
570969.44,4201580.5
570969.5,4201580.5
570969.56,4201580.5
570969.6,4201580.5
570969.7,4201580.5
570969.75,4201580.5
570969.8,4201580.0
570969.9,4201580.0
570969.94,4201580.0
570970.0,4201580.0
570970.06,4201580.0
570970.1,4201580.0
570970.2,4201580.0
570970.25,4201580.0
570970.3,4201580.0
570970.4,4201580.0
570970.44,4201580.0
570970.5,4201580.0
570970.56,4201580.0
570970.6,4201580.0
570970.7,4201580.0
570970.75,4201580.0
570970.8,4201579.5
570970.9,4201579.5
570970.94,4201579.5
570971.0,4201579.5
570971.06,4201579.5
570971.1,4201579.5
570971.2,4201579.5
570971.25,4201579.5
570971.3,4201579.5
570971.4,4201579.5
570971.44,4201579.5
570971.5,4201579.5
570971.56,4201579.5
570971.6,4201579.5
570971.7,4201579.5
570971.75,4201579.0
570971.8,4201579.0
570971.9,4201579.0
570971.94,4201579.0
570972.0,4201579.0
570972.06,4201579.0
570972.1,4201579.0
570972.2,4201579.0
570972.25,4201579.0
570972.3,4201579.0
570972.4,4201579.0
570972.44,4201579.0
570972.5,4201579.0
570972.56,4201579.0
570972.6,4201578.5
570972.7,4201578.5
570972.75,4201578.5
570972.8,4201578.5
570972.9,4201578.5
570972.94,4201578.5
570973.0,4201578.5
570973.06,4201578.5
570973.1,4201578.5
570973.2,4201578.5
570973.25,4201578.5
570973.3,4201578.5
570973.4,4201578.5
570973.44,4201578.5
570973.5,4201578.5
570973.56,4201578.0
570973.6,4201578.0
570973.7,4201578.0
570973.75,4201578.0
570973.8,4201578.0
570973.9,4201578.0
570973.94,4201578.0
570974.0,4201578.0
570974.06,4201578.0
570974.1,4201578.0
570974.2,4201578.0
570974.25,4201578.0
570974.3,4201578.0
570974.4,4201578.0
570974.44,4201578.0
570974.5,4201577.5
570974.56,4201577.5
570974.6,4201577.5
570974.7,4201577.5
570974.75,4201577.5
570974.8,4201577.5
570974.9,4201577.5
570974.94,4201577.5
570975.0,4201577.5
570975.06,4201577.5
570975.1,4201577.5
570975.2,4201577.5
570975.25,4201577.5
570975.3,4201577.5
570975.4,4201577.0
570975.44,4201577.0
570975.5,4201577.0
570975.56,4201577.0
570975.6,4201577.0
570975.7,4201577.0
570975.75,4201577.0
570975.8,4201577.0
570975.9,4201577.0
570975.94,4201577.0
570976.0,4201577.0
570976.06,4201577.0
570976.1,4201577.0
570976.2,4201577.0
570976.25,4201577.0
570976.3,4201577.0
570976.4,4201576.5
570976.44,4201576.5
570976.5,4201576.5
570976.56,4201576.5
570976.6,4201576.5
570976.7,4201576.5
570976.75,4201576.5
570976.8,4201576.5
570976.9,4201576.5
570976.94,4201576.5
570977.0,4201576.5
570977.06,4201576.5
570977.1,4201576.5
570977.2,4201576.5
570977.25,4201576.0
570977.3,4201576.0
570977.4,4201576.0
570977.44,4201576.0
570977.5,4201576.0
570977.56,4201576.0
570977.6,4201576.0
570977.7,4201576.0
570977.75,4201576.0
570977.8,4201576.0
570977.9,4201576.0
570977.94,4201576.0
570978.0,4201576.0
570978.06,4201576.0
570978.1,4201576.0
570978.2,4201575.5
570978.25,4201575.5
570978.3,4201575.5
570978.4,4201575.5
570978.44,4201575.5
570978.5,4201575.5
570978.56,4201575.5
570978.6,4201575.5
570978.7,4201575.5
570978.75,4201575.5
570978.8,4201575.5
570978.9,4201575.5
570978.94,4201575.5
570979.0,4201575.5
570979.06,4201575.5
570979.1,4201575.0
570979.2,4201575.0
570979.25,4201575.0
570979.3,4201575.0
570979.4,4201575.0
570979.44,4201575.0
570979.5,4201575.0
570979.56,4201575.0
570979.6,4201575.0
570979.7,4201575.0
570979.75,4201575.0
570979.8,4201575.0
570979.9,4201575.0
570979.94,4201575.0
570980.0,4201574.5
570980.06,4201574.5
570980.1,4201574.5
570980.2,4201574.5
570980.25,4201574.5
570980.3,4201574.5
570980.4,4201574.5
570980.44,4201574.5
570980.5,4201574.5
570980.56,4201574.5
570980.6,4201574.5
570980.7,4201574.5
570980.75,4201574.5
570980.8,4201574.5
570980.9,4201574.5
570980.94,4201574.0
570981.0,4201574.0
570981.06,4201574.0
570981.1,4201574.0
570981.2,4201574.0
570981.25,4201574.0
570981.3,4201574.0
570981.4,4201574.0
570981.44,4201574.0
570981.5,4201574.0
570981.56,4201574.0
570981.6,4201574.0
570981.7,4201574.0
570981.75,4201574.0
570981.8,4201574.0
570981.9,4201573.5
570981.94,4201573.5
570982.0,4201573.5
570982.06,4201573.5
570982.1,4201573.5
570982.2,4201573.5
570982.25,4201573.5
570982.3,4201573.5
570982.4,4201573.5
570982.44,4201573.5
570982.5,4201573.5
570982.56,4201573.5
570982.6,4201573.5
570982.7,4201573.5
570982.75,4201573.5
570982.8,4201573.0
570982.9,4201573.0
570982.94,4201573.0
570983.0,4201573.0
570983.06,4201573.0
570983.1,4201573.0
570983.2,4201573.0
570983.25,4201573.0
570983.3,4201573.0
570983.4,4201573.0
570983.44,4201573.0
570983.5,4201573.0
570983.56,4201573.0
570983.6,4201573.0
570983.7,4201572.5
570983.75,4201572.5
570983.8,4201572.5
570983.9,4201572.5
570983.94,4201572.5
570984.0,4201572.5
570984.06,4201572.5
570984.1,4201572.5
570984.2,4201572.5
570984.25,4201572.5
570984.3,4201572.5
570984.4,4201572.5
570984.44,4201572.5
570984.5,4201572.5
570984.56,4201572.5
570984.6,4201572.0
570984.7,4201572.0
570984.75,4201572.0
570984.8,4201572.0
570984.9,4201572.0
570984.94,4201572.0
570985.0,4201572.0
570985.06,4201572.0
570985.1,4201572.0
570985.2,4201572.0
570985.25,4201572.0
570985.3,4201572.0
570985.4,4201572.0
570985.44,4201572.0
570985.5,4201571.5
570985.56,4201571.5
570985.6,4201571.5
570985.7,4201571.5
570985.75,4201571.5
570985.8,4201571.5
570985.9,4201571.5
570985.94,4201571.5
570986.0,4201571.5
570986.06,4201571.5
569414.7,4200305.0
569414.75,4200305.0
569414.8,4200305.0
569414.9,4200305.0
569414.94,4200305.0
569415.0,4200305.0
569415.06,4200305.0
569415.1,4200305.0
569415.2,4200305.0
569415.25,4200305.0
569415.3,4200305.0
569415.4,4200305.0
569415.44,4200305.0
569415.5,4200305.0
569415.56,4200305.0
569415.6,4200305.0
569415.7,4200305.0
569415.7,4200304.5
569415.75,4200304.5
569415.8,4200304.5
569415.9,4200304.5
569415.94,4200304.5
569416.0,4200304.5
569416.06,4200304.5
569416.1,4200304.5
569416.2,4200304.5
569416.25,4200304.5
569416.25,4200304.0
569416.3,4200304.0
569416.4,4200304.0
569416.44,4200304.0
569416.5,4200304.0
569416.56,4200304.0
569416.6,4200304.0
569416.7,4200304.0
569416.75,4200304.0
569416.8,4200304.0
569416.9,4200304.0
569416.94,4200304.0
569416.94,4200303.5
569417.0,4200303.5
569417.06,4200303.5
569417.1,4200303.5
569417.2,4200303.5
569417.25,4200303.5
569417.3,4200303.5
569417.4,4200303.5
569417.44,4200303.5
569417.5,4200303.5
569417.56,4200303.5
569417.6,4200303.5
569417.7,4200303.5
569417.75,4200303.5
569417.6,4200303.0
569417.56,4200303.0
569417.56,4200302.5
569417.6,4200302.5
569417.7,4200302.5
569417.75,4200302.5
569417.8,4200302.5
569417.9,4200302.5
569417.94,4200302.5
569417.94,4200302.0
569418.0,4200302.0
569418.06,4200302.0
569418.1,4200302.0
569418.2,4200302.0
569418.25,4200302.0
569418.3,4200302.0
569418.4,4200302.0
569418.44,4200302.0
569418.44,4200301.5
569418.5,4200301.5
569418.56,4200301.5
569418.6,4200301.5
569418.6,4200301.0
569418.6,4200300.5
569418.7,4200300.5
569418.7,4200300.0
569418.6,4200300.0
569418.56,4200300.0
569418.56,4200299.5
569418.5,4200299.5
569418.44,4200299.5
569418.4,4200299.5
569418.4,4200300.0
569418.44,4200300.0
569418.44,4200300.5
569418.5,4200300.5
569418.56,4200300.5
569418.56,4200301.0
569418.7,4200301.0
569418.7,4200301.5
569418.75,4200301.5
569418.8,4200301.5
569418.8,4200302.0
569418.9,4200302.0
569418.94,4200302.0
569419.0,4200302.0
569419.0,4200302.5
569419.06,4200302.5
569419.1,4200302.5
569419.1,4200303.0
569419.2,4200303.0
569419.25,4200303.0
569419.25,4200303.5
569419.3,4200303.5
569419.4,4200303.5
569419.4,4200304.0
569419.44,4200304.0
569419.44,4200304.5
569419.5,4200304.5
569419.56,4200304.5
569419.56,4200305.0
569419.6,4200305.0
569419.7,4200305.0
569419.7,4200305.5
569419.75,4200305.5
569419.8,4200305.5
569419.8,4200306.0
569419.9,4200306.0
569419.9,4200306.5
569419.9,4200307.0
569419.94,4200307.0
569419.94,4200307.5
569420.0,4200307.5
569420.0,4200308.0
569420.0,4200308.5
569420.06,4200308.5
569420.06,4200309.0
569420.1,4200309.0
569420.2,4200309.0
569420.2,4200309.5
569420.25,4200309.5
569420.3,4200309.5
569420.4,4200309.5
569420.4,4200310.0
569420.44,4200310.0
569420.5,4200310.0
569420.56,4200310.0
569420.56,4200310.5
569420.6,4200310.5
569420.7,4200310.5
569420.75,4200310.5
569420.8,4200310.5
569420.8,4200311.0
569420.9,4200311.0
569420.94,4200311.0
569421.0,4200311.0
569421.06,4200311.0
569421.06,4200311.5
569421.1,4200311.5
569421.2,4200311.5
569421.25,4200311.5
569421.25,4200312.0
569421.3,4200312.0
569421.4,4200312.0
569421.4,4200312.5
569421.44,4200312.5
569421.5,4200312.5
569421.56,4200312.5
569421.56,4200313.0
569421.6,4200313.0
569421.7,4200313.0
569421.7,4200313.5
569421.75,4200313.5
569421.8,4200313.5
569421.8,4200314.0
569421.9,4200314.0
569421.9,4200314.5
569421.94,4200314.5
569422.0,4200314.5
569422.0,4200315.0
569422.06,4200315.0
569422.06,4200315.5
569422.1,4200315.5
569422.2,4200315.5
569422.2,4200316.0
569422.25,4200316.0
569422.3,4200316.0
569422.4,4200316.0
569422.4,4200316.5
569422.44,4200316.5
569422.5,4200316.5
569422.5,4200317.0
569422.56,4200317.0
569422.6,4200317.0
569422.7,4200317.0
569422.7,4200317.5
569422.75,4200317.5
569422.8,4200317.5
569422.9,4200317.5
569422.9,4200318.0
569422.94,4200318.0
569423.0,4200318.0
569423.06,4200318.0
569423.06,4200318.5
569423.1,4200318.5
569423.2,4200318.5
569423.2,4200319.0
569423.25,4200319.0
569423.3,4200319.0
569423.3,4200319.5
569423.4,4200319.5
569423.4,4200320.0
569423.44,4200320.0
569423.5,4200320.0
569423.56,4200320.0
569423.6,4200320.0
569423.6,4200320.5
569423.7,4200320.5
569423.75,4200320.5
569423.8,4200320.5
569423.9,4200320.5
569423.94,4200320.5
569423.94,4200321.0
569424.0,4200321.0
569424.06,4200321.0
569424.1,4200321.0
569424.2,4200321.0
569424.25,4200321.0
569424.25,4200321.5
569424.3,4200321.5
569424.4,4200321.5
569424.44,4200321.5
569424.5,4200321.5
569424.5,4200322.0
569424.56,4200322.0
569424.6,4200322.0
569424.7,4200322.0
569424.75,4200322.0
569424.8,4200322.5
569424.9,4200322.5
569424.94,4200322.5
569425.0,4200322.5
569425.06,4200322.5
569425.1,4200322.5
569425.1,4200323.0
569425.2,4200323.0
569425.25,4200323.0
569425.3,4200323.0
569425.4,4200323.0
569425.44,4200323.0
569425.5,4200323.0
569425.5,4200323.5
569425.56,4200323.5
569425.6,4200323.5
569425.7,4200323.5
569425.75,4200323.5
569425.8,4200323.5
569425.9,4200323.5
569425.94,4200323.5
569425.94,4200324.0
569426.0,4200324.0
569426.06,4200324.0
569426.1,4200324.0
569426.2,4200324.0
569426.25,4200324.0
569426.3,4200324.0
569426.4,4200324.0
569426.4,4200324.5
569426.44,4200324.5
569426.5,4200324.5
569426.56,4200324.5
569426.6,4200324.5
569426.7,4200324.5
569426.75,4200324.5
569426.8,4200324.5
569426.9,4200325.0
569426.94,4200325.0
569427.0,4200325.0
569427.06,4200325.0
569427.1,4200325.0
569427.2,4200325.0
569427.25,4200325.0
569427.3,4200325.5
569427.4,4200325.5
569427.44,4200325.5
569427.5,4200325.5
569427.56,4200325.5
569427.6,4200325.5
569427.7,4200325.5
569427.75,4200326.0
569427.8,4200326.0
569427.9,4200326.0
569427.94,4200326.0
569428.0,4200326.0
569428.06,4200326.0
569428.1,4200326.0
569428.2,4200326.0
569428.2,4200326.5
569428.25,4200326.5
569428.3,4200326.5
569428.4,4200326.5
569428.44,4200326.5
569428.5,4200326.5
569428.56,4200326.5
569428.6,4200326.5
569428.7,4200327.0
569428.75,4200327.0
569428.8,4200327.0
569428.9,4200327.0
569428.94,4200327.0
569429.0,4200327.0
569429.06,4200327.0
569429.1,4200327.0
569429.2,4200327.5
569429.25,4200327.5
569429.3,4200327.5
569429.4,4200327.5
569429.44,4200327.5
569429.5,4200327.5
569429.56,4200327.5
569429.6,4200327.5
569429.7,4200327.5
569429.7,4200328.0
569429.75,4200328.0
569429.8,4200328.0
569429.9,4200328.0
569429.94,4200328.0
569430.0,4200328.0
569430.06,4200328.0
569430.1,4200328.0
569430.2,4200328.0
569430.25,4200328.5
569430.3,4200328.5
569430.4,4200328.5
569430.44,4200328.5
569430.5,4200328.5
569430.56,4200328.5
569430.6,4200328.5
569430.7,4200328.5
569430.75,4200328.5
569430.75,4200329.0
569430.8,4200329.0
569430.9,4200329.0
569430.94,4200329.0
569431.0,4200329.0
569431.06,4200329.0
569431.1,4200329.0
569431.2,4200329.0
569431.25,4200329.0
569431.3,4200329.0
569431.3,4200329.5
569431.4,4200329.5
569431.44,4200329.5
569431.5,4200329.5
569431.56,4200329.5
569431.6,4200329.5
569431.7,4200329.5
569431.75,4200329.5
569431.8,4200329.5
569431.9,4200329.5
569431.9,4200330.0
569431.94,4200330.0
569432.0,4200330.0
569432.06,4200330.0
569432.1,4200330.0
569432.2,4200330.0
569432.25,4200330.0
569432.3,4200330.0
569432.4,4200330.0
569432.44,4200330.5
569432.5,4200330.5
569432.56,4200330.5
569432.6,4200330.5
569432.7,4200330.5
569432.75,4200330.5
569432.8,4200330.5
569432.9,4200330.5
569432.94,4200330.5
569433.0,4200331.0
569433.06,4200331.0
569433.1,4200331.0
569433.2,4200331.0
569433.25,4200331.0
569433.3,4200331.0
569433.4,4200331.0
569433.44,4200331.0
569433.5,4200331.0
569433.56,4200331.5
569433.6,4200331.5
569433.7,4200331.5
569433.75,4200331.5
569433.8,4200331.5
569433.9,4200331.5
569433.94,4200331.5
569434.0,4200331.5
569434.06,4200331.5
569434.06,4200332.0
569434.1,4200332.0
569434.2,4200332.0
569434.25,4200332.0
569434.3,4200332.0
569434.4,4200332.0
569434.44,4200332.0
569434.5,4200332.0
569434.56,4200332.0
569434.6,4200332.0
569434.6,4200332.5
569434.7,4200332.5
569434.75,4200332.5
569434.8,4200332.5
569434.9,4200332.5
569434.94,4200332.5
569435.0,4200332.5
569435.06,4200332.5
569435.1,4200332.5
569435.2,4200333.0
569435.25,4200333.0
569435.3,4200333.0
569435.4,4200333.0
569435.44,4200333.0
569435.5,4200333.0
569435.56,4200333.0
569435.6,4200333.0
569435.7,4200333.0
569435.75,4200333.5
569435.8,4200333.5
569435.9,4200333.5
569435.94,4200333.5
569436.0,4200333.5
569436.06,4200333.5
569436.1,4200333.5
569436.2,4200333.5
569436.25,4200333.5
569436.3,4200334.0
569436.4,4200334.0
569436.44,4200334.0
569436.5,4200334.0
569436.56,4200334.0
569436.6,4200334.0
569436.7,4200334.0
569436.75,4200334.0
569436.8,4200334.0
569436.9,4200334.5
569436.94,4200334.5
569437.0,4200334.5
569437.06,4200334.5
569437.1,4200334.5
569437.2,4200334.5
569437.25,4200334.5
569437.3,4200334.5
569437.4,4200334.5
569437.44,4200335.0
569437.5,4200335.0
569437.56,4200335.0
569437.6,4200335.0
569437.7,4200335.0
569437.75,4200335.0
569437.8,4200335.0
569437.9,4200335.0
569437.94,4200335.0
569438.0,4200335.5
569438.06,4200335.5
569438.1,4200335.5
569438.2,4200335.5
569438.25,4200335.5
569438.3,4200335.5
569438.4,4200335.5
569438.44,4200335.5
569438.5,4200335.5
569438.56,4200336.0
569438.6,4200336.0
569438.7,4200336.0
569438.75,4200336.0
569438.8,4200336.0
569438.9,4200336.0
569438.94,4200336.0
569439.0,4200336.0
569439.06,4200336.0
569439.1,4200336.0
569439.1,4200336.5
569439.2,4200336.5
569439.25,4200336.5
569439.3,4200336.5
569439.4,4200336.5
569439.44,4200336.5
569439.5,4200336.5
569439.56,4200336.5
569439.6,4200336.5
569439.7,4200336.5
569439.7,4200337.0
569439.75,4200337.0
569439.8,4200337.0
569439.9,4200337.0
569439.94,4200337.0
569440.0,4200337.0
569440.06,4200337.0
569440.1,4200337.0
569440.2,4200337.0
569440.25,4200337.0
569440.3,4200337.5
569440.4,4200337.5
569440.44,4200337.5
569440.5,4200337.5
569440.56,4200337.5
569440.6,4200337.5
569440.7,4200337.5
569440.75,4200337.5
569440.8,4200337.5
569440.9,4200337.5
569440.9,4200338.0
569440.94,4200338.0
569441.0,4200338.0
569441.06,4200338.0
569441.1,4200338.0
569441.2,4200338.0
569441.25,4200338.0
569441.3,4200338.0
569441.4,4200338.0
569441.44,4200338.0
569441.44,4200338.5
569441.5,4200338.5
569441.56,4200338.5
569441.6,4200338.5
569441.7,4200338.5
569441.75,4200338.5
569441.8,4200338.5
569441.9,4200338.5
569441.94,4200338.5
569442.0,4200338.5
569442.06,4200339.0
569442.1,4200339.0
569442.2,4200339.0
569442.25,4200339.0
569442.3,4200339.0
569442.4,4200339.0
569442.44,4200339.0
569442.5,4200339.0
569442.56,4200339.0
569442.6,4200339.0
569442.6,4200339.5
569442.7,4200339.5
569442.75,4200339.5
569442.8,4200339.5
569442.9,4200339.5
569442.94,4200339.5
569443.0,4200339.5
569443.06,4200339.5
569443.1,4200339.5
569443.2,4200339.5
569443.25,4200340.0
569443.3,4200340.0
569443.4,4200340.0
569443.44,4200340.0
569443.5,4200340.0
569443.56,4200340.0
569443.6,4200340.0
569443.7,4200340.0
569443.75,4200340.0
569443.8,4200340.0
569443.9,4200340.5
569443.94,4200340.5
569444.0,4200340.5
569444.06,4200340.5
569444.1,4200340.5
569444.2,4200340.5
569444.25,4200340.5
569444.3,4200340.5
569444.4,4200340.5
569444.44,4200341.0
569444.5,4200341.0
569444.56,4200341.0
569444.6,4200341.0
569444.7,4200341.0
569444.75,4200341.0
569444.8,4200341.0
569444.9,4200341.0
569444.94,4200341.0
569445.0,4200341.0
569445.0,4200341.5
569445.06,4200341.5
569445.1,4200341.5
569445.2,4200341.5
569445.25,4200341.5
569445.3,4200341.5
569445.4,4200341.5
569445.44,4200341.5
569445.5,4200341.5
569445.56,4200341.5
569445.56,4200342.0
569445.6,4200342.0
569445.7,4200342.0
569445.75,4200342.0
569445.8,4200342.0
569445.9,4200342.0
569445.94,4200342.0
569446.0,4200342.0
569446.06,4200342.0
569446.1,4200342.0
569446.2,4200342.5
569446.25,4200342.5
569446.3,4200342.5
569446.4,4200342.5
569446.44,4200342.5
569446.5,4200342.5
569446.56,4200342.5
569446.6,4200342.5
569446.7,4200342.5
569446.75,4200343.0
569446.8,4200343.0
569446.9,4200343.0
569446.94,4200343.0
569447.0,4200343.0
569447.06,4200343.0
569447.1,4200343.0
569447.2,4200343.0
569447.25,4200343.0
569447.3,4200343.0
569447.3,4200343.5
569447.4,4200343.5
569447.44,4200343.5
569447.5,4200343.5
569447.56,4200343.5
569447.6,4200343.5
569447.7,4200343.5
569447.75,4200343.5
569447.8,4200343.5
569447.9,4200343.5
569447.9,4200344.0
569447.94,4200344.0
569448.0,4200344.0
569448.06,4200344.0
569448.1,4200344.0
569448.2,4200344.0
569448.25,4200344.0
569448.3,4200344.0
569448.4,4200344.0
569448.44,4200344.5
569448.5,4200344.5
569448.56,4200344.5
569448.6,4200344.5
569448.7,4200344.5
569448.75,4200344.5
569448.8,4200344.5
569448.9,4200344.5
569448.94,4200344.5
569449.0,4200344.5
569449.0,4200345.0
569449.06,4200345.0
569449.1,4200345.0
569449.2,4200345.0
569449.25,4200345.0
569449.3,4200345.0
569449.4,4200345.0
569449.44,4200345.0
569449.5,4200345.0
569449.56,4200345.0
569449.56,4200345.5
569449.6,4200345.5
569449.7,4200345.5
569449.75,4200345.5
569449.8,4200345.5
569449.9,4200345.5
569449.94,4200345.5
569450.0,4200345.5
569450.06,4200345.5
569450.1,4200345.5
569450.1,4200346.0
569450.2,4200346.0
569450.25,4200346.0
569450.3,4200346.0
569450.4,4200346.0
569450.44,4200346.0
569450.5,4200346.0
569450.56,4200346.0
569450.6,4200346.0
569450.7,4200346.5
569450.75,4200346.5
569450.8,4200346.5
569450.9,4200346.5
569450.94,4200346.5
569451.0,4200346.5
569451.06,4200346.5
569451.1,4200346.5
569451.2,4200346.5
569451.2,4200347.0
569451.25,4200347.0
569451.3,4200347.0
569451.4,4200347.0
569451.44,4200347.0
569451.5,4200347.0
569451.56,4200347.0
569451.6,4200347.0
569451.7,4200347.0
569451.75,4200347.5
569451.8,4200347.5
569451.9,4200347.5
569451.94,4200347.5
569452.0,4200347.5
569452.06,4200347.5
569452.1,4200347.5
569452.2,4200347.5
569452.25,4200347.5
569452.3,4200348.0
569452.4,4200348.0
569452.44,4200348.0
569452.5,4200348.0
569452.56,4200348.0
569452.6,4200348.0
569452.7,4200348.0
569452.75,4200348.0
569452.8,4200348.0
569452.9,4200348.5
569452.94,4200348.5
569453.0,4200348.5
569453.06,4200348.5
569453.1,4200348.5
569453.2,4200348.5
569453.25,4200348.5
569453.3,4200348.5
569453.4,4200348.5
569453.44,4200349.0
569453.5,4200349.0
569453.56,4200349.0
569453.6,4200349.0
569453.7,4200349.0
569453.75,4200349.0
569453.8,4200349.0
569453.9,4200349.0
569453.94,4200349.5
569454.0,4200349.5
569454.06,4200349.5
569454.1,4200349.5
569454.2,4200349.5
569454.25,4200349.5
569454.3,4200349.5
569454.4,4200349.5
569454.44,4200349.5
569454.5,4200350.0
569454.56,4200350.0
569454.6,4200350.0
569454.7,4200350.0
569454.75,4200350.0
569454.8,4200350.0
569454.9,4200350.0
569454.94,4200350.0
569455.0,4200350.0
569455.0,4200350.5
569455.06,4200350.5
569455.1,4200350.5
569455.2,4200350.5
569455.25,4200350.5
569455.3,4200350.5
569455.4,4200350.5
569455.44,4200350.5
569455.5,4200350.5
569455.56,4200351.0
569455.6,4200351.0
569455.7,4200351.0
569455.75,4200351.0
569455.8,4200351.0
569455.9,4200351.0
569455.94,4200351.0
569456.0,4200351.0
569456.06,4200351.0
569456.1,4200351.5
569456.2,4200351.5
569456.25,4200351.5
569456.3,4200351.5
569456.4,4200351.5
569456.44,4200351.5
569456.5,4200351.5
569456.56,4200351.5
569456.6,4200351.5
569456.6,4200352.0
569456.7,4200352.0
569456.75,4200352.0
569456.8,4200352.0
569456.9,4200352.0
569456.94,4200352.0
569457.0,4200352.0
569457.06,4200352.0
569457.1,4200352.0
569457.2,4200352.5
569457.25,4200352.5
569457.3,4200352.5
569457.4,4200352.5
569457.44,4200352.5
569457.5,4200352.5
569457.56,4200352.5
569457.6,4200352.5
569457.7,4200352.5
569457.75,4200353.0
569457.8,4200353.0
569457.9,4200353.0
569457.94,4200353.0
569458.0,4200353.0
569458.06,4200353.0
569458.1,4200353.0
569458.2,4200353.0
569458.25,4200353.0
569458.3,4200353.5
569458.4,4200353.5
569458.44,4200353.5
569458.5,4200353.5
569458.56,4200353.5
569458.6,4200353.5
569458.7,4200353.5
569458.75,4200353.5
569458.8,4200353.5
569458.8,4200354.0
569458.9,4200354.0
569458.94,4200354.0
569459.0,4200354.0
569459.06,4200354.0
569459.1,4200354.0
569459.2,4200354.0
569459.25,4200354.0
569459.3,4200354.0
569459.4,4200354.5
569459.44,4200354.5
569459.5,4200354.5
569459.56,4200354.5
569459.6,4200354.5
569459.7,4200354.5
569459.75,4200354.5
569459.8,4200354.5
569459.9,4200354.5
569459.94,4200355.0
569460.0,4200355.0
569460.06,4200355.0
569460.1,4200355.0
569460.2,4200355.0
569460.25,4200355.0
569460.3,4200355.0
569460.4,4200355.0
569460.44,4200355.0
569460.5,4200355.5
569460.56,4200355.5
569460.6,4200355.5
569460.7,4200355.5
569460.75,4200355.5
569460.8,4200355.5
569460.9,4200355.5
569460.94,4200355.5
569461.0,4200355.5
569461.0,4200356.0
569461.06,4200356.0
569461.1,4200356.0
569461.2,4200356.0
569461.25,4200356.0
569461.3,4200356.0
569461.4,4200356.0
569461.44,4200356.0
569461.5,4200356.0
569461.56,4200356.5
569461.6,4200356.5
569461.7,4200356.5
569461.75,4200356.5
569461.8,4200356.5
569461.9,4200356.5
569461.94,4200356.5
569462.0,4200356.5
569462.06,4200357.0
569462.1,4200357.0
569462.2,4200357.0
569462.25,4200357.0
569462.3,4200357.0
569462.4,4200357.0
569462.44,4200357.0
569462.5,4200357.0
569462.56,4200357.0
569462.6,4200357.5
569462.7,4200357.5
569462.75,4200357.5
569462.8,4200357.5
569462.9,4200357.5
569462.94,4200357.5
569463.0,4200357.5
569463.06,4200357.5
569463.1,4200357.5
569463.2,4200358.0
569463.25,4200358.0
569463.3,4200358.0
569463.4,4200358.0
569463.44,4200358.0
569463.5,4200358.0
569463.56,4200358.0
569463.6,4200358.0
569463.7,4200358.0
569463.7,4200358.5
569463.75,4200358.5
569463.8,4200358.5
569463.9,4200358.5
569463.94,4200358.5
569464.0,4200358.5
569464.06,4200358.5
569464.1,4200358.5
569464.2,4200358.5
569464.25,4200359.0
569464.3,4200359.0
569464.4,4200359.0
569464.44,4200359.0
569464.5,4200359.0
569464.56,4200359.0
569464.6,4200359.0
569464.7,4200359.0
569464.75,4200359.0
569464.8,4200359.5
569464.9,4200359.5
569464.94,4200359.5
569465.0,4200359.5
569465.06,4200359.5
569465.1,4200359.5
569465.2,4200359.5
569465.25,4200359.5
569465.3,4200359.5
569465.4,4200360.0
569465.44,4200360.0
569465.5,4200360.0
569465.56,4200360.0
569465.6,4200360.0
569465.7,4200360.0
569465.75,4200360.0
569465.8,4200360.0
569465.9,4200360.5
569465.94,4200360.5
569466.0,4200360.5
569466.06,4200360.5
569466.1,4200360.5
569466.2,4200360.5
569466.25,4200360.5
569466.3,4200360.5
569466.4,4200360.5
569466.44,4200361.0
569466.5,4200361.0
569466.56,4200361.0
569466.6,4200361.0
569466.7,4200361.0
569466.75,4200361.0
569466.8,4200361.0
569466.9,4200361.0
569466.94,4200361.0
569467.0,4200361.5
569467.06,4200361.5
569467.1,4200361.5
569467.2,4200361.5
569467.25,4200361.5
569467.3,4200361.5
569467.4,4200361.5
569467.44,4200361.5
569467.5,4200362.0
569467.56,4200362.0
569467.6,4200362.0
569467.7,4200362.0
569467.75,4200362.0
569467.8,4200362.0
569467.9,4200362.0
569467.94,4200362.0
569468.0,4200362.0
569468.06,4200362.0
569468.06,4200362.5
569468.1,4200362.5
569468.2,4200362.5
569468.25,4200362.5
569468.3,4200362.5
569468.4,4200362.5
569468.44,4200362.5
569468.5,4200362.5
569468.56,4200362.5
569468.6,4200363.0
569468.7,4200363.0
569468.75,4200363.0
569468.8,4200363.0
569468.9,4200363.0
569468.94,4200363.0
569469.0,4200363.0
569469.06,4200363.0
569469.1,4200363.0
569469.1,4200363.5
569469.2,4200363.5
569469.25,4200363.5
569469.3,4200363.5
569469.4,4200363.5
569469.44,4200363.5
569469.5,4200363.5
569469.56,4200363.5
569469.6,4200363.5
569469.7,4200363.5
569469.7,4200364.0
569469.75,4200364.0
569469.8,4200364.0
569469.9,4200364.0
569469.94,4200364.0
569470.0,4200364.0
569470.06,4200364.0
569470.1,4200364.0
569470.2,4200364.0
569470.25,4200364.5
569470.3,4200364.5
569470.4,4200364.5
569470.44,4200364.5
569470.5,4200364.5
569470.56,4200364.5
569470.6,4200364.5
569470.7,4200364.5
569470.75,4200364.5
569470.75,4200365.0
569470.8,4200365.0
569470.9,4200365.0
569470.94,4200365.0
569471.0,4200365.0
569471.06,4200365.0
569471.1,4200365.0
569471.2,4200365.0
569471.25,4200365.0
569471.3,4200365.0
569471.3,4200365.5
569471.4,4200365.5
569471.44,4200365.5
569471.5,4200365.5
569471.56,4200365.5
569471.6,4200365.5
569471.7,4200365.5
569471.75,4200365.5
569471.8,4200365.5
569471.9,4200366.0
569471.94,4200366.0
569472.0,4200366.0
569472.06,4200366.0
569472.1,4200366.0
569472.2,4200366.0
569472.25,4200366.0
569472.3,4200366.0
569472.4,4200366.0
569472.44,4200366.5
569472.5,4200366.5
569472.56,4200366.5
569472.6,4200366.5
569472.7,4200366.5
569472.75,4200366.5
569472.8,4200366.5
569472.9,4200366.5
569472.94,4200366.5
569472.94,4200367.0
569473.0,4200367.0
569473.06,4200367.0
569473.1,4200367.0
569473.2,4200367.0
569473.25,4200367.0
569473.3,4200367.0
569473.4,4200367.0
569473.44,4200367.0
569473.5,4200367.5
569473.56,4200367.5
569473.6,4200367.5
569473.7,4200367.5
569473.75,4200367.5
569473.8,4200367.5
569473.9,4200367.5
569473.94,4200367.5
569474.0,4200367.5
569474.06,4200368.0
569474.1,4200368.0
569474.2,4200368.0
569474.25,4200368.0
569474.3,4200368.0
569474.4,4200368.0
569474.44,4200368.0
569474.9,4200368.5
569474.94,4200368.5
569475.0,4200368.5
569475.06,4200368.5
569475.1,4200368.5
569475.2,4200369.0
569475.25,4200369.0
569475.3,4200369.0
569475.4,4200369.0
569475.44,4200369.0
569475.5,4200369.0
569475.56,4200369.0
569475.6,4200369.0
569475.7,4200369.0
569475.7,4200369.5
569475.75,4200369.5
569475.8,4200369.5
569475.9,4200369.5
569475.94,4200369.5
569476.0,4200369.5
569476.06,4200369.5
569476.1,4200369.5
569476.2,4200369.5
569476.25,4200369.5
569476.3,4200370.0
569476.4,4200370.0
569476.44,4200370.0
569476.5,4200370.0
569476.56,4200370.0
569476.6,4200370.0
569476.7,4200370.0
569476.75,4200370.0
569476.8,4200370.0
569476.9,4200370.5
569476.94,4200370.5
569477.0,4200370.5
569477.06,4200370.5
569477.1,4200370.5
569477.2,4200370.5
569477.25,4200370.5
569477.3,4200370.5
569477.4,4200370.5
569477.4,4200371.0
569477.44,4200371.0
569477.5,4200371.0
569477.56,4200371.0
569477.6,4200371.0
569477.7,4200371.0
569477.75,4200371.0
569477.8,4200371.0
569477.9,4200371.0
569477.94,4200371.0
569478.0,4200371.5
569478.06,4200371.5
569478.1,4200371.5
569478.2,4200371.5
569478.25,4200371.5
569478.3,4200371.5
569478.4,4200371.5
569478.44,4200371.5
569478.5,4200372.0
569478.56,4200372.0
569478.6,4200372.0
569478.7,4200372.0
569478.75,4200372.0
569478.8,4200372.0
569478.9,4200372.0
569478.94,4200372.0
569479.0,4200372.0
569479.06,4200372.0
569479.06,4200372.5
569479.1,4200372.5
569479.2,4200372.5
569479.25,4200372.5
569479.3,4200372.5
569479.4,4200372.5
569479.44,4200372.5
569479.5,4200372.5
569479.56,4200372.5
569479.6,4200372.5
569479.7,4200373.0
569479.75,4200373.0
569479.8,4200373.0
569479.9,4200373.0
569479.94,4200373.0
569480.0,4200373.0
569480.06,4200373.0
569480.1,4200373.0
569480.2,4200373.0
569480.2,4200373.5
569480.25,4200373.5
569480.3,4200373.5
569480.4,4200373.5
569480.44,4200373.5
569480.5,4200373.5
569480.56,4200373.5
569480.6,4200373.5
569480.7,4200373.5
569480.75,4200373.5
569480.8,4200374.0
569480.9,4200374.0
569480.94,4200374.0
569481.0,4200374.0
569481.06,4200374.0
569481.1,4200374.0
569481.2,4200374.0
569481.25,4200374.0
569481.3,4200374.0
569481.4,4200374.5
569481.44,4200374.5
569481.5,4200374.5
569481.56,4200374.5
569481.6,4200374.5
569481.7,4200374.5
569481.75,4200374.5
569481.8,4200374.5
569481.9,4200374.5
569481.9,4200375.0
569481.94,4200375.0
569482.0,4200375.0
569482.06,4200375.0
569482.1,4200375.0
569482.2,4200375.0
569482.25,4200375.0
569482.3,4200375.0
569482.4,4200375.0
569482.44,4200375.0
569482.5,4200375.5
569482.56,4200375.5
569482.6,4200375.5
569482.7,4200375.5
569482.75,4200375.5
569482.8,4200375.5
569482.9,4200375.5
569482.94,4200375.5
569483.0,4200376.0
569483.06,4200376.0
569483.1,4200376.0
569483.2,4200376.0
569483.25,4200376.0
569483.3,4200376.0
569483.4,4200376.0
569483.44,4200376.0
569483.5,4200376.0
569483.56,4200376.0
569483.56,4200376.5
569483.6,4200376.5
569483.7,4200376.5
569483.75,4200376.5
569483.8,4200376.5
569483.9,4200376.5
569483.94,4200376.5
569484.0,4200376.5
569484.06,4200376.5
569484.1,4200376.5
569484.2,4200377.0
569484.25,4200377.0
569484.3,4200377.0
569484.4,4200377.0
569484.44,4200377.0
569484.5,4200377.0
569484.56,4200377.0
569484.6,4200377.0
569484.7,4200377.0
569484.75,4200377.5
569484.8,4200377.5
569484.9,4200377.5
569484.94,4200377.5
569485.0,4200377.5
569485.06,4200377.5
569485.1,4200377.5
569485.2,4200377.5
569485.25,4200377.5
569485.3,4200377.5
569485.4,4200378.0
569485.44,4200378.0
569485.5,4200378.0
569485.56,4200378.0
569485.6,4200378.0
569485.7,4200378.0
569485.75,4200378.0
569485.8,4200378.0
569485.9,4200378.0
569485.94,4200378.0
569486.0,4200378.5
569486.06,4200378.5
569486.1,4200378.5
569486.2,4200378.5
569486.25,4200378.5
569486.3,4200378.5
569486.4,4200378.5
569486.44,4200378.5
569486.5,4200378.5
569486.56,4200378.5
569486.56,4200379.0
569486.6,4200379.0
569486.7,4200379.0
569486.75,4200379.0
569486.8,4200379.0
569486.9,4200379.0
569486.94,4200379.0
569487.0,4200379.0
569487.06,4200379.0
569487.1,4200379.0
569487.2,4200379.5
569487.25,4200379.5
569487.3,4200379.5
569487.4,4200379.5
569487.44,4200379.5
569487.5,4200379.5
569487.56,4200379.5
569487.6,4200379.5
569487.7,4200379.5
569487.75,4200380.0
569487.8,4200380.0
569487.9,4200380.0
569487.94,4200380.0
569488.0,4200380.0
569488.06,4200380.0
569488.1,4200380.0
569488.2,4200380.0
569488.25,4200380.0
569488.3,4200380.0
569488.4,4200380.5
569488.44,4200380.5
569488.5,4200380.5
569488.56,4200380.5
569488.6,4200380.5
569488.7,4200380.5
569488.75,4200380.5
569488.8,4200380.5
569488.9,4200380.5
569488.94,4200380.5
569489.0,4200381.0
569489.06,4200381.0
569489.1,4200381.0
569489.2,4200381.0
569489.25,4200381.0
569489.3,4200381.0
569489.4,4200381.0
569489.44,4200381.0
569489.5,4200381.0
569489.56,4200381.0
569489.56,4200381.5
569489.6,4200381.5
569489.7,4200381.5
569489.75,4200381.5
569489.8,4200381.5
569489.9,4200381.5
569489.94,4200381.5
569490.0,4200381.5
569490.06,4200381.5
569490.1,4200381.5
569490.1,4200382.0
569490.2,4200382.0
569490.25,4200382.0
569490.3,4200382.0
569490.4,4200382.0
569490.44,4200382.0
569490.5,4200382.0
569490.56,4200382.0
569490.6,4200382.0
569490.7,4200382.0
569490.75,4200382.5
569490.8,4200382.5
569490.9,4200382.5
569490.94,4200382.5
569491.0,4200382.5
569491.06,4200382.5
569491.1,4200382.5
569491.2,4200382.5
569491.25,4200382.5
569491.3,4200382.5
569491.4,4200383.0
569491.44,4200383.0
569491.5,4200383.0
569491.56,4200383.0
569491.6,4200383.0
569491.7,4200383.0
569491.75,4200383.0
569491.8,4200383.0
569491.9,4200383.0
569491.94,4200383.0
569492.0,4200383.5
569492.06,4200383.5
569492.1,4200383.5
569492.2,4200383.5
569492.25,4200383.5
569492.3,4200383.5
569492.4,4200383.5
569492.44,4200383.5
569492.5,4200383.5
569492.56,4200383.5
569492.6,4200384.0
569492.7,4200384.0
569492.75,4200384.0
569492.8,4200384.0
569492.9,4200384.0
569492.94,4200384.0
569493.0,4200384.0
569493.06,4200384.0
569493.1,4200384.0
569493.2,4200384.5
569493.25,4200384.5
569493.3,4200384.5
569493.4,4200384.5
569493.44,4200384.5
569493.5,4200384.5
569493.56,4200384.5
569493.6,4200384.5
569493.7,4200384.5
569493.75,4200384.5
569493.8,4200385.0
569493.9,4200385.0
569493.94,4200385.0
569494.0,4200385.0
569494.06,4200385.0
569494.1,4200385.0
569494.2,4200385.0
569494.25,4200385.0
569494.3,4200385.0
569494.4,4200385.0
569494.44,4200385.5
569494.5,4200385.5
569494.56,4200385.5
569494.6,4200385.5
569494.7,4200385.5
569494.75,4200385.5
569494.8,4200385.5
569494.9,4200385.5
569494.94,4200385.5
569495.0,4200385.5
569495.06,4200386.0
569495.1,4200386.0
569495.2,4200386.0
569495.25,4200386.0
569495.3,4200386.0
569495.4,4200386.0
569495.44,4200386.0
569495.5,4200386.0
569495.56,4200386.0
569495.6,4200386.0
569495.7,4200386.0
569495.7,4200386.5
569495.75,4200386.5
569495.8,4200386.5
569495.9,4200386.5
569495.94,4200386.5
569496.0,4200386.5
569496.06,4200386.5
569496.1,4200386.5
569496.2,4200386.5
569496.25,4200386.5
569496.3,4200386.5
569496.4,4200387.0
569496.44,4200387.0
569496.5,4200387.0
569496.56,4200387.0
569496.6,4200387.0
569496.7,4200387.0
569496.75,4200387.0
569496.8,4200387.0
569496.9,4200387.0
569496.94,4200387.5
569497.0,4200387.5
569497.06,4200387.5
569497.1,4200387.5
569497.2,4200387.5
569497.25,4200387.5
569497.3,4200387.5
569497.4,4200387.5
569497.44,4200387.5
569497.5,4200387.5
569497.56,4200388.0
569497.6,4200388.0
569497.7,4200388.0
569497.75,4200388.0
569497.8,4200388.0
569497.9,4200388.0
569497.94,4200388.0
569498.0,4200388.0
569498.06,4200388.0
569498.1,4200388.0
569498.2,4200388.0
569498.2,4200388.5
569498.25,4200388.5
569498.3,4200388.5
569498.4,4200388.5
569498.44,4200388.5
569498.5,4200388.5
569498.56,4200388.5
569498.6,4200388.5
569498.7,4200388.5
569498.75,4200388.5
569498.8,4200388.5
569498.9,4200389.0
569498.94,4200389.0
569499.0,4200389.0
569499.06,4200389.0
569499.1,4200389.0
569499.2,4200389.0
569499.25,4200389.0
569499.3,4200389.0
569499.4,4200389.0
569499.44,4200389.0
569499.5,4200389.5
569499.56,4200389.5
569499.6,4200389.5
569499.7,4200389.5
569499.75,4200389.5
569499.8,4200389.5
569499.9,4200389.5
569499.94,4200389.5
569500.0,4200389.5
569500.06,4200389.5
569500.1,4200390.0
569500.2,4200390.0
569500.25,4200390.0
569500.3,4200390.0
569500.4,4200390.0
569500.44,4200390.0
569500.5,4200390.0
569500.56,4200390.0
569500.6,4200390.0
569500.7,4200390.0
569500.75,4200390.5
569500.8,4200390.5
569500.9,4200390.5
569500.94,4200390.5
569501.0,4200390.5
569501.06,4200390.5
569501.1,4200390.5
569501.2,4200390.5
569501.25,4200390.5
569501.3,4200390.5
569501.4,4200391.0
569501.44,4200391.0
569501.5,4200391.0
569501.56,4200391.0
569501.6,4200391.0
569501.7,4200391.0
569501.75,4200391.0
569501.8,4200391.0
569501.9,4200391.0
569501.94,4200391.0
569502.0,4200391.5
569502.06,4200391.5
569502.1,4200391.5
569502.2,4200391.5
569502.25,4200391.5
569502.3,4200391.5
569502.4,4200391.5
569502.44,4200391.5
569502.5,4200391.5
569502.56,4200391.5
569502.6,4200391.5
569502.6,4200392.0
569502.7,4200392.0
569502.75,4200392.0
569502.8,4200392.0
569502.9,4200392.0
569502.94,4200392.0
569503.0,4200392.0
569503.06,4200392.0
569503.1,4200392.0
569503.2,4200392.0
569503.25,4200392.0
569503.3,4200392.5
569503.4,4200392.5
569503.44,4200392.5
569503.5,4200392.5
569503.56,4200392.5
569503.6,4200392.5
569503.7,4200392.5
569503.75,4200392.5
569503.8,4200392.5
569503.9,4200392.5
569503.94,4200393.0
569504.0,4200393.0
569504.06,4200393.0
569504.1,4200393.0
569504.2,4200393.0
569504.25,4200393.0
569504.3,4200393.0
569504.4,4200393.0
569504.44,4200393.0
569504.5,4200393.0
569504.56,4200393.5
569504.6,4200393.5
569504.7,4200393.5
569504.75,4200393.5
569504.8,4200393.5
569504.9,4200393.5
569504.94,4200393.5
569505.0,4200393.5
569505.06,4200393.5
569505.1,4200393.5
569505.2,4200394.0
569505.25,4200394.0
569505.3,4200394.0
569505.4,4200394.0
569505.44,4200394.0
569505.5,4200394.0
569505.56,4200394.0
569505.6,4200394.0
569505.7,4200394.0
569505.75,4200394.0
569505.8,4200394.0
569505.9,4200394.5
569505.94,4200394.5
569506.0,4200394.5
569506.06,4200394.5
569506.1,4200394.5
569506.2,4200394.5
569506.25,4200394.5
569506.3,4200394.5
569506.4,4200394.5
569506.44,4200394.5
569506.5,4200395.0
569506.56,4200395.0
569506.6,4200395.0
569506.7,4200395.0
569506.75,4200395.0
569506.8,4200395.0
569506.9,4200395.0
569506.94,4200395.0
569507.0,4200395.0
569507.06,4200395.0
569507.1,4200395.0
569507.2,4200395.5
569507.25,4200395.5
569507.3,4200395.5
569507.4,4200395.5
569507.44,4200395.5
569507.5,4200395.5
569507.56,4200395.5
569507.6,4200395.5
569507.7,4200395.5
569507.75,4200395.5
569507.8,4200395.5
569507.8,4200396.0
569507.9,4200396.0
569507.94,4200396.0
569508.0,4200396.0
569508.06,4200396.0
569508.1,4200396.0
569508.2,4200396.0
569508.25,4200396.0
569508.3,4200396.0
569508.4,4200396.0
569508.44,4200396.0
569508.5,4200396.5
569508.56,4200396.5
569508.6,4200396.5
569508.7,4200396.5
569508.75,4200396.5
569508.8,4200396.5
569508.9,4200396.5
569508.94,4200396.5
569509.0,4200396.5
569509.06,4200396.5
569509.1,4200397.0
569509.2,4200397.0
569509.25,4200397.0
569509.3,4200397.0
569509.4,4200397.0
569509.44,4200397.0
569509.5,4200397.0
569509.56,4200397.0
569509.6,4200397.0
569509.7,4200397.0
569509.75,4200397.0
569509.75,4200397.5
569509.8,4200397.5
569509.9,4200397.5
569509.94,4200397.5
569510.0,4200397.5
569510.06,4200397.5
569510.1,4200397.5
569510.2,4200397.5
569510.25,4200397.5
569510.3,4200397.5
569510.4,4200397.5
569510.44,4200398.0
569510.5,4200398.0
569510.56,4200398.0
569510.6,4200398.0
569510.7,4200398.0
569510.75,4200398.0
569510.8,4200398.0
569510.9,4200398.0
569510.94,4200398.0
569511.0,4200398.0
569511.06,4200398.5
569511.1,4200398.5
569511.2,4200398.5
569511.25,4200398.5
569511.3,4200398.5
569511.4,4200398.5
569511.44,4200398.5
569511.5,4200398.5
569511.56,4200398.5
569511.6,4200398.5
569511.7,4200398.5
569511.7,4200399.0
569511.75,4200399.0
569511.8,4200399.0
569511.9,4200399.0
569511.94,4200399.0
569512.0,4200399.0
569512.06,4200399.0
569512.1,4200399.0
569512.2,4200399.0
569512.25,4200399.0
569512.3,4200399.0
569512.4,4200399.5
569512.44,4200399.5
569512.5,4200399.5
569512.56,4200399.5
569512.6,4200399.5
569512.7,4200399.5
569512.75,4200399.5
569512.8,4200399.5
569512.9,4200399.5
569512.94,4200399.5
569513.0,4200400.0
569513.06,4200400.0
569513.1,4200400.0
569513.2,4200400.0
569513.25,4200400.0
569513.3,4200400.0
569513.4,4200400.0
569513.44,4200400.0
569513.5,4200400.0
569513.56,4200400.0
569513.6,4200400.0
569513.6,4200400.5
569513.7,4200400.5
569513.75,4200400.5
569513.8,4200400.5
569513.9,4200400.5
569513.94,4200400.5
569514.0,4200400.5
569514.06,4200400.5
569514.1,4200400.5
569514.2,4200400.5
569514.25,4200400.5
569514.3,4200401.0
569514.4,4200401.0
569514.44,4200401.0
569514.5,4200401.0
569514.56,4200401.0
569514.6,4200401.0
569514.7,4200401.0
569514.75,4200401.0
569514.8,4200401.0
569514.9,4200401.0
569514.94,4200401.0
569515.0,4200401.5
569515.06,4200401.5
569515.1,4200401.5
569515.2,4200401.5
569515.25,4200401.5
569515.3,4200401.5
569515.4,4200401.5
569515.44,4200401.5
569515.5,4200401.5
569515.56,4200401.5
569515.6,4200402.0
569515.7,4200402.0
569515.75,4200402.0
569515.8,4200402.0
569515.9,4200402.0
569515.94,4200402.0
569516.0,4200402.0
569516.06,4200402.0
569516.1,4200402.0
569516.2,4200402.0
569516.25,4200402.5
569516.3,4200402.5
569516.4,4200402.5
569516.44,4200402.5
569516.5,4200402.5
569516.56,4200402.5
569516.6,4200402.5
569516.7,4200402.5
569516.75,4200402.5
569516.8,4200402.5
569516.9,4200402.5
569516.94,4200403.0
569517.0,4200403.0
569517.06,4200403.0
569517.1,4200403.0
569517.2,4200403.0
569517.25,4200403.0
569517.3,4200403.0
569517.4,4200403.0
569517.44,4200403.0
569517.5,4200403.0
569517.56,4200403.5
569517.6,4200403.5
569517.7,4200403.5
569517.75,4200403.5
569517.8,4200403.5
569517.9,4200403.5
569517.94,4200403.5
569518.0,4200403.5
569518.06,4200403.5
569518.1,4200403.5
569518.2,4200403.5
569518.25,4200404.0
569518.3,4200404.0
569518.4,4200404.0
569518.44,4200404.0
569518.5,4200404.0
569518.56,4200404.0
569518.6,4200404.0
569518.7,4200404.0
569518.75,4200404.0
569518.8,4200404.0
569518.9,4200404.0
569518.94,4200404.5
569519.0,4200404.5
569519.06,4200404.5
569519.1,4200404.5
569519.2,4200404.5
569519.25,4200404.5
569519.3,4200404.5
569519.4,4200404.5
569519.44,4200404.5
569519.5,4200404.5
569519.5,4200405.0
569519.56,4200405.0
569519.6,4200405.0
569519.7,4200405.0
569519.75,4200405.0
569519.8,4200405.0
569519.9,4200405.0
569519.94,4200405.0
569520.0,4200405.0
569520.06,4200405.0
569520.1,4200405.0
569520.2,4200405.5
569520.25,4200405.5
569520.3,4200405.5
569520.4,4200405.5
569520.44,4200405.5
569520.5,4200405.5
569520.56,4200405.5
569520.6,4200405.5
569520.7,4200405.5
569520.75,4200405.5
569520.8,4200406.0
569520.9,4200406.0
569520.94,4200406.0
569521.0,4200406.0
569521.06,4200406.0
569521.1,4200406.0
569521.2,4200406.0
569521.25,4200406.0
569521.3,4200406.0
569521.4,4200406.0
569521.44,4200406.0
569521.5,4200406.5
569521.56,4200406.5
569521.6,4200406.5
569521.7,4200406.5
569521.75,4200406.5
569521.8,4200406.5
569521.9,4200406.5
569521.94,4200406.5
569522.0,4200406.5
569522.06,4200406.5
569522.1,4200406.5
569522.2,4200407.0
569522.25,4200407.0
569522.3,4200407.0
569522.4,4200407.0
569522.44,4200407.0
569522.5,4200407.0
569522.56,4200407.0
569522.6,4200407.0
569522.7,4200407.0
569522.75,4200407.0
569522.8,4200407.5
569522.9,4200407.5
569522.94,4200407.5
569523.0,4200407.5
569523.06,4200407.5
569523.1,4200407.5
569523.2,4200407.5
569523.25,4200407.5
569523.3,4200407.5
569523.4,4200407.5
569523.44,4200408.0
569523.5,4200408.0
569523.56,4200408.0
569523.6,4200408.0
569523.7,4200408.0
569523.75,4200408.0
569523.8,4200408.0
569523.9,4200408.0
569523.94,4200408.0
569524.0,4200408.0
569524.06,4200408.0
569524.1,4200408.5
569524.2,4200408.5
569524.25,4200408.5
569524.3,4200408.5
569524.4,4200408.5
569524.44,4200408.5
569524.5,4200408.5
569524.56,4200408.5
569524.6,4200408.5
569524.7,4200408.5
569524.75,4200409.0
569524.8,4200409.0
569524.9,4200409.0
569524.94,4200409.0
569525.0,4200409.0
569525.06,4200409.0
569525.1,4200409.0
569525.2,4200409.0
569525.25,4200409.0
569525.3,4200409.0
569525.4,4200409.0
569525.44,4200409.5
569525.5,4200409.5
569525.56,4200409.5
569525.6,4200409.5
569525.7,4200409.5
569525.75,4200409.5
569525.8,4200409.5
569525.9,4200409.5
569525.94,4200409.5
569526.0,4200409.5
569526.06,4200410.0
569526.1,4200410.0
569526.2,4200410.0
569526.25,4200410.0
569526.3,4200410.0
569526.4,4200410.0
569526.44,4200410.0
569526.5,4200410.0
569526.56,4200410.0
569526.6,4200410.0
569526.7,4200410.5
569526.75,4200410.5
569526.8,4200410.5
569526.9,4200410.5
569526.94,4200410.5
569527.0,4200410.5
569527.06,4200410.5
569527.1,4200410.5
569527.2,4200410.5
569527.25,4200410.5
569527.3,4200410.5
569527.4,4200411.0
569527.44,4200411.0
569527.5,4200411.0
569527.56,4200411.0
569527.6,4200411.0
569527.7,4200411.0
569527.75,4200411.0
569527.8,4200411.0
569527.9,4200411.0
569527.94,4200411.0
569528.0,4200411.5
569528.06,4200411.5
569528.1,4200411.5
569528.2,4200411.5
569528.25,4200411.5
569528.3,4200411.5
569528.4,4200411.5
569528.44,4200411.5
569528.5,4200411.5
569528.56,4200411.5
569528.6,4200412.0
569528.7,4200412.0
569528.75,4200412.0
569528.8,4200412.0
569528.9,4200412.0
569528.94,4200412.0
569529.0,4200412.0
569529.06,4200412.0
569529.1,4200412.0
569529.2,4200412.0
569529.25,4200412.0
569529.3,4200412.5
569529.4,4200412.5
569529.44,4200412.5
569529.5,4200412.5
569529.56,4200412.5
569529.6,4200412.5
569529.7,4200412.5
569529.75,4200412.5
569529.8,4200412.5
569529.9,4200412.5
569529.94,4200413.0
569530.0,4200413.0
569530.06,4200413.0
569530.1,4200413.0
569530.2,4200413.0
569530.25,4200413.0
569530.3,4200413.0
569530.4,4200413.0
569530.44,4200413.0
569530.5,4200413.0
569530.56,4200413.5
569530.6,4200413.5
569530.7,4200413.5
569530.75,4200413.5
569530.8,4200413.5
569530.9,4200413.5
569530.94,4200413.5
569531.0,4200413.5
569531.06,4200413.5
569531.1,4200413.5
569531.2,4200413.5
569531.2,4200414.0
569531.25,4200414.0
569531.3,4200414.0
569531.4,4200414.0
569531.44,4200414.0
569531.5,4200414.0
569531.56,4200414.0
569531.6,4200414.0
569531.7,4200414.0
569531.75,4200414.0
569531.8,4200414.0
569531.8,4200414.5
569531.9,4200414.5
569531.94,4200414.5
569532.0,4200414.5
569532.06,4200414.5
569532.1,4200414.5
569532.2,4200414.5
569532.25,4200414.5
569532.3,4200414.5
569532.4,4200414.5
569532.44,4200414.5
569532.44,4200415.0
569532.5,4200415.0
569532.56,4200415.0
569532.6,4200415.0
569532.7,4200415.0
569532.75,4200415.0
569532.8,4200415.0
569532.9,4200415.0
569532.94,4200415.0
569533.0,4200415.0
569533.06,4200415.0
569533.06,4200415.5
569533.1,4200415.5
569533.2,4200415.5
569533.25,4200415.5
569533.3,4200415.5
569533.4,4200415.5
569533.44,4200415.5
569533.5,4200415.5
569533.56,4200415.5
569533.6,4200415.5
569533.7,4200415.5
569533.75,4200416.0
569533.8,4200416.0
569533.9,4200416.0
569533.94,4200416.0
569534.0,4200416.0
569534.06,4200416.0
569534.1,4200416.0
569534.2,4200416.0
569534.25,4200416.0
569534.3,4200416.0
569534.4,4200416.5
569534.44,4200416.5
569534.5,4200416.5
569534.56,4200416.5
569534.6,4200416.5
569534.7,4200416.5
569534.75,4200416.5
569534.8,4200416.5
569534.9,4200416.5
569534.94,4200416.5
569535.0,4200417.0
569535.06,4200417.0
569535.1,4200417.0
569535.2,4200417.0
569535.25,4200417.0
569535.3,4200417.0
569535.4,4200417.0
569535.44,4200417.0
569535.5,4200417.0
569535.56,4200417.0
569535.6,4200417.0
569535.7,4200417.5
569535.75,4200417.5
569535.8,4200417.5
569535.9,4200417.5
569535.94,4200417.5
569536.0,4200417.5
569536.06,4200417.5
569536.1,4200417.5
569536.2,4200417.5
569536.25,4200417.5
569536.3,4200418.0
569536.4,4200418.0
569536.44,4200418.0
569536.5,4200418.0
569536.56,4200418.0
569536.6,4200418.0
569536.7,4200418.0
569536.75,4200418.0
569536.8,4200418.0
569536.9,4200418.0
569536.94,4200418.5
569537.0,4200418.5
569537.06,4200418.5
569537.1,4200418.5
569537.2,4200418.5
569537.5,4200418.5
569537.56,4200419.0
569537.6,4200419.0
569537.7,4200419.0
569537.75,4200419.0
569537.8,4200419.0
569537.9,4200419.0
569537.94,4200419.0
569538.0,4200419.0
569538.06,4200419.0
569538.1,4200419.0
569538.2,4200419.0
569538.2,4200419.5
569538.25,4200419.5
569538.3,4200419.5
569538.4,4200419.5
569538.44,4200419.5
569538.5,4200419.5
569538.56,4200419.5
569538.6,4200419.5
569538.7,4200419.5
569538.75,4200419.5
569538.8,4200420.0
569538.9,4200420.0
569538.94,4200420.0
569539.0,4200420.0
569539.06,4200420.0
569539.1,4200420.0
569539.2,4200420.0
569539.25,4200420.0
569539.3,4200420.0
569539.4,4200420.0
569539.44,4200420.5
569539.5,4200420.5
569539.56,4200420.5
569539.6,4200420.5
569539.7,4200420.5
569539.75,4200420.5
569539.8,4200420.5
569539.9,4200420.5
569539.94,4200420.5
569540.0,4200420.5
569540.06,4200421.0
569540.1,4200421.0
569540.2,4200421.0
569540.25,4200421.0
569540.3,4200421.0
569540.4,4200421.0
569540.44,4200421.0
569540.5,4200421.0
569540.56,4200421.0
569540.6,4200421.0
569540.7,4200421.5
569540.75,4200421.5
569540.8,4200421.5
569540.9,4200421.5
569540.94,4200421.5
569541.0,4200421.5
569541.06,4200421.5
569541.1,4200421.5
569541.2,4200421.5
569541.25,4200421.5
569541.3,4200422.0
569541.4,4200422.0
569541.44,4200422.0
569541.5,4200422.0
569541.56,4200422.0
569541.6,4200422.0
569541.7,4200422.0
569541.75,4200422.0
569541.8,4200422.0
569541.9,4200422.5
569541.94,4200422.5
569542.0,4200422.5
569542.06,4200422.5
569542.1,4200422.5
569542.2,4200422.5
569542.25,4200422.5
569542.3,4200422.5
569542.4,4200422.5
569542.44,4200422.5
569542.5,4200423.0
569542.56,4200423.0
569542.6,4200423.0
569542.7,4200423.0
569542.75,4200423.0
569542.8,4200423.0
569542.9,4200423.0
569542.94,4200423.0
569543.0,4200423.0
569543.06,4200423.0
569543.1,4200423.5
569543.2,4200423.5
569543.25,4200423.5
569543.3,4200423.5
569543.4,4200423.5
569543.44,4200423.5
569543.5,4200423.5
569543.56,4200423.5
569543.6,4200423.5
569543.7,4200423.5
569543.75,4200423.5
569543.75,4200424.0
569543.8,4200424.0
569543.9,4200424.0
569543.94,4200424.0
569544.0,4200424.0
569544.06,4200424.0
569544.1,4200424.0
569544.2,4200424.0
569544.25,4200424.0
569544.3,4200424.0
569544.4,4200424.5
569544.44,4200424.5
569544.5,4200424.5
569544.56,4200424.5
569544.6,4200424.5
569544.7,4200424.5
569544.75,4200424.5
569544.8,4200424.5
569544.9,4200424.5
569544.94,4200424.5
569545.0,4200425.0
569545.06,4200425.0
569545.1,4200425.0
569545.2,4200425.0
569545.25,4200425.0
569545.3,4200425.0
569545.4,4200425.0
569545.44,4200425.0
569545.5,4200425.0
569545.56,4200425.0
569545.6,4200425.5
569545.7,4200425.5
569545.75,4200425.5
569545.8,4200425.5
569545.9,4200425.5
569545.94,4200425.5
569546.0,4200425.5
569546.06,4200425.5
569546.1,4200425.5
569546.2,4200425.5
569546.25,4200426.0
569546.3,4200426.0
569546.4,4200426.0
569546.44,4200426.0
569546.5,4200426.0
569546.56,4200426.0
569546.6,4200426.0
569546.7,4200426.0
569546.75,4200426.0
569546.8,4200426.0
569546.9,4200426.5
569546.94,4200426.5
569547.0,4200426.5
569547.06,4200426.5
569547.1,4200426.5
569547.2,4200426.5
569547.25,4200426.5
569547.3,4200426.5
569547.4,4200426.5
569547.44,4200427.0
569547.5,4200427.0
569547.56,4200427.0
569547.6,4200427.0
569547.7,4200427.0
569547.75,4200427.0
569547.8,4200427.0
569547.9,4200427.0
569547.94,4200427.0
569548.0,4200427.0
569548.06,4200427.5
569548.1,4200427.5
569548.2,4200427.5
569548.25,4200427.5
569548.3,4200427.5
569548.4,4200427.5
569548.44,4200427.5
569548.5,4200427.5
569548.56,4200427.5
569548.6,4200427.5
569548.7,4200428.0
569548.75,4200428.0
569548.8,4200428.0
569548.9,4200428.0
569548.94,4200428.0
569549.0,4200428.0
569549.06,4200428.0
569549.1,4200428.0
569549.2,4200428.0
569549.25,4200428.0
569549.3,4200428.5
569549.4,4200428.5
569549.44,4200428.5
569549.5,4200428.5
569549.56,4200428.5
569549.6,4200428.5
569549.7,4200428.5
569549.75,4200428.5
569549.8,4200428.5
569549.9,4200428.5
569549.94,4200429.0
569550.0,4200429.0
569550.06,4200429.0
569550.1,4200429.0
569550.2,4200429.0
569550.25,4200429.0
569550.3,4200429.0
569550.4,4200429.0
569550.44,4200429.0
569550.5,4200429.5
569550.56,4200429.5
569550.6,4200429.5
569550.7,4200429.5
569550.75,4200429.5
569550.8,4200429.5
569550.9,4200429.5
569550.94,4200429.5
569551.0,4200429.5
569551.06,4200429.5
569551.1,4200430.0
569551.2,4200430.0
569551.25,4200430.0
569551.3,4200430.0
569551.4,4200430.0
569551.44,4200430.0
569551.5,4200430.0
569551.56,4200430.0
569551.6,4200430.0
569551.7,4200430.0
569551.75,4200430.5
569551.8,4200430.5
569551.9,4200430.5
569551.94,4200430.5
569552.0,4200430.5
569552.06,4200430.5
569552.1,4200430.5
569552.2,4200430.5
569552.25,4200430.5
569552.3,4200430.5
569552.4,4200431.0
569552.44,4200431.0
569552.5,4200431.0
569552.56,4200431.0
569552.6,4200431.0
569552.7,4200431.0
569552.75,4200431.0
569552.8,4200431.0
569552.9,4200431.0
569552.94,4200431.0
569552.94,4200431.5
569553.0,4200431.5
569553.06,4200431.5
569553.1,4200431.5
569553.2,4200431.5
569553.25,4200431.5
569553.3,4200431.5
569553.4,4200431.5
569553.44,4200431.5
569553.5,4200432.0
569553.56,4200432.0
569553.6,4200432.0
569553.7,4200432.0
569553.75,4200432.0
569553.8,4200432.0
569553.9,4200432.0
569553.94,4200432.0
569554.0,4200432.0
569554.06,4200432.0
569554.1,4200432.5
569554.2,4200432.5
569554.25,4200432.5
569554.3,4200432.5
569554.4,4200432.5
569554.44,4200432.5
569554.5,4200432.5
569554.56,4200432.5
569554.6,4200432.5
569554.7,4200432.5
569554.75,4200433.0
569554.8,4200433.0
569554.9,4200433.0
569554.94,4200433.0
569555.0,4200433.0
569555.06,4200433.0
569555.1,4200433.0
569555.2,4200433.0
569555.25,4200433.0
569555.3,4200433.0
569555.4,4200433.5
569555.44,4200433.5
569555.5,4200433.5
569555.56,4200433.5
569555.6,4200433.5
569555.7,4200433.5
569555.75,4200433.5
569555.8,4200433.5
569555.9,4200433.5
569555.94,4200434.0
569556.0,4200434.0
569556.06,4200434.0
569556.1,4200434.0
569556.2,4200434.0
569556.25,4200434.0
569556.3,4200434.0
569556.4,4200434.0
569556.44,4200434.0
569556.5,4200434.0
569556.56,4200434.5
569556.6,4200434.5
569556.7,4200434.5
569556.75,4200434.5
569556.8,4200434.5
569556.9,4200434.5
569556.94,4200434.5
569557.0,4200434.5
569557.06,4200434.5
569557.1,4200434.5
569557.2,4200435.0
569557.25,4200435.0
569557.3,4200435.0
569557.4,4200435.0
569557.44,4200435.0
569557.5,4200435.0
569557.56,4200435.0
569557.6,4200435.0
569557.7,4200435.0
569557.75,4200435.0
569557.8,4200435.5
569557.9,4200435.5
569557.94,4200435.5
569558.0,4200435.5
569558.06,4200435.5
569558.1,4200435.5
569558.2,4200435.5
569558.25,4200435.5
569558.3,4200435.5
569558.4,4200435.5
569558.4,4200436.0
569558.44,4200436.0
569558.5,4200436.0
569558.56,4200436.0
569558.6,4200436.0
569558.7,4200436.0
569558.75,4200436.0
569558.8,4200436.0
569558.9,4200436.0
569558.94,4200436.0
569559.0,4200436.5
569559.06,4200436.5
569559.1,4200436.5
569559.2,4200436.5
569559.25,4200436.5
569559.3,4200436.5
569559.4,4200436.5
569559.44,4200436.5
569559.5,4200436.5
569559.56,4200437.0
569559.6,4200437.0
569559.7,4200437.0
569559.75,4200437.0
569559.8,4200437.0
569559.9,4200437.0
569559.94,4200437.0
569560.0,4200437.0
569560.06,4200437.0
569560.1,4200437.0
569560.2,4200437.5
569560.25,4200437.5
569560.3,4200437.5
569560.4,4200437.5
569560.44,4200437.5
569560.5,4200437.5
569560.56,4200437.5
569560.6,4200437.5
569560.7,4200437.5
569560.75,4200437.5
569560.8,4200438.0
569560.9,4200438.0
569560.94,4200438.0
569561.0,4200438.0
569561.06,4200438.0
569561.1,4200438.0
569561.2,4200438.0
569561.25,4200438.0
569561.3,4200438.0
569561.4,4200438.5
569561.44,4200438.5
569561.5,4200438.5
569561.56,4200438.5
569561.6,4200438.5
569561.7,4200438.5
569561.75,4200438.5
569561.8,4200438.5
569561.9,4200438.5
569561.94,4200438.5
569562.0,4200439.0
569562.06,4200439.0
569562.1,4200439.0
569562.2,4200439.0
569562.25,4200439.0
569562.3,4200439.0
569562.4,4200439.0
569562.44,4200439.0
569562.5,4200439.0
569562.56,4200439.5
569562.6,4200439.5
569562.7,4200439.5
569562.75,4200439.5
569562.8,4200439.5
569562.9,4200439.5
569562.94,4200439.5
569563.0,4200439.5
569563.06,4200439.5
569563.1,4200439.5
569563.2,4200440.0
569563.25,4200440.0
569563.3,4200440.0
569563.4,4200440.0
569563.44,4200440.0
569563.5,4200440.0
569563.56,4200440.0
569563.6,4200440.0
569563.7,4200440.0
569563.75,4200440.0
569563.8,4200440.5
569563.9,4200440.5
569563.94,4200440.5
569564.0,4200440.5
569564.06,4200440.5
569564.1,4200440.5
569564.2,4200440.5
569564.25,4200440.5
569564.3,4200440.5
569564.4,4200441.0
569564.44,4200441.0
569564.5,4200441.0
569564.56,4200441.0
569564.6,4200441.0
569564.7,4200441.0
569564.75,4200441.0
569564.8,4200441.0
569564.9,4200441.0
569564.94,4200441.0
569565.0,4200441.5
569565.06,4200441.5
569565.1,4200441.5
569565.2,4200441.5
569565.25,4200441.5
569565.3,4200441.5
569565.4,4200441.5
569565.44,4200441.5
569565.5,4200441.5
569565.56,4200442.0
569565.6,4200442.0
569565.7,4200442.0
569565.75,4200442.0
569565.8,4200442.0
569565.9,4200442.0
569565.94,4200442.0
569566.0,4200442.0
569566.06,4200442.0
569566.1,4200442.0
569566.2,4200442.5
569566.25,4200442.5
569566.3,4200442.5
569566.4,4200442.5
569566.44,4200442.5
569566.5,4200442.5
569566.56,4200442.5
569566.6,4200442.5
569566.7,4200442.5
569566.75,4200442.5
569566.8,4200443.0
569566.9,4200443.0
569566.94,4200443.0
569567.0,4200443.0
569567.06,4200443.0
569567.1,4200443.0
569567.2,4200443.0
569567.25,4200443.0
569567.3,4200443.0
569567.4,4200443.5
569567.44,4200443.5
569567.5,4200443.5
569567.56,4200443.5
569567.6,4200443.5
569567.7,4200443.5
569567.75,4200443.5
569567.8,4200443.5
569567.9,4200443.5
569567.94,4200443.5
569567.94,4200444.0
569568.0,4200444.0
569568.06,4200444.0
569568.1,4200444.0
569568.2,4200444.0
569568.25,4200444.0
569568.3,4200444.0
569568.4,4200444.0
569568.44,4200444.0
569568.5,4200444.0
569568.5,4200444.5
569568.56,4200444.5
569568.6,4200444.5
569568.7,4200444.5
569568.75,4200444.5
569568.8,4200444.5
569568.9,4200444.5
569568.94,4200444.5
569569.0,4200444.5
569569.06,4200444.5
569569.1,4200445.0
569569.2,4200445.0
569569.25,4200445.0
569569.3,4200445.0
569569.4,4200445.0
569569.44,4200445.0
569569.5,4200445.0
569569.56,4200445.0
569569.6,4200445.0
569569.7,4200445.0
569569.75,4200445.5
569569.8,4200445.5
569569.9,4200445.5
569569.94,4200445.5
569570.0,4200445.5
569570.06,4200445.5
569570.1,4200445.5
569570.2,4200445.5
569570.25,4200445.5
569570.3,4200445.5
569570.3,4200446.0
569570.4,4200446.0
569570.44,4200446.0
569570.5,4200446.0
569570.56,4200446.0
569570.6,4200446.0
569570.7,4200446.0
569570.75,4200446.0
569570.8,4200446.0
569570.9,4200446.0
569570.94,4200446.5
569571.0,4200446.5
569571.06,4200446.5
569571.1,4200446.5
569571.2,4200446.5
569571.25,4200446.5
569571.3,4200446.5
569571.4,4200446.5
569571.44,4200446.5
569571.5,4200447.0
569571.56,4200447.0
569571.6,4200447.0
569571.7,4200447.0
569571.75,4200447.0
569571.8,4200447.0
569571.9,4200447.0
569571.94,4200447.0
569572.0,4200447.0
569572.06,4200447.5
569572.1,4200447.5
569572.2,4200447.5
569572.25,4200447.5
569572.3,4200447.5
569572.4,4200447.5
569572.44,4200447.5
569572.5,4200447.5
569572.56,4200447.5
569572.6,4200447.5
569572.7,4200448.0
569572.75,4200448.0
569572.8,4200448.0
569572.9,4200448.0
569572.94,4200448.0
569573.0,4200448.0
569573.06,4200448.0
569573.1,4200448.0
569573.2,4200448.0
569573.25,4200448.0
569573.25,4200448.5
569573.3,4200448.5
569573.4,4200448.5
569573.44,4200448.5
569573.5,4200448.5
569573.56,4200448.5
569573.6,4200448.5
569573.7,4200448.5
569573.75,4200448.5
569573.8,4200448.5
569573.9,4200449.0
569573.94,4200449.0
569574.0,4200449.0
569574.06,4200449.0
569574.1,4200449.0
569574.2,4200449.0
569574.25,4200449.0
569574.3,4200449.0
569574.4,4200449.0
569574.44,4200449.5
569574.5,4200449.5
569574.56,4200449.5
569574.6,4200449.5
569574.7,4200449.5
569574.75,4200449.5
569574.8,4200449.5
569574.9,4200449.5
569574.94,4200449.5
569575.0,4200450.0
569575.06,4200450.0
569575.1,4200450.0
569575.2,4200450.0
569575.25,4200450.0
569575.3,4200450.0
569575.4,4200450.0
569575.44,4200450.0
569575.5,4200450.0
569575.56,4200450.0
569575.6,4200450.5
569575.7,4200450.5
569575.75,4200450.5
569575.8,4200450.5
569575.9,4200450.5
569575.94,4200450.5
569576.0,4200450.5
569576.06,4200450.5
569576.1,4200450.5
569576.2,4200450.5
569576.2,4200451.0
569576.25,4200451.0
569576.3,4200451.0
569576.4,4200451.0
569576.44,4200451.0
569576.5,4200451.0
569576.56,4200451.0
569576.6,4200451.0
569576.7,4200451.0
569576.75,4200451.0
569576.8,4200451.5
569576.9,4200451.5
569576.94,4200451.5
569577.0,4200451.5
569577.06,4200451.5
569577.1,4200451.5
569577.2,4200451.5
569577.25,4200451.5
569577.3,4200451.5
569577.4,4200452.0
569577.44,4200452.0
569577.5,4200452.0
569577.56,4200452.0
569577.6,4200452.0
569577.7,4200452.0
569577.75,4200452.0
569577.8,4200452.0
569577.9,4200452.0
569577.94,4200452.5
569578.0,4200452.5
569578.06,4200452.5
569578.1,4200452.5
569578.2,4200452.5
569578.25,4200452.5
569578.3,4200452.5
569578.4,4200452.5
569578.44,4200452.5
569578.5,4200453.0
569578.56,4200453.0
569578.6,4200453.0
569578.7,4200453.0
569578.75,4200453.0
569578.8,4200453.0
569578.9,4200453.0
569578.94,4200453.0
569579.0,4200453.0
569579.06,4200453.0
569579.1,4200453.0
569579.1,4200453.5
569579.2,4200453.5
569579.25,4200453.5
569579.3,4200453.5
569579.4,4200453.5
569579.44,4200453.5
569579.5,4200453.5
569579.56,4200453.5
569579.6,4200453.5
569579.7,4200453.5
569579.75,4200454.0
569579.8,4200454.0
569579.9,4200454.0
569579.94,4200454.0
569580.0,4200454.0
569580.06,4200454.0
569580.1,4200454.0
569580.2,4200454.0
569580.25,4200454.0
569580.3,4200454.5
569580.4,4200454.5
569580.44,4200454.5
569580.5,4200454.5
569580.56,4200454.5
569580.6,4200454.5
569580.7,4200454.5
569580.75,4200454.5
569580.8,4200454.5
569580.9,4200455.0
569580.94,4200455.0
569581.0,4200455.0
569581.06,4200455.0
569581.1,4200455.0
569581.2,4200455.0
569581.25,4200455.0
569581.3,4200455.0
569581.4,4200455.0
569581.44,4200455.5
569581.5,4200455.5
569581.56,4200455.5
569581.6,4200455.5
569581.7,4200455.5
569581.75,4200455.5
569581.8,4200455.5
569581.9,4200455.5
569581.94,4200455.5
569582.0,4200455.5
569582.06,4200456.0
569582.1,4200456.0
569582.2,4200456.0
569582.25,4200456.0
569582.3,4200456.0
569582.4,4200456.0
569582.44,4200456.0
569582.5,4200456.0
569582.56,4200456.0
569582.6,4200456.5
569582.7,4200456.5
569582.75,4200456.5
569582.8,4200456.5
569582.9,4200456.5
569582.94,4200456.5
569583.0,4200456.5
569583.06,4200456.5
569583.1,4200456.5
569583.2,4200456.5
569583.25,4200457.0
569583.3,4200457.0
569583.4,4200457.0
569583.44,4200457.0
569583.5,4200457.0
569583.56,4200457.0
569583.6,4200457.0
569583.7,4200457.0
569583.75,4200457.0
569583.8,4200457.5
569583.9,4200457.5
569583.94,4200457.5
569584.0,4200457.5
569584.06,4200457.5
569584.1,4200457.5
569584.2,4200457.5
569584.25,4200457.5
569584.3,4200457.5
569584.4,4200457.5
569584.44,4200458.0
569584.5,4200458.0
569584.56,4200458.0
569584.6,4200458.0
569584.7,4200458.0
569584.75,4200458.0
569584.8,4200458.0
569584.9,4200458.0
569584.94,4200458.0
569585.0,4200458.5
569585.06,4200458.5
569585.1,4200458.5
569585.2,4200458.5
569585.25,4200458.5
569585.3,4200458.5
569585.4,4200458.5
569585.44,4200458.5
569585.5,4200458.5
569585.56,4200458.5
569585.6,4200459.0
569585.7,4200459.0
569585.75,4200459.0
569585.8,4200459.0
569585.9,4200459.0
569585.94,4200459.0
569586.0,4200459.0
569586.06,4200459.0
569586.1,4200459.0
569586.2,4200459.5
569586.25,4200459.5
569586.3,4200459.5
569586.4,4200459.5
569586.44,4200459.5
569586.5,4200459.5
569586.56,4200459.5
569586.6,4200459.5
569586.7,4200459.5
569586.75,4200459.5
569586.8,4200460.0
569586.9,4200460.0
569586.94,4200460.0
569587.0,4200460.0
569587.06,4200460.0
569587.1,4200460.0
569587.2,4200460.0
569587.25,4200460.0
569587.3,4200460.0
569587.4,4200460.5
569587.44,4200460.5
569587.5,4200460.5
569587.56,4200460.5
569587.6,4200460.5
569587.7,4200460.5
569587.75,4200460.5
569587.8,4200460.5
569587.9,4200460.5
569587.9,4200461.0
569587.94,4200461.0
569588.0,4200461.0
569588.06,4200461.0
569588.1,4200461.0
569588.2,4200461.0
569588.25,4200461.0
569588.3,4200461.0
569588.4,4200461.0
569588.44,4200461.0
569588.5,4200461.5
569588.56,4200461.5
569588.6,4200461.5
569588.7,4200461.5
569588.75,4200461.5
569588.8,4200461.5
569588.9,4200461.5
569588.94,4200461.5
569589.0,4200461.5
569589.06,4200462.0
569589.1,4200462.0
569589.2,4200462.0
569589.25,4200462.0
569589.3,4200462.0
569589.4,4200462.0
569589.44,4200462.0
569589.5,4200462.0
569589.56,4200462.0
569589.6,4200462.0
569589.7,4200462.5
569589.75,4200462.5
569589.8,4200462.5
569589.9,4200462.5
569589.94,4200462.5
569590.0,4200462.5
569590.06,4200462.5
569590.1,4200462.5
569590.2,4200462.5
569590.25,4200463.0
569590.3,4200463.0
569590.4,4200463.0
569590.44,4200463.0
569590.5,4200463.0
569590.56,4200463.0
569590.6,4200463.0
569590.7,4200463.0
569590.75,4200463.0
569590.8,4200463.0
569590.9,4200463.5
569590.94,4200463.5
569591.0,4200463.5
569591.06,4200463.5
569591.1,4200463.5
569591.2,4200463.5
569591.25,4200463.5
569591.3,4200463.5
569591.4,4200463.5
569591.44,4200464.0
569591.5,4200464.0
569591.56,4200464.0
569591.6,4200464.0
569591.7,4200464.0
569591.75,4200464.0
569591.8,4200464.0
569591.9,4200464.0
569591.94,4200464.0
569592.0,4200464.0
569592.06,4200464.5
569592.1,4200464.5
569592.2,4200464.5
569592.25,4200464.5
569592.3,4200464.5
569592.4,4200464.5
569592.44,4200464.5
569592.5,4200464.5
569592.56,4200464.5
569592.6,4200465.0
569592.7,4200465.0
569592.75,4200465.0
569592.8,4200465.0
569592.9,4200465.0
569592.94,4200465.0
569593.0,4200465.0
569593.06,4200465.0
569593.1,4200465.0
569593.2,4200465.0
569593.25,4200465.5
569593.3,4200465.5
569593.4,4200465.5
569593.44,4200465.5
569593.5,4200465.5
569593.56,4200465.5
569593.6,4200465.5
569593.7,4200465.5
569593.75,4200466.0
569593.8,4200466.0
569593.9,4200466.0
569593.94,4200466.0
569594.0,4200466.0
569594.06,4200466.0
569594.1,4200466.0
569594.2,4200466.0
569594.25,4200466.0
569594.3,4200466.0
569594.4,4200466.5
569594.44,4200466.5
569594.5,4200466.5
569594.56,4200466.5
569594.6,4200466.5
569594.7,4200466.5
569594.75,4200466.5
569594.8,4200466.5
569594.9,4200466.5
569594.94,4200466.5
569595.0,4200467.0
569595.06,4200467.0
569595.1,4200467.0
569595.2,4200467.0
569595.25,4200467.0
569595.3,4200467.0
569595.4,4200467.0
569595.44,4200467.0
569595.5,4200467.0
569595.56,4200467.5
569595.6,4200467.5
569595.7,4200467.5
569595.75,4200467.5
569595.8,4200467.5
569595.9,4200467.5
569595.94,4200467.5
569596.0,4200467.5
569596.06,4200467.5
569596.1,4200468.0
569596.2,4200468.0
569596.25,4200468.0
569596.3,4200468.0
569596.4,4200468.0
569596.44,4200468.0
569596.5,4200468.0
569596.56,4200468.0
569596.6,4200468.0
569596.7,4200468.0
569596.75,4200468.5
569596.8,4200468.5
569596.9,4200468.5
569596.94,4200468.5
569597.0,4200468.5
569597.06,4200468.5
569597.1,4200468.5
569597.2,4200468.5
569597.25,4200468.5
569597.3,4200469.0
569597.4,4200469.0
569597.44,4200469.0
569597.5,4200469.0
569597.56,4200469.0
569597.6,4200469.0
569597.7,4200469.0
569597.75,4200469.0
569597.8,4200469.0
569597.9,4200469.0
569597.94,4200469.5
569598.0,4200469.5
569598.06,4200469.5
569598.1,4200469.5
569598.2,4200469.5
569598.25,4200469.5
569598.3,4200469.5
569598.4,4200469.5
569598.44,4200469.5
569598.5,4200470.0
569598.56,4200470.0
569598.6,4200470.0
569598.7,4200470.0
569598.75,4200470.0
569598.8,4200470.0
569598.9,4200470.0
569598.94,4200470.0
569599.0,4200470.0
569599.06,4200470.5
569599.1,4200470.5
569599.2,4200470.5
569599.25,4200470.5
569599.3,4200470.5
569599.4,4200470.5
569599.44,4200470.5
569599.5,4200470.5
569599.56,4200470.5
569599.6,4200470.5
569599.7,4200471.0
569599.75,4200471.0
569599.8,4200471.0
569599.9,4200471.0
569599.94,4200471.0
569600.0,4200471.0
569600.06,4200471.0
569600.1,4200471.0
569600.2,4200471.0
569600.25,4200471.0
569600.3,4200471.5
569600.4,4200471.5
569600.44,4200471.5
569600.5,4200471.5
569600.56,4200471.5
569600.6,4200471.5
569600.7,4200471.5
569600.75,4200471.5
569600.8,4200472.0
569600.9,4200472.0
569600.94,4200472.0
569601.0,4200472.0
569601.06,4200472.0
569601.1,4200472.0
569601.2,4200472.0
569601.25,4200472.0
569601.3,4200472.0
569601.4,4200472.0
569601.44,4200472.5
569601.5,4200472.5
569601.56,4200472.5
569601.6,4200472.5
569601.7,4200472.5
569601.75,4200472.5
569601.8,4200472.5
569601.9,4200472.5
569601.94,4200472.5
569602.0,4200473.0
569602.06,4200473.0
569602.1,4200473.0
569602.2,4200473.0
569602.25,4200473.0
569602.3,4200473.0
569602.4,4200473.0
569602.44,4200473.0
569602.5,4200473.0
569602.56,4200473.0
569602.6,4200473.5
569602.7,4200473.5
569602.75,4200473.5
569602.8,4200473.5
569602.9,4200473.5
569602.94,4200473.5
569603.0,4200473.5
569603.06,4200473.5
569603.1,4200473.5
569603.2,4200474.0
569603.25,4200474.0
569603.3,4200474.0
569603.4,4200474.0
569603.44,4200474.0
569603.5,4200474.0
569603.56,4200474.0
569603.6,4200474.0
569603.7,4200474.0
569603.75,4200474.0
569603.75,4200474.5
569603.8,4200474.5
569603.9,4200474.5
569603.94,4200474.5
569604.0,4200474.5
569604.06,4200474.5
569604.1,4200474.5
569604.2,4200474.5
569604.25,4200474.5
569604.3,4200474.5
569604.4,4200475.0
569604.44,4200475.0
569604.5,4200475.0
569604.56,4200475.0
569604.6,4200475.0
569604.7,4200475.0
569604.75,4200475.0
569604.8,4200475.0
569604.9,4200475.0
569604.94,4200475.0
569605.0,4200475.5
569605.06,4200475.5
569605.1,4200475.5
569605.2,4200475.5
569605.25,4200475.5
569605.3,4200475.5
569605.4,4200475.5
569605.44,4200475.5
569605.5,4200475.5
569605.56,4200476.0
569605.6,4200476.0
569605.7,4200476.0
569605.75,4200476.0
569605.8,4200476.0
569605.9,4200476.0
569605.94,4200476.0
569606.0,4200476.0
569606.06,4200476.0
569606.1,4200476.5
569606.2,4200476.5
569606.25,4200476.5
569606.3,4200476.5
569606.4,4200476.5
569606.44,4200476.5
569606.5,4200476.5
569606.56,4200476.5
569606.6,4200476.5
569606.7,4200476.5
569606.75,4200477.0
569606.8,4200477.0
569606.9,4200477.0
569606.94,4200477.0
569607.0,4200477.0
569607.06,4200477.0
569607.1,4200477.0
569607.2,4200477.0
569607.25,4200477.0
569607.3,4200477.5
569607.4,4200477.5
569607.44,4200477.5
569607.5,4200477.5
569607.56,4200477.5
569607.6,4200477.5
569607.7,4200477.5
569607.75,4200477.5
569607.8,4200477.5
569607.9,4200478.0
569607.94,4200478.0
569608.0,4200478.0
569608.06,4200478.0
569608.1,4200478.0
569608.2,4200478.0
569608.25,4200478.0
569608.3,4200478.0
569608.4,4200478.0
569608.44,4200478.0
569608.5,4200478.5
569608.56,4200478.5
569608.6,4200478.5
569608.7,4200478.5
569608.75,4200478.5
569608.8,4200478.5
569608.9,4200478.5
569608.94,4200478.5
569609.0,4200478.5
569609.06,4200479.0
569609.1,4200479.0
569609.2,4200479.0
569609.25,4200479.0
569609.3,4200479.0
569609.4,4200479.0
569609.44,4200479.0
569609.5,4200479.0
569609.56,4200479.0
569609.6,4200479.5
569609.7,4200479.5
569609.75,4200479.5
569609.8,4200479.5
569609.9,4200479.5
569609.94,4200479.5
569610.0,4200479.5
569610.06,4200479.5
569610.1,4200479.5
569610.2,4200479.5
569610.25,4200480.0
569610.3,4200480.0
569610.4,4200480.0
569610.44,4200480.0
569610.5,4200480.0
569610.56,4200480.0
569610.6,4200480.0
569610.7,4200480.0
569610.75,4200480.0
569610.8,4200480.5
569610.9,4200480.5
569610.94,4200480.5
569611.0,4200480.5
569611.06,4200480.5
569611.1,4200480.5
569611.2,4200480.5
569611.25,4200480.5
569611.3,4200480.5
569611.4,4200481.0
569611.44,4200481.0
569611.5,4200481.0
569611.56,4200481.0
569611.6,4200481.0
569611.7,4200481.0
569611.75,4200481.0
569611.8,4200481.0
569611.9,4200481.0
569611.94,4200481.5
569612.0,4200481.5
569612.06,4200481.5
569612.1,4200481.5
569612.2,4200481.5
569612.25,4200481.5
569612.3,4200481.5
569612.4,4200481.5
569612.44,4200481.5
569612.5,4200481.5
569612.56,4200482.0
569612.6,4200482.0
569612.7,4200482.0
569612.75,4200482.0
569612.8,4200482.0
569612.9,4200482.0
569612.94,4200482.0
569613.0,4200482.0
569613.06,4200482.0
569613.1,4200482.5
569613.2,4200482.5
569613.25,4200482.5
569613.3,4200482.5
569613.4,4200482.5
569613.44,4200482.5
569613.5,4200482.5
569613.56,4200482.5
569613.6,4200482.5
569613.7,4200483.0
569613.75,4200483.0
569613.8,4200483.0
569613.9,4200483.0
569613.94,4200483.0
569614.0,4200483.0
569614.06,4200483.0
569614.1,4200483.0
569614.2,4200483.0
569614.25,4200483.0
569614.3,4200483.5
569614.4,4200483.5
569614.44,4200483.5
569614.5,4200483.5
569614.56,4200483.5
569614.6,4200483.5
569614.7,4200483.5
569614.75,4200483.5
569614.8,4200483.5
569614.9,4200483.5
569614.94,4200484.0
569615.0,4200484.0
569615.06,4200484.0
569615.1,4200484.0
569615.2,4200484.0
569615.25,4200484.0
569615.3,4200484.0
569615.4,4200484.0
569615.44,4200484.0
569615.5,4200484.5
569615.56,4200484.5
569615.6,4200484.5
569615.7,4200484.5
569615.75,4200484.5
569615.8,4200484.5
569615.9,4200484.5
569615.94,4200484.5
569616.0,4200484.5
569616.06,4200485.0
569616.1,4200485.0
569616.2,4200485.0
569616.25,4200485.0
569616.3,4200485.0
569616.4,4200485.0
569616.44,4200485.0
569616.5,4200485.0
569616.56,4200485.0
569616.6,4200485.5
569616.7,4200485.5
569616.75,4200485.5
569616.8,4200485.5
569616.9,4200485.5
569616.94,4200485.5
569617.0,4200485.5
569617.06,4200485.5
569617.1,4200485.5
569617.2,4200486.0
569617.25,4200486.0
569617.3,4200486.0
569617.4,4200486.0
569617.44,4200486.0
569617.5,4200486.0
569617.56,4200486.0
569617.6,4200486.0
569617.7,4200486.0
569617.75,4200486.0
569617.8,4200486.5
569617.9,4200486.5
569617.94,4200486.5
569618.0,4200486.5
569618.06,4200486.5
569618.1,4200486.5
569618.2,4200486.5
569618.25,4200486.5
569618.3,4200486.5
569618.4,4200486.5
569618.44,4200487.0
569618.5,4200487.0
569618.56,4200487.0
569618.6,4200487.0
569618.7,4200487.0
569618.75,4200487.0
569618.8,4200487.0
569618.9,4200487.0
569618.94,4200487.0
569619.0,4200487.5
569619.06,4200487.5
569619.1,4200487.5
569619.2,4200487.5
569619.25,4200487.5
569619.3,4200487.5
569619.4,4200487.5
569619.44,4200487.5
569619.5,4200487.5
569619.56,4200488.0
569619.6,4200488.0
569619.7,4200488.0
569619.75,4200488.0
569619.8,4200488.0
569619.9,4200488.0
569619.94,4200488.0
569620.0,4200488.0
569620.06,4200488.0
569620.1,4200488.5
569620.2,4200488.5
569620.25,4200488.5
569620.3,4200488.5
569620.4,4200488.5
569620.44,4200488.5
569620.5,4200488.5
569620.56,4200488.5
569620.6,4200488.5
569620.7,4200489.0
569620.75,4200489.0
569620.8,4200489.0
569620.9,4200489.0
569620.94,4200489.0
569621.0,4200489.0
569621.06,4200489.0
569621.1,4200489.0
569621.2,4200489.0
569621.25,4200489.0
569621.3,4200489.5
569621.4,4200489.5
569621.44,4200489.5
569621.5,4200489.5
569621.56,4200489.5
569621.6,4200489.5
569621.7,4200489.5
569621.75,4200489.5
569621.8,4200489.5
569621.9,4200490.0
569621.94,4200490.0
569622.0,4200490.0
569622.06,4200490.0
569622.1,4200490.0
569622.2,4200490.0
569622.25,4200490.0
569622.3,4200490.0
569622.4,4200490.0
569622.44,4200490.5
569622.5,4200490.5
569622.56,4200490.5
569622.6,4200490.5
569622.7,4200490.5
569622.75,4200490.5
569622.8,4200490.5
569622.9,4200490.5
569622.94,4200490.5
569623.0,4200490.5
569623.06,4200491.0
569623.1,4200491.0
569623.2,4200491.0
569623.25,4200491.0
569623.3,4200491.0
569623.4,4200491.0
569623.44,4200491.0
569623.5,4200491.0
569623.56,4200491.0
569623.6,4200491.5
569623.7,4200491.5
569623.75,4200491.5
569623.8,4200491.5
569623.9,4200491.5
569623.94,4200491.5
569624.0,4200491.5
569624.06,4200491.5
569624.1,4200491.5
569624.2,4200491.5
569624.2,4200492.0
569624.25,4200492.0
569624.3,4200492.0
569624.4,4200492.0
569624.44,4200492.0
569624.5,4200492.0
569624.56,4200492.0
569624.6,4200492.0
569624.7,4200492.0
569624.75,4200492.0
569624.8,4200492.5
569624.9,4200492.5
569624.94,4200492.5
569625.0,4200492.5
569625.06,4200492.5
569625.1,4200492.5
569625.2,4200492.5
569625.25,4200492.5
569625.3,4200492.5
569625.4,4200493.0
569625.44,4200493.0
569625.5,4200493.0
569625.56,4200493.0
569625.6,4200493.0
569625.7,4200493.0
569625.75,4200493.0
569625.8,4200493.0
569625.9,4200493.0
569625.94,4200493.5
569626.0,4200493.5
569626.06,4200493.5
569626.1,4200493.5
569626.2,4200493.5
569626.25,4200493.5
569626.3,4200493.5
569626.4,4200493.5
569626.44,4200493.5
569626.5,4200494.0
569626.56,4200494.0
569626.6,4200494.0
569626.7,4200494.0
569626.75,4200494.0
569626.8,4200494.0
569626.9,4200494.0
569626.94,4200494.0
569627.0,4200494.0
569627.06,4200494.0
569627.1,4200494.5
569627.2,4200494.5
569627.25,4200494.5
569627.3,4200494.5
569627.4,4200494.5
569627.44,4200494.5
569627.5,4200494.5
569627.56,4200494.5
569627.6,4200494.5
569627.7,4200495.0
569627.75,4200495.0
569627.8,4200495.0
569627.9,4200495.0
569627.94,4200495.0
569628.0,4200495.0
569628.06,4200495.0
569628.1,4200495.0
569628.2,4200495.0
569628.25,4200495.5
569628.3,4200495.5
569628.4,4200495.5
569628.44,4200495.5
569628.5,4200495.5
569628.56,4200495.5
569628.6,4200495.5
569628.7,4200495.5
569628.75,4200495.5
569628.8,4200495.5
569628.8,4200496.0
569628.9,4200496.0
569628.94,4200496.0
569629.0,4200496.0
569629.06,4200496.0
569629.1,4200496.0
569629.2,4200496.0
569629.25,4200496.0
569629.3,4200496.0
569629.4,4200496.5
569629.44,4200496.5
569629.5,4200496.5
569629.56,4200496.5
569629.6,4200496.5
569629.7,4200496.5
569629.75,4200496.5
569629.8,4200496.5
569629.9,4200496.5
569629.94,4200497.0
569630.0,4200497.0
569630.06,4200497.0
569630.1,4200497.0
569630.2,4200497.0
569630.25,4200497.0
569630.3,4200497.0
569630.4,4200497.0
569630.44,4200497.0
569630.5,4200497.0
569630.56,4200497.5
569630.6,4200497.5
569630.7,4200497.5
569630.75,4200497.5
569630.8,4200497.5
569630.9,4200497.5
569630.94,4200497.5
569631.0,4200497.5
569631.06,4200497.5
569631.1,4200498.0
569631.2,4200498.0
569631.25,4200498.0
569631.3,4200498.0
569631.4,4200498.0
569631.44,4200498.0
569631.5,4200498.0
569631.56,4200498.0
569631.6,4200498.0
569631.7,4200498.5
569631.75,4200498.5
569631.8,4200498.5
569631.9,4200498.5
569631.94,4200498.5
569632.0,4200498.5
569632.06,4200498.5
569632.1,4200498.5
569632.2,4200498.5
569632.25,4200499.0
569632.3,4200499.0
569632.4,4200499.0
569632.44,4200499.0
569632.5,4200499.0
569632.56,4200499.0
569632.6,4200499.0
569632.7,4200499.0
569632.75,4200499.0
569632.8,4200499.0
569632.9,4200499.5
569632.94,4200499.5
569633.0,4200499.5
569633.06,4200499.5
569633.1,4200499.5
569633.2,4200499.5
569633.25,4200499.5
569633.3,4200499.5
569633.4,4200499.5
569633.4,4200500.0
569633.44,4200500.0
569633.5,4200500.0
569633.56,4200500.0
569633.6,4200500.0
569633.7,4200500.0
569633.75,4200500.0
569633.8,4200500.0
569633.9,4200500.0
569633.94,4200500.0
569633.94,4200500.5
569634.0,4200500.5
569634.06,4200500.5
569634.1,4200500.5
569634.2,4200500.5
569634.25,4200500.5
569634.3,4200500.5
569634.4,4200500.5
569634.44,4200500.5
569634.5,4200500.5
569634.56,4200501.0
569634.6,4200501.0
569634.7,4200501.0
569634.75,4200501.0
569634.8,4200501.0
569634.9,4200501.0
569634.94,4200501.0
569635.0,4200501.0
569635.06,4200501.0
569635.1,4200501.5
569635.2,4200501.5
569635.25,4200501.5
569635.3,4200501.5
569635.4,4200501.5
569635.44,4200501.5
569635.5,4200501.5
569635.56,4200501.5
569635.6,4200501.5
569635.7,4200502.0
569635.75,4200502.0
569635.8,4200502.0
569635.9,4200502.0
569635.94,4200502.0
569636.0,4200502.0
569636.06,4200502.0
569636.1,4200502.0
569636.2,4200502.0
569636.25,4200502.0
569636.3,4200502.5
569636.4,4200502.5
569636.44,4200502.5
569636.5,4200502.5
569636.56,4200502.5
569636.6,4200502.5
569636.7,4200502.5
569636.75,4200502.5
569636.8,4200502.5
569636.9,4200503.0
569636.94,4200503.0
569637.0,4200503.0
569637.06,4200503.0
569637.1,4200503.0
569637.2,4200503.0
569637.25,4200503.0
569637.3,4200503.0
569637.4,4200503.0
569637.44,4200503.5
569637.5,4200503.5
569637.56,4200503.5
569637.6,4200503.5
569637.7,4200503.5
569637.75,4200503.5
569637.8,4200503.5
569637.9,4200503.5
569637.94,4200503.5
569638.0,4200504.0
569638.06,4200504.0
569638.1,4200504.0
569638.2,4200504.0
569638.25,4200504.0
569638.3,4200504.0
569638.4,4200504.0
569638.44,4200504.0
569638.5,4200504.0
569638.56,4200504.0
569638.6,4200504.5
569638.7,4200504.5
569638.75,4200504.5
569638.8,4200504.5
569638.9,4200504.5
569638.94,4200504.5
569639.0,4200504.5
569639.06,4200504.5
569639.1,4200504.5
569639.2,4200505.0
569639.25,4200505.0
569639.3,4200505.0
569639.4,4200505.0
569639.44,4200505.0
569639.5,4200505.0
569639.56,4200505.0
569639.6,4200505.0
569639.7,4200505.0
569639.75,4200505.5
569639.8,4200505.5
569639.9,4200505.5
569639.94,4200505.5
569640.0,4200505.5
569640.06,4200505.5
569640.1,4200505.5
569640.2,4200505.5
569640.25,4200505.5
569640.25,4200506.0
569640.3,4200506.0
569640.4,4200506.0
569640.44,4200506.0
569640.5,4200506.0
569640.56,4200506.0
569640.6,4200506.0
569640.7,4200506.0
569640.75,4200506.0
569640.8,4200506.0
569640.9,4200506.5
569640.94,4200506.5
569641.0,4200506.5
569641.06,4200506.5
569641.1,4200506.5
569641.2,4200506.5
569641.25,4200506.5
569641.3,4200506.5
569641.4,4200506.5
569641.44,4200507.0
569641.5,4200507.0
569641.56,4200507.0
569641.6,4200507.0
569641.7,4200507.0
569641.75,4200507.0
569641.8,4200507.0
569641.9,4200507.0
569641.94,4200507.0
569642.0,4200507.5
569642.06,4200507.5
569642.1,4200507.5
569642.2,4200507.5
569642.25,4200507.5
569642.3,4200507.5
569642.4,4200507.5
569642.44,4200507.5
569642.5,4200507.5
569642.56,4200507.5
569642.6,4200508.0
569642.7,4200508.0
569642.75,4200508.0
569642.8,4200508.0
569642.9,4200508.0
569642.94,4200508.0
569643.0,4200508.0
569643.06,4200508.0
569643.1,4200508.0
569643.2,4200508.5
569643.25,4200508.5
569643.3,4200508.5
569643.4,4200508.5
569643.44,4200508.5
569643.5,4200508.5
569643.56,4200508.5
569643.6,4200508.5
569643.7,4200508.5
569643.75,4200509.0
569643.8,4200509.0
569643.9,4200509.0
569643.94,4200509.0
569644.0,4200509.0
569644.06,4200509.0
569644.1,4200509.0
569644.2,4200509.0
569644.25,4200509.0
569644.3,4200509.5
569644.4,4200509.5
569644.44,4200509.5
569644.5,4200509.5
569644.56,4200509.5
569644.6,4200509.5
569644.7,4200509.5
569644.75,4200509.5
569644.8,4200509.5
569644.9,4200509.5
569644.94,4200510.0
569645.0,4200510.0
569645.06,4200510.0
569645.1,4200510.0
569645.2,4200510.0
569645.25,4200510.0
569645.3,4200510.0
569645.4,4200510.0
569645.44,4200510.0
569645.5,4200510.5
569645.56,4200510.5
569645.6,4200510.5
569645.7,4200510.5
569645.75,4200510.5
569645.8,4200510.5
569645.9,4200510.5
569645.94,4200510.5
569646.0,4200510.5
569646.06,4200511.0
569646.1,4200511.0
569646.2,4200511.0
569646.25,4200511.0
569646.3,4200511.0
569646.4,4200511.0
569646.44,4200511.0
569646.5,4200511.0
569646.56,4200511.0
569646.6,4200511.5
569646.7,4200511.5
569646.75,4200511.5
569646.8,4200511.5
569646.9,4200511.5
569646.94,4200511.5
569647.0,4200511.5
569647.06,4200511.5
569647.1,4200511.5
569647.2,4200511.5
569647.25,4200512.0
569647.3,4200512.0
569647.4,4200512.0
569647.44,4200512.0
569647.5,4200512.0
569647.56,4200512.0
569647.6,4200512.0
569647.7,4200512.0
569647.75,4200512.0
569647.8,4200512.5
569647.9,4200512.5
569647.94,4200512.5
569648.0,4200512.5
569648.06,4200512.5
569648.1,4200512.5
569648.2,4200512.5
569648.25,4200512.5
569648.3,4200512.5
569648.4,4200513.0
569648.44,4200513.0
569648.5,4200513.0
569648.56,4200513.0
569648.6,4200513.0
569648.7,4200513.0
569648.75,4200513.0
569648.8,4200513.0
569648.9,4200513.0
569648.94,4200513.5
569649.0,4200513.5
569649.06,4200513.5
569649.1,4200513.5
569649.2,4200513.5
569649.25,4200513.5
569649.3,4200513.5
569649.4,4200513.5
569649.44,4200513.5
569649.5,4200513.5
569649.56,4200514.0
569649.6,4200514.0
569649.7,4200514.0
569649.75,4200514.0
569649.8,4200514.0
569649.9,4200514.0
569649.94,4200514.0
569650.0,4200514.0
569650.06,4200514.0
569650.1,4200514.5
569650.2,4200514.5
569650.25,4200514.5
569650.3,4200514.5
569650.4,4200514.5
569650.44,4200514.5
569650.5,4200514.5
569650.56,4200514.5
569650.6,4200514.5
569650.7,4200515.0
569650.75,4200515.0
569650.8,4200515.0
569650.9,4200515.0
569650.94,4200515.0
569651.0,4200515.0
569651.06,4200515.0
569651.1,4200515.0
569651.2,4200515.0
569651.25,4200515.0
569651.3,4200515.0
569651.3,4200515.5
569651.4,4200515.5
569651.44,4200515.5
569651.5,4200515.5
569651.56,4200515.5
569651.6,4200515.5
569651.7,4200515.5
569651.75,4200515.5
569651.8,4200515.5
569651.9,4200515.5
569651.94,4200516.0
569652.0,4200516.0
569652.06,4200516.0
569652.1,4200516.0
569652.2,4200516.0
569652.25,4200516.0
569652.3,4200516.0
569652.4,4200516.0
569652.44,4200516.0
569652.5,4200516.5
569652.56,4200516.5
569652.6,4200516.5
569652.7,4200516.5
569652.75,4200516.5
569652.8,4200516.5
569652.9,4200516.5
569652.94,4200516.5
569653.0,4200516.5
569653.06,4200516.5
569653.06,4200517.0
569653.1,4200517.0
569653.2,4200517.0
569653.25,4200517.0
569653.3,4200517.0
569653.4,4200517.0
569653.44,4200517.0
569653.5,4200517.0
569653.56,4200517.0
569653.6,4200517.0
569653.7,4200517.5
569653.75,4200517.5
569653.8,4200517.5
569653.9,4200517.5
569653.94,4200517.5
569654.0,4200517.5
569654.06,4200517.5
569654.1,4200517.5
569654.2,4200517.5
569654.25,4200518.0
569654.3,4200518.0
569654.4,4200518.0
569654.44,4200518.0
569654.5,4200518.0
569654.56,4200518.0
569654.6,4200518.0
569654.7,4200518.0
569654.75,4200518.0
569654.8,4200518.0
569654.8,4200518.5
569654.9,4200518.5
569654.94,4200518.5
569655.0,4200518.5
569655.06,4200518.5
569655.1,4200518.5
569655.2,4200518.5
569655.25,4200518.5
569655.3,4200518.5
569655.4,4200518.5
569655.44,4200519.0
569655.5,4200519.0
569655.56,4200519.0
569655.6,4200519.0
569655.7,4200519.0
569655.75,4200519.0
569655.8,4200519.0
569655.9,4200519.0
569655.94,4200519.0
569656.0,4200519.5
569656.06,4200519.5
569656.1,4200519.5
569656.2,4200519.5
569656.25,4200519.5
569656.3,4200519.5
569656.4,4200519.5
569656.44,4200519.5
569656.5,4200519.5
569656.56,4200519.5
569656.6,4200520.0
569656.7,4200520.0
569656.75,4200520.0
569656.8,4200520.0
569656.9,4200520.0
569656.94,4200520.0
569657.0,4200520.0
569657.06,4200520.0
569657.1,4200520.0
569657.2,4200520.0
569657.25,4200520.5
569657.3,4200520.5
569657.4,4200520.5
569657.44,4200520.5
569657.5,4200520.5
569657.56,4200520.5
569657.6,4200520.5
569657.7,4200520.5
569657.75,4200520.5
569657.8,4200521.0
569657.9,4200521.0
569657.94,4200521.0
569658.0,4200521.0
569658.06,4200521.0
569658.1,4200521.0
569658.2,4200521.0
569658.25,4200521.0
569658.3,4200521.0
569658.4,4200521.5
569658.44,4200521.5
569658.5,4200521.5
569658.56,4200521.5
569658.6,4200521.5
569658.7,4200521.5
569658.75,4200521.5
569658.8,4200521.5
569658.9,4200521.5
569658.94,4200521.5
569659.0,4200522.0
569659.06,4200522.0
569659.1,4200522.0
569659.2,4200522.0
569659.25,4200522.0
569659.3,4200522.0
569659.4,4200522.0
569659.44,4200522.0
569659.5,4200522.0
569659.56,4200522.5
569659.6,4200522.5
569659.7,4200522.5
569659.75,4200522.5
569659.8,4200522.5
569659.9,4200522.5
569659.94,4200522.5
569660.0,4200522.5
569660.06,4200522.5
569660.1,4200522.5
569660.2,4200523.0
569660.25,4200523.0
569660.3,4200523.0
569660.4,4200523.0
569660.44,4200523.0
569660.5,4200523.0
569660.56,4200523.0
569660.6,4200523.0
569660.7,4200523.0
569660.75,4200523.5
569660.8,4200523.5
569660.9,4200523.5
569660.94,4200523.5
569661.0,4200523.5
569661.06,4200523.5
569661.1,4200523.5
569661.2,4200523.5
569661.25,4200523.5
569661.3,4200523.5
569661.4,4200524.0
569661.44,4200524.0
569661.5,4200524.0
569661.56,4200524.0
569661.6,4200524.0
569661.7,4200524.0
569661.75,4200524.0
569661.8,4200524.0
569661.9,4200524.0
569661.94,4200524.0
569662.0,4200524.5
569662.06,4200524.5
569662.1,4200524.5
569662.2,4200524.5
569662.25,4200524.5
569662.3,4200524.5
569662.4,4200524.5
569662.44,4200524.5
569662.5,4200524.5
569662.56,4200525.0
569662.6,4200525.0
569662.7,4200525.0
569662.75,4200525.0
569662.8,4200525.0
569662.9,4200525.0
569662.94,4200525.0
569663.0,4200525.0
569663.06,4200525.0
569663.1,4200525.0
569663.2,4200525.5
569663.25,4200525.5
569663.3,4200525.5
569663.4,4200525.5
569663.44,4200525.5
569663.5,4200525.5
569663.56,4200525.5
569663.6,4200525.5
569663.7,4200525.5
569663.75,4200526.0
569663.8,4200526.0
569663.9,4200526.0
569663.94,4200526.0
569664.0,4200526.0
569664.06,4200526.0
569664.1,4200526.0
569664.2,4200526.0
569664.25,4200526.0
569664.3,4200526.5
569664.4,4200526.5
569664.44,4200526.5
569664.5,4200526.5
569664.56,4200526.5
569664.6,4200526.5
569664.7,4200526.5
569664.75,4200526.5
569664.8,4200526.5
569664.9,4200526.5
569664.94,4200526.5
569665.0,4200527.0
569665.06,4200527.0
569665.1,4200527.0
569665.2,4200527.0
569665.25,4200527.0
569665.3,4200527.0
569665.4,4200527.0
569665.44,4200527.0
569665.5,4200527.0
569665.56,4200527.5
569665.6,4200527.5
569665.7,4200527.5
569665.75,4200527.5
569665.8,4200527.5
569665.9,4200527.5
569665.94,4200527.5
569666.0,4200527.5
569666.06,4200527.5
569666.1,4200527.5
569666.2,4200528.0
569666.25,4200528.0
569666.3,4200528.0
569666.4,4200528.0
569666.44,4200528.0
569666.5,4200528.0
569666.56,4200528.0
569666.6,4200528.0
569666.7,4200528.0
569666.75,4200528.5
569666.8,4200528.5
569666.9,4200528.5
569666.94,4200528.5
569667.0,4200528.5
569667.06,4200528.5
569667.1,4200528.5
569667.2,4200528.5
569667.25,4200528.5
569667.3,4200528.5
569667.3,4200529.0
569667.4,4200529.0
569667.44,4200529.0
569667.5,4200529.0
569667.56,4200529.0
569667.6,4200529.0
569667.7,4200529.0
569667.75,4200529.0
569667.8,4200529.0
569667.9,4200529.0
569667.94,4200529.0
569668.0,4200529.5
569668.06,4200529.5
569668.1,4200529.5
569668.2,4200529.5
569668.25,4200529.5
569668.3,4200529.5
569668.4,4200529.5
569668.44,4200529.5
569668.5,4200529.5
569668.56,4200530.0
569668.6,4200530.0
569668.7,4200530.0
569668.75,4200530.0
569668.8,4200530.0
569668.9,4200530.0
569668.94,4200530.0
569669.0,4200530.0
569669.06,4200530.0
569669.1,4200530.0
569669.2,4200530.5
569669.25,4200530.5
569669.3,4200530.5
569669.4,4200530.5
569669.44,4200530.5
569669.5,4200530.5
569669.56,4200530.5
569669.6,4200530.5
569669.7,4200530.5
569669.75,4200531.0
569669.8,4200531.0
569669.9,4200531.0
569669.94,4200531.0
569670.0,4200531.0
569670.06,4200531.0
569670.1,4200531.0
569670.2,4200531.0
569670.25,4200531.0
569670.3,4200531.0
569670.4,4200531.5
569670.44,4200531.5
569670.5,4200531.5
569670.56,4200531.5
569670.6,4200531.5
569670.7,4200531.5
569670.75,4200531.5
569670.8,4200531.5
569670.9,4200531.5
569670.94,4200532.0
569671.0,4200532.0
569671.06,4200532.0
569671.1,4200532.0
569671.2,4200532.0
569671.25,4200532.0
569671.3,4200532.0
569671.4,4200532.0
569671.44,4200532.0
569671.5,4200532.0
569671.56,4200532.5
569671.6,4200532.5
569671.7,4200532.5
569671.75,4200532.5
569671.8,4200532.5
569671.9,4200532.5
569671.94,4200532.5
569672.0,4200532.5
569672.06,4200532.5
569672.1,4200533.0
569672.2,4200533.0
569672.25,4200533.0
569672.3,4200533.0
569672.4,4200533.0
569672.44,4200533.0
569672.5,4200533.0
569672.56,4200533.0
569672.6,4200533.0
569672.7,4200533.5
569672.75,4200533.5
569672.8,4200533.5
569672.9,4200533.5
569672.94,4200533.5
569673.0,4200533.5
569673.06,4200533.5
569673.1,4200533.5
569673.2,4200533.5
569673.25,4200533.5
569673.3,4200533.5
569673.3,4200534.0
569673.4,4200534.0
569673.44,4200534.0
569673.5,4200534.0
569673.56,4200534.0
569673.6,4200534.0
569673.7,4200534.0
569673.75,4200534.0
569673.8,4200534.0
569673.9,4200534.0
569673.94,4200534.5
569674.0,4200534.5
569674.06,4200534.5
569674.1,4200534.5
569674.2,4200534.5
569674.25,4200534.5
569674.3,4200534.5
569674.4,4200534.5
569674.44,4200534.5
569674.5,4200535.0
569674.56,4200535.0
569674.6,4200535.0
569674.7,4200535.0
569674.75,4200535.0
569674.8,4200535.0
569674.9,4200535.0
569674.94,4200535.0
569675.0,4200535.0
569675.06,4200535.0
569675.1,4200535.5
569675.2,4200535.5
569675.25,4200535.5
569675.3,4200535.5
569675.4,4200535.5
569675.44,4200535.5
569675.5,4200535.5
569675.56,4200535.5
569675.6,4200535.5
569675.7,4200536.0
569675.75,4200536.0
569675.8,4200536.0
569675.9,4200536.0
569675.94,4200536.0
569676.0,4200536.0
569676.06,4200536.0
569676.1,4200536.0
569676.2,4200536.0
569676.25,4200536.5
569676.3,4200536.5
569676.4,4200536.5
569676.44,4200536.5
569676.5,4200536.5
569676.56,4200536.5
569676.6,4200536.5
569676.7,4200536.5
569676.75,4200536.5
569676.8,4200536.5
569676.9,4200537.0
569676.94,4200537.0
569677.0,4200537.0
569677.06,4200537.0
569677.1,4200537.0
569677.2,4200537.0
569677.25,4200537.0
569677.3,4200537.0
569677.4,4200537.0
569677.44,4200537.0
569677.5,4200537.5
569677.56,4200537.5
569677.6,4200537.5
569677.7,4200537.5
569677.75,4200537.5
569677.8,4200537.5
569677.9,4200537.5
569677.94,4200537.5
569678.0,4200537.5
569678.06,4200538.0
569678.1,4200538.0
569678.2,4200538.0
569678.25,4200538.0
569678.3,4200538.0
569678.4,4200538.0
569678.44,4200538.0
569678.5,4200538.0
569678.56,4200538.0
569678.6,4200538.0
569678.7,4200538.5
569678.75,4200538.5
569678.8,4200538.5
569678.9,4200538.5
569678.94,4200538.5
569679.0,4200538.5
569679.06,4200538.5
569679.1,4200538.5
569679.2,4200538.5
569679.25,4200539.0
569679.3,4200539.0
569679.4,4200539.0
569679.44,4200539.0
569679.5,4200539.0
569679.56,4200539.0
569679.6,4200539.0
569679.7,4200539.0
569679.75,4200539.0
569679.8,4200539.5
569679.9,4200539.5
569679.94,4200539.5
569680.0,4200539.5
569680.06,4200539.5
569680.1,4200539.5
569680.2,4200539.5
569680.25,4200539.5
569680.3,4200539.5
569680.4,4200539.5
569680.44,4200540.0
569680.5,4200540.0
569680.56,4200540.0
569680.6,4200540.0
569680.7,4200540.0
569680.75,4200540.0
569680.8,4200540.0
569680.9,4200540.0
569680.94,4200540.0
569681.0,4200540.0
569681.0,4200540.5
569681.06,4200540.5
569681.1,4200540.5
569681.2,4200540.5
569681.25,4200540.5
569681.3,4200540.5
569681.4,4200540.5
569681.44,4200540.5
569681.5,4200540.5
569681.56,4200540.5
569681.6,4200541.0
569681.7,4200541.0
569681.75,4200541.0
569681.8,4200541.0
569681.9,4200541.0
569681.94,4200541.0
569682.0,4200541.0
569682.06,4200541.0
569682.1,4200541.0
569682.2,4200541.0
569682.25,4200541.5
569682.3,4200541.5
569682.4,4200541.5
569682.44,4200541.5
569682.5,4200541.5
569682.56,4200541.5
569682.6,4200541.5
569682.7,4200541.5
569682.75,4200541.5
569682.8,4200542.0
569682.9,4200542.0
569682.94,4200542.0
569683.0,4200542.0
569683.06,4200542.0
569683.1,4200542.0
569683.2,4200542.0
569683.25,4200542.0
569683.3,4200542.0
569683.4,4200542.5
569683.44,4200542.5
569683.5,4200542.5
569683.56,4200542.5
569683.6,4200542.5
569683.7,4200542.5
569683.75,4200542.5
569683.8,4200542.5
569683.9,4200542.5
569683.94,4200543.0
569684.0,4200543.0
569684.06,4200543.0
569684.1,4200543.0
569684.2,4200543.0
569684.25,4200543.0
569684.3,4200543.0
569684.4,4200543.0
569684.44,4200543.0
569684.5,4200543.0
569684.56,4200543.5
569684.6,4200543.5
569684.7,4200543.5
569684.75,4200543.5
569684.8,4200543.5
569684.9,4200543.5
569684.94,4200543.5
569685.0,4200543.5
569685.06,4200543.5
569685.1,4200544.0
569685.2,4200544.0
569685.25,4200544.0
569685.3,4200544.0
569685.4,4200544.0
569685.44,4200544.0
569685.5,4200544.0
569685.56,4200544.0
569685.6,4200544.0
569685.7,4200544.0
569685.75,4200544.5
569685.8,4200544.5
569685.9,4200544.5
569685.94,4200544.5
569686.0,4200544.5
569686.06,4200544.5
569686.1,4200544.5
569686.2,4200544.5
569686.25,4200544.5
569686.3,4200545.0
569686.4,4200545.0
569686.44,4200545.0
569686.5,4200545.0
569686.56,4200545.0
569686.6,4200545.0
569686.7,4200545.0
569686.75,4200545.0
569686.8,4200545.0
569686.9,4200545.5
569686.94,4200545.5
569687.0,4200545.5
569687.06,4200545.5
569687.1,4200545.5
569687.2,4200545.5
569687.25,4200545.5
569687.3,4200545.5
569687.4,4200545.5
569687.44,4200546.0
569687.5,4200546.0
569687.56,4200546.0
569687.6,4200546.0
569687.7,4200546.0
569687.75,4200546.0
569687.8,4200546.0
569687.9,4200546.0
569687.94,4200546.0
569688.0,4200546.0
569688.06,4200546.5
569688.1,4200546.5
569688.2,4200546.5
569688.25,4200546.5
569688.3,4200546.5
569688.4,4200546.5
569688.44,4200546.5
569688.5,4200546.5
569688.56,4200546.5
569688.6,4200547.0
569688.7,4200547.0
569688.75,4200547.0
569688.8,4200547.0
569688.9,4200547.0
569688.94,4200547.0
569689.0,4200547.0
569689.06,4200547.0
569689.1,4200547.0
569689.2,4200547.5
569689.25,4200547.5
569689.3,4200547.5
569689.4,4200547.5
569689.44,4200547.5
569689.5,4200547.5
569689.56,4200547.5
569689.6,4200547.5
569689.7,4200547.5
569689.75,4200548.0
569689.8,4200548.0
569689.9,4200548.0
569689.94,4200548.0
569690.0,4200548.0
569690.06,4200548.0
569690.1,4200548.0
569690.2,4200548.0
569690.25,4200548.0
569690.3,4200548.0
569690.4,4200548.5
569690.44,4200548.5
569690.5,4200548.5
569690.56,4200548.5
569690.6,4200548.5
569690.7,4200548.5
569690.75,4200548.5
569690.8,4200548.5
569690.9,4200548.5
569690.94,4200548.5
569690.94,4200549.0
569691.0,4200549.0
569691.06,4200549.0
569691.1,4200549.0
569691.2,4200549.0
569691.25,4200549.0
569691.3,4200549.0
569691.4,4200549.0
569691.44,4200549.0
569691.5,4200549.0
569691.56,4200549.5
569691.6,4200549.5
569691.7,4200549.5
569691.75,4200549.5
569691.8,4200549.5
569691.9,4200549.5
569691.94,4200549.5
569692.0,4200549.5
569692.06,4200549.5
569692.1,4200550.0
569692.2,4200550.0
569692.25,4200550.0
569692.3,4200550.0
569692.4,4200550.0
569692.44,4200550.0
569692.5,4200550.0
569692.56,4200550.0
569692.6,4200550.0
569692.7,4200550.5
569692.75,4200550.5
569692.8,4200550.5
569692.9,4200550.5
569692.94,4200550.5
569693.0,4200550.5
569693.06,4200550.5
569693.1,4200550.5
569693.2,4200550.5
569693.25,4200551.0
569693.3,4200551.0
569693.4,4200551.0
569693.44,4200551.0
569693.5,4200551.0
569693.56,4200551.0
569693.6,4200551.0
569693.7,4200551.0
569693.75,4200551.0
569693.8,4200551.0
569693.9,4200551.5
569693.94,4200551.5
569694.0,4200551.5
569694.06,4200551.5
569694.1,4200551.5
569694.2,4200551.5
569694.25,4200551.5
569694.3,4200551.5
569694.4,4200551.5
569694.44,4200552.0
569694.5,4200552.0
569694.56,4200552.0
569694.6,4200552.0
569694.7,4200552.0
569694.75,4200552.0
569694.8,4200552.0
569694.9,4200552.0
569694.94,4200552.0
569695.0,4200552.0
569695.0,4200552.5
569695.06,4200552.5
569695.1,4200552.5
569695.2,4200552.5
569695.25,4200552.5
569695.3,4200552.5
569695.4,4200552.5
569695.44,4200552.5
569695.5,4200552.5
569695.56,4200553.0
569695.6,4200553.0
569695.7,4200553.0
569695.75,4200553.0
569695.8,4200553.0
569695.9,4200553.0
569695.94,4200553.0
569696.0,4200553.0
569696.06,4200553.0
569696.1,4200553.5
569696.2,4200553.5
569696.25,4200553.5
569696.3,4200553.5
569696.4,4200553.5
569696.44,4200553.5
569696.5,4200553.5
569696.56,4200553.5
569696.6,4200553.5
569696.7,4200553.5
569696.75,4200554.0
569696.8,4200554.0
569696.9,4200554.0
569696.94,4200554.0
569697.0,4200554.0
569697.06,4200554.0
569697.1,4200554.0
569697.2,4200554.0
569697.25,4200554.5
569697.3,4200554.5
569697.4,4200554.5
569697.44,4200554.5
569697.5,4200554.5
569697.56,4200554.5
569697.6,4200554.5
569697.7,4200554.5
569697.75,4200554.5
569697.8,4200554.5
569697.9,4200555.0
569697.94,4200555.0
569698.0,4200555.0
569698.06,4200555.0
569698.1,4200555.0
569698.2,4200555.0
569698.25,4200555.0
569698.3,4200555.0
569698.4,4200555.0
569698.44,4200555.5
569698.5,4200555.5
569698.56,4200555.5
569698.6,4200555.5
569698.7,4200555.5
569698.75,4200555.5
569698.8,4200555.5
569698.9,4200555.5
569698.94,4200555.5
569699.0,4200556.0
569699.06,4200556.0
569699.1,4200556.0
569699.2,4200556.0
569699.5,4200556.0
569699.56,4200556.5
569699.6,4200556.5
569699.7,4200556.5
569699.75,4200556.5
569699.8,4200556.5
569699.9,4200556.5
569699.94,4200556.5
569700.0,4200556.5
569700.06,4200556.5
569700.1,4200556.5
569700.2,4200557.0
569700.25,4200557.0
569700.3,4200557.0
569700.4,4200557.0
569700.44,4200557.0
569700.5,4200557.0
569700.56,4200557.0
569700.6,4200557.0
569700.7,4200557.0
569700.75,4200557.5
569700.8,4200557.5
569700.9,4200557.5
569700.94,4200557.5
569701.0,4200557.5
569701.06,4200557.5
569701.1,4200557.5
569701.2,4200557.5
569701.25,4200558.0
569701.3,4200558.0
569701.4,4200558.0
569701.44,4200558.0
569701.5,4200558.0
569701.56,4200558.0
569701.6,4200558.0
569701.7,4200558.0
569701.75,4200558.0
569701.8,4200558.0
569701.9,4200558.5
569701.94,4200558.5
569702.0,4200558.5
569702.06,4200558.5
569702.1,4200558.5
569702.2,4200558.5
569702.25,4200558.5
569702.3,4200558.5
569702.4,4200558.5
569702.44,4200559.0
569702.5,4200559.0
569702.56,4200559.0
569702.6,4200559.0
569702.7,4200559.0
569702.75,4200559.0
569702.8,4200559.0
569702.9,4200559.0
569702.94,4200559.0
569703.0,4200559.5
569703.06,4200559.5
569703.1,4200559.5
569703.2,4200559.5
569703.25,4200559.5
569703.3,4200559.5
569703.4,4200559.5
569703.44,4200559.5
569703.5,4200559.5
569703.56,4200560.0
569703.6,4200560.0
569703.7,4200560.0
569703.75,4200560.0
569703.8,4200560.0
569703.9,4200560.0
569703.94,4200560.0
569704.0,4200560.0
569704.06,4200560.0
569704.1,4200560.0
569704.2,4200560.5
569704.25,4200560.5
569704.3,4200560.5
569704.4,4200560.5
569704.44,4200560.5
569704.5,4200560.5
569704.56,4200560.5
569704.6,4200560.5
569704.7,4200560.5
569704.75,4200561.0
569704.8,4200561.0
569704.9,4200561.0
569704.94,4200561.0
569705.0,4200561.0
569705.06,4200561.0
569705.1,4200561.0
569705.2,4200561.0
569705.25,4200561.0
569705.3,4200561.5
569705.4,4200561.5
569705.44,4200561.5
569705.5,4200561.5
569705.56,4200561.5
569705.6,4200561.5
569705.7,4200561.5
569705.75,4200561.5
569705.8,4200561.5
569705.9,4200562.0
569705.94,4200562.0
569706.0,4200562.0
569706.06,4200562.0
569706.1,4200562.0
569706.2,4200562.0
569706.25,4200562.0
569706.3,4200562.0
569706.4,4200562.5
569706.44,4200562.5
569706.5,4200562.5
569706.56,4200562.5
569706.6,4200562.5
569706.7,4200562.5
569706.75,4200562.5
569706.8,4200562.5
569706.9,4200562.5
569706.94,4200562.5
569707.0,4200563.0
569707.06,4200563.0
569707.1,4200563.0
569707.2,4200563.0
569707.25,4200563.0
569707.3,4200563.0
569707.4,4200563.0
569707.44,4200563.0
569707.5,4200563.0
569707.56,4200563.5
569707.6,4200563.5
569707.7,4200563.5
569707.75,4200563.5
569707.8,4200563.5
569707.9,4200563.5
569707.94,4200563.5
569708.0,4200563.5
569708.06,4200563.5
569708.1,4200564.0
569708.2,4200564.0
569708.25,4200564.0
569708.3,4200564.0
569708.4,4200564.0
569708.44,4200564.0
569708.5,4200564.0
569708.56,4200564.0
569708.6,4200564.0
569708.7,4200564.5
569708.75,4200564.5
569708.8,4200564.5
569708.9,4200564.5
569708.94,4200564.5
569709.0,4200564.5
569709.06,4200564.5
569709.1,4200564.5
569709.2,4200565.0
569709.25,4200565.0
569709.3,4200565.0
569709.4,4200565.0
569709.44,4200565.0
569709.5,4200565.0
569709.56,4200565.0
569709.6,4200565.0
569709.7,4200565.0
569709.75,4200565.0
569709.8,4200565.5
569709.9,4200565.5
569709.94,4200565.5
569710.0,4200565.5
569710.06,4200565.5
569710.1,4200565.5
569710.2,4200565.5
569710.25,4200565.5
569710.3,4200565.5
569710.4,4200566.0
569710.44,4200566.0
569710.5,4200566.0
569710.56,4200566.0
569710.6,4200566.0
569710.7,4200566.0
569710.75,4200566.0
569710.8,4200566.0
569710.9,4200566.0
569710.94,4200566.5
569711.0,4200566.5
569711.06,4200566.5
569711.1,4200566.5
569711.2,4200566.5
569711.25,4200566.5
569711.3,4200566.5
569711.4,4200566.5
569711.44,4200566.5
569711.5,4200567.0
569711.56,4200567.0
569711.6,4200567.0
569711.7,4200567.0
569711.75,4200567.0
569711.8,4200567.0
569711.9,4200567.0
569711.94,4200567.0
569712.0,4200567.5
569712.06,4200567.5
569712.1,4200567.5
569712.2,4200567.5
569712.25,4200567.5
569712.3,4200567.5
569712.4,4200567.5
569712.44,4200567.5
569712.5,4200567.5
569712.56,4200567.5
569712.6,4200568.0
569712.7,4200568.0
569712.75,4200568.0
569712.8,4200568.0
569712.9,4200568.0
569712.94,4200568.0
569713.0,4200568.0
569713.06,4200568.0
569713.1,4200568.5
569713.2,4200568.5
569713.25,4200568.5
569713.3,4200568.5
569713.4,4200568.5
569713.44,4200568.5
569713.5,4200568.5
569713.56,4200568.5
569713.6,4200568.5
569713.7,4200568.5
569713.75,4200569.0
569713.8,4200569.0
569713.9,4200569.0
569713.94,4200569.0
569714.0,4200569.0
569714.06,4200569.0
569714.1,4200569.0
569714.2,4200569.0
569714.25,4200569.0
569714.3,4200569.5
569714.4,4200569.5
569714.44,4200569.5
569714.5,4200569.5
569714.56,4200569.5
569714.6,4200569.5
569714.7,4200569.5
569714.75,4200569.5
569714.8,4200570.0
569714.9,4200570.0
569714.94,4200570.0
569715.0,4200570.0
569715.06,4200570.0
569715.1,4200570.0
569715.2,4200570.0
569715.25,4200570.0
569715.3,4200570.0
569715.4,4200570.0
569715.44,4200570.5
569715.5,4200570.5
569715.56,4200570.5
569715.6,4200570.5
569715.7,4200570.5
569715.75,4200570.5
569715.8,4200570.5
569715.9,4200570.5
569715.94,4200571.0
569716.0,4200571.0
569716.06,4200571.0
569716.1,4200571.0
569716.2,4200571.0
569716.25,4200571.0
569716.3,4200571.0
569716.4,4200571.0
569716.44,4200571.0
569716.5,4200571.0
569716.5,4200571.5
569716.56,4200571.5
569716.6,4200571.5
569716.7,4200571.5
569716.75,4200571.5
569716.8,4200571.5
569716.9,4200571.5
569716.94,4200571.5
569717.0,4200571.5
569717.06,4200571.5
569717.1,4200572.0
569717.2,4200572.0
569717.25,4200572.0
569717.3,4200572.0
569717.4,4200572.0
569717.44,4200572.0
569717.5,4200572.0
569717.56,4200572.0
569717.6,4200572.0
569717.7,4200572.5
569717.75,4200572.5
569717.8,4200572.5
569717.9,4200572.5
569717.94,4200572.5
569718.0,4200572.5
569718.06,4200572.5
569718.1,4200572.5
569718.2,4200572.5
569718.25,4200573.0
569718.3,4200573.0
569718.4,4200573.0
569718.44,4200573.0
569718.5,4200573.0
569718.56,4200573.0
569718.6,4200573.0
569718.7,4200573.0
569718.75,4200573.0
569718.8,4200573.0
569718.9,4200573.5
569718.94,4200573.5
569719.0,4200573.5
569719.06,4200573.5
569719.1,4200573.5
569719.2,4200573.5
569719.25,4200573.5
569719.3,4200573.5
569719.4,4200573.5
569719.44,4200574.0
569719.5,4200574.0
569719.56,4200574.0
569719.6,4200574.0
569719.7,4200574.0
569719.75,4200574.0
569719.8,4200574.0
569719.9,4200574.0
569719.94,4200574.5
569720.0,4200574.5
569720.06,4200574.5
569720.1,4200574.5
569720.2,4200574.5
569720.25,4200574.5
569720.3,4200574.5
569720.4,4200574.5
569720.44,4200574.5
569720.5,4200575.0
569720.56,4200575.0
569720.6,4200575.0
569720.7,4200575.0
569720.75,4200575.0
569720.8,4200575.0
569720.9,4200575.0
569720.94,4200575.0
569721.0,4200575.0
569721.06,4200575.0
569721.1,4200575.5
569721.2,4200575.5
569721.25,4200575.5
569721.3,4200575.5
569721.4,4200575.5
569721.44,4200575.5
569721.5,4200575.5
569721.56,4200575.5
569721.6,4200575.5
569721.7,4200576.0
569721.75,4200576.0
569721.8,4200576.0
569721.9,4200576.0
569721.94,4200576.0
569722.0,4200576.0
569722.06,4200576.0
569722.1,4200576.0
569722.2,4200576.0
569722.25,4200576.5
569722.3,4200576.5
569722.4,4200576.5
569722.44,4200576.5
569722.5,4200576.5
569722.56,4200576.5
569722.6,4200576.5
569722.7,4200576.5
569722.75,4200576.5
569722.8,4200577.0
569722.9,4200577.0
569722.94,4200577.0
569723.0,4200577.0
569723.06,4200577.0
569723.1,4200577.0
569723.2,4200577.0
569723.25,4200577.0
569723.3,4200577.0
569723.4,4200577.0
569723.44,4200577.5
569723.5,4200577.5
569723.56,4200577.5
569723.6,4200577.5
569723.7,4200577.5
569723.75,4200577.5
569723.8,4200577.5
569723.9,4200577.5
569723.94,4200577.5
569724.0,4200578.0
569724.06,4200578.0
569724.1,4200578.0
569724.2,4200578.0
569724.25,4200578.0
569724.3,4200578.0
569724.4,4200578.0
569724.44,4200578.0
569724.5,4200578.0
569724.56,4200578.5
569724.6,4200578.5
569724.7,4200578.5
569724.75,4200578.5
569724.8,4200578.5
569724.9,4200578.5
569724.94,4200578.5
569725.0,4200578.5
569725.06,4200578.5
569725.1,4200579.0
569725.2,4200579.0
569725.25,4200579.0
569725.3,4200579.0
569725.4,4200579.0
569725.44,4200579.0
569725.5,4200579.0
569725.56,4200579.0
569725.6,4200579.0
569725.7,4200579.5
569725.75,4200579.5
569725.8,4200579.5
569725.9,4200579.5
569725.94,4200579.5
569726.0,4200579.5
569726.06,4200579.5
569726.1,4200579.5
569726.2,4200579.5
569726.25,4200580.0
569726.3,4200580.0
569726.4,4200580.0
569726.44,4200580.0
569726.5,4200580.0
569726.56,4200580.0
569726.6,4200580.0
569726.7,4200580.0
569726.75,4200580.0
569726.8,4200580.5
569726.9,4200580.5
569726.94,4200580.5
569727.0,4200580.5
569727.06,4200580.5
569727.1,4200580.5
569727.2,4200580.5
569727.25,4200580.5
569727.3,4200580.5
569727.4,4200580.5
569727.44,4200581.0
569727.5,4200581.0
569727.56,4200581.0
569727.6,4200581.0
569727.7,4200581.0
569727.75,4200581.0
569727.8,4200581.0
569727.9,4200581.0
569727.94,4200581.0
569728.0,4200581.5
569728.06,4200581.5
569728.1,4200581.5
569728.2,4200581.5
569728.25,4200581.5
569728.3,4200581.5
569728.4,4200581.5
569728.44,4200581.5
569728.5,4200581.5
569728.56,4200582.0
569728.6,4200582.0
569728.7,4200582.0
569728.75,4200582.0
569728.8,4200582.0
569728.9,4200582.0
569728.94,4200582.0
569729.0,4200582.0
569729.06,4200582.0
569729.1,4200582.5
569729.2,4200582.5
569729.25,4200582.5
569729.3,4200582.5
569729.4,4200582.5
569729.44,4200582.5
569729.5,4200582.5
569729.56,4200582.5
569729.6,4200582.5
569729.7,4200583.0
569729.75,4200583.0
569729.8,4200583.0
569729.9,4200583.0
569729.94,4200583.0
569730.0,4200583.0
569730.06,4200583.0
569730.1,4200583.0
569730.2,4200583.0
569730.25,4200583.5
569730.3,4200583.5
569730.4,4200583.5
569730.44,4200583.5
569730.5,4200583.5
569730.56,4200583.5
569730.6,4200583.5
569730.7,4200583.5
569730.75,4200583.5
569730.8,4200584.0
569730.9,4200584.0
569730.94,4200584.0
569731.0,4200584.0
569731.06,4200584.0
569731.1,4200584.0
569731.2,4200584.0
569731.25,4200584.0
569731.3,4200584.0
569731.4,4200584.5
569731.44,4200584.5
569731.5,4200584.5
569731.56,4200584.5
569731.6,4200584.5
569731.7,4200584.5
569731.75,4200584.5
569731.8,4200584.5
569731.9,4200584.5
569731.9,4200585.0
569731.94,4200585.0
569732.0,4200585.0
569732.06,4200585.0
569732.1,4200585.0
569732.2,4200585.0
569732.25,4200585.0
569732.3,4200585.0
569732.4,4200585.0
569732.44,4200585.0
569732.44,4200585.5
569732.5,4200585.5
569732.56,4200585.5
569732.6,4200585.5
569732.7,4200585.5
569732.75,4200585.5
569732.8,4200585.5
569732.9,4200585.5
569732.94,4200585.5
569733.0,4200585.5
569733.0,4200586.0
569733.06,4200586.0
569733.1,4200586.0
569733.2,4200586.0
569733.25,4200586.0
569733.3,4200586.0
569733.4,4200586.0
569733.44,4200586.0
569733.5,4200586.0
569733.56,4200586.0
569733.56,4200586.5
569733.6,4200586.5
569733.7,4200586.5
569733.75,4200586.5
569733.8,4200586.5
569733.9,4200586.5
569733.94,4200586.5
569734.0,4200586.5
569734.06,4200586.5
569734.1,4200587.0
569734.2,4200587.0
569734.25,4200587.0
569734.3,4200587.0
569734.4,4200587.0
569734.44,4200587.0
569734.5,4200587.0
569734.56,4200587.0
569734.6,4200587.0
569734.7,4200587.5
569734.75,4200587.5
569734.8,4200587.5
569734.9,4200587.5
569734.94,4200587.5
569735.0,4200587.5
569735.06,4200587.5
569735.1,4200587.5
569735.2,4200587.5
569735.2,4200588.0
569735.25,4200588.0
569735.3,4200588.0
569735.4,4200588.0
569735.44,4200588.0
569735.5,4200588.0
569735.56,4200588.0
569735.6,4200588.0
569735.7,4200588.0
569735.75,4200588.0
569735.75,4200588.5
569735.8,4200588.5
569735.9,4200588.5
569735.94,4200588.5
569736.0,4200588.5
569736.06,4200588.5
569736.1,4200588.5
569736.2,4200588.5
569736.25,4200588.5
569736.3,4200588.5
569736.3,4200589.0
569736.4,4200589.0
569736.44,4200589.0
569736.5,4200589.0
569736.56,4200589.0
569736.6,4200589.0
569736.7,4200589.0
569736.75,4200589.0
569736.8,4200589.0
569736.9,4200589.5
569736.94,4200589.5
569737.0,4200589.5
569737.06,4200589.5
569737.1,4200589.5
569737.2,4200589.5
569737.25,4200589.5
569737.3,4200589.5
569737.4,4200589.5
569737.44,4200590.0
569737.5,4200590.0
569737.56,4200590.0
569737.6,4200590.0
569737.7,4200590.0
569737.75,4200590.0
569737.8,4200590.0
569737.9,4200590.0
569737.94,4200590.0
569738.0,4200590.5
569738.06,4200590.5
569738.1,4200590.5
569738.2,4200590.5
569738.25,4200590.5
569738.3,4200590.5
569738.4,4200590.5
569738.44,4200590.5
569738.5,4200590.5
569738.56,4200591.0
569738.6,4200591.0
569738.7,4200591.0
569738.75,4200591.0
569738.8,4200591.0
569738.9,4200591.0
569738.94,4200591.0
569739.0,4200591.0
569739.06,4200591.0
569739.1,4200591.5
569739.2,4200591.5
569739.25,4200591.5
569739.3,4200591.5
569739.4,4200591.5
569739.44,4200591.5
569739.5,4200591.5
569739.56,4200591.5
569739.6,4200591.5
569739.7,4200592.0
569739.75,4200592.0
569739.8,4200592.0
569739.9,4200592.0
569739.94,4200592.0
569740.0,4200592.0
569740.06,4200592.0
569740.1,4200592.0
569740.2,4200592.5
569740.25,4200592.5
569740.3,4200592.5
569740.4,4200592.5
569740.44,4200592.5
569740.5,4200592.5
569740.56,4200592.5
569740.6,4200592.5
569740.7,4200593.0
569740.75,4200593.0
569740.8,4200593.0
569740.9,4200593.0
569740.94,4200593.0
569741.0,4200593.0
569741.06,4200593.0
569741.1,4200593.0
569741.2,4200593.0
569741.25,4200593.5
569741.3,4200593.5
569741.4,4200593.5
569741.44,4200593.5
569741.5,4200593.5
569741.56,4200593.5
569741.6,4200593.5
569741.7,4200593.5
569741.75,4200593.5
569741.8,4200594.0
569741.9,4200594.0
569741.94,4200594.0
569742.0,4200594.0
569742.06,4200594.0
569742.1,4200594.0
569742.2,4200594.0
569742.25,4200594.0
569742.3,4200594.5
569742.4,4200594.5
569742.44,4200594.5
569742.5,4200594.5
569742.56,4200594.5
569742.6,4200594.5
569742.7,4200594.5
569742.75,4200594.5
569742.8,4200595.0
569742.9,4200595.0
569742.94,4200595.0
569743.0,4200595.0
569743.06,4200595.0
569743.1,4200595.0
569743.2,4200595.0
569743.25,4200595.0
569743.3,4200595.0
569743.4,4200595.5
569743.44,4200595.5
569743.5,4200595.5
569743.56,4200595.5
569743.6,4200595.5
569743.7,4200595.5
569743.75,4200595.5
569743.8,4200595.5
569743.9,4200595.5
569743.94,4200596.0
569744.0,4200596.0
569744.06,4200596.0
569744.1,4200596.0
569744.2,4200596.0
569744.25,4200596.0
569744.3,4200596.0
569744.4,4200596.0
569744.4,4200596.5
569744.44,4200596.5
569744.5,4200596.5
569744.56,4200596.5
569744.6,4200596.5
569744.7,4200596.5
569744.75,4200596.5
569744.8,4200596.5
569744.9,4200596.5
569744.94,4200597.0
569745.0,4200597.0
569745.06,4200597.0
569745.1,4200597.0
569745.2,4200597.0
569745.25,4200597.0
569745.3,4200597.0
569745.4,4200597.0
569745.44,4200597.0
569745.5,4200597.5
569745.56,4200597.5
569745.6,4200597.5
569745.7,4200597.5
569745.75,4200597.5
569745.8,4200597.5
569745.9,4200597.5
569745.94,4200597.5
569746.0,4200597.5
569746.06,4200598.0
569746.1,4200598.0
569746.2,4200598.0
569746.25,4200598.0
569746.3,4200598.0
569746.4,4200598.0
569746.44,4200598.0
569746.5,4200598.0
569746.5,4200598.5
569746.56,4200598.5
569746.6,4200598.5
569746.7,4200598.5
569746.75,4200598.5
569746.8,4200598.5
569746.9,4200598.5
569746.94,4200598.5
569747.0,4200598.5
569747.06,4200599.0
569747.1,4200599.0
569747.2,4200599.0
569747.25,4200599.0
569747.3,4200599.0
569747.4,4200599.0
569747.44,4200599.0
569747.5,4200599.0
569747.56,4200599.0
569747.6,4200599.5
569747.7,4200599.5
569747.75,4200599.5
569747.8,4200599.5
569747.9,4200599.5
569747.94,4200599.5
569748.0,4200599.5
569748.06,4200599.5
569748.1,4200600.0
569748.2,4200600.0
569748.25,4200600.0
569748.3,4200600.0
569748.4,4200600.0
569748.44,4200600.0
569748.5,4200600.0
569748.56,4200600.0
569748.6,4200600.0
569748.6,4200600.5
569748.7,4200600.5
569748.75,4200600.5
569748.8,4200600.5
569748.9,4200600.5
569748.94,4200600.5
569749.0,4200600.5
569749.06,4200600.5
569749.1,4200600.5
569749.2,4200601.0
569749.25,4200601.0
569749.3,4200601.0
569749.4,4200601.0
569749.44,4200601.0
569749.5,4200601.0
569749.56,4200601.0
569749.6,4200601.0
569749.7,4200601.5
569749.75,4200601.5
569749.8,4200601.5
569749.9,4200601.5
569749.94,4200601.5
569750.0,4200601.5
569750.06,4200601.5
569750.1,4200601.5
569750.2,4200601.5
569750.25,4200602.0
569750.3,4200602.0
569750.4,4200602.0
569750.44,4200602.0
569750.5,4200602.0
569750.56,4200602.0
569750.6,4200602.0
569750.7,4200602.0
569750.75,4200602.5
569750.8,4200602.5
569750.9,4200602.5
569750.94,4200602.5
569751.0,4200602.5
569751.06,4200602.5
569751.1,4200602.5
569751.2,4200602.5
569751.25,4200603.0
569751.3,4200603.0
569751.4,4200603.0
569751.44,4200603.0
569751.5,4200603.0
569751.56,4200603.0
569751.6,4200603.0
569751.7,4200603.0
569751.75,4200603.5
569751.8,4200603.5
569751.9,4200603.5
569751.94,4200603.5
569752.0,4200603.5
569752.06,4200603.5
569752.1,4200603.5
569752.2,4200603.5
569752.25,4200603.5
569752.3,4200604.0
569752.4,4200604.0
569752.44,4200604.0
569752.5,4200604.0
569752.56,4200604.0
569752.6,4200604.0
569752.7,4200604.0
569752.75,4200604.0
569752.8,4200604.5
569752.9,4200604.5
569752.94,4200604.5
569753.0,4200604.5
569753.06,4200604.5
569753.1,4200604.5
569753.2,4200604.5
569753.25,4200604.5
569753.3,4200605.0
569753.4,4200605.0
569753.44,4200605.0
569753.5,4200605.0
569753.56,4200605.0
569753.6,4200605.0
569753.7,4200605.0
569753.75,4200605.0
569753.8,4200605.5
569753.9,4200605.5
569753.94,4200605.5
569754.0,4200605.5
569754.06,4200605.5
569754.1,4200605.5
569754.2,4200605.5
569754.25,4200605.5
569754.3,4200605.5
569754.4,4200606.0
569754.44,4200606.0
569754.5,4200606.0
569754.56,4200606.0
569754.6,4200606.0
569754.7,4200606.0
569754.75,4200606.0
569754.8,4200606.0
569754.9,4200606.5
569754.94,4200606.5
569755.0,4200606.5
569755.06,4200606.5
569755.1,4200606.5
569755.2,4200606.5
569755.25,4200606.5
569755.3,4200606.5
569755.4,4200606.5
569755.4,4200607.0
569755.44,4200607.0
569755.5,4200607.0
569755.56,4200607.0
569755.6,4200607.0
569755.7,4200607.0
569755.75,4200607.0
569755.8,4200607.0
569755.9,4200607.5
569755.94,4200607.5
569756.0,4200607.5
569756.06,4200607.5
569756.1,4200607.5
569756.2,4200607.5
569756.25,4200607.5
569756.3,4200607.5
569756.4,4200607.5
569756.44,4200608.0
569756.5,4200608.0
569756.56,4200608.0
569756.6,4200608.0
569756.7,4200608.0
569756.75,4200608.0
569756.8,4200608.0
569756.9,4200608.0
569756.94,4200608.5
569757.0,4200608.5
569757.06,4200608.5
569757.1,4200608.5
569757.2,4200608.5
569757.25,4200608.5
569757.3,4200608.5
569757.4,4200608.5
569757.44,4200608.5
569757.44,4200609.0
569757.5,4200609.0
569757.56,4200609.0
569757.6,4200609.0
569757.7,4200609.0
569757.75,4200609.0
569757.8,4200609.0
569757.9,4200609.0
569757.94,4200609.5
569758.0,4200609.5
569758.06,4200609.5
569758.1,4200609.5
569758.2,4200609.5
569758.25,4200609.5
569758.3,4200609.5
569758.4,4200609.5
569758.44,4200609.5
569758.5,4200610.0
569758.56,4200610.0
569758.6,4200610.0
569758.7,4200610.0
569758.75,4200610.0
569758.8,4200610.0
569758.9,4200610.0
569758.94,4200610.0
569759.0,4200610.5
569759.06,4200610.5
569759.1,4200610.5
569759.2,4200610.5
569759.25,4200610.5
569759.3,4200610.5
569759.4,4200610.5
569759.44,4200610.5
569759.5,4200610.5
569759.56,4200611.0
569759.6,4200611.0
569759.7,4200611.0
569759.75,4200611.0
569759.8,4200611.0
569759.9,4200611.0
569759.94,4200611.0
569760.0,4200611.0
569760.0,4200611.5
569760.06,4200611.5
569760.1,4200611.5
569760.2,4200611.5
569760.25,4200611.5
569760.3,4200611.5
569760.4,4200611.5
569760.44,4200611.5
569760.5,4200611.5
569760.56,4200612.0
569760.6,4200612.0
569760.7,4200612.0
569760.75,4200612.0
569760.8,4200612.0
569760.9,4200612.0
569760.94,4200612.0
569761.0,4200612.0
569761.06,4200612.0
569761.1,4200612.5
569761.2,4200612.5
569761.25,4200612.5
569761.3,4200612.5
569761.4,4200612.5
569761.44,4200612.5
569761.5,4200612.5
569761.56,4200612.5
569761.6,4200613.0
569761.7,4200613.0
569761.75,4200613.0
569761.8,4200613.0
569761.9,4200613.0
569761.94,4200613.0
569762.0,4200613.0
569762.06,4200613.0
569762.1,4200613.0
569762.2,4200613.5
569762.25,4200613.5
569762.3,4200613.5
569762.4,4200613.5
569762.44,4200613.5
569762.5,4200613.5
569762.56,4200613.5
569762.6,4200613.5
569762.7,4200613.5
569762.75,4200614.0
569762.8,4200614.0
569762.9,4200614.0
569762.94,4200614.0
569763.0,4200614.0
569763.06,4200614.0
569763.1,4200614.0
569763.2,4200614.0
569763.25,4200614.5
569763.3,4200614.5
569763.4,4200614.5
569763.44,4200614.5
569763.5,4200614.5
569763.56,4200614.5
569763.6,4200614.5
569763.7,4200614.5
569763.75,4200614.5
569763.8,4200615.0
569763.9,4200615.0
569763.94,4200615.0
569764.0,4200615.0
569764.06,4200615.0
569764.1,4200615.0
569764.2,4200615.0
569764.25,4200615.0
569764.3,4200615.0
569764.4,4200615.5
569764.44,4200615.5
569764.5,4200615.5
569764.56,4200615.5
569764.6,4200615.5
569764.7,4200615.5
569764.75,4200615.5
569764.8,4200615.5
569764.9,4200616.0
569764.94,4200616.0
569765.0,4200616.0
569765.06,4200616.0
569765.1,4200616.0
569765.2,4200616.0
569765.25,4200616.0
569765.3,4200616.0
569765.4,4200616.0
569765.44,4200616.5
569765.5,4200616.5
569765.56,4200616.5
569765.6,4200616.5
569765.7,4200616.5
569765.75,4200616.5
569765.8,4200616.5
569765.9,4200616.5
569765.94,4200616.5
569765.94,4200617.0
569766.0,4200617.0
569766.06,4200617.0
569766.1,4200617.0
569766.2,4200617.0
569766.25,4200617.0
569766.3,4200617.0
569766.4,4200617.0
569766.44,4200617.0
569766.5,4200617.5
569766.56,4200617.5
569766.6,4200617.5
569766.7,4200617.5
569766.75,4200617.5
569766.8,4200617.5
569766.9,4200617.5
569766.94,4200617.5
569767.0,4200617.5
569767.06,4200618.0
569767.1,4200618.0
569767.2,4200618.0
569767.25,4200618.0
569767.3,4200618.0
569767.4,4200618.0
569767.44,4200618.0
569767.5,4200618.0
569767.56,4200618.5
569767.6,4200618.5
569767.7,4200618.5
569767.75,4200618.5
569767.8,4200618.5
569767.9,4200618.5
569767.94,4200618.5
569768.0,4200618.5
569768.06,4200618.5
569768.1,4200619.0
569768.2,4200619.0
569768.25,4200619.0
569768.3,4200619.0
569768.4,4200619.0
569768.44,4200619.0
569768.5,4200619.0
569768.56,4200619.0
569768.6,4200619.0
569768.6,4200619.5
569768.7,4200619.5
569768.75,4200619.5
569768.8,4200619.5
569768.9,4200619.5
569768.94,4200619.5
569769.0,4200619.5
569769.06,4200619.5
569769.1,4200619.5
569769.2,4200620.0
569769.25,4200620.0
569769.3,4200620.0
569769.4,4200620.0
569769.44,4200620.0
569769.5,4200620.0
569769.56,4200620.0
569769.6,4200620.0
569769.7,4200620.0
569769.75,4200620.5
569769.8,4200620.5
569769.9,4200620.5
569769.94,4200620.5
569770.0,4200620.5
569770.06,4200620.5
569770.1,4200620.5
569770.2,4200620.5
569770.25,4200620.5
569770.3,4200621.0
569770.4,4200621.0
569770.44,4200621.0
569770.5,4200621.0
569770.56,4200621.0
569770.6,4200621.0
569770.7,4200621.0
569770.75,4200621.0
569770.8,4200621.5
569770.9,4200621.5
569770.94,4200621.5
569771.0,4200621.5
569771.06,4200621.5
569771.1,4200621.5
569771.2,4200621.5
569771.25,4200621.5
569771.3,4200621.5
569771.4,4200621.5
569771.44,4200622.0
569771.5,4200622.0
569771.56,4200622.0
569771.6,4200622.0
569771.7,4200622.0
569771.75,4200622.0
569771.8,4200622.0
569771.9,4200622.0
569771.94,4200622.0
569772.0,4200622.5
569772.06,4200622.5
569772.1,4200622.5
569772.2,4200622.5
569772.25,4200622.5
569772.3,4200622.5
569772.4,4200622.5
569772.44,4200622.5
569772.5,4200622.5
569772.56,4200623.0
569772.6,4200623.0
569772.7,4200623.0
569772.75,4200623.0
569772.8,4200623.0
569772.9,4200623.0
569772.94,4200623.0
569773.0,4200623.0
569773.06,4200623.0
569773.1,4200623.5
569773.2,4200623.5
569773.25,4200623.5
569773.3,4200623.5
569773.4,4200623.5
569773.44,4200623.5
569773.5,4200623.5
569773.56,4200623.5
569773.6,4200623.5
569773.7,4200623.5
569773.75,4200624.0
569773.8,4200624.0
569773.9,4200624.0
569773.94,4200624.0
569774.0,4200624.0
569774.06,4200624.0
569774.1,4200624.0
569774.2,4200624.0
569774.25,4200624.0
569774.3,4200624.5
569774.4,4200624.5
569774.44,4200624.5
569774.5,4200624.5
569774.56,4200624.5
569774.6,4200624.5
569774.7,4200624.5
569774.75,4200624.5
569774.8,4200624.5
569774.9,4200625.0
569774.94,4200625.0
569775.0,4200625.0
569775.06,4200625.0
569775.1,4200625.0
569775.2,4200625.0
569775.25,4200625.0
569775.3,4200625.0
569775.4,4200625.0
569775.44,4200625.0
569775.5,4200625.5
569775.56,4200625.5
569775.6,4200625.5
569775.7,4200625.5
569775.75,4200625.5
569775.8,4200625.5
569775.9,4200625.5
569775.94,4200625.5
569776.0,4200625.5
569776.06,4200626.0
569776.1,4200626.0
569776.2,4200626.0
569776.25,4200626.0
569776.3,4200626.0
569776.4,4200626.0
569776.44,4200626.0
569776.5,4200626.0
569776.56,4200626.0
569776.6,4200626.0
569776.6,4200626.5
569776.7,4200626.5
569776.75,4200626.5
569776.8,4200626.5
569776.9,4200626.5
569776.94,4200626.5
569777.0,4200626.5
569777.06,4200626.5
569777.1,4200626.5
569777.2,4200627.0
569777.25,4200627.0
569777.3,4200627.0
569777.4,4200627.0
569777.44,4200627.0
569777.5,4200627.0
569777.56,4200627.0
569777.6,4200627.0
569777.7,4200627.0
569777.75,4200627.0
569777.8,4200627.5
569777.9,4200627.5
569777.94,4200627.5
569778.0,4200627.5
569778.06,4200627.5
569778.1,4200627.5
569778.2,4200627.5
569778.25,4200627.5
569778.3,4200627.5
569778.4,4200628.0
569778.44,4200628.0
569778.5,4200628.0
569778.56,4200628.0
569778.6,4200628.0
569778.7,4200628.0
569778.75,4200628.0
569778.8,4200628.0
569778.9,4200628.0
569778.94,4200628.0
569779.0,4200628.5
569779.06,4200628.5
569779.1,4200628.5
569779.2,4200628.5
569779.25,4200628.5
569779.3,4200628.5
569779.4,4200628.5
569779.44,4200628.5
569779.5,4200628.5
569779.56,4200629.0
569779.6,4200629.0
569779.7,4200629.0
569779.75,4200629.0
569779.8,4200629.0
569779.9,4200629.0
569779.94,4200629.0
569780.0,4200629.0
569780.06,4200629.0
569780.1,4200629.0
569780.2,4200629.5
569780.25,4200629.5
569780.3,4200629.5
569780.4,4200629.5
569780.44,4200629.5
569780.5,4200629.5
569780.56,4200629.5
569780.6,4200629.5
569780.7,4200629.5
569780.75,4200630.0
569780.8,4200630.0
569780.9,4200630.0
569780.94,4200630.0
569781.0,4200630.0
569781.06,4200630.0
569781.1,4200630.0
569781.2,4200630.0
569781.25,4200630.0
569781.3,4200630.5
569781.4,4200630.5
569781.44,4200630.5
569781.5,4200630.5
569781.56,4200630.5
569781.6,4200630.5
569781.7,4200630.5
569781.75,4200630.5
569781.8,4200630.5
569781.9,4200631.0
569781.94,4200631.0
569782.0,4200631.0
569782.06,4200631.0
569782.1,4200631.0
569782.2,4200631.0
569782.25,4200631.0
569782.3,4200631.0
569782.4,4200631.0
569782.44,4200631.0
569782.5,4200631.5
569782.56,4200631.5
569782.6,4200631.5
569782.7,4200631.5
569782.75,4200631.5
569782.8,4200631.5
569782.9,4200631.5
569782.94,4200631.5
569783.0,4200631.5
569783.06,4200632.0
569783.1,4200632.0
569783.2,4200632.0
569783.25,4200632.0
569783.3,4200632.0
569783.4,4200632.0
569783.44,4200632.0
569783.5,4200632.0
569783.56,4200632.0
569783.6,4200632.0
569783.7,4200632.5
569783.75,4200632.5
569783.8,4200632.5
569783.9,4200632.5
569783.94,4200632.5
569784.0,4200632.5
569784.06,4200632.5
569784.1,4200632.5
569784.2,4200632.5
569784.25,4200633.0
569784.3,4200633.0
569784.4,4200633.0
569784.44,4200633.0
569784.5,4200633.0
569784.56,4200633.0
569784.6,4200633.0
569784.7,4200633.0
569784.75,4200633.0
569784.8,4200633.0
569784.9,4200633.5
569784.94,4200633.5
569785.0,4200633.5
569785.06,4200633.5
569785.1,4200633.5
569785.2,4200633.5
569785.25,4200633.5
569785.3,4200633.5
569785.4,4200633.5
569785.44,4200633.5
569785.5,4200634.0
569785.56,4200634.0
569785.6,4200634.0
569785.7,4200634.0
569785.75,4200634.0
569785.8,4200634.0
569785.9,4200634.0
569785.94,4200634.0
569786.0,4200634.0
569786.06,4200634.5
569786.1,4200634.5
569786.2,4200634.5
569786.25,4200634.5
569786.3,4200634.5
569786.4,4200634.5
569786.44,4200634.5
569786.5,4200634.5
569786.56,4200634.5
569786.6,4200634.5
569786.7,4200635.0
569786.75,4200635.0
569786.8,4200635.0
569786.9,4200635.0
569786.94,4200635.0
569787.0,4200635.0
569787.06,4200635.0
569787.1,4200635.0
569787.2,4200635.0
569787.25,4200635.5
569787.3,4200635.5
569787.4,4200635.5
569787.44,4200635.5
569787.5,4200635.5
569787.56,4200635.5
569787.6,4200635.5
569787.7,4200635.5
569787.75,4200635.5
569787.8,4200635.5
569787.9,4200636.0
569787.94,4200636.0
569788.0,4200636.0
569788.06,4200636.0
569788.1,4200636.0
569788.2,4200636.0
569788.25,4200636.0
569788.3,4200636.0
569788.4,4200636.0
569788.44,4200636.0
569788.5,4200636.5
569788.56,4200636.5
569788.6,4200636.5
569788.7,4200636.5
569788.75,4200636.5
569788.8,4200636.5
569788.9,4200636.5
569788.94,4200636.5
569789.0,4200636.5
569789.06,4200637.0
569789.1,4200637.0
569789.2,4200637.0
569789.25,4200637.0
569789.3,4200637.0
569789.4,4200637.0
569789.44,4200637.0
569789.5,4200637.0
569789.56,4200637.0
569789.6,4200637.0
569789.7,4200637.5
569789.75,4200637.5
569789.8,4200637.5
569789.9,4200637.5
569789.94,4200637.5
569790.0,4200637.5
569790.06,4200637.5
569790.1,4200637.5
569790.2,4200637.5
569790.25,4200638.0
569790.3,4200638.0
569790.4,4200638.0
569790.44,4200638.0
569790.5,4200638.0
569790.56,4200638.0
569790.6,4200638.0
569790.7,4200638.0
569790.75,4200638.0
569790.8,4200638.0
569790.8,4200638.5
569790.9,4200638.5
569790.94,4200638.5
569791.0,4200638.5
569791.06,4200638.5
569791.1,4200638.5
569791.2,4200638.5
569791.25,4200638.5
569791.3,4200638.5
569791.4,4200638.5
569791.4,4200639.0
569791.44,4200639.0
569791.5,4200639.0
569791.56,4200639.0
569791.6,4200639.0
569791.7,4200639.0
569791.75,4200639.0
569791.8,4200639.0
569791.9,4200639.0
569791.94,4200639.0
569792.0,4200639.5
569792.06,4200639.5
569792.1,4200639.5
569792.2,4200639.5
569792.25,4200639.5
569792.3,4200639.5
569792.4,4200639.5
569792.44,4200639.5
569792.5,4200639.5
569792.56,4200639.5
569792.6,4200640.0
569792.7,4200640.0
569792.75,4200640.0
569792.8,4200640.0
569792.9,4200640.0
569792.94,4200640.0
569793.0,4200640.0
569793.06,4200640.0
569793.1,4200640.0
569793.2,4200640.5
569793.25,4200640.5
569793.3,4200640.5
569793.4,4200640.5
569793.44,4200640.5
569793.5,4200640.5
569793.56,4200640.5
569793.6,4200640.5
569793.7,4200640.5
569793.75,4200640.5
569793.8,4200641.0
569793.9,4200641.0
569793.94,4200641.0
569794.0,4200641.0
569794.06,4200641.0
569794.1,4200641.0
569794.2,4200641.0
569794.25,4200641.0
569794.3,4200641.0
569794.4,4200641.5
569794.44,4200641.5
569794.5,4200641.5
569794.56,4200641.5
569794.6,4200641.5
569794.7,4200641.5
569794.75,4200641.5
569794.8,4200641.5
569794.9,4200641.5
569794.94,4200642.0
569795.0,4200642.0
569795.06,4200642.0
569795.1,4200642.0
569795.2,4200642.0
569795.25,4200642.0
569795.3,4200642.0
569795.4,4200642.0
569795.44,4200642.0
569795.5,4200642.0
569795.56,4200642.5
569795.6,4200642.5
569795.7,4200642.5
569795.75,4200642.5
569795.8,4200642.5
569795.9,4200642.5
569795.94,4200642.5
569796.0,4200642.5
569796.06,4200642.5
569796.1,4200643.0
569796.2,4200643.0
569796.25,4200643.0
569796.3,4200643.0
569796.4,4200643.0
569796.44,4200643.0
569796.5,4200643.0
569796.56,4200643.0
569796.6,4200643.0
569796.7,4200643.0
569796.75,4200643.5
569796.8,4200643.5
569796.9,4200643.5
569796.94,4200643.5
569797.0,4200643.5
569797.06,4200643.5
569797.1,4200643.5
569797.2,4200643.5
569797.25,4200643.5
569797.3,4200644.0
569797.4,4200644.0
569797.44,4200644.0
569797.5,4200644.0
569797.56,4200644.0
569797.6,4200644.0
569797.7,4200644.0
569797.75,4200644.0
569797.8,4200644.0
569797.9,4200644.0
569797.94,4200644.5
569798.0,4200644.5
569798.06,4200644.5
569798.1,4200644.5
569798.2,4200644.5
569798.25,4200644.5
569798.3,4200644.5
569798.4,4200644.5
569798.44,4200644.5
569798.5,4200645.0
569798.56,4200645.0
569798.6,4200645.0
569798.7,4200645.0
569798.75,4200645.0
569798.8,4200645.0
569798.9,4200645.0
569798.94,4200645.0
569799.0,4200645.0
569799.06,4200645.5
569799.1,4200645.5
569799.2,4200645.5
569799.25,4200645.5
569799.3,4200645.5
569799.4,4200645.5
569799.44,4200645.5
569799.5,4200645.5
569799.56,4200645.5
569799.6,4200645.5
569799.7,4200646.0
569799.75,4200646.0
569799.8,4200646.0
569799.9,4200646.0
569799.94,4200646.0
569800.0,4200646.0
569800.06,4200646.0
569800.1,4200646.0
569800.2,4200646.0
569800.25,4200646.5
569800.3,4200646.5
569800.4,4200646.5
569800.44,4200646.5
569800.5,4200646.5
569800.56,4200646.5
569800.6,4200646.5
569800.7,4200646.5
569800.75,4200646.5
569800.8,4200646.5
569800.9,4200647.0
569800.94,4200647.0
569801.0,4200647.0
569801.06,4200647.0
569801.1,4200647.0
569801.2,4200647.0
569801.25,4200647.0
569801.3,4200647.0
569801.4,4200647.0
569801.44,4200647.5
569801.5,4200647.5
569801.56,4200647.5
569801.6,4200647.5
569801.7,4200647.5
569801.75,4200647.5
569801.8,4200647.5
569801.9,4200647.5
569801.94,4200647.5
569802.0,4200648.0
569802.06,4200648.0
569802.1,4200648.0
569802.2,4200648.0
569802.25,4200648.0
569802.3,4200648.0
569802.4,4200648.0
569802.44,4200648.0
569802.5,4200648.0
569802.56,4200648.0
569802.6,4200648.5
569802.7,4200648.5
569802.75,4200648.5
569802.8,4200648.5
569802.9,4200648.5
569802.94,4200648.5
569803.0,4200648.5
569803.06,4200648.5
569803.1,4200648.5
569803.2,4200649.0
569803.25,4200649.0
569803.3,4200649.0
569803.4,4200649.0
569803.44,4200649.0
569803.5,4200649.0
569803.56,4200649.0
569803.6,4200649.0
569803.7,4200649.0
569803.75,4200649.0
569803.8,4200649.5
569803.9,4200649.5
569803.94,4200649.5
569804.0,4200649.5
569804.06,4200649.5
569804.1,4200649.5
569804.2,4200649.5
569804.25,4200649.5
569804.3,4200649.5
569804.4,4200650.0
569804.44,4200650.0
569804.5,4200650.0
569804.56,4200650.0
569804.6,4200650.0
569804.7,4200650.0
569804.75,4200650.0
569804.8,4200650.0
569804.9,4200650.0
569804.94,4200650.5
569805.0,4200650.5
569805.06,4200650.5
569805.1,4200650.5
569805.2,4200650.5
569805.25,4200650.5
569805.3,4200650.5
569805.4,4200650.5
569805.44,4200650.5
569805.5,4200651.0
569805.56,4200651.0
569805.6,4200651.0
569805.7,4200651.0
569805.75,4200651.0
569805.8,4200651.0
569805.9,4200651.0
569805.94,4200651.0
569806.0,4200651.0
569806.06,4200651.0
569806.06,4200651.5
569806.1,4200651.5
569806.2,4200651.5
569806.25,4200651.5
569806.3,4200651.5
569806.4,4200651.5
569806.44,4200651.5
569806.5,4200651.5
569806.56,4200651.5
569806.6,4200651.5
569806.7,4200651.5
569806.7,4200652.0
569806.75,4200652.0
569806.8,4200652.0
569806.9,4200652.0
569806.94,4200652.0
569807.0,4200652.0
569807.06,4200652.0
569807.1,4200652.0
569807.2,4200652.0
569807.25,4200652.0
569807.3,4200652.5
569807.4,4200652.5
569807.44,4200652.5
569807.5,4200652.5
569807.56,4200652.5
569807.6,4200652.5
569807.7,4200652.5
569807.75,4200652.5
569807.8,4200652.5
569807.9,4200653.0
569807.94,4200653.0
569808.0,4200653.0
569808.06,4200653.0
569808.1,4200653.0
569808.2,4200653.0
569808.25,4200653.0
569808.3,4200653.0
569808.4,4200653.0
569808.44,4200653.5
569808.5,4200653.5
569808.56,4200653.5
569808.6,4200653.5
569808.7,4200653.5
569808.75,4200653.5
569808.8,4200653.5
569808.9,4200653.5
569808.94,4200653.5
569809.0,4200654.0
569809.06,4200654.0
569809.1,4200654.0
569809.2,4200654.0
569809.25,4200654.0
569809.3,4200654.0
569809.4,4200654.0
569809.44,4200654.0
569809.5,4200654.0
569809.56,4200654.5
569809.6,4200654.5
569809.7,4200654.5
569809.75,4200654.5
569809.8,4200654.5
569809.9,4200654.5
569809.94,4200654.5
569810.0,4200654.5
569810.06,4200654.5
569810.1,4200654.5
569810.2,4200655.0
569810.25,4200655.0
569810.3,4200655.0
569810.4,4200655.0
569810.44,4200655.0
569810.5,4200655.0
569810.56,4200655.0
569810.6,4200655.0
569810.7,4200655.0
569810.75,4200655.5
569810.8,4200655.5
569810.9,4200655.5
569810.94,4200655.5
569811.0,4200655.5
569811.06,4200655.5
569811.1,4200655.5
569811.2,4200655.5
569811.25,4200655.5
569811.3,4200656.0
569811.4,4200656.0
569811.44,4200656.0
569811.5,4200656.0
569811.56,4200656.0
569811.6,4200656.0
569811.7,4200656.0
569811.75,4200656.0
569811.8,4200656.0
569811.9,4200656.5
569811.94,4200656.5
569812.0,4200656.5
569812.06,4200656.5
569812.1,4200656.5
569812.2,4200656.5
569812.25,4200656.5
569812.3,4200656.5
569812.4,4200656.5
569812.44,4200657.0
569812.5,4200657.0
569812.56,4200657.0
569812.6,4200657.0
569812.7,4200657.0
569812.75,4200657.0
569812.8,4200657.0
569812.9,4200657.0
569812.94,4200657.0
569813.0,4200657.5
569813.06,4200657.5
569813.1,4200657.5
569813.2,4200657.5
569813.25,4200657.5
569813.3,4200657.5
569813.4,4200657.5
569813.44,4200657.5
569813.5,4200657.5
569813.56,4200657.5
569813.6,4200658.0
569813.7,4200658.0
569813.75,4200658.0
569813.8,4200658.0
569813.9,4200658.0
569813.94,4200658.0
569814.0,4200658.0
569814.06,4200658.0
569814.1,4200658.0
569814.2,4200658.5
569814.25,4200658.5
569814.3,4200658.5
569814.4,4200658.5
569814.44,4200658.5
569814.5,4200658.5
569814.56,4200658.5
569814.6,4200658.5
569814.7,4200658.5
569814.75,4200659.0
569814.8,4200659.0
569814.9,4200659.0
569814.94,4200659.0
569815.0,4200659.0
569815.06,4200659.0
569815.1,4200659.0
569815.2,4200659.0
569815.25,4200659.0
569815.3,4200659.5
569815.4,4200659.5
569815.44,4200659.5
569815.5,4200659.5
569815.56,4200659.5
569815.6,4200659.5
569815.7,4200659.5
569815.75,4200659.5
569815.8,4200659.5
569815.9,4200659.5
569815.9,4200660.0
569815.94,4200660.0
569816.0,4200660.0
569816.06,4200660.0
569816.1,4200660.0
569816.2,4200660.0
569816.25,4200660.0
569816.3,4200660.0
569816.4,4200660.0
569816.44,4200660.0
569816.5,4200660.5
569816.56,4200660.5
569816.6,4200660.5
569816.7,4200660.5
569816.75,4200660.5
569816.8,4200660.5
569816.9,4200660.5
569816.94,4200660.5
569817.0,4200660.5
569817.06,4200661.0
569817.1,4200661.0
569817.2,4200661.0
569817.25,4200661.0
569817.3,4200661.0
569817.4,4200661.0
569817.44,4200661.0
569817.5,4200661.0
569817.56,4200661.0
569817.6,4200661.5
569817.7,4200661.5
569817.75,4200661.5
569817.8,4200661.5
569817.9,4200661.5
569817.94,4200661.5
569818.0,4200661.5
569818.06,4200661.5
569818.1,4200661.5
569818.2,4200662.0
569818.25,4200662.0
569818.3,4200662.0
569818.4,4200662.0
569818.44,4200662.0
569818.5,4200662.0
569818.56,4200662.0
569818.6,4200662.0
569818.7,4200662.0
569818.75,4200662.5
569818.8,4200662.5
569818.9,4200662.5
569818.94,4200662.5
569819.0,4200662.5
569819.06,4200662.5
569819.1,4200662.5
569819.2,4200662.5
569819.25,4200662.5
569819.3,4200663.0
569819.4,4200663.0
569819.44,4200663.0
569819.5,4200663.0
569819.56,4200663.0
569819.6,4200663.0
569819.7,4200663.0
569819.75,4200663.0
569819.8,4200663.0
569819.9,4200663.0
569819.94,4200663.5
569820.0,4200663.5
569820.06,4200663.5
569820.1,4200663.5
569820.2,4200663.5
569820.25,4200663.5
569820.3,4200663.5
569820.4,4200663.5
569820.44,4200663.5
569820.5,4200664.0
569820.56,4200664.0
569820.6,4200664.0
569820.7,4200664.0
569820.75,4200664.0
569820.8,4200664.0
569820.9,4200664.0
569820.94,4200664.0
569821.0,4200664.0
569821.06,4200664.5
569821.1,4200664.5
569821.2,4200664.5
569821.25,4200664.5
569821.3,4200664.5
569821.4,4200664.5
569821.44,4200664.5
569821.5,4200664.5
569821.56,4200664.5
569821.6,4200665.0
569821.7,4200665.0
569821.75,4200665.0
569821.8,4200665.0
569821.9,4200665.0
569821.94,4200665.0
569822.0,4200665.0
569822.06,4200665.0
569822.1,4200665.0
569822.2,4200665.5
569822.25,4200665.5
569822.3,4200665.5
569822.4,4200665.5
569822.44,4200665.5
569822.5,4200665.5
569822.56,4200665.5
569822.6,4200665.5
569822.7,4200665.5
569822.75,4200666.0
569822.8,4200666.0
569822.9,4200666.0
569822.94,4200666.0
569823.0,4200666.0
569823.06,4200666.0
569823.1,4200666.0
569823.2,4200666.0
569823.25,4200666.0
569823.3,4200666.0
569823.3,4200666.5
569823.4,4200666.5
569823.44,4200666.5
569823.5,4200666.5
569823.56,4200666.5
569823.6,4200666.5
569823.7,4200666.5
569823.75,4200666.5
569823.8,4200666.5
569823.9,4200666.5
569823.94,4200667.0
569824.0,4200667.0
569824.06,4200667.0
569824.1,4200667.0
569824.2,4200667.0
569824.25,4200667.0
569824.3,4200667.0
569824.4,4200667.0
569824.44,4200667.0
569824.5,4200667.5
569824.56,4200667.5
569824.6,4200667.5
569824.7,4200667.5
569824.75,4200667.5
569824.8,4200667.5
569824.9,4200667.5
569824.94,4200667.5
569825.0,4200667.5
569825.06,4200668.0
569825.1,4200668.0
569825.2,4200668.0
569825.25,4200668.0
569825.3,4200668.0
569825.4,4200668.0
569825.44,4200668.0
569825.5,4200668.0
569825.56,4200668.0
569825.6,4200668.0
569825.7,4200668.5
569825.75,4200668.5
569825.8,4200668.5
569825.9,4200668.5
569825.94,4200668.5
569826.0,4200668.5
569826.06,4200668.5
569826.1,4200668.5
569826.2,4200668.5
569826.25,4200669.0
569826.3,4200669.0
569826.4,4200669.0
569826.44,4200669.0
569826.5,4200669.0
569826.56,4200669.0
569826.6,4200669.0
569826.7,4200669.0
569826.75,4200669.5
569826.8,4200669.5
569826.9,4200669.5
569826.94,4200669.5
569827.0,4200669.5
569827.06,4200669.5
569827.1,4200669.5
569827.2,4200669.5
569827.25,4200669.5
569827.3,4200670.0
569827.4,4200670.0
569827.44,4200670.0
569827.5,4200670.0
569827.56,4200670.0
569827.6,4200670.0
569827.7,4200670.0
569827.75,4200670.0
569827.8,4200670.0
569827.9,4200670.0
569827.94,4200670.5
569828.0,4200670.5
569828.06,4200670.5
569828.1,4200670.5
569828.2,4200670.5
569828.25,4200670.5
569828.3,4200670.5
569828.4,4200670.5
569828.44,4200670.5
569828.5,4200671.0
569828.56,4200671.0
569828.6,4200671.0
569828.7,4200671.0
569828.75,4200671.0
569828.8,4200671.0
569828.9,4200671.0
569828.94,4200671.0
569829.0,4200671.5
569829.06,4200671.5
569829.1,4200671.5
569829.2,4200671.5
569829.25,4200671.5
569829.3,4200671.5
569829.4,4200671.5
569829.44,4200671.5
569829.5,4200671.5
569829.56,4200672.0
569829.6,4200672.0
569829.7,4200672.0
569829.75,4200672.0
569829.8,4200672.0
569829.9,4200672.0
569829.94,4200672.0
569830.0,4200672.0
569830.06,4200672.0
569830.1,4200672.5
569830.2,4200672.5
569830.25,4200672.5
569830.3,4200672.5
569830.4,4200672.5
569830.44,4200672.5
569830.5,4200672.5
569830.56,4200672.5
569830.6,4200672.5
569830.7,4200673.0
569830.75,4200673.0
569830.8,4200673.0
569830.9,4200673.0
569830.94,4200673.0
569831.0,4200673.0
569831.06,4200673.0
569831.1,4200673.0
569831.2,4200673.5
569831.25,4200673.5
569831.3,4200673.5
569831.4,4200673.5
569831.44,4200673.5
569831.5,4200673.5
569831.56,4200673.5
569831.6,4200673.5
569831.7,4200673.5
569831.75,4200673.5
569831.75,4200674.0
569831.8,4200674.0
569831.9,4200674.0
569831.94,4200674.0
569832.0,4200674.0
569832.06,4200674.0
569832.1,4200674.0
569832.2,4200674.0
569832.25,4200674.0
569832.3,4200674.0
569832.4,4200674.5
569832.44,4200674.5
569832.5,4200674.5
569832.56,4200674.5
569832.6,4200674.5
569832.7,4200674.5
569832.75,4200674.5
569832.8,4200674.5
569832.9,4200674.5
569832.94,4200675.0
569833.0,4200675.0
569833.06,4200675.0
569833.1,4200675.0
569833.2,4200675.0
569833.25,4200675.0
569833.3,4200675.0
569833.4,4200675.0
569833.44,4200675.5
569833.5,4200675.5
569833.56,4200675.5
569833.6,4200675.5
569833.7,4200675.5
569833.75,4200675.5
569833.8,4200675.5
569833.9,4200675.5
569833.94,4200675.5
569834.0,4200676.0
569834.06,4200676.0
569834.1,4200676.0
569834.2,4200676.0
569834.25,4200676.0
569834.3,4200676.0
569834.4,4200676.0
569834.44,4200676.0
569834.5,4200676.0
569834.56,4200676.5
569834.6,4200676.5
569834.7,4200676.5
569834.75,4200676.5
569834.8,4200676.5
569834.9,4200676.5
569834.94,4200676.5
569835.0,4200676.5
569835.06,4200676.5
569835.1,4200677.0
569835.2,4200677.0
569835.25,4200677.0
569835.3,4200677.0
569835.4,4200677.0
569835.44,4200677.0
569835.5,4200677.0
569835.56,4200677.0
569835.6,4200677.0
569835.6,4200677.5
569835.7,4200677.5
569835.75,4200677.5
569835.8,4200677.5
569835.9,4200677.5
569835.94,4200677.5
569836.0,4200677.5
569836.06,4200677.5
569836.1,4200677.5
569836.2,4200677.5
569836.25,4200678.0
569836.3,4200678.0
569836.4,4200678.0
569836.44,4200678.0
569836.5,4200678.0
569836.56,4200678.0
569836.6,4200678.0
569836.7,4200678.0
569836.75,4200678.0
569836.8,4200678.5
569836.9,4200678.5
569836.94,4200678.5
569837.0,4200678.5
569837.06,4200678.5
569837.1,4200678.5
569837.2,4200678.5
569837.25,4200678.5
569837.3,4200678.5
569837.4,4200679.0
569837.44,4200679.0
569837.5,4200679.0
569837.56,4200679.0
569837.6,4200679.0
569837.7,4200679.0
569837.75,4200679.0
569837.8,4200679.0
569837.9,4200679.5
569837.94,4200679.5
569838.0,4200679.5
569838.06,4200679.5
569838.1,4200679.5
569838.2,4200679.5
569838.25,4200679.5
569838.3,4200679.5
569838.4,4200679.5
569838.44,4200680.0
569838.5,4200680.0
569838.56,4200680.0
569838.6,4200680.0
569838.7,4200680.0
569838.75,4200680.0
569838.8,4200680.0
569838.9,4200680.0
569838.94,4200680.0
569839.0,4200680.5
569839.06,4200680.5
569839.1,4200680.5
569839.2,4200680.5
569839.25,4200680.5
569839.3,4200680.5
569839.4,4200680.5
569839.44,4200680.5
569839.5,4200681.0
569839.56,4200681.0
569839.6,4200681.0
569839.7,4200681.0
569839.75,4200681.0
569839.8,4200681.0
569839.9,4200681.0
569839.94,4200681.0
569840.0,4200681.0
569840.06,4200681.5
569840.1,4200681.5
569840.2,4200681.5
569840.25,4200681.5
569840.3,4200681.5
569840.4,4200681.5
569840.44,4200681.5
569840.5,4200681.5
569840.56,4200682.0
569840.6,4200682.0
569840.7,4200682.0
569840.75,4200682.0
569840.8,4200682.0
569840.9,4200682.0
569840.94,4200682.0
569841.0,4200682.0
569841.06,4200682.0
569841.1,4200682.0
569841.1,4200682.5
569841.2,4200682.5
569841.25,4200682.5
569841.3,4200682.5
569841.4,4200682.5
569841.44,4200682.5
569841.5,4200682.5
569841.56,4200682.5
569841.6,4200682.5
569841.7,4200682.5
569841.7,4200683.0
569841.75,4200683.0
569841.8,4200683.0
569841.9,4200683.0
569841.94,4200683.0
569842.0,4200683.0
569842.06,4200683.0
569842.1,4200683.0
569842.2,4200683.0
569842.25,4200683.5
569842.3,4200683.5
569842.4,4200683.5
569842.44,4200683.5
569842.5,4200683.5
569842.56,4200683.5
569842.6,4200683.5
569842.7,4200683.5
569842.75,4200683.5
569842.8,4200684.0
569842.9,4200684.0
569842.94,4200684.0
569843.0,4200684.0
569843.06,4200684.0
569843.1,4200684.0
569843.2,4200684.0
569843.25,4200684.0
569843.3,4200684.5
569843.4,4200684.5
569843.44,4200684.5
569843.5,4200684.5
569843.56,4200684.5
569843.6,4200684.5
569843.7,4200684.5
569843.75,4200684.5
569843.8,4200684.5
569843.9,4200685.0
569843.94,4200685.0
569844.0,4200685.0
569844.06,4200685.0
569844.1,4200685.0
569844.2,4200685.0
569844.25,4200685.0
569844.3,4200685.0
569844.4,4200685.0
569844.44,4200685.5
569844.5,4200685.5
569844.56,4200685.5
569844.6,4200685.5
569844.7,4200685.5
569844.75,4200685.5
569844.8,4200685.5
569844.9,4200685.5
569844.94,4200686.0
569845.0,4200686.0
569845.06,4200686.0
569845.1,4200686.0
569845.2,4200686.0
569845.25,4200686.0
569845.3,4200686.0
569845.4,4200686.0
569845.44,4200686.0
569845.5,4200686.5
569845.56,4200686.5
569845.6,4200686.5
569845.7,4200686.5
569845.75,4200686.5
569845.8,4200686.5
569845.9,4200686.5
569845.94,4200686.5
569846.0,4200687.0
569846.06,4200687.0
569846.1,4200687.0
569846.2,4200687.0
569846.25,4200687.0
569846.3,4200687.0
569846.4,4200687.0
569846.44,4200687.0
569846.5,4200687.0
569846.56,4200687.5
569846.6,4200687.5
569846.7,4200687.5
569846.75,4200687.5
569846.8,4200687.5
569846.9,4200687.5
569846.94,4200687.5
569847.0,4200687.5
569847.06,4200687.5
569847.06,4200688.0
569847.1,4200688.0
569847.2,4200688.0
569847.25,4200688.0
569847.3,4200688.0
569847.4,4200688.0
569847.44,4200688.0
569847.5,4200688.0
569847.56,4200688.0
569847.6,4200688.0
569847.6,4200688.5
569847.7,4200688.5
569847.75,4200688.5
569847.8,4200688.5
569847.9,4200688.5
569847.94,4200688.5
569848.0,4200688.5
569848.06,4200688.5
569848.1,4200688.5
569848.2,4200688.5
569848.25,4200689.0
569848.3,4200689.0
569848.4,4200689.0
569848.44,4200689.0
569848.5,4200689.0
569848.56,4200689.0
569848.6,4200689.0
569848.7,4200689.0
569848.75,4200689.5
569848.8,4200689.5
569848.9,4200689.5
569848.94,4200689.5
569849.0,4200689.5
569849.06,4200689.5
569849.1,4200689.5
569849.2,4200689.5
569849.25,4200689.5
569849.3,4200690.0
569849.4,4200690.0
569849.44,4200690.0
569849.5,4200690.0
569849.56,4200690.0
569849.6,4200690.0
569849.7,4200690.0
569849.75,4200690.0
569849.8,4200690.5
569849.9,4200690.5
569849.94,4200690.5
569850.0,4200690.5
569850.06,4200690.5
569850.1,4200690.5
569850.2,4200690.5
569850.25,4200690.5
569850.3,4200690.5
569850.4,4200691.0
569850.44,4200691.0
569850.5,4200691.0
569850.56,4200691.0
569850.6,4200691.0
569850.7,4200691.0
569850.75,4200691.0
569850.8,4200691.0
569850.9,4200691.5
569850.94,4200691.5
569851.0,4200691.5
569851.06,4200691.5
569851.1,4200691.5
569851.2,4200691.5
569851.25,4200691.5
569851.3,4200691.5
569851.4,4200691.5
569851.44,4200692.0
569851.5,4200692.0
569851.56,4200692.0
569851.6,4200692.0
569851.7,4200692.0
569851.75,4200692.0
569851.8,4200692.0
569851.9,4200692.0
569851.94,4200692.0
569852.0,4200692.0
569852.0,4200692.5
569852.06,4200692.5
569852.1,4200692.5
569852.2,4200692.5
569852.25,4200692.5
569852.3,4200692.5
569852.4,4200692.5
569852.44,4200692.5
569852.5,4200692.5
569852.56,4200693.0
569852.6,4200693.0
569852.7,4200693.0
569852.75,4200693.0
569852.8,4200693.0
569852.9,4200693.0
569852.94,4200693.0
569853.0,4200693.0
569853.06,4200693.0
569853.1,4200693.5
569853.2,4200693.5
569853.25,4200693.5
569853.3,4200693.5
569853.4,4200693.5
569853.44,4200693.5
569853.5,4200693.5
569853.56,4200693.5
569853.6,4200694.0
569853.7,4200694.0
569853.75,4200694.0
569853.8,4200694.0
569853.9,4200694.0
569853.94,4200694.0
569854.0,4200694.0
569854.06,4200694.0
569854.1,4200694.0
569854.2,4200694.5
569854.25,4200694.5
569854.3,4200694.5
569854.4,4200694.5
569854.44,4200694.5
569854.5,4200694.5
569854.56,4200694.5
569854.6,4200694.5
569854.7,4200695.0
569854.75,4200695.0
569854.8,4200695.0
569854.9,4200695.0
569854.94,4200695.0
569855.0,4200695.0
569855.06,4200695.0
569855.1,4200695.0
569855.2,4200695.0
569855.25,4200695.5
569855.3,4200695.5
569855.4,4200695.5
569855.44,4200695.5
569855.5,4200695.5
569855.56,4200695.5
569855.6,4200695.5
569855.7,4200695.5
569855.75,4200695.5
569855.8,4200696.0
569855.9,4200696.0
569855.94,4200696.0
569856.0,4200696.0
569856.06,4200696.0
569856.1,4200696.0
569856.2,4200696.0
569856.25,4200696.0
569856.3,4200696.0
569856.4,4200696.5
569856.44,4200696.5
569856.5,4200696.5
569856.56,4200696.5
569856.6,4200696.5
569856.7,4200696.5
569856.75,4200696.5
569856.8,4200696.5
569856.9,4200697.0
569856.94,4200697.0
569857.0,4200697.0
569857.06,4200697.0
569857.1,4200697.0
569857.2,4200697.0
569857.25,4200697.0
569857.3,4200697.0
569857.4,4200697.0
569857.44,4200697.5
569857.5,4200697.5
569857.56,4200697.5
569857.6,4200697.5
569857.7,4200697.5
569857.75,4200697.5
569857.8,4200697.5
569857.9,4200697.5
569857.94,4200698.0
569858.0,4200698.0
569858.06,4200698.0
569858.1,4200698.0
569858.2,4200698.0
569858.25,4200698.0
569858.3,4200698.0
569858.4,4200698.0
569858.44,4200698.0
569858.5,4200698.5
569858.56,4200698.5
569858.6,4200698.5
569858.7,4200698.5
569858.75,4200698.5
569858.8,4200698.5
569858.9,4200698.5
569858.94,4200698.5
569859.0,4200698.5
569859.06,4200699.0
569859.1,4200699.0
569859.2,4200699.0
569859.25,4200699.0
569859.3,4200699.0
569859.4,4200699.0
569859.44,4200699.0
569859.5,4200699.0
569859.56,4200699.0
569859.6,4200699.5
569859.7,4200699.5
569859.75,4200699.5
569859.8,4200699.5
569859.9,4200699.5
569859.94,4200699.5
569860.0,4200699.5
569860.06,4200699.5
569860.1,4200699.5
569860.2,4200700.0
569860.25,4200700.0
569860.3,4200700.0
569860.4,4200700.0
569860.44,4200700.0
569860.5,4200700.0
569860.56,4200700.0
569860.6,4200700.0
569860.7,4200700.5
569860.75,4200700.5
569860.8,4200700.5
569860.9,4200700.5
569860.94,4200700.5
569861.0,4200700.5
569861.06,4200700.5
569861.1,4200700.5
569861.2,4200700.5
569861.25,4200701.0
569861.3,4200701.0
569861.4,4200701.0
569861.44,4200701.0
569861.5,4200701.0
569861.56,4200701.0
569861.6,4200701.0
569861.7,4200701.0
569861.75,4200701.5
569861.8,4200701.5
569861.9,4200701.5
569861.94,4200701.5
569862.0,4200701.5
569862.06,4200701.5
569862.1,4200701.5
569862.2,4200701.5
569862.25,4200701.5
569862.3,4200702.0
569862.4,4200702.0
569862.44,4200702.0
569862.5,4200702.0
569862.56,4200702.0
569862.6,4200702.0
569862.7,4200702.0
569862.75,4200702.0
569862.8,4200702.0
569862.9,4200702.5
569862.94,4200702.5
569863.0,4200702.5
569863.06,4200702.5
569863.1,4200702.5
569863.2,4200702.5
569863.25,4200702.5
569863.3,4200702.5
569863.4,4200703.0
569863.44,4200703.0
569863.5,4200703.0
569863.56,4200703.0
569863.6,4200703.0
569863.7,4200703.0
569863.75,4200703.0
569863.8,4200703.0
569863.9,4200703.0
569863.94,4200703.5
569864.0,4200703.5
569864.06,4200703.5
569864.1,4200703.5
569864.2,4200703.5
569864.25,4200703.5
569864.3,4200703.5
569864.4,4200703.5
569864.44,4200704.0
569864.5,4200704.0
569864.56,4200704.0
569864.6,4200704.0
569864.7,4200704.0
569864.75,4200704.0
569864.8,4200704.0
569864.9,4200704.0
569864.94,4200704.0
569865.0,4200704.0
569865.0,4200704.5
569865.06,4200704.5
569865.1,4200704.5
569865.2,4200704.5
569865.25,4200704.5
569865.3,4200704.5
569865.4,4200704.5
569865.44,4200704.5
569865.5,4200704.5
569865.56,4200704.5
569865.56,4200705.0
569865.6,4200705.0
569865.7,4200705.0
569865.75,4200705.0
569865.8,4200705.0
569865.9,4200705.0
569865.94,4200705.0
569866.0,4200705.0
569866.06,4200705.0
569866.1,4200705.5
569866.2,4200705.5
569866.25,4200705.5
569866.3,4200705.5
569866.4,4200705.5
569866.44,4200705.5
569866.5,4200705.5
569866.56,4200705.5
569866.6,4200705.5
569866.7,4200706.0
569866.75,4200706.0
569866.8,4200706.0
569866.9,4200706.0
569866.94,4200706.0
569867.0,4200706.0
569867.06,4200706.0
569867.1,4200706.0
569867.2,4200706.5
569867.25,4200706.5
569867.3,4200706.5
569867.4,4200706.5
569867.44,4200706.5
569867.5,4200706.5
569867.56,4200706.5
569867.6,4200706.5
569867.7,4200706.5
569867.75,4200707.0
569867.8,4200707.0
569867.9,4200707.0
569867.94,4200707.0
569868.0,4200707.0
569868.06,4200707.0
569868.1,4200707.0
569868.2,4200707.0
569868.25,4200707.0
569868.3,4200707.5
569868.4,4200707.5
569868.44,4200707.5
569868.5,4200707.5
569868.56,4200707.5
569868.6,4200707.5
569868.7,4200707.5
569868.75,4200707.5
569868.8,4200708.0
569868.9,4200708.0
569868.94,4200708.0
569869.0,4200708.0
569869.06,4200708.0
569869.1,4200708.0
569869.2,4200708.0
569869.25,4200708.0
569869.3,4200708.0
569869.4,4200708.5
569869.44,4200708.5
569869.5,4200708.5
569869.56,4200708.5
569869.6,4200708.5
569869.7,4200708.5
569869.75,4200708.5
569869.8,4200708.5
569869.9,4200709.0
569869.94,4200709.0
569870.0,4200709.0
569870.06,4200709.0
569870.1,4200709.0
569870.2,4200709.0
569870.25,4200709.0
569870.3,4200709.0
569870.4,4200709.0
569870.44,4200709.5
569870.5,4200709.5
569870.56,4200709.5
569870.6,4200709.5
569870.7,4200709.5
569870.75,4200709.5
569870.8,4200709.5
569870.9,4200709.5
569870.94,4200709.5
569871.0,4200710.0
569871.06,4200710.0
569871.1,4200710.0
569871.2,4200710.0
569871.25,4200710.0
569871.3,4200710.0
569871.4,4200710.0
569871.44,4200710.0
569871.5,4200710.0
569871.5,4200710.5
569871.56,4200710.5
569871.6,4200710.5
569871.7,4200710.5
569871.75,4200710.5
569871.8,4200710.5
569871.9,4200710.5
569871.94,4200710.5
569872.0,4200710.5
569872.06,4200710.5
569872.06,4200711.0
569872.1,4200711.0
569872.2,4200711.0
569872.25,4200711.0
569872.3,4200711.0
569872.4,4200711.0
569872.44,4200711.0
569872.5,4200711.0
569872.56,4200711.0
569872.6,4200711.5
569872.7,4200711.5
569872.75,4200711.5
569872.8,4200711.5
569872.9,4200711.5
569872.94,4200711.5
569873.0,4200711.5
569873.06,4200711.5
569873.1,4200711.5
569873.2,4200712.0
569873.25,4200712.0
569873.3,4200712.0
569873.4,4200712.0
569873.44,4200712.0
569873.5,4200712.0
569873.56,4200712.0
569873.6,4200712.0
569873.7,4200712.5
569873.75,4200712.5
569873.8,4200712.5
569873.9,4200712.5
569873.94,4200712.5
569874.0,4200712.5
569874.06,4200712.5
569874.1,4200712.5
569874.2,4200712.5
569874.25,4200713.0
569874.3,4200713.0
569874.4,4200713.0
569874.44,4200713.0
569874.5,4200713.0
569874.56,4200713.0
569874.6,4200713.0
569874.7,4200713.0
569874.75,4200713.5
569874.8,4200713.5
569874.9,4200713.5
569874.94,4200713.5
569875.0,4200713.5
569875.06,4200713.5
569875.1,4200713.5
569875.2,4200713.5
569875.25,4200713.5
569875.3,4200714.0
569875.4,4200714.0
569875.44,4200714.0
569875.5,4200714.0
569875.56,4200714.0
569875.6,4200714.0
569875.7,4200714.0
569875.75,4200714.0
569875.8,4200714.5
569875.9,4200714.5
569875.94,4200714.5
569876.0,4200714.5
569876.06,4200714.5
569876.1,4200714.5
569876.2,4200714.5
569876.25,4200714.5
569876.3,4200714.5
569876.4,4200715.0
569876.44,4200715.0
569876.5,4200715.0
569876.56,4200715.0
569876.6,4200715.0
569876.7,4200715.0
569876.75,4200715.0
569876.8,4200715.0
569876.9,4200715.5
569876.94,4200715.5
569877.0,4200715.5
569877.06,4200715.5
569877.1,4200715.5
569877.2,4200715.5
569877.25,4200715.5
569877.3,4200715.5
569877.4,4200715.5
569877.44,4200716.0
569877.5,4200716.0
569877.56,4200716.0
569877.6,4200716.0
569877.7,4200716.0
569877.75,4200716.0
569877.8,4200716.0
569877.9,4200716.0
569877.94,4200716.5
569878.0,4200716.5
569878.06,4200716.5
569878.1,4200716.5
569878.2,4200716.5
569878.25,4200716.5
569878.3,4200716.5
569878.4,4200716.5
569878.44,4200716.5
569878.5,4200717.0
569878.56,4200717.0
569878.6,4200717.0
569878.7,4200717.0
569878.75,4200717.0
569878.8,4200717.0
569878.9,4200717.0
569878.94,4200717.0
569879.0,4200717.5
569879.06,4200717.5
569879.1,4200717.5
569879.2,4200717.5
569879.25,4200717.5
569879.3,4200717.5
569879.4,4200717.5
569879.44,4200717.5
569879.5,4200717.5
569879.56,4200718.0
569879.6,4200718.0
569879.7,4200718.0
569879.75,4200718.0
569879.8,4200718.0
569879.9,4200718.0
569879.94,4200718.0
569880.0,4200718.0
569880.06,4200718.0
569880.06,4200718.5
569880.1,4200718.5
569880.2,4200718.5
569880.25,4200718.5
569880.3,4200718.5
569880.4,4200718.5
569880.44,4200718.5
569880.5,4200718.5
569880.56,4200718.5
569880.6,4200718.5
569880.6,4200719.0
569880.7,4200719.0
569880.75,4200719.0
569880.8,4200719.0
569880.9,4200719.0
569880.94,4200719.0
569881.0,4200719.0
569881.06,4200719.0
569881.1,4200719.0
569881.2,4200719.5
569881.25,4200719.5
569881.3,4200719.5
569881.4,4200719.5
569881.44,4200719.5
569881.5,4200719.5
569881.56,4200719.5
569881.6,4200719.5
569881.7,4200719.5
569881.75,4200720.0
569881.8,4200720.0
569881.9,4200720.0
569881.94,4200720.0
569882.0,4200720.0
569882.06,4200720.0
569882.1,4200720.0
569882.2,4200720.0
569882.25,4200720.5
569882.3,4200720.5
569882.4,4200720.5
569882.44,4200720.5
569882.5,4200720.5
569882.56,4200720.5
569882.6,4200720.5
569882.7,4200720.5
569882.75,4200720.5
569882.8,4200721.0
569882.9,4200721.0
569882.94,4200721.0
569883.0,4200721.0
569883.06,4200721.0
569883.1,4200721.0
569883.2,4200721.0
569883.25,4200721.0
569883.3,4200721.0
569883.4,4200721.5
569883.44,4200721.5
569883.5,4200721.5
569883.56,4200721.5
569883.6,4200721.5
569883.7,4200721.5
569883.75,4200721.5
569883.8,4200721.5
569883.9,4200722.0
569883.94,4200722.0
569884.0,4200722.0
569884.06,4200722.0
569884.1,4200722.0
569884.2,4200722.0
569884.25,4200722.0
569884.3,4200722.0
569884.4,4200722.0
569884.44,4200722.5
569884.5,4200722.5
569884.56,4200722.5
569884.6,4200722.5
569884.7,4200722.5
569884.75,4200722.5
569884.8,4200722.5
569884.9,4200722.5
569884.94,4200722.5
569885.0,4200723.0
569885.06,4200723.0
569885.1,4200723.0
569885.2,4200723.0
569885.25,4200723.0
569885.3,4200723.0
569885.4,4200723.0
569885.44,4200723.0
569885.5,4200723.5
569885.56,4200723.5
569885.6,4200723.5
569885.7,4200723.5
569885.75,4200723.5
569885.8,4200723.5
569885.9,4200723.5
569885.94,4200723.5
569886.0,4200723.5
569886.06,4200724.0
569886.1,4200724.0
569886.2,4200724.0
569886.25,4200724.0
569886.3,4200724.0
569886.4,4200724.0
569886.44,4200724.0
569886.5,4200724.0
569886.56,4200724.0
569886.6,4200724.5
569886.7,4200724.5
569886.75,4200724.5
569886.8,4200724.5
569886.9,4200724.5
569886.94,4200724.5
569887.0,4200724.5
569887.06,4200724.5
569887.1,4200724.5
569887.2,4200725.0
569887.25,4200725.0
569887.3,4200725.0
569887.4,4200725.0
569887.44,4200725.0
569887.5,4200725.0
569887.56,4200725.0
569887.6,4200725.0
569887.7,4200725.0
569887.75,4200725.5
569887.8,4200725.5
569887.9,4200725.5
569887.94,4200725.5
569888.0,4200725.5
569888.06,4200725.5
569888.1,4200725.5
569888.2,4200725.5
569888.25,4200726.0
569888.3,4200726.0
569888.4,4200726.0
569888.44,4200726.0
569888.5,4200726.0
569888.56,4200726.0
569888.6,4200726.0
569888.7,4200726.0
569888.75,4200726.0
569888.8,4200726.5
569888.9,4200726.5
569888.94,4200726.5
569889.0,4200726.5
569889.06,4200726.5
569889.1,4200726.5
569889.2,4200726.5
569889.25,4200726.5
569889.3,4200726.5
569889.4,4200727.0
569889.44,4200727.0
569889.5,4200727.0
569889.56,4200727.0
569889.6,4200727.0
569889.7,4200727.0
569889.75,4200727.0
569889.8,4200727.0
569889.9,4200727.5
569889.94,4200727.5
569890.0,4200727.5
569890.06,4200727.5
569890.1,4200727.5
569890.2,4200727.5
569890.25,4200727.5
569890.3,4200727.5
569890.4,4200727.5
569890.44,4200728.0
569890.5,4200728.0
569890.56,4200728.0
569890.6,4200728.0
569890.7,4200728.0
569890.75,4200728.0
569890.8,4200728.0
569890.9,4200728.0
569890.94,4200728.0
569891.0,4200728.5
569891.06,4200728.5
569891.1,4200728.5
569891.2,4200728.5
569891.25,4200728.5
569891.3,4200728.5
569891.4,4200728.5
569891.44,4200728.5
569891.5,4200729.0
569891.56,4200729.0
569891.6,4200729.0
569891.7,4200729.0
569891.75,4200729.0
569891.8,4200729.0
569891.9,4200729.0
569891.94,4200729.0
569892.0,4200729.0
569892.06,4200729.0
569892.06,4200729.5
569892.1,4200729.5
569892.2,4200729.5
569892.25,4200729.5
569892.3,4200729.5
569892.4,4200729.5
569892.44,4200729.5
569892.5,4200729.5
569892.56,4200729.5
569892.6,4200729.5
569892.7,4200730.0
569892.75,4200730.0
569892.8,4200730.0
569892.9,4200730.0
569892.94,4200730.0
569893.0,4200730.0
569893.06,4200730.0
569893.1,4200730.0
569893.2,4200730.0
569893.25,4200730.5
569893.3,4200730.5
569893.4,4200730.5
569893.44,4200730.5
569893.5,4200730.5
569893.56,4200730.5
569893.6,4200730.5
569893.7,4200730.5
569893.75,4200730.5
569893.8,4200731.0
569893.9,4200731.0
569893.94,4200731.0
569894.0,4200731.0
569894.06,4200731.0
569894.1,4200731.0
569894.2,4200731.0
569894.25,4200731.0
569894.3,4200731.0
569894.3,4200731.5
569894.4,4200731.5
569894.44,4200731.5
569894.5,4200731.5
569894.56,4200731.5
569894.6,4200731.5
569894.7,4200731.5
569894.75,4200731.5
569894.8,4200731.5
569894.9,4200731.5
569894.94,4200732.0
569895.0,4200732.0
569895.06,4200732.0
569895.1,4200732.0
569895.2,4200732.0
569895.25,4200732.0
569895.3,4200732.0
569895.4,4200732.0
569895.44,4200732.0
569895.5,4200732.5
569895.56,4200732.5
569895.6,4200732.5
569895.7,4200732.5
569895.75,4200732.5
569895.8,4200732.5
569895.9,4200732.5
569895.94,4200732.5
569896.0,4200732.5
569896.06,4200733.0
569896.1,4200733.0
569896.2,4200733.0
569896.25,4200733.0
569896.3,4200733.0
569896.4,4200733.0
569896.44,4200733.0
569896.5,4200733.0
569896.56,4200733.0
569896.6,4200733.5
569896.7,4200733.5
569896.75,4200733.5
569896.8,4200733.5
569896.9,4200733.5
569896.94,4200733.5
569897.0,4200733.5
569897.06,4200733.5
569897.1,4200733.5
569897.2,4200733.5
569897.25,4200734.0
569897.3,4200734.0
569897.4,4200734.0
569897.44,4200734.0
569897.5,4200734.0
569897.56,4200734.0
569897.6,4200734.0
569897.7,4200734.0
569897.75,4200734.0
569897.8,4200734.5
569897.9,4200734.5
569897.94,4200734.5
569898.0,4200734.5
569898.06,4200734.5
569898.1,4200734.5
569898.2,4200734.5
569898.25,4200734.5
569898.3,4200734.5
569898.4,4200735.0
569898.44,4200735.0
569898.5,4200735.0
569898.56,4200735.0
569898.6,4200735.0
569898.7,4200735.0
569898.75,4200735.0
569898.8,4200735.0
569898.9,4200735.0
569898.94,4200735.0
569899.0,4200735.5
569899.06,4200735.5
569899.1,4200735.5
569899.2,4200735.5
569899.25,4200735.5
569899.3,4200735.5
569899.4,4200735.5
569899.44,4200735.5
569899.5,4200735.5
569899.56,4200736.0
569899.6,4200736.0
569899.7,4200736.0
569899.75,4200736.0
569899.8,4200736.0
569899.9,4200736.0
569899.94,4200736.0
569900.0,4200736.0
569900.06,4200736.0
569900.1,4200736.5
569900.2,4200736.5
569900.25,4200736.5
569900.3,4200736.5
569900.4,4200736.5
569900.44,4200736.5
569900.5,4200736.5
569900.56,4200736.5
569900.6,4200736.5
569900.7,4200736.5
569900.75,4200737.0
569900.8,4200737.0
569900.9,4200737.0
569900.94,4200737.0
569901.0,4200737.0
569901.06,4200737.0
569901.1,4200737.0
569901.2,4200737.0
569901.25,4200737.0
569901.3,4200737.5
569901.4,4200737.5
569901.44,4200737.5
569901.5,4200737.5
569901.56,4200737.5
569901.6,4200737.5
569901.7,4200737.5
569901.75,4200737.5
569901.8,4200737.5
569901.9,4200738.0
569901.94,4200738.0
569902.0,4200738.0
569902.06,4200738.0
569902.1,4200738.0
569902.2,4200738.0
569902.25,4200738.0
569902.3,4200738.0
569902.4,4200738.0
569902.44,4200738.5
569902.5,4200738.5
569902.56,4200738.5
569902.6,4200738.5
569902.7,4200738.5
569902.75,4200738.5
569902.8,4200738.5
569902.9,4200738.5
569902.94,4200738.5
569903.0,4200738.5
569903.0,4200739.0
569903.06,4200739.0
569903.1,4200739.0
569903.2,4200739.0
569903.25,4200739.0
569903.3,4200739.0
569903.4,4200739.0
569903.44,4200739.0
569903.5,4200739.0
569903.56,4200739.0
569903.56,4200739.5
569903.6,4200739.5
569903.7,4200739.5
569903.75,4200739.5
569903.8,4200739.5
569903.9,4200739.5
569903.94,4200739.5
569904.0,4200739.5
569904.06,4200739.5
569904.1,4200740.0
569904.2,4200740.0
569904.25,4200740.0
569904.3,4200740.0
569904.4,4200740.0
569904.44,4200740.0
569904.5,4200740.0
569904.56,4200740.0
569904.6,4200740.0
569904.7,4200740.0
569904.75,4200740.5
569904.8,4200740.5
569904.9,4200740.5
569904.94,4200740.5
569905.0,4200740.5
569905.06,4200740.5
569905.1,4200740.5
569905.2,4200740.5
569905.25,4200740.5
569905.3,4200741.0
569905.4,4200741.0
569905.44,4200741.0
569905.5,4200741.0
569905.56,4200741.0
569905.6,4200741.0
569905.7,4200741.0
569905.75,4200741.0
569905.8,4200741.0
569905.9,4200741.0
569905.94,4200741.5
569906.0,4200741.5
569906.06,4200741.5
569906.1,4200741.5
569906.2,4200741.5
569906.25,4200741.5
569906.3,4200741.5
569906.4,4200741.5
569906.44,4200741.5
569906.44,4200742.0
569906.5,4200742.0
569906.56,4200742.0
569906.6,4200742.0
569906.7,4200742.0
569906.75,4200742.0
569906.8,4200742.0
569906.9,4200742.0
569906.94,4200742.0
569907.0,4200742.0
569907.06,4200742.5
569907.1,4200742.5
569907.2,4200742.5
569907.25,4200742.5
569907.3,4200742.5
569907.4,4200742.5
569907.44,4200742.5
569907.5,4200742.5
569907.56,4200742.5
569907.6,4200743.0
569907.7,4200743.0
569907.75,4200743.0
569907.8,4200743.0
569907.9,4200743.0
569907.94,4200743.0
569908.0,4200743.0
569908.06,4200743.0
569908.1,4200743.0
569908.2,4200743.5
569908.25,4200743.5
569908.3,4200743.5
569908.4,4200743.5
569908.44,4200743.5
569908.5,4200743.5
569908.56,4200743.5
569908.6,4200743.5
569908.7,4200743.5
569908.75,4200743.5
569908.75,4200744.0
569908.8,4200744.0
569908.9,4200744.0
569908.94,4200744.0
569909.0,4200744.0
569909.06,4200744.0
569909.1,4200744.0
569909.2,4200744.0
569909.25,4200744.0
569909.3,4200744.5
569909.4,4200744.5
569909.44,4200744.5
569909.5,4200744.5
569909.56,4200744.5
569909.6,4200744.5
569909.7,4200744.5
569909.75,4200744.5
569909.8,4200744.5
569909.9,4200744.5
569909.94,4200745.0
569910.0,4200745.0
569910.06,4200745.0
569910.1,4200745.0
569910.2,4200745.0
569910.25,4200745.0
569910.3,4200745.0
569910.4,4200745.0
569910.44,4200745.0
569910.5,4200745.5
569910.56,4200745.5
569910.6,4200745.5
569910.7,4200745.5
569910.75,4200745.5
569910.8,4200745.5
569910.9,4200745.5
569910.94,4200745.5
569911.0,4200745.5
569911.06,4200745.5
569911.06,4200746.0
569911.1,4200746.0
569911.2,4200746.0
569911.25,4200746.0
569911.3,4200746.0
569911.4,4200746.0
569911.44,4200746.0
569911.5,4200746.0
569911.56,4200746.0
569911.6,4200746.5
569911.7,4200746.5
569911.75,4200746.5
569911.8,4200746.5
569911.9,4200746.5
569911.94,4200746.5
569912.0,4200746.5
569912.06,4200746.5
569912.1,4200746.5
569912.2,4200746.5
569912.25,4200747.0
569912.3,4200747.0
569912.4,4200747.0
569912.44,4200747.0
569912.5,4200747.0
569912.56,4200747.0
569912.6,4200747.0
569912.7,4200747.0
569912.75,4200747.0
569912.8,4200747.5
569912.9,4200747.5
569912.94,4200747.5
569913.0,4200747.5
569913.06,4200747.5
569913.1,4200747.5
569913.2,4200747.5
569913.25,4200747.5
569913.3,4200747.5
569913.4,4200748.0
569913.44,4200748.0
569913.5,4200748.0
569913.56,4200748.0
569913.6,4200748.0
569913.7,4200748.0
569913.75,4200748.0
569913.8,4200748.0
569913.9,4200748.0
569913.94,4200748.5
569914.0,4200748.5
569914.06,4200748.5
569914.1,4200748.5
569914.2,4200748.5
569914.25,4200748.5
569914.3,4200748.5
569914.4,4200748.5
569914.44,4200748.5
569914.5,4200749.0
569914.56,4200749.0
569914.6,4200749.0
569914.7,4200749.0
569914.75,4200749.0
569914.8,4200749.0
569914.9,4200749.0
569914.94,4200749.0
569915.0,4200749.0
569915.06,4200749.0
569915.1,4200749.5
569915.2,4200749.5
569915.25,4200749.5
569915.3,4200749.5
569915.4,4200749.5
569915.44,4200749.5
569915.5,4200749.5
569915.56,4200749.5
569915.6,4200749.5
569915.6,4200750.0
569915.7,4200750.0
569915.75,4200750.0
569915.8,4200750.0
569915.9,4200750.0
569915.94,4200750.0
569916.0,4200750.0
569916.06,4200750.0
569916.1,4200750.0
569916.2,4200750.5
569916.25,4200750.5
569916.3,4200750.5
569916.4,4200750.5
569916.44,4200750.5
569916.5,4200750.5
569916.56,4200750.5
569916.6,4200750.5
569916.7,4200750.5
569916.75,4200751.0
569916.8,4200751.0
569916.9,4200751.0
569916.94,4200751.0
569917.0,4200751.0
569917.06,4200751.0
569917.1,4200751.0
569917.2,4200751.0
569917.25,4200751.0
569917.3,4200751.5
569917.4,4200751.5
569917.44,4200751.5
569917.5,4200751.5
569917.56,4200751.5
569917.6,4200751.5
569917.7,4200751.5
569917.75,4200751.5
569917.8,4200751.5
569917.9,4200752.0
569917.94,4200752.0
569918.0,4200752.0
569918.06,4200752.0
569918.1,4200752.0
569918.2,4200752.0
569918.25,4200752.0
569918.3,4200752.0
569918.4,4200752.0
569918.44,4200752.5
569918.5,4200752.5
569918.56,4200752.5
569918.6,4200752.5
569918.7,4200752.5
569918.75,4200752.5
569918.8,4200752.5
569918.9,4200752.5
569918.94,4200752.5
569918.94,4200753.0
569919.0,4200753.0
569919.06,4200753.0
569919.1,4200753.0
569919.2,4200753.0
569919.25,4200753.0
569919.3,4200753.0
569919.4,4200753.0
569919.44,4200753.0
569919.5,4200753.0
569919.56,4200753.5
569919.6,4200753.5
569919.7,4200753.5
569919.75,4200753.5
569919.8,4200753.5
569919.9,4200753.5
569919.94,4200753.5
569920.0,4200753.5
569920.06,4200753.5
569920.1,4200754.0
569920.2,4200754.0
569920.25,4200754.0
569920.3,4200754.0
569920.4,4200754.0
569920.44,4200754.0
569920.5,4200754.0
569920.56,4200754.0
569920.6,4200754.0
569920.6,4200754.5
569920.7,4200754.5
569920.75,4200754.5
569920.8,4200754.5
569920.9,4200754.5
569920.94,4200754.5
569921.0,4200754.5
569921.06,4200754.5
569921.1,4200754.5
569921.2,4200755.0
569921.25,4200755.0
569921.3,4200755.0
569921.4,4200755.0
569921.44,4200755.0
569921.5,4200755.0
569921.56,4200755.0
569921.6,4200755.0
569921.7,4200755.0
569921.75,4200755.5
569921.8,4200755.5
569921.9,4200755.5
569921.94,4200755.5
569922.0,4200755.5
569922.06,4200755.5
569922.1,4200755.5
569922.2,4200755.5
569922.25,4200755.5
569922.3,4200756.0
569922.4,4200756.0
569922.44,4200756.0
569922.5,4200756.0
569922.56,4200756.0
569922.6,4200756.0
569922.7,4200756.0
569922.75,4200756.0
569922.8,4200756.0
569922.9,4200756.5
569922.94,4200756.5
569923.0,4200756.5
569923.06,4200756.5
569923.1,4200756.5
569923.2,4200756.5
569923.25,4200756.5
569923.3,4200756.5
569923.4,4200756.5
569923.44,4200757.0
569923.5,4200757.0
569923.56,4200757.0
569923.6,4200757.0
569923.7,4200757.0
569923.75,4200757.0
569923.8,4200757.0
569923.9,4200757.0
569923.94,4200757.5
569924.0,4200757.5
569924.06,4200757.5
569924.1,4200757.5
569924.2,4200757.5
569924.25,4200757.5
569924.3,4200757.5
569924.4,4200757.5
569924.44,4200757.5
569924.5,4200758.0
569924.56,4200758.0
569924.6,4200758.0
569924.7,4200758.0
569924.75,4200758.0
569924.8,4200758.0
569924.9,4200758.0
569924.94,4200758.0
569925.0,4200758.0
569925.06,4200758.5
569925.1,4200758.5
569925.2,4200758.5
569925.25,4200758.5
569925.3,4200758.5
569925.4,4200758.5
569925.44,4200758.5
569925.5,4200758.5
569925.56,4200758.5
569925.6,4200759.0
569925.7,4200759.0
569925.75,4200759.0
569925.8,4200759.0
569925.9,4200759.0
569925.94,4200759.0
569926.0,4200759.0
569926.06,4200759.0
569926.1,4200759.0
569926.2,4200759.5
569926.25,4200759.5
569926.3,4200759.5
569926.4,4200759.5
569926.44,4200759.5
569926.5,4200759.5
569926.56,4200759.5
569926.6,4200759.5
569926.7,4200760.0
569926.75,4200760.0
569926.8,4200760.0
569926.9,4200760.0
569926.94,4200760.0
569927.0,4200760.0
569927.06,4200760.0
569927.1,4200760.0
569927.2,4200760.0
569927.25,4200760.5
569927.3,4200760.5
569927.4,4200760.5
569927.44,4200760.5
569927.5,4200760.5
569927.56,4200760.5
569927.6,4200760.5
569927.7,4200760.5
569927.75,4200760.5
569927.75,4200761.0
569927.8,4200761.0
569927.9,4200761.0
569927.94,4200761.0
569928.0,4200761.0
569928.06,4200761.0
569928.1,4200761.0
569928.2,4200761.0
569928.25,4200761.0
569928.3,4200761.5
569928.4,4200761.5
569928.44,4200761.5
569928.5,4200761.5
569928.56,4200761.5
569928.6,4200761.5
569928.7,4200761.5
569928.75,4200761.5
569928.8,4200761.5
569928.9,4200762.0
569928.94,4200762.0
569929.0,4200762.0
569929.06,4200762.0
569929.1,4200762.0
569929.2,4200762.0
569929.25,4200762.0
569929.3,4200762.0
569929.4,4200762.5
569929.44,4200762.5
569929.5,4200762.5
569929.56,4200762.5
569929.6,4200762.5
569929.7,4200762.5
569929.75,4200762.5
569929.8,4200762.5
569929.9,4200762.5
569929.94,4200763.0
569930.0,4200763.0
569930.06,4200763.0
569930.1,4200763.0
569930.2,4200763.0
569930.25,4200763.0
569930.3,4200763.0
569930.4,4200763.0
569930.44,4200763.5
569930.5,4200763.5
569930.56,4200763.5
569930.6,4200763.5
569930.7,4200763.5
569930.75,4200763.5
569930.8,4200763.5
569930.9,4200763.5
569930.94,4200763.5
569931.0,4200764.0
569931.06,4200764.0
569931.1,4200764.0
569931.2,4200764.0
569931.25,4200764.0
569931.3,4200764.0
569931.4,4200764.0
569931.44,4200764.0
569931.5,4200764.0
569931.56,4200764.5
569931.6,4200764.5
569931.7,4200764.5
569931.75,4200764.5
569931.8,4200764.5
569931.9,4200764.5
569931.94,4200764.5
569932.0,4200764.5
569932.06,4200764.5
569932.1,4200765.0
569932.2,4200765.0
569932.25,4200765.0
569932.3,4200765.0
569932.4,4200765.0
569932.44,4200765.0
569932.5,4200765.0
569932.56,4200765.0
569932.6,4200765.0
569932.6,4200765.5
569932.7,4200765.5
569932.75,4200765.5
569932.8,4200765.5
569932.9,4200765.5
569932.94,4200765.5
569933.0,4200765.5
569933.06,4200765.5
569933.1,4200765.5
569933.2,4200766.0
569933.25,4200766.0
569933.3,4200766.0
569933.4,4200766.0
569933.44,4200766.0
569933.5,4200766.0
569933.56,4200766.0
569933.6,4200766.0
569933.7,4200766.0
569933.75,4200766.5
569933.8,4200766.5
569933.9,4200766.5
569933.94,4200766.5
569934.0,4200766.5
569934.06,4200766.5
569934.1,4200766.5
569934.2,4200766.5
569934.25,4200767.0
569934.3,4200767.0
569934.4,4200767.0
569934.44,4200767.0
569934.5,4200767.0
569934.56,4200767.0
569934.6,4200767.0
569934.7,4200767.0
569934.75,4200767.0
569934.8,4200767.5
569934.9,4200767.5
569934.94,4200767.5
569935.0,4200767.5
569935.06,4200767.5
569935.1,4200767.5
569935.2,4200767.5
569935.25,4200767.5
569935.3,4200768.0
569935.4,4200768.0
569935.44,4200768.0
569935.5,4200768.0
569935.56,4200768.0
569935.6,4200768.0
569935.7,4200768.0
569935.75,4200768.0
569935.8,4200768.0
569935.9,4200768.5
569935.94,4200768.5
569936.0,4200768.5
569936.06,4200768.5
569936.1,4200768.5
569936.2,4200768.5
569936.25,4200768.5
569936.3,4200768.5
569936.4,4200768.5
569936.4,4200769.0
569936.44,4200769.0
569936.5,4200769.0
569936.56,4200769.0
569936.6,4200769.0
569936.7,4200769.0
569936.75,4200769.0
569936.8,4200769.0
569936.9,4200769.0
569936.94,4200769.5
569937.0,4200769.5
569937.06,4200769.5
569937.1,4200769.5
569937.2,4200769.5
569937.25,4200769.5
569937.3,4200769.5
569937.4,4200769.5
569937.44,4200769.5
569937.44,4200770.0
569937.5,4200770.0
569937.56,4200770.0
569937.6,4200770.0
569937.7,4200770.0
569937.75,4200770.0
569937.8,4200770.0
569937.9,4200770.0
569937.94,4200770.0
569938.0,4200770.0
569938.06,4200770.5
569938.1,4200770.5
569938.2,4200770.5
569938.25,4200770.5
569938.3,4200770.5
569938.4,4200770.5
569938.44,4200770.5
569938.5,4200770.5
569938.56,4200771.0
569938.6,4200771.0
569938.7,4200771.0
569938.75,4200771.0
569938.8,4200771.0
569938.9,4200771.0
569938.94,4200771.0
569939.0,4200771.0
569939.06,4200771.0
569939.1,4200771.5
569939.2,4200771.5
569939.25,4200771.5
569939.3,4200771.5
569939.4,4200771.5
569939.44,4200771.5
569939.5,4200771.5
569939.56,4200771.5
569939.6,4200772.0
569939.7,4200772.0
569939.75,4200772.0
569939.8,4200772.0
569939.9,4200772.0
569939.94,4200772.0
569940.0,4200772.0
569940.06,4200772.0
569940.1,4200772.0
569940.2,4200772.5
569940.25,4200772.5
569940.3,4200772.5
569940.4,4200772.5
569940.44,4200772.5
569940.5,4200772.5
569940.56,4200772.5
569940.6,4200772.5
569940.7,4200773.0
569940.75,4200773.0
569940.8,4200773.0
569940.9,4200773.0
569940.94,4200773.0
569941.0,4200773.0
569941.06,4200773.0
569941.1,4200773.0
569941.2,4200773.0
569941.25,4200773.5
569941.3,4200773.5
569941.4,4200773.5
569941.44,4200773.5
569941.5,4200773.5
569941.56,4200773.5
569941.6,4200773.5
569941.7,4200773.5
569941.75,4200774.0
569941.8,4200774.0
569941.9,4200774.0
569941.94,4200774.0
569942.0,4200774.0
569942.06,4200774.0
569942.1,4200774.0
569942.2,4200774.0
569942.25,4200774.0
569942.3,4200774.5
569942.4,4200774.5
569942.44,4200774.5
569942.5,4200774.5
569942.56,4200774.5
569942.6,4200774.5
569942.7,4200774.5
569942.75,4200774.5
569942.8,4200775.0
569942.9,4200775.0
569942.94,4200775.0
569943.0,4200775.0
569943.06,4200775.0
569943.1,4200775.0
569943.2,4200775.0
569943.25,4200775.0
569943.3,4200775.0
569943.4,4200775.5
569943.44,4200775.5
569943.5,4200775.5
569943.56,4200775.5
569943.6,4200775.5
569943.7,4200775.5
569943.75,4200775.5
569943.8,4200775.5
569943.9,4200776.0
569943.94,4200776.0
569944.0,4200776.0
569944.06,4200776.0
569944.1,4200776.0
569944.2,4200776.0
569944.25,4200776.0
569944.3,4200776.0
569944.4,4200776.0
569944.44,4200776.5
569944.5,4200776.5
569944.56,4200776.5
569944.6,4200776.5
569944.7,4200776.5
569944.75,4200776.5
569944.8,4200776.5
569944.9,4200776.5
569944.94,4200777.0
569945.0,4200777.0
569945.06,4200777.0
569945.1,4200777.0
569945.2,4200777.0
569945.25,4200777.0
569945.3,4200777.0
569945.4,4200777.0
569945.44,4200777.0
569945.44,4200777.5
569945.5,4200777.5
569945.56,4200777.5
569945.6,4200777.5
569945.7,4200777.5
569945.75,4200777.5
569945.8,4200777.5
569945.9,4200777.5
569945.94,4200777.5
569946.0,4200778.0
569946.06,4200778.0
569946.1,4200778.0
569946.2,4200778.0
569946.25,4200778.0
569946.3,4200778.0
569946.4,4200778.0
569946.44,4200778.0
569946.5,4200778.0
569946.56,4200778.5
569946.6,4200778.5
569946.7,4200778.5
569946.75,4200778.5
569946.8,4200778.5
569946.9,4200778.5
569946.94,4200778.5
569947.0,4200778.5
569947.06,4200778.5
569947.1,4200779.0
569947.2,4200779.0
569947.25,4200779.0
569947.3,4200779.0
569947.4,4200779.0
569947.44,4200779.0
569947.5,4200779.0
569947.56,4200779.0
569947.6,4200779.0
569947.6,4200779.5
569947.7,4200779.5
569947.75,4200779.5
569947.8,4200779.5
569947.9,4200779.5
569947.94,4200779.5
569948.0,4200779.5
569948.06,4200779.5
569948.1,4200779.5
569948.2,4200780.0
569948.25,4200780.0
569948.3,4200780.0
569948.4,4200780.0
569948.44,4200780.0
569948.5,4200780.0
569948.56,4200780.0
569948.6,4200780.0
569948.7,4200780.0
569948.75,4200780.5
569948.8,4200780.5
569948.9,4200780.5
569948.94,4200780.5
569949.0,4200780.5
569949.06,4200780.5
569949.1,4200780.5
569949.2,4200780.5
569949.25,4200781.0
569949.3,4200781.0
569949.4,4200781.0
569949.44,4200781.0
569949.5,4200781.0
569949.56,4200781.0
569949.6,4200781.0
569949.7,4200781.0
569949.75,4200781.0
569949.8,4200781.5
569949.9,4200781.5
569949.94,4200781.5
569950.0,4200781.5
569950.06,4200781.5
569950.1,4200781.5
569950.2,4200781.5
569950.25,4200781.5
569950.3,4200781.5
569950.3,4200782.0
569950.4,4200782.0
569950.44,4200782.0
569950.5,4200782.0
569950.56,4200782.0
569950.6,4200782.0
569950.7,4200782.0
569950.75,4200782.0
569950.8,4200782.0
569950.9,4200782.5
569950.94,4200782.5
569951.0,4200782.5
569951.06,4200782.5
569951.1,4200782.5
569951.2,4200782.5
569951.25,4200782.5
569951.3,4200782.5
569951.4,4200782.5
569951.44,4200783.0
569951.5,4200783.0
569951.56,4200783.0
569951.6,4200783.0
569951.7,4200783.0
569951.75,4200783.0
569951.8,4200783.0
569951.9,4200783.0
569951.94,4200783.5
569952.0,4200783.5
569952.06,4200783.5
569952.1,4200783.5
569952.2,4200783.5
569952.25,4200783.5
569952.3,4200783.5
569952.4,4200783.5
569952.44,4200783.5
569952.5,4200784.0
569952.56,4200784.0
569952.6,4200784.0
569952.7,4200784.0
569952.75,4200784.0
569952.8,4200784.0
569952.9,4200784.0
569952.94,4200784.0
569953.0,4200784.0
569953.0,4200784.5
569953.06,4200784.5
569953.1,4200784.5
569953.2,4200784.5
569953.25,4200784.5
569953.3,4200784.5
569953.4,4200784.5
569953.44,4200784.5
569953.5,4200784.5
569953.56,4200784.5
569953.6,4200785.0
569953.7,4200785.0
569953.75,4200785.0
569953.8,4200785.0
569953.9,4200785.0
569953.94,4200785.0
569954.0,4200785.0
569954.06,4200785.0
569954.1,4200785.0
569954.2,4200785.5
569954.25,4200785.5
569954.3,4200785.5
569954.4,4200785.5
569954.44,4200785.5
569954.5,4200785.5
569954.56,4200785.5
569954.6,4200785.5
569954.7,4200786.0
569954.75,4200786.0
569954.8,4200786.0
569954.9,4200786.0
569954.94,4200786.0
569955.0,4200786.0
569955.06,4200786.0
569955.1,4200786.0
569955.2,4200786.0
569955.25,4200786.5
569955.3,4200786.5
569955.4,4200786.5
569955.44,4200786.5
569955.5,4200786.5
569955.56,4200786.5
569955.6,4200786.5
569955.7,4200786.5
569955.75,4200786.5
569955.75,4200787.0
569955.8,4200787.0
569955.9,4200787.0
569955.94,4200787.0
569956.0,4200787.0
569956.06,4200787.0
569956.1,4200787.0
569956.2,4200787.0
569956.25,4200787.0
569956.3,4200787.5
569956.4,4200787.5
569956.44,4200787.5
569956.5,4200787.5
569956.56,4200787.5
569956.6,4200787.5
569956.7,4200787.5
569956.75,4200787.5
569956.8,4200787.5
569956.9,4200788.0
569956.94,4200788.0
569957.0,4200788.0
569957.06,4200788.0
569957.1,4200788.0
569957.2,4200788.0
569957.25,4200788.0
569957.3,4200788.0
569957.4,4200788.5
569957.44,4200788.5
569957.5,4200788.5
569957.56,4200788.5
569957.6,4200788.5
569957.7,4200788.5
569957.75,4200788.5
569957.8,4200788.5
569957.9,4200788.5
569957.94,4200789.0
569958.0,4200789.0
569958.06,4200789.0
569958.1,4200789.0
569958.2,4200789.0
569958.25,4200789.0
569958.3,4200789.0
569958.4,4200789.0
569958.44,4200789.0
569958.5,4200789.5
569958.56,4200789.5
569958.6,4200789.5
569958.7,4200789.5
569958.75,4200789.5
569958.8,4200789.5
569958.9,4200789.5
569958.94,4200789.5
569959.0,4200789.5
569959.06,4200790.0
569959.1,4200790.0
569959.2,4200790.0
569959.25,4200790.0
569959.3,4200790.0
569959.4,4200790.0
569959.44,4200790.0
569959.5,4200790.0
569959.56,4200790.0
569959.6,4200790.5
569959.7,4200790.5
569959.75,4200790.5
569959.8,4200790.5
569959.9,4200790.5
569959.94,4200790.5
569960.0,4200790.5
569960.06,4200790.5
569960.1,4200790.5
569960.2,4200791.0
569960.25,4200791.0
569960.3,4200791.0
569960.4,4200791.0
569960.44,4200791.0
569960.5,4200791.0
569960.56,4200791.0
569960.6,4200791.0
569960.7,4200791.0
569960.75,4200791.5
569960.8,4200791.5
569960.9,4200791.5
569960.94,4200791.5
569961.0,4200791.5
569961.06,4200791.5
569961.1,4200791.5
569961.2,4200791.5
569961.25,4200791.5
569961.3,4200792.0
569961.4,4200792.0
569961.44,4200792.0
569961.5,4200792.0
569961.56,4200792.0
569961.6,4200792.0
569961.7,4200792.0
569961.75,4200792.0
569961.8,4200792.0
569961.9,4200792.5
569961.94,4200792.5
569962.0,4200792.5
569962.06,4200792.5
569962.1,4200792.5
569962.2,4200792.5
569962.25,4200792.5
569962.3,4200792.5
569962.4,4200792.5
569962.44,4200793.0
569962.5,4200793.0
569962.56,4200793.0
569962.6,4200793.0
569962.7,4200793.0
569962.75,4200793.0
569962.8,4200793.0
569962.9,4200793.0
569962.94,4200793.0
569963.0,4200793.5
569963.06,4200793.5
569963.1,4200793.5
569963.2,4200793.5
569963.25,4200793.5
569963.3,4200793.5
569963.4,4200793.5
569963.44,4200793.5
569963.5,4200793.5
569963.56,4200794.0
569963.6,4200794.0
569963.7,4200794.0
569963.75,4200794.0
569963.8,4200794.0
569963.9,4200794.0
569963.94,4200794.0
569964.0,4200794.0
569964.06,4200794.0
569964.1,4200794.5
569964.2,4200794.5
569964.25,4200794.5
569964.3,4200794.5
569964.4,4200794.5
569964.44,4200794.5
569964.5,4200794.5
569964.56,4200794.5
569964.6,4200794.5
569964.7,4200795.0
569964.75,4200795.0
569964.8,4200795.0
569964.9,4200795.0
569964.94,4200795.0
569965.0,4200795.0
569965.06,4200795.0
569965.1,4200795.0
569965.2,4200795.0
569965.25,4200795.5
569965.3,4200795.5
569965.4,4200795.5
569965.44,4200795.5
569965.5,4200795.5
569965.56,4200795.5
569965.6,4200795.5
569965.7,4200795.5
569965.75,4200795.5
569965.8,4200796.0
569965.9,4200796.0
569965.94,4200796.0
569966.0,4200796.0
569966.06,4200796.0
569966.1,4200796.0
569966.2,4200796.0
569966.25,4200796.0
569966.3,4200796.0
569966.4,4200796.5
569966.44,4200796.5
569966.5,4200796.5
569966.56,4200796.5
569966.6,4200796.5
569966.7,4200796.5
569966.75,4200796.5
569966.8,4200796.5
569966.9,4200796.5
569966.94,4200796.5
569967.0,4200797.0
569967.06,4200797.0
569967.1,4200797.0
569967.2,4200797.0
569967.25,4200797.0
569967.3,4200797.0
569967.4,4200797.0
569967.44,4200797.0
569967.5,4200797.0
569967.56,4200797.5
569967.6,4200797.5
569967.7,4200797.5
569967.75,4200797.5
569967.8,4200797.5
569967.9,4200797.5
569967.94,4200797.5
569968.0,4200797.5
569968.06,4200797.5
569968.1,4200798.0
569968.2,4200798.0
569968.25,4200798.0
569968.3,4200798.0
569968.4,4200798.0
569968.44,4200798.0
569968.5,4200798.0
569968.56,4200798.0
569968.6,4200798.0
569968.7,4200798.5
569968.75,4200798.5
569968.8,4200798.5
569968.9,4200798.5
569968.94,4200798.5
569969.0,4200798.5
569969.06,4200798.5
569969.1,4200798.5
569969.2,4200799.0
569969.25,4200799.0
569969.3,4200799.0
569969.4,4200799.0
569969.44,4200799.0
569969.5,4200799.0
569969.56,4200799.0
569969.6,4200799.0
569969.7,4200799.0
569969.75,4200799.5
569969.8,4200799.5
569969.9,4200799.5
569969.94,4200799.5
569970.0,4200799.5
569970.06,4200799.5
569970.1,4200799.5
569970.2,4200799.5
569970.25,4200799.5
569970.3,4200800.0
569970.4,4200800.0
569970.44,4200800.0
569970.5,4200800.0
569970.56,4200800.0
569970.6,4200800.0
569970.7,4200800.0
569970.75,4200800.0
569970.8,4200800.0
569970.9,4200800.5
569970.94,4200800.5
569971.0,4200800.5
569971.06,4200800.5
569971.1,4200800.5
569971.2,4200800.5
569971.25,4200800.5
569971.3,4200800.5
569971.4,4200800.5
569971.44,4200800.5
569971.5,4200801.0
569971.56,4200801.0
569971.6,4200801.0
569971.7,4200801.0
569971.75,4200801.0
569971.8,4200801.0
569971.9,4200801.0
569971.94,4200801.0
569972.0,4200801.0
569972.06,4200801.5
569972.1,4200801.5
569972.2,4200801.5
569972.25,4200801.5
569972.3,4200801.5
569972.4,4200801.5
569972.44,4200801.5
569972.5,4200801.5
569972.56,4200801.5
569972.6,4200802.0
569972.7,4200802.0
569972.75,4200802.0
569972.8,4200802.0
569972.9,4200802.0
569972.94,4200802.0
569973.0,4200802.0
569973.06,4200802.0
569973.1,4200802.0
569973.2,4200802.5
569973.25,4200802.5
569973.3,4200802.5
569973.4,4200802.5
569973.44,4200802.5
569973.5,4200802.5
569973.56,4200802.5
569973.6,4200802.5
569973.7,4200803.0
569973.75,4200803.0
569973.8,4200803.0
569973.9,4200803.0
569973.94,4200803.0
569974.0,4200803.0
569974.06,4200803.0
569974.1,4200803.0
569974.2,4200803.0
569974.25,4200803.0
569974.25,4200803.5
569974.3,4200803.5
569974.4,4200803.5
569974.44,4200803.5
569974.5,4200803.5
569974.56,4200803.5
569974.6,4200803.5
569974.7,4200803.5
569974.75,4200803.5
569974.8,4200803.5
569974.9,4200804.0
569974.94,4200804.0
569975.0,4200804.0
569975.06,4200804.0
569975.1,4200804.0
569975.2,4200804.0
569975.25,4200804.0
569975.3,4200804.0
569975.4,4200804.0
569975.44,4200804.5
569975.5,4200804.5
569975.56,4200804.5
569975.6,4200804.5
569975.7,4200804.5
569975.75,4200804.5
569975.8,4200804.5
569975.9,4200804.5
569975.94,4200804.5
569976.0,4200805.0
569976.06,4200805.0
569976.1,4200805.0
569976.2,4200805.0
569976.25,4200805.0
569976.3,4200805.0
569976.4,4200805.0
569976.44,4200805.0
569976.5,4200805.0
569976.56,4200805.5
569976.6,4200805.5
569976.7,4200805.5
569976.75,4200805.5
569976.8,4200805.5
569976.9,4200805.5
569976.94,4200805.5
569977.0,4200805.5
569977.06,4200805.5
569977.1,4200806.0
569977.2,4200806.0
569977.25,4200806.0
569977.3,4200806.0
569977.4,4200806.0
569977.44,4200806.0
569977.5,4200806.0
569977.56,4200806.0
569977.6,4200806.0
569977.7,4200806.5
569977.75,4200806.5
569977.8,4200806.5
569977.9,4200806.5
569977.94,4200806.5
569978.0,4200806.5
569978.06,4200806.5
569978.1,4200806.5
569978.2,4200806.5
569978.25,4200807.0
569978.3,4200807.0
569978.4,4200807.0
569978.44,4200807.0
569978.5,4200807.0
569978.56,4200807.0
569978.6,4200807.0
569978.7,4200807.0
569978.75,4200807.0
569978.8,4200807.5
569978.9,4200807.5
569978.94,4200807.5
569979.0,4200807.5
569979.06,4200807.5
569979.1,4200807.5
569979.2,4200807.5
569979.25,4200807.5
569979.3,4200807.5
569979.4,4200808.0
569979.44,4200808.0
569979.5,4200808.0
569979.56,4200808.0
569979.6,4200808.0
569979.7,4200808.0
569979.75,4200808.0
569979.8,4200808.0
569979.9,4200808.0
569979.94,4200808.5
569980.0,4200808.5
569980.06,4200808.5
569980.1,4200808.5
569980.2,4200808.5
569980.25,4200808.5
569980.3,4200808.5
569980.4,4200808.5
569980.44,4200808.5
569980.5,4200809.0
569980.56,4200809.0
569980.6,4200809.0
569980.7,4200809.0
569980.75,4200809.0
569980.8,4200809.0
569980.9,4200809.0
569980.94,4200809.0
569981.0,4200809.0
569981.06,4200809.5
569981.1,4200809.5
569981.2,4200809.5
569981.25,4200809.5
569981.3,4200809.5
569981.4,4200809.5
569981.44,4200809.5
569981.5,4200809.5
569981.56,4200809.5
569981.6,4200810.0
569981.7,4200810.0
569981.75,4200810.0
569981.8,4200810.0
569981.9,4200810.0
569981.94,4200810.0
569982.0,4200810.0
569982.06,4200810.0
569982.1,4200810.0
569982.2,4200810.5
569982.25,4200810.5
569982.3,4200810.5
569982.4,4200810.5
569982.44,4200810.5
569982.5,4200810.5
569982.56,4200810.5
569982.6,4200810.5
569982.7,4200810.5
569982.75,4200811.0
569982.8,4200811.0
569982.9,4200811.0
569982.94,4200811.0
569983.0,4200811.0
569983.06,4200811.0
569983.1,4200811.0
569983.2,4200811.0
569983.25,4200811.0
569983.3,4200811.0
569983.3,4200811.5
569983.4,4200811.5
569983.44,4200811.5
569983.5,4200811.5
569983.56,4200811.5
569983.6,4200811.5
569983.7,4200811.5
569983.75,4200811.5
569983.8,4200811.5
569983.9,4200812.0
569983.94,4200812.0
569984.0,4200812.0
569984.06,4200812.0
569984.1,4200812.0
569984.2,4200812.0
569984.25,4200812.0
569984.3,4200812.0
569984.4,4200812.0
569984.44,4200812.5
569984.5,4200812.5
569984.56,4200812.5
569984.6,4200812.5
569984.7,4200812.5
569984.75,4200812.5
569984.8,4200812.5
569984.9,4200812.5
569984.94,4200812.5
569985.0,4200813.0
569985.06,4200813.0
569985.1,4200813.0
569985.2,4200813.0
569985.25,4200813.0
569985.3,4200813.0
569985.4,4200813.0
569985.44,4200813.0
569985.5,4200813.0
569985.56,4200813.5
569985.6,4200813.5
569985.7,4200813.5
569985.75,4200813.5
569985.8,4200813.5
569985.9,4200813.5
569985.94,4200813.5
569986.0,4200813.5
569986.06,4200813.5
569986.1,4200814.0
569986.2,4200814.0
569986.25,4200814.0
569986.3,4200814.0
569986.4,4200814.0
569986.44,4200814.0
569986.5,4200814.0
569986.56,4200814.0
569986.6,4200814.0
569986.7,4200814.5
569986.75,4200814.5
569986.8,4200814.5
569986.9,4200814.5
569986.94,4200814.5
569987.0,4200814.5
569987.06,4200814.5
569987.1,4200814.5
569987.2,4200814.5
569987.25,4200815.0
569987.3,4200815.0
569987.4,4200815.0
569987.44,4200815.0
569987.5,4200815.0
569987.56,4200815.0
569987.6,4200815.0
569987.7,4200815.0
569987.75,4200815.0
569987.8,4200815.5
569987.9,4200815.5
569987.94,4200815.5
569988.0,4200815.5
569988.06,4200815.5
569988.1,4200815.5
569988.2,4200815.5
569988.25,4200815.5
569988.3,4200815.5
569988.4,4200816.0
569988.44,4200816.0
569988.5,4200816.0
569988.56,4200816.0
569988.6,4200816.0
569988.7,4200816.0
569988.75,4200816.0
569988.8,4200816.0
569988.9,4200816.0
569988.94,4200816.5
569989.0,4200816.5
569989.06,4200816.5
569989.1,4200816.5
569989.2,4200816.5
569989.25,4200816.5
569989.3,4200816.5
569989.4,4200816.5
569989.44,4200816.5
569989.5,4200817.0
569989.56,4200817.0
569989.6,4200817.0
569989.7,4200817.0
569989.75,4200817.0
569989.8,4200817.0
569989.9,4200817.0
569989.94,4200817.0
569990.0,4200817.0
569990.06,4200817.5
569990.1,4200817.5
569990.2,4200817.5
569990.25,4200817.5
569990.3,4200817.5
569990.4,4200817.5
569990.44,4200817.5
569990.5,4200817.5
569990.56,4200817.5
569990.6,4200818.0
569990.7,4200818.0
569990.75,4200818.0
569990.8,4200818.0
569990.9,4200818.0
569990.94,4200818.0
569991.0,4200818.0
569991.06,4200818.0
569991.1,4200818.0
569991.2,4200818.5
569991.25,4200818.5
569991.3,4200818.5
569991.4,4200818.5
569991.44,4200818.5
569991.5,4200818.5
569991.56,4200818.5
569991.6,4200818.5
569991.7,4200818.5
569991.75,4200819.0
569991.8,4200819.0
569991.9,4200819.0
569991.94,4200819.0
569992.0,4200819.0
569992.06,4200819.0
569992.1,4200819.0
569992.2,4200819.0
569992.25,4200819.0
569992.3,4200819.5
569992.4,4200819.5
569992.44,4200819.5
569992.5,4200819.5
569992.56,4200819.5
569992.6,4200819.5
569992.7,4200819.5
569992.75,4200819.5
569992.8,4200819.5
569992.9,4200819.5
569992.94,4200820.0
569993.0,4200820.0
569993.06,4200820.0
569993.1,4200820.0
569993.2,4200820.0
569993.25,4200820.0
569993.3,4200820.0
569993.4,4200820.0
569993.44,4200820.0
569993.5,4200820.5
569993.56,4200820.5
569993.6,4200820.5
569993.7,4200820.5
569993.75,4200820.5
569993.8,4200820.5
569993.9,4200820.5
569993.94,4200820.5
569994.0,4200820.5
569994.06,4200821.0
569994.1,4200821.0
569994.2,4200821.0
569994.25,4200821.0
569994.3,4200821.0
569994.4,4200821.0
569994.44,4200821.0
569994.5,4200821.0
569994.56,4200821.0
569994.6,4200821.5
569994.7,4200821.5
569994.75,4200821.5
569994.8,4200821.5
569994.9,4200821.5
569994.94,4200821.5
569995.0,4200821.5
569995.06,4200821.5
569995.1,4200821.5
569995.2,4200821.5
569995.25,4200822.0
569995.3,4200822.0
569995.4,4200822.0
569995.44,4200822.0
569995.5,4200822.0
569995.56,4200822.0
569995.6,4200822.0
569995.7,4200822.0
569995.75,4200822.0
569995.8,4200822.5
569995.9,4200822.5
569995.94,4200822.5
569996.0,4200822.5
569996.06,4200822.5
569996.1,4200822.5
569996.2,4200822.5
569996.25,4200822.5
569996.3,4200822.5
569996.4,4200823.0
569996.44,4200823.0
569996.5,4200823.0
569996.56,4200823.0
569996.6,4200823.0
569996.7,4200823.0
569996.75,4200823.0
569996.8,4200823.0
569996.9,4200823.0
569996.94,4200823.5
569997.0,4200823.5
569997.06,4200823.5
569997.1,4200823.5
569997.2,4200823.5
569997.25,4200823.5
569997.3,4200823.5
569997.4,4200823.5
569997.44,4200823.5
569997.5,4200823.5
569997.5,4200824.0
569997.56,4200824.0
569997.6,4200824.0
569997.7,4200824.0
569997.75,4200824.0
569997.8,4200824.0
569997.9,4200824.0
569997.94,4200824.0
569998.0,4200824.0
569998.06,4200824.0
569998.06,4200824.5
569998.1,4200824.5
569998.2,4200824.5
569998.25,4200824.5
569998.3,4200824.5
569998.4,4200824.5
569998.44,4200824.5
569998.5,4200824.5
569998.56,4200824.5
569998.6,4200825.0
569998.7,4200825.0
569998.75,4200825.0
569998.8,4200825.0
569998.9,4200825.0
569998.94,4200825.0
569999.0,4200825.0
569999.06,4200825.0
569999.1,4200825.0
569999.2,4200825.5
569999.25,4200825.5
569999.3,4200825.5
569999.4,4200825.5
569999.44,4200825.5
569999.5,4200825.5
569999.56,4200825.5
569999.6,4200825.5
569999.7,4200825.5
569999.75,4200825.5
569999.8,4200826.0
569999.9,4200826.0
569999.94,4200826.0
570000.0,4200826.0
570000.06,4200826.0
570000.1,4200826.0
570000.2,4200826.0
570000.25,4200826.0
570000.3,4200826.0
570000.4,4200826.5
570000.44,4200826.5
570000.5,4200826.5
570000.56,4200826.5
570000.6,4200826.5
570000.7,4200826.5
570000.75,4200826.5
570000.8,4200826.5
570000.9,4200826.5
570000.94,4200827.0
570001.0,4200827.0
570001.06,4200827.0
570001.1,4200827.0
570001.2,4200827.0
570001.25,4200827.0
570001.3,4200827.0
570001.4,4200827.0
570001.44,4200827.0
570001.5,4200827.5
570001.56,4200827.5
570001.6,4200827.5
570001.7,4200827.5
570001.75,4200827.5
570001.8,4200827.5
570001.9,4200827.5
570001.94,4200827.5
570002.0,4200827.5
570002.06,4200827.5
570002.1,4200828.0
570002.2,4200828.0
570002.25,4200828.0
570002.3,4200828.0
570002.4,4200828.0
570002.44,4200828.0
570002.5,4200828.0
570002.56,4200828.0
570002.6,4200828.0
570002.7,4200828.5
570002.75,4200828.5
570002.8,4200828.5
570002.9,4200828.5
570002.94,4200828.5
570003.0,4200828.5
570003.06,4200828.5
570003.1,4200828.5
570003.2,4200828.5
570003.25,4200829.0
570003.3,4200829.0
570003.4,4200829.0
570003.44,4200829.0
570003.5,4200829.0
570003.56,4200829.0
570003.6,4200829.0
570003.7,4200829.0
570003.75,4200829.0
570003.8,4200829.5
570003.9,4200829.5
570003.94,4200829.5
570004.0,4200829.5
570004.06,4200829.5
570004.1,4200829.5
570004.2,4200829.5
570004.25,4200829.5
570004.3,4200829.5
570004.4,4200829.5
570004.44,4200830.0
570004.5,4200830.0
570004.56,4200830.0
570004.6,4200830.0
570004.7,4200830.0
570004.75,4200830.0
570004.8,4200830.0
570004.9,4200830.0
570004.94,4200830.0
570005.0,4200830.5
570005.06,4200830.5
570005.1,4200830.5
570005.2,4200830.5
570005.25,4200830.5
570005.3,4200830.5
570005.4,4200830.5
570005.44,4200830.5
570005.5,4200830.5
570005.56,4200830.5
570005.56,4200831.0
570005.6,4200831.0
570005.7,4200831.0
570005.75,4200831.0
570005.8,4200831.0
570005.9,4200831.0
570005.94,4200831.0
570006.0,4200831.0
570006.06,4200831.0
570006.1,4200831.5
570006.2,4200831.5
570006.25,4200831.5
570006.3,4200831.5
570006.4,4200831.5
570006.44,4200831.5
570006.5,4200831.5
570006.56,4200831.5
570006.6,4200831.5
570006.7,4200831.5
570006.75,4200832.0
570006.8,4200832.0
570006.9,4200832.0
570006.94,4200832.0
570007.0,4200832.0
570007.06,4200832.0
570007.1,4200832.0
570007.2,4200832.0
570007.25,4200832.0
570007.3,4200832.5
570007.4,4200832.5
570007.44,4200832.5
570007.5,4200832.5
570007.56,4200832.5
570007.6,4200832.5
570007.7,4200832.5
570007.75,4200832.5
570007.8,4200832.5
570007.9,4200832.5
570007.94,4200833.0
570008.0,4200833.0
570008.06,4200833.0
570008.1,4200833.0
570008.2,4200833.0
570008.25,4200833.0
570008.3,4200833.0
570008.4,4200833.0
570008.44,4200833.5
570008.5,4200833.5
570008.56,4200833.5
570008.6,4200833.5
570008.7,4200833.5
570008.75,4200833.5
570008.8,4200833.5
570008.9,4200833.5
570008.94,4200833.5
570009.0,4200833.5
570009.06,4200834.0
570009.1,4200834.0
570009.2,4200834.0
570009.25,4200834.0
570009.3,4200834.0
570009.4,4200834.0
570009.44,4200834.0
570009.5,4200834.0
570009.56,4200834.0
570009.6,4200834.5
570009.7,4200834.5
570009.75,4200834.5
570009.8,4200834.5
570009.9,4200834.5
570009.94,4200834.5
570010.0,4200834.5
570010.06,4200834.5
570010.1,4200834.5
570010.2,4200834.5
570010.25,4200835.0
570010.3,4200835.0
570010.4,4200835.0
570010.44,4200835.0
570010.5,4200835.0
570010.56,4200835.0
570010.6,4200835.0
570010.7,4200835.0
570010.75,4200835.0
570010.75,4200835.5
570010.8,4200835.5
570010.9,4200835.5
570010.94,4200835.5
570011.0,4200835.5
570011.06,4200835.5
570011.1,4200835.5
570011.2,4200835.5
570011.25,4200835.5
570011.3,4200835.5
570011.4,4200836.0
570011.44,4200836.0
570011.5,4200836.0
570011.56,4200836.0
570011.6,4200836.0
570011.7,4200836.0
570011.75,4200836.0
570011.8,4200836.0
570011.9,4200836.0
570011.94,4200836.5
570012.0,4200836.5
570012.06,4200836.5
570012.1,4200836.5
570012.2,4200836.5
570012.25,4200836.5
570012.3,4200836.5
570012.4,4200836.5
570012.44,4200836.5
570012.5,4200836.5
570012.56,4200837.0
570012.6,4200837.0
570012.7,4200837.0
570012.75,4200837.0
570012.8,4200837.0
570012.9,4200837.0
570012.94,4200837.0
570013.0,4200837.0
570013.06,4200837.0
570013.06,4200837.5
570013.1,4200837.5
570013.2,4200837.5
570013.25,4200837.5
570013.3,4200837.5
570013.4,4200837.5
570013.44,4200837.5
570013.5,4200837.5
570013.56,4200837.5
570013.6,4200837.5
570013.7,4200838.0
570013.75,4200838.0
570013.8,4200838.0
570013.9,4200838.0
570013.94,4200838.0
570014.0,4200838.0
570014.06,4200838.0
570014.1,4200838.0
570014.2,4200838.0
570014.25,4200838.5
570014.3,4200838.5
570014.4,4200838.5
570014.44,4200838.5
570014.5,4200838.5
570014.56,4200838.5
570014.6,4200838.5
570014.7,4200838.5
570014.75,4200838.5
570014.8,4200838.5
570014.9,4200839.0
570014.94,4200839.0
570015.0,4200839.0
570015.06,4200839.0
570015.1,4200839.0
570015.2,4200839.0
570015.25,4200839.0
570015.3,4200839.0
570015.4,4200839.0
570015.44,4200839.5
570015.5,4200839.5
570015.56,4200839.5
570015.6,4200839.5
570015.7,4200839.5
570015.75,4200839.5
570015.8,4200839.5
570015.9,4200839.5
570015.94,4200839.5
570016.0,4200840.0
570016.06,4200840.0
570016.1,4200840.0
570016.2,4200840.0
570016.25,4200840.0
570016.3,4200840.0
570016.4,4200840.0
570016.44,4200840.0
570016.5,4200840.0
570016.56,4200840.0
570016.6,4200840.5
570016.7,4200840.5
570016.75,4200840.5
570016.8,4200840.5
570016.9,4200840.5
570016.94,4200840.5
570017.0,4200840.5
570017.06,4200840.5
570017.1,4200840.5
570017.1,4200841.0
570017.2,4200841.0
570017.25,4200841.0
570017.3,4200841.0
570017.4,4200841.0
570017.44,4200841.0
570017.5,4200841.0
570017.56,4200841.0
570017.6,4200841.0
570017.7,4200841.0
570017.75,4200841.5
570017.8,4200841.5
570017.9,4200841.5
570017.94,4200841.5
570018.0,4200841.5
570018.06,4200841.5
570018.1,4200841.5
570018.2,4200841.5
570018.25,4200841.5
570018.3,4200842.0
570018.4,4200842.0
570018.44,4200842.0
570018.5,4200842.0
570018.56,4200842.0
570018.6,4200842.0
570018.7,4200842.0
570018.75,4200842.0
570018.8,4200842.0
570018.9,4200842.0
570018.9,4200842.5
570018.94,4200842.5
570019.0,4200842.5
570019.06,4200842.5
570019.1,4200842.5
570019.2,4200842.5
570019.25,4200842.5
570019.3,4200842.5
570019.4,4200842.5
570019.44,4200843.0
570019.5,4200843.0
570019.56,4200843.0
570019.6,4200843.0
570019.7,4200843.0
570019.75,4200843.0
570019.8,4200843.0
570019.9,4200843.0
570019.94,4200843.0
570020.0,4200843.0
570020.06,4200843.5
570020.1,4200843.5
570020.2,4200843.5
570020.25,4200843.5
570020.3,4200843.5
570020.4,4200843.5
570020.44,4200843.5
570020.5,4200843.5
570020.56,4200843.5
570020.6,4200844.0
570020.7,4200844.0
570020.75,4200844.0
570020.8,4200844.0
570020.9,4200844.0
570020.94,4200844.0
570021.0,4200844.0
570021.06,4200844.0
570021.1,4200844.0
570021.2,4200844.5
570021.25,4200844.5
570021.3,4200844.5
570021.4,4200844.5
570021.44,4200844.5
570021.5,4200844.5
570021.56,4200844.5
570021.6,4200844.5
570021.7,4200844.5
570021.75,4200844.5
570021.8,4200845.0
570021.9,4200845.0
570021.94,4200845.0
570022.0,4200845.0
570022.06,4200845.0
570022.1,4200845.0
570022.2,4200845.0
570022.25,4200845.0
570022.3,4200845.0
570022.4,4200845.5
570022.44,4200845.5
570022.5,4200845.5
570022.56,4200845.5
570022.6,4200845.5
570022.7,4200845.5
570022.75,4200845.5
570022.8,4200845.5
570022.9,4200845.5
570022.94,4200846.0
570023.0,4200846.0
570023.06,4200846.0
570023.1,4200846.0
570023.2,4200846.0
570023.25,4200846.0
570023.3,4200846.0
570023.4,4200846.0
570023.44,4200846.0
570023.5,4200846.5
570023.56,4200846.5
570023.6,4200846.5
570023.7,4200846.5
570023.75,4200846.5
570023.8,4200846.5
570023.9,4200846.5
570023.94,4200846.5
570024.0,4200846.5
570024.06,4200846.5
570024.1,4200847.0
570024.2,4200847.0
570024.25,4200847.0
570024.3,4200847.0
570024.4,4200847.0
570024.44,4200847.0
570024.5,4200847.0
570024.56,4200847.0
570024.6,4200847.0
570024.7,4200847.5
570024.75,4200847.5
570024.8,4200847.5
570024.9,4200847.5
570024.94,4200847.5
570025.0,4200847.5
570025.06,4200847.5
570025.1,4200847.5
570025.2,4200847.5
570025.25,4200847.5
570025.25,4200848.0
570025.3,4200848.0
570025.4,4200848.0
570025.44,4200848.0
570025.5,4200848.0
570025.56,4200848.0
570025.6,4200848.0
570025.7,4200848.0
570025.75,4200848.0
570025.8,4200848.5
570025.9,4200848.5
570025.94,4200848.5
570026.0,4200848.5
570026.06,4200848.5
570026.1,4200848.5
570026.2,4200848.5
570026.25,4200848.5
570026.3,4200848.5
570026.4,4200848.5
570026.44,4200849.0
570026.5,4200849.0
570026.56,4200849.0
570026.6,4200849.0
570026.7,4200849.0
570026.75,4200849.0
570026.8,4200849.0
570026.9,4200849.0
570026.94,4200849.0
570027.0,4200849.5
570027.06,4200849.5
570027.1,4200849.5
570027.2,4200849.5
570027.25,4200849.5
570027.3,4200849.5
570027.4,4200849.5
570027.44,4200849.5
570027.5,4200849.5
570027.56,4200849.5
570027.6,4200850.0
570027.7,4200850.0
570027.75,4200850.0
570027.8,4200850.0
570027.9,4200850.0
570027.94,4200850.0
570028.0,4200850.0
570028.06,4200850.0
570028.1,4200850.0
570028.1,4200850.5
570028.2,4200850.5
570028.25,4200850.5
570028.3,4200850.5
570028.4,4200850.5
570028.44,4200850.5
570028.5,4200850.5
570028.56,4200850.5
570028.6,4200850.5
570028.7,4200850.5
570028.75,4200851.0
570028.8,4200851.0
570028.9,4200851.0
570028.94,4200851.0
570029.0,4200851.0
570029.06,4200851.0
570029.1,4200851.0
570029.2,4200851.0
570029.25,4200851.0
570029.3,4200851.0
570029.4,4200851.5
570029.44,4200851.5
570029.5,4200851.5
570029.56,4200851.5
570029.6,4200851.5
570029.7,4200851.5
570029.75,4200851.5
570029.8,4200851.5
570029.9,4200851.5
570029.94,4200852.0
570030.0,4200852.0
570030.06,4200852.0
570030.1,4200852.0
570030.2,4200852.0
570030.25,4200852.0
570030.3,4200852.0
570030.4,4200852.0
570030.44,4200852.0
570030.5,4200852.0
570030.5,4200852.5
570030.56,4200852.5
570030.6,4200852.5
570030.7,4200852.5
570030.75,4200852.5
570030.8,4200852.5
570030.9,4200852.5
570030.94,4200852.5
570031.0,4200852.5
570031.06,4200853.0
570031.1,4200853.0
570031.2,4200853.0
570031.25,4200853.0
570031.3,4200853.0
570031.4,4200853.0
570031.44,4200853.0
570031.5,4200853.0
570031.56,4200853.0
570031.6,4200853.0
570031.7,4200853.5
570031.75,4200853.5
570031.8,4200853.5
570031.9,4200853.5
570031.94,4200853.5
570032.0,4200853.5
570032.06,4200853.5
570032.1,4200853.5
570032.2,4200853.5
570032.25,4200854.0
570032.3,4200854.0
570032.4,4200854.0
570032.44,4200854.0
570032.5,4200854.0
570032.56,4200854.0
570032.6,4200854.0
570032.7,4200854.0
570032.75,4200854.0
570032.8,4200854.0
570032.9,4200854.5
570032.94,4200854.5
570033.0,4200854.5
570033.06,4200854.5
570033.1,4200854.5
570033.2,4200854.5
570033.25,4200854.5
570033.3,4200854.5
570033.4,4200854.5
570033.4,4200855.0
570033.44,4200855.0
570033.5,4200855.0
570033.56,4200855.0
570033.6,4200855.0
570033.7,4200855.0
570033.75,4200855.0
570033.8,4200855.0
570033.9,4200855.0
570033.94,4200855.0
570034.0,4200855.5
570034.06,4200855.5
570034.1,4200855.5
570034.2,4200855.5
570034.25,4200855.5
570034.3,4200855.5
570034.4,4200855.5
570034.44,4200855.5
570034.5,4200855.5
570034.56,4200856.0
570034.6,4200856.0
570034.7,4200856.0
570034.75,4200856.0
570034.8,4200856.0
570034.9,4200856.0
570034.94,4200856.0
570035.0,4200856.0
570035.06,4200856.0
570035.1,4200856.0
570035.2,4200856.5
570035.25,4200856.5
570035.3,4200856.5
570035.4,4200856.5
570035.44,4200856.5
570035.5,4200856.5
570035.56,4200856.5
570035.6,4200856.5
570035.7,4200856.5
570035.75,4200857.0
570035.8,4200857.0
570035.9,4200857.0
570035.94,4200857.0
570036.0,4200857.0
570036.06,4200857.0
570036.1,4200857.0
570036.2,4200857.0
570036.25,4200857.0
570036.3,4200857.5
570036.4,4200857.5
570036.44,4200857.5
570036.5,4200857.5
570036.56,4200857.5
570036.6,4200857.5
570036.7,4200857.5
570036.75,4200857.5
570036.8,4200857.5
570036.9,4200858.0
570036.94,4200858.0
570037.0,4200858.0
570037.06,4200858.0
570037.1,4200858.0
570037.2,4200858.0
570037.25,4200858.0
570037.3,4200858.0
570037.4,4200858.0
570037.44,4200858.0
570037.5,4200858.5
570037.56,4200858.5
570037.6,4200858.5
570037.7,4200858.5
570037.75,4200858.5
570037.8,4200858.5
570037.9,4200858.5
570037.94,4200858.5
570038.0,4200858.5
570038.0,4200859.0
570038.06,4200859.0
570038.1,4200859.0
570038.2,4200859.0
570038.25,4200859.0
570038.3,4200859.0
570038.4,4200859.0
570038.44,4200859.0
570038.5,4200859.0
570038.56,4200859.0
570038.56,4200859.5
570038.6,4200859.5
570038.7,4200859.5
570038.75,4200859.5
570038.8,4200859.5
570038.9,4200859.5
570038.94,4200859.5
570039.0,4200859.5
570039.06,4200859.5
570039.1,4200859.5
570039.2,4200860.0
570039.25,4200860.0
570039.3,4200860.0
570039.4,4200860.0
570039.44,4200860.0
570039.5,4200860.0
570039.56,4200860.0
570039.6,4200860.0
570039.7,4200860.0
570039.75,4200860.5
570039.8,4200860.5
570039.9,4200860.5
570039.94,4200860.5
570040.0,4200860.5
570040.06,4200860.5
570040.1,4200860.5
570040.2,4200860.5
570040.25,4200860.5
570040.3,4200861.0
570040.4,4200861.0
570040.44,4200861.0
570040.5,4200861.0
570040.56,4200861.0
570040.6,4200861.0
570040.7,4200861.0
570040.75,4200861.0
570040.8,4200861.0
570040.9,4200861.0
570040.94,4200861.5
570041.0,4200861.5
570041.06,4200861.5
570041.1,4200861.5
570041.2,4200861.5
570041.25,4200861.5
570041.3,4200861.5
570041.4,4200861.5
570041.44,4200861.5
570041.5,4200862.0
570041.56,4200862.0
570041.6,4200862.0
570041.7,4200862.0
570041.75,4200862.0
570041.8,4200862.0
570041.9,4200862.0
570041.94,4200862.0
570042.0,4200862.0
570042.06,4200862.5
570042.1,4200862.5
570042.2,4200862.5
570042.25,4200862.5
570042.3,4200862.5
570042.4,4200862.5
570042.44,4200862.5
570042.5,4200862.5
570042.56,4200862.5
570042.6,4200863.0
570042.7,4200863.0
570042.75,4200863.0
570042.8,4200863.0
570042.9,4200863.0
570042.94,4200863.0
570043.0,4200863.0
570043.06,4200863.0
570043.1,4200863.0
570043.2,4200863.0
570043.25,4200863.5
570043.3,4200863.5
570043.4,4200863.5
570043.44,4200863.5
570043.5,4200863.5
570043.56,4200863.5
570043.6,4200863.5
570043.7,4200863.5
570043.75,4200863.5
570043.75,4200864.0
570043.8,4200864.0
570043.9,4200864.0
570043.94,4200864.0
570044.0,4200864.0
570044.06,4200864.0
570044.1,4200864.0
570044.2,4200864.0
570044.25,4200864.0
570044.3,4200864.5
570044.4,4200864.5
570044.44,4200864.5
570044.5,4200864.5
570044.56,4200864.5
570044.6,4200864.5
570044.7,4200864.5
570044.75,4200864.5
570044.8,4200864.5
570044.9,4200864.5
570044.94,4200865.0
570045.0,4200865.0
570045.06,4200865.0
570045.1,4200865.0
570045.2,4200865.0
570045.25,4200865.0
570045.3,4200865.0
570045.4,4200865.0
570045.44,4200865.0
570045.5,4200865.5
570045.56,4200865.5
570045.6,4200865.5
570045.7,4200865.5
570045.75,4200865.5
570045.8,4200865.5
570045.9,4200865.5
570045.94,4200865.5
570046.0,4200865.5
570046.06,4200866.0
570046.1,4200866.0
570046.2,4200866.0
570046.25,4200866.0
570046.3,4200866.0
570046.4,4200866.0
570046.44,4200866.0
570046.5,4200866.0
570046.56,4200866.0
570046.6,4200866.5
570046.7,4200866.5
570046.75,4200866.5
570046.8,4200866.5
570046.9,4200866.5
570046.94,4200866.5
570047.0,4200866.5
570047.06,4200866.5
570047.1,4200866.5
570047.2,4200867.0
570047.25,4200867.0
570047.3,4200867.0
570047.4,4200867.0
570047.44,4200867.0
570047.5,4200867.0
570047.56,4200867.0
570047.6,4200867.0
570047.7,4200867.0
570047.75,4200867.5
570047.8,4200867.5
570047.9,4200867.5
570047.94,4200867.5
570048.0,4200867.5
570048.06,4200867.5
570048.1,4200867.5
570048.2,4200867.5
570048.25,4200867.5
570048.3,4200868.0
570048.4,4200868.0
570048.44,4200868.0
570048.5,4200868.0
570048.56,4200868.0
570048.6,4200868.0
570048.7,4200868.0
570048.75,4200868.0
570048.8,4200868.0
570048.9,4200868.5
570048.94,4200868.5
570049.0,4200868.5
570049.06,4200868.5
570049.1,4200868.5
570049.2,4200868.5
570049.25,4200868.5
570049.3,4200868.5
570049.4,4200868.5
570049.44,4200869.0
570049.5,4200869.0
570049.56,4200869.0
570049.6,4200869.0
570049.7,4200869.0
570049.75,4200869.0
570049.8,4200869.0
570049.9,4200869.0
570049.94,4200869.0
570050.0,4200869.5
570050.06,4200869.5
570050.1,4200869.5
570050.2,4200869.5
570050.25,4200869.5
570050.3,4200869.5
570050.4,4200869.5
570050.44,4200869.5
570050.5,4200869.5
570050.56,4200870.0
570050.6,4200870.0
570050.7,4200870.0
570050.75,4200870.0
570050.8,4200870.0
570050.9,4200870.0
570050.94,4200870.0
570051.0,4200870.0
570051.06,4200870.0
570051.1,4200870.5
570051.2,4200870.5
570051.25,4200870.5
570051.3,4200870.5
570051.4,4200870.5
570051.44,4200870.5
570051.5,4200870.5
570051.56,4200870.5
570051.6,4200870.5
570051.7,4200871.0
570051.75,4200871.0
570051.8,4200871.0
570051.9,4200871.0
570051.94,4200871.0
570052.0,4200871.0
570052.06,4200871.0
570052.1,4200871.0
570052.2,4200871.0
570052.25,4200871.5
570052.3,4200871.5
570052.4,4200871.5
570052.44,4200871.5
570052.5,4200871.5
570052.56,4200871.5
570052.6,4200871.5
570052.7,4200871.5
570052.75,4200871.5
570052.8,4200872.0
570052.9,4200872.0
570052.94,4200872.0
570053.0,4200872.0
570053.06,4200872.0
570053.1,4200872.0
570053.2,4200872.0
570053.25,4200872.0
570053.3,4200872.0
570053.4,4200872.5
570053.44,4200872.5
570053.5,4200872.5
570053.56,4200872.5
570053.6,4200872.5
570053.7,4200872.5
570053.75,4200872.5
570053.8,4200872.5
570053.9,4200872.5
570053.94,4200873.0
570054.0,4200873.0
570054.06,4200873.0
570054.1,4200873.0
570054.2,4200873.0
570054.25,4200873.0
570054.3,4200873.0
570054.4,4200873.0
570054.44,4200873.0
570054.5,4200873.5
570054.56,4200873.5
570054.6,4200873.5
570054.7,4200873.5
570054.75,4200873.5
570054.8,4200873.5
570054.9,4200873.5
570054.94,4200873.5
570055.0,4200873.5
570055.06,4200874.0
570055.1,4200874.0
570055.2,4200874.0
570055.25,4200874.0
570055.3,4200874.0
570055.4,4200874.0
570055.44,4200874.0
570055.5,4200874.0
570055.56,4200874.0
570055.56,4200874.5
570055.6,4200874.5
570055.7,4200874.5
570055.75,4200874.5
570055.8,4200874.5
570055.9,4200874.5
570055.94,4200874.5
570056.0,4200874.5
570056.06,4200874.5
570056.1,4200874.5
570056.2,4200875.0
570056.25,4200875.0
570056.3,4200875.0
570056.4,4200875.0
570056.44,4200875.0
570056.5,4200875.0
570056.56,4200875.0
570056.6,4200875.0
570056.7,4200875.0
570056.75,4200875.5
570056.8,4200875.5
570056.9,4200875.5
570056.94,4200875.5
570057.0,4200875.5
570057.06,4200875.5
570057.1,4200875.5
570057.2,4200875.5
570057.25,4200876.0
570057.3,4200876.0
570057.4,4200876.0
570057.44,4200876.0
570057.5,4200876.0
570057.56,4200876.0
570057.6,4200876.0
570057.7,4200876.0
570057.75,4200876.0
570057.8,4200876.0
570057.9,4200876.5
570057.94,4200876.5
570058.0,4200876.5
570058.06,4200876.5
570058.1,4200876.5
570058.2,4200876.5
570058.25,4200876.5
570058.3,4200876.5
570058.4,4200877.0
570058.44,4200877.0
570058.5,4200877.0
570058.56,4200877.0
570058.6,4200877.0
570058.7,4200877.0
570058.75,4200877.0
570058.8,4200877.0
570058.9,4200877.5
570058.94,4200877.5
570059.0,4200877.5
570059.06,4200877.5
570059.1,4200877.5
570059.2,4200877.5
570059.25,4200877.5
570059.3,4200877.5
570059.4,4200877.5
570059.44,4200877.5
570059.5,4200878.0
570059.56,4200878.0
570059.6,4200878.0
570059.7,4200878.0
570059.75,4200878.0
570059.8,4200878.0
570059.9,4200878.0
570059.94,4200878.0
570060.0,4200878.5
570060.06,4200878.5
570060.1,4200878.5
570060.2,4200878.5
570060.25,4200878.5
570060.3,4200878.5
570060.4,4200878.5
570060.44,4200878.5
570060.5,4200878.5
570060.56,4200879.0
570060.6,4200879.0
570060.7,4200879.0
570060.75,4200879.0
570060.8,4200879.0
570060.9,4200879.0
570060.94,4200879.0
570061.0,4200879.0
570061.06,4200879.0
570061.1,4200879.5
570061.2,4200879.5
570061.25,4200879.5
570061.3,4200879.5
570061.4,4200879.5
570061.44,4200879.5
570061.5,4200879.5
570061.56,4200879.5
570061.6,4200880.0
570061.7,4200880.0
570061.75,4200880.0
570061.8,4200880.0
570061.9,4200880.0
570061.94,4200880.0
570062.0,4200880.0
570062.06,4200880.0
570062.1,4200880.0
570062.2,4200880.5
570062.25,4200880.5
570062.3,4200880.5
570062.4,4200880.5
570062.44,4200880.5
570062.5,4200880.5
570062.56,4200880.5
570062.6,4200880.5
570062.7,4200880.5
570062.75,4200881.0
570062.8,4200881.0
570062.9,4200881.0
570062.94,4200881.0
570063.0,4200881.0
570063.06,4200881.0
570063.1,4200881.0
570063.2,4200881.0
570063.25,4200881.0
570063.3,4200881.5
570063.4,4200881.5
570063.44,4200881.5
570063.5,4200881.5
570063.56,4200881.5
570063.6,4200881.5
570063.7,4200881.5
570063.75,4200881.5
570063.8,4200882.0
570063.9,4200882.0
570063.94,4200882.0
570064.0,4200882.0
570064.06,4200882.0
570064.1,4200882.0
570064.2,4200882.0
570064.25,4200882.0
570064.3,4200882.0
570064.4,4200882.5
570064.44,4200882.5
570064.5,4200882.5
570064.56,4200882.5
570064.6,4200882.5
570064.7,4200882.5
570064.75,4200882.5
570064.8,4200882.5
570064.9,4200882.5
570064.94,4200883.0
570065.0,4200883.0
570065.06,4200883.0
570065.1,4200883.0
570065.2,4200883.0
570065.25,4200883.0
570065.3,4200883.0
570065.4,4200883.0
570065.44,4200883.5
570065.5,4200883.5
570065.56,4200883.5
570065.6,4200883.5
570065.7,4200883.5
570065.75,4200883.5
570065.8,4200883.5
570065.9,4200883.5
570065.94,4200883.5
570066.0,4200883.5
570066.0,4200884.0
570066.06,4200884.0
570066.1,4200884.0
570066.2,4200884.0
570066.25,4200884.0
570066.3,4200884.0
570066.4,4200884.0
570066.44,4200884.0
570066.5,4200884.0
570066.56,4200884.5
570066.6,4200884.5
570066.7,4200884.5
570066.75,4200884.5
570066.8,4200884.5
570066.9,4200884.5
570066.94,4200884.5
570067.0,4200884.5
570067.06,4200884.5
570067.1,4200885.0
570067.2,4200885.0
570067.25,4200885.0
570067.3,4200885.0
570067.4,4200885.0
570067.44,4200885.0
570067.5,4200885.0
570067.56,4200885.0
570067.6,4200885.0
570067.7,4200885.5
570067.75,4200885.5
570067.8,4200885.5
570067.9,4200885.5
570067.94,4200885.5
570068.0,4200885.5
570068.06,4200885.5
570068.1,4200885.5
570068.2,4200886.0
570068.25,4200886.0
570068.3,4200886.0
570068.4,4200886.0
570068.44,4200886.0
570068.5,4200886.0
570068.56,4200886.0
570068.6,4200886.0
570068.7,4200886.0
570068.75,4200886.5
570068.8,4200886.5
570068.9,4200886.5
570068.94,4200886.5
570069.0,4200886.5
570069.06,4200886.5
570069.1,4200886.5
570069.2,4200886.5
570069.25,4200886.5
570069.3,4200887.0
570069.4,4200887.0
570069.44,4200887.0
570069.5,4200887.0
570069.56,4200887.0
570069.6,4200887.0
570069.7,4200887.0
570069.75,4200887.0
570069.8,4200887.0
570069.9,4200887.5
570069.94,4200887.5
570070.0,4200887.5
570070.06,4200887.5
570070.1,4200887.5
570070.2,4200887.5
570070.25,4200887.5
570070.3,4200888.0
570070.4,4200888.0
570070.44,4200888.0
570070.5,4200888.0
570070.56,4200888.0
570070.6,4200888.0
570070.7,4200888.0
570070.75,4200888.0
570070.8,4200888.0
570070.9,4200888.5
570070.94,4200888.5
570071.0,4200888.5
570071.06,4200888.5
570071.1,4200888.5
570071.2,4200888.5
570071.25,4200888.5
570071.3,4200888.5
570071.4,4200888.5
570071.44,4200889.0
570071.5,4200889.0
570071.56,4200889.0
570071.6,4200889.0
570071.7,4200889.0
570071.75,4200889.0
570071.8,4200889.0
570071.9,4200889.0
570071.94,4200889.0
570072.0,4200889.5
570072.06,4200889.5
570072.1,4200889.5
570072.2,4200889.5
570072.25,4200889.5
570072.3,4200889.5
570072.4,4200889.5
570072.44,4200889.5
570072.5,4200890.0
570072.56,4200890.0
570072.6,4200890.0
570072.7,4200890.0
570072.75,4200890.0
570072.8,4200890.0
570072.9,4200890.0
570072.94,4200890.0
570073.0,4200890.0
570073.06,4200890.5
570073.1,4200890.5
570073.2,4200890.5
570073.25,4200890.5
570073.3,4200890.5
570073.4,4200890.5
570073.44,4200890.5
570073.5,4200890.5
570073.56,4200890.5
570073.6,4200891.0
570073.7,4200891.0
570073.75,4200891.0
570073.8,4200891.0
570073.9,4200891.0
570073.94,4200891.0
570074.0,4200891.0
570074.06,4200891.0
570074.1,4200891.5
570074.2,4200891.5
570074.25,4200891.5
570074.3,4200891.5
570074.4,4200891.5
570074.44,4200891.5
570074.5,4200891.5
570074.56,4200891.5
570074.6,4200891.5
570074.7,4200892.0
570074.75,4200892.0
570074.8,4200892.0
570074.9,4200892.0
570074.94,4200892.0
570075.0,4200892.0
570075.06,4200892.0
570075.1,4200892.0
570075.2,4200892.0
570075.25,4200892.5
570075.3,4200892.5
570075.4,4200892.5
570075.44,4200892.5
570075.5,4200892.5
570075.56,4200892.5
570075.6,4200892.5
570075.7,4200892.5
570075.75,4200892.5
570075.8,4200893.0
570075.9,4200893.0
570075.94,4200893.0
570076.0,4200893.0
570076.06,4200893.0
570076.1,4200893.0
570076.2,4200893.0
570076.25,4200893.0
570076.3,4200893.5
570076.4,4200893.5
570076.44,4200893.5
570076.5,4200893.5
570076.56,4200893.5
570076.6,4200893.5
570076.7,4200893.5
570076.75,4200893.5
570076.8,4200893.5
570076.9,4200894.0
570076.94,4200894.0
570077.0,4200894.0
570077.06,4200894.0
570077.1,4200894.0
570077.2,4200894.0
570077.25,4200894.0
570077.3,4200894.0
570077.4,4200894.0
570077.44,4200894.5
570077.5,4200894.5
570077.56,4200894.5
570077.6,4200894.5
570077.7,4200894.5
570077.75,4200894.5
570077.8,4200894.5
570077.9,4200894.5
570077.94,4200894.5
570078.0,4200895.0
570078.06,4200895.0
570078.1,4200895.0
570078.2,4200895.0
570078.25,4200895.0
570078.3,4200895.0
570078.4,4200895.0
570078.44,4200895.0
570078.5,4200895.5
570078.56,4200895.5
570078.6,4200895.5
570078.7,4200895.5
570078.75,4200895.5
570078.8,4200895.5
570078.9,4200895.5
570078.94,4200895.5
570079.0,4200895.5
570079.06,4200896.0
570079.1,4200896.0
570079.2,4200896.0
570079.25,4200896.0
570079.3,4200896.0
570079.4,4200896.0
570079.44,4200896.0
570079.5,4200896.0
570079.56,4200896.0
570079.6,4200896.5
570079.7,4200896.5
570079.75,4200896.5
570079.8,4200896.5
570079.9,4200896.5
570079.94,4200896.5
570080.0,4200896.5
570080.06,4200896.5
570080.1,4200897.0
570080.2,4200897.0
570080.25,4200897.0
570080.3,4200897.0
570080.4,4200897.0
570080.44,4200897.0
570080.5,4200897.0
570080.56,4200897.0
570080.6,4200897.0
570080.7,4200897.5
570080.75,4200897.5
570080.8,4200897.5
570080.9,4200897.5
570080.94,4200897.5
570081.0,4200897.5
570081.06,4200897.5
570081.1,4200897.5
570081.2,4200897.5
570081.25,4200898.0
570081.3,4200898.0
570081.4,4200898.0
570081.44,4200898.0
570081.5,4200898.0
570081.56,4200898.0
570081.6,4200898.0
570081.7,4200898.0
570081.75,4200898.0
570081.8,4200898.5
570081.9,4200898.5
570081.94,4200898.5
570082.0,4200898.5
570082.06,4200898.5
570082.1,4200898.5
570082.2,4200898.5
570082.25,4200898.5
570082.3,4200898.5
570082.4,4200899.0
570082.44,4200899.0
570082.5,4200899.0
570082.56,4200899.0
570082.6,4200899.0
570082.7,4200899.0
570082.75,4200899.0
570082.8,4200899.0
570082.9,4200899.0
570082.94,4200899.5
570083.0,4200899.5
570083.06,4200899.5
570083.1,4200899.5
570083.2,4200899.5
570083.25,4200899.5
570083.3,4200899.5
570083.4,4200899.5
570083.44,4200900.0
570083.5,4200900.0
570083.56,4200900.0
570083.6,4200900.0
570083.7,4200900.0
570083.75,4200900.0
570083.8,4200900.0
570083.9,4200900.0
570083.94,4200900.0
570084.0,4200900.5
570084.06,4200900.5
570084.1,4200900.5
570084.2,4200900.5
570084.25,4200900.5
570084.3,4200900.5
570084.4,4200900.5
570084.44,4200900.5
570084.5,4200900.5
570084.56,4200900.5
570084.6,4200901.0
570084.7,4200901.0
570084.75,4200901.0
570084.8,4200901.0
570084.9,4200901.0
570084.94,4200901.0
570085.0,4200901.0
570085.06,4200901.0
570085.1,4200901.5
570085.2,4200901.5
570085.25,4200901.5
570085.3,4200901.5
570085.4,4200901.5
570085.44,4200901.5
570085.5,4200901.5
570085.56,4200901.5
570085.6,4200901.5
570085.7,4200902.0
570085.75,4200902.0
570085.8,4200902.0
570085.9,4200902.0
570085.94,4200902.0
570086.0,4200902.0
570086.06,4200902.0
570086.1,4200902.0
570086.2,4200902.0
570086.25,4200902.0
570086.3,4200902.5
570086.4,4200902.5
570086.44,4200902.5
570086.5,4200902.5
570086.56,4200902.5
570086.6,4200902.5
570086.7,4200902.5
570086.75,4200902.5
570086.8,4200903.0
570086.9,4200903.0
570086.94,4200903.0
570087.0,4200903.0
570087.06,4200903.0
570087.1,4200903.0
570087.2,4200903.0
570087.25,4200903.0
570087.3,4200903.0
570087.4,4200903.0
570087.44,4200903.5
570087.5,4200903.5
570087.56,4200903.5
570087.6,4200903.5
570087.7,4200903.5
570087.75,4200903.5
570087.8,4200903.5
570087.9,4200903.5
570087.94,4200904.0
570088.0,4200904.0
570088.06,4200904.0
570088.1,4200904.0
570088.2,4200904.0
570088.25,4200904.0
570088.3,4200904.0
570088.4,4200904.0
570088.44,4200904.0
570088.5,4200904.0
570088.56,4200904.5
570088.6,4200904.5
570088.7,4200904.5
570088.75,4200904.5
570088.8,4200904.5
570088.9,4200904.5
570088.94,4200904.5
570089.0,4200904.5
570089.06,4200904.5
570089.1,4200905.0
570089.2,4200905.0
570089.25,4200905.0
570089.3,4200905.0
570089.4,4200905.0
570089.44,4200905.0
570089.5,4200905.0
570089.56,4200905.0
570089.6,4200905.0
570089.7,4200905.5
570089.75,4200905.5
570089.8,4200905.5
570089.9,4200905.5
570089.94,4200905.5
570090.0,4200905.5
570090.06,4200905.5
570090.1,4200905.5
570090.2,4200905.5
570090.25,4200906.0
570090.3,4200906.0
570090.4,4200906.0
570090.44,4200906.0
570090.5,4200906.0
570090.56,4200906.0
570090.6,4200906.0
570090.7,4200906.0
570090.75,4200906.0
570090.75,4200906.5
570090.8,4200906.5
570090.9,4200906.5
570090.94,4200906.5
570091.0,4200906.5
570091.06,4200906.5
570091.1,4200906.5
570091.2,4200906.5
570091.25,4200906.5
570091.3,4200906.5
570091.4,4200907.0
570091.44,4200907.0
570091.5,4200907.0
570091.56,4200907.0
570091.6,4200907.0
570091.7,4200907.0
570091.75,4200907.0
570091.8,4200907.0
570091.9,4200907.0
570091.94,4200907.5
570092.0,4200907.5
570092.06,4200907.5
570092.1,4200907.5
570092.2,4200907.5
570092.25,4200907.5
570092.3,4200907.5
570092.4,4200907.5
570092.44,4200907.5
570092.5,4200908.0
570092.56,4200908.0
570092.6,4200908.0
570092.7,4200908.0
570092.75,4200908.0
570092.8,4200908.0
570092.9,4200908.0
570092.94,4200908.0
570093.0,4200908.0
570093.06,4200908.5
570093.1,4200908.5
570093.2,4200908.5
570093.25,4200908.5
570093.3,4200908.5
570093.4,4200908.5
570093.44,4200908.5
570093.5,4200908.5
570093.56,4200908.5
570093.6,4200908.5
570093.6,4200909.0
570093.7,4200909.0
570093.75,4200909.0
570093.8,4200909.0
570093.9,4200909.0
570093.94,4200909.0
570094.0,4200909.0
570094.06,4200909.0
570094.1,4200909.0
570094.2,4200909.5
570094.25,4200909.5
570094.3,4200909.5
570094.4,4200909.5
570094.44,4200909.5
570094.5,4200909.5
570094.56,4200909.5
570094.6,4200909.5
570094.7,4200909.5
570094.75,4200910.0
570094.8,4200910.0
570094.9,4200910.0
570094.94,4200910.0
570095.0,4200910.0
570095.06,4200910.0
570095.1,4200910.0
570095.2,4200910.0
570095.25,4200910.0
570095.3,4200910.5
570095.4,4200910.5
570095.44,4200910.5
570095.5,4200910.5
570095.56,4200910.5
570095.6,4200910.5
570095.7,4200910.5
570095.75,4200910.5
570095.8,4200910.5
570095.9,4200910.5
570095.94,4200911.0
570096.0,4200911.0
570096.06,4200911.0
570096.1,4200911.0
570096.2,4200911.0
570096.25,4200911.0
570096.3,4200911.0
570096.4,4200911.0
570096.44,4200911.0
570096.5,4200911.5
570096.56,4200911.5
570096.6,4200911.5
570096.7,4200911.5
570096.75,4200911.5
570096.8,4200911.5
570096.9,4200911.5
570096.94,4200911.5
570097.0,4200911.5
570097.06,4200912.0
570097.1,4200912.0
570097.2,4200912.0
570097.25,4200912.0
570097.3,4200912.0
570097.4,4200912.0
570097.44,4200912.0
570097.5,4200912.0
570097.56,4200912.0
570097.6,4200912.5
570097.7,4200912.5
570097.75,4200912.5
570097.8,4200912.5
570097.9,4200912.5
570097.94,4200912.5
570098.0,4200912.5
570098.06,4200912.5
570098.1,4200913.0
570098.2,4200913.0
570098.25,4200913.0
570098.3,4200913.0
570098.4,4200913.0
570098.44,4200913.0
570098.5,4200913.0
570098.56,4200913.0
570098.6,4200913.0
570098.7,4200913.5
570098.75,4200913.5
570098.8,4200913.5
570098.9,4200913.5
570098.94,4200913.5
570099.0,4200913.5
570099.06,4200913.5
570099.1,4200913.5
570099.2,4200913.5
570099.25,4200914.0
570099.3,4200914.0
570099.4,4200914.0
570099.44,4200914.0
570099.5,4200914.0
570099.56,4200914.0
570099.6,4200914.0
570099.7,4200914.0
570099.75,4200914.0
570099.8,4200914.5
570099.9,4200914.5
570099.94,4200914.5
570100.0,4200914.5
570100.06,4200914.5
570100.1,4200914.5
570100.2,4200914.5
570100.25,4200914.5
570100.3,4200914.5
570100.4,4200915.0
570100.44,4200915.0
570100.5,4200915.0
570100.56,4200915.0
570100.6,4200915.0
570100.7,4200915.0
570100.75,4200915.0
570100.8,4200915.0
570100.9,4200915.0
570100.94,4200915.0
570100.94,4200915.5
570101.0,4200915.5
570101.06,4200915.5
570101.1,4200915.5
570101.2,4200915.5
570101.25,4200915.5
570101.3,4200915.5
570101.4,4200915.5
570101.44,4200915.5
570101.5,4200915.5
570101.56,4200916.0
570101.6,4200916.0
570101.7,4200916.0
570101.75,4200916.0
570101.8,4200916.0
570101.9,4200916.0
570101.94,4200916.0
570102.0,4200916.0
570102.06,4200916.0
570102.1,4200916.5
570102.2,4200916.5
570102.25,4200916.5
570102.3,4200916.5
570102.4,4200916.5
570102.44,4200916.5
570102.5,4200916.5
570102.56,4200916.5
570102.6,4200916.5
570102.7,4200917.0
570102.75,4200917.0
570102.8,4200917.0
570102.9,4200917.0
570102.94,4200917.0
570103.0,4200917.0
570103.06,4200917.0
570103.1,4200917.0
570103.2,4200917.0
570103.25,4200917.5
570103.3,4200917.5
570103.4,4200917.5
570103.44,4200917.5
570103.5,4200917.5
570103.56,4200917.5
570103.6,4200917.5
570103.7,4200917.5
570103.75,4200917.5
570103.8,4200918.0
570103.9,4200918.0
570103.94,4200918.0
570104.0,4200918.0
570104.06,4200918.0
570104.1,4200918.0
570104.2,4200918.0
570104.25,4200918.0
570104.3,4200918.0
570104.4,4200918.0
570104.4,4200918.5
570104.44,4200918.5
570104.5,4200918.5
570104.56,4200918.5
570104.6,4200918.5
570104.7,4200918.5
570104.75,4200918.5
570104.8,4200918.5
570104.9,4200918.5
570104.94,4200919.0
570105.0,4200919.0
570105.06,4200919.0
570105.1,4200919.0
570105.2,4200919.0
570105.25,4200919.0
570105.3,4200919.0
570105.4,4200919.0
570105.44,4200919.0
570105.5,4200919.5
570105.56,4200919.5
570105.6,4200919.5
570105.7,4200919.5
570105.75,4200919.5
570105.8,4200919.5
570105.9,4200919.5
570105.94,4200919.5
570106.0,4200919.5
570106.06,4200919.5
570106.06,4200920.0
570106.1,4200920.0
570106.2,4200920.0
570106.25,4200920.0
570106.3,4200920.0
570106.4,4200920.0
570106.44,4200920.0
570106.5,4200920.0
570106.56,4200920.0
570106.6,4200920.5
570106.7,4200920.5
570106.75,4200920.5
570106.8,4200920.5
570106.9,4200920.5
570106.94,4200920.5
570107.0,4200920.5
570107.06,4200920.5
570107.1,4200920.5
570107.2,4200920.5
570107.2,4200921.0
570107.25,4200921.0
570107.3,4200921.0
570107.4,4200921.0
570107.44,4200921.0
570107.5,4200921.0
570107.56,4200921.0
570107.6,4200921.0
570107.7,4200921.0
570107.75,4200921.0
570107.8,4200921.5
570107.9,4200921.5
570107.94,4200921.5
570108.0,4200921.5
570108.06,4200921.5
570108.1,4200921.5
570108.2,4200921.5
570108.25,4200921.5
570108.3,4200921.5
570108.4,4200922.0
570108.44,4200922.0
570108.5,4200922.0
570108.56,4200922.0
570108.6,4200922.0
570108.7,4200922.0
570108.75,4200922.0
570108.8,4200922.0
570108.9,4200922.0
570108.94,4200922.5
570109.0,4200922.5
570109.06,4200922.5
570109.1,4200922.5
570109.2,4200922.5
570109.25,4200922.5
570109.3,4200922.5
570109.4,4200922.5
570109.44,4200922.5
570109.5,4200923.0
570109.56,4200923.0
570109.6,4200923.0
570109.7,4200923.0
570109.75,4200923.0
570109.8,4200923.0
570109.9,4200923.0
570109.94,4200923.0
570110.0,4200923.0
570110.06,4200923.0
570110.06,4200923.5
570110.1,4200923.5
570110.2,4200923.5
570110.25,4200923.5
570110.3,4200923.5
570110.4,4200923.5
570110.44,4200923.5
570110.5,4200923.5
570110.56,4200923.5
570110.6,4200923.5
570110.7,4200924.0
570110.75,4200924.0
570110.8,4200924.0
570110.9,4200924.0
570110.94,4200924.0
570111.0,4200924.0
570111.06,4200924.0
570111.1,4200924.0
570111.2,4200924.0
570111.25,4200924.5
570111.3,4200924.5
570111.4,4200924.5
570111.44,4200924.5
570111.5,4200924.5
570111.56,4200924.5
570111.6,4200924.5
570111.7,4200924.5
570111.75,4200924.5
570111.8,4200925.0
570111.9,4200925.0
570111.94,4200925.0
570112.0,4200925.0
570112.06,4200925.0
570112.1,4200925.0
570112.2,4200925.0
570112.25,4200925.0
570112.3,4200925.0
570112.4,4200925.5
570112.44,4200925.5
570112.5,4200925.5
570112.56,4200925.5
570112.6,4200925.5
570112.7,4200925.5
570112.75,4200925.5
570112.8,4200925.5
570112.9,4200925.5
570112.94,4200925.5
570112.94,4200926.0
570113.0,4200926.0
570113.06,4200926.0
570113.1,4200926.0
570113.2,4200926.0
570113.25,4200926.0
570113.3,4200926.0
570113.4,4200926.0
570113.44,4200926.0
570113.5,4200926.0
570113.56,4200926.5
570113.6,4200926.5
570113.7,4200926.5
570113.75,4200926.5
570113.8,4200926.5
570113.9,4200926.5
570113.94,4200926.5
570114.0,4200926.5
570114.06,4200926.5
570114.1,4200927.0
570114.2,4200927.0
570114.25,4200927.0
570114.3,4200927.0
570114.4,4200927.0
570114.44,4200927.0
570114.5,4200927.0
570114.56,4200927.0
570114.6,4200927.0
570114.7,4200927.5
570114.75,4200927.5
570114.8,4200927.5
570114.9,4200927.5
570114.94,4200927.5
570115.0,4200927.5
570115.06,4200927.5
570115.1,4200927.5
570115.2,4200927.5
570115.25,4200928.0
570115.3,4200928.0
570115.4,4200928.0
570115.44,4200928.0
570115.5,4200928.0
570115.56,4200928.0
570115.6,4200928.0
570115.7,4200928.0
570115.75,4200928.0
570115.8,4200928.5
570115.9,4200928.5
570115.94,4200928.5
570116.0,4200928.5
570116.06,4200928.5
570116.1,4200928.5
570116.2,4200928.5
570116.25,4200928.5
570116.3,4200928.5
570116.4,4200929.0
570116.44,4200929.0
570116.5,4200929.0
570116.56,4200929.0
570116.6,4200929.0
570116.7,4200929.0
570116.75,4200929.0
570116.8,4200929.0
570116.9,4200929.0
570116.94,4200929.5
570117.0,4200929.5
570117.06,4200929.5
570117.1,4200929.5
570117.2,4200929.5
570117.25,4200929.5
570117.3,4200929.5
570117.4,4200929.5
570117.44,4200929.5
570117.5,4200929.5
570117.5,4200930.0
570117.56,4200930.0
570117.6,4200930.0
570117.7,4200930.0
570117.75,4200930.0
570117.8,4200930.0
570117.9,4200930.0
570117.94,4200930.0
570118.0,4200930.0
570118.06,4200930.0
570118.1,4200930.0
570118.2,4200930.5
570118.25,4200930.5
570118.3,4200930.5
570118.4,4200930.5
570118.44,4200930.5
570118.5,4200930.5
570118.56,4200930.5
570118.6,4200930.5
570118.7,4200930.5
570118.75,4200931.0
570118.8,4200931.0
570118.9,4200931.0
570118.94,4200931.0
570119.0,4200931.0
570119.06,4200931.0
570119.1,4200931.0
570119.2,4200931.0
570119.25,4200931.0
570119.3,4200931.0
570119.4,4200931.5
570119.44,4200931.5
570119.5,4200931.5
570119.56,4200931.5
570119.6,4200931.5
570119.7,4200931.5
570119.75,4200931.5
570119.8,4200931.5
570119.9,4200931.5
570119.94,4200932.0
570120.0,4200932.0
570120.06,4200932.0
570120.1,4200932.0
570120.2,4200932.0
570120.25,4200932.0
570120.3,4200932.0
570120.4,4200932.0
570120.44,4200932.0
570120.5,4200932.0
570120.56,4200932.0
570120.56,4200932.5
570120.6,4200932.5
570120.7,4200932.5
570120.75,4200932.5
570120.8,4200932.5
570120.9,4200932.5
570120.94,4200932.5
570121.0,4200932.5
570121.06,4200932.5
570121.1,4200932.5
570121.2,4200933.0
570121.25,4200933.0
570121.3,4200933.0
570121.4,4200933.0
570121.44,4200933.0
570121.5,4200933.0
570121.56,4200933.0
570121.6,4200933.0
570121.7,4200933.0
570121.75,4200933.0
570121.8,4200933.5
570121.9,4200933.5
570121.94,4200933.5
570122.0,4200933.5
570122.06,4200933.5
570122.1,4200933.5
570122.2,4200933.5
570122.25,4200933.5
570122.3,4200933.5
570122.4,4200934.0
570122.44,4200934.0
570122.5,4200934.0
570122.56,4200934.0
570122.6,4200934.0
570122.7,4200934.0
570122.75,4200934.0
570122.8,4200934.0
570122.9,4200934.0
570122.94,4200934.0
570123.0,4200934.5
570123.06,4200934.5
570123.1,4200934.5
570123.2,4200934.5
570123.25,4200934.5
570123.3,4200934.5
570123.4,4200934.5
570123.44,4200934.5
570123.5,4200934.5
570123.56,4200934.5
570123.56,4200935.0
570123.6,4200935.0
570123.7,4200935.0
570123.75,4200935.0
570123.8,4200935.0
570123.9,4200935.0
570123.94,4200935.0
570124.0,4200935.0
570124.06,4200935.0
570124.1,4200935.0
570124.2,4200935.0
570124.2,4200935.5
570124.25,4200935.5
570124.3,4200935.5
570124.4,4200935.5
570124.44,4200935.5
570124.5,4200935.5
570124.56,4200935.5
570124.6,4200935.5
570124.7,4200935.5
570124.75,4200935.5
570124.8,4200936.0
570124.9,4200936.0
570124.94,4200936.0
570125.0,4200936.0
570125.06,4200936.0
570125.1,4200936.0
570125.2,4200936.0
570125.25,4200936.0
570125.3,4200936.0
570125.4,4200936.0
570125.44,4200936.5
570125.5,4200936.5
570125.56,4200936.5
570125.6,4200936.5
570125.7,4200936.5
570125.75,4200936.5
570125.8,4200936.5
570125.9,4200936.5
570125.94,4200936.5
570126.0,4200937.0
570126.06,4200937.0
570126.1,4200937.0
570126.2,4200937.0
570126.25,4200937.0
570126.3,4200937.0
570126.4,4200937.0
570126.44,4200937.0
570126.5,4200937.0
570126.56,4200937.0
570126.6,4200937.5
570126.7,4200937.5
570126.75,4200937.5
570126.8,4200937.5
570126.9,4200937.5
570126.94,4200937.5
570127.0,4200937.5
570127.06,4200937.5
570127.1,4200937.5
570127.2,4200937.5
570127.25,4200938.0
570127.3,4200938.0
570127.4,4200938.0
570127.44,4200938.0
570127.5,4200938.0
570127.56,4200938.0
570127.6,4200938.0
570127.7,4200938.0
570127.75,4200938.0
570127.8,4200938.0
570127.9,4200938.5
570127.94,4200938.5
570128.0,4200938.5
570128.06,4200938.5
570128.1,4200938.5
570128.2,4200938.5
570128.25,4200938.5
570128.3,4200938.5
570128.4,4200938.5
570128.44,4200938.5
570128.5,4200939.0
570128.56,4200939.0
570128.6,4200939.0
570128.7,4200939.0
570128.75,4200939.0
570128.8,4200939.0
570128.9,4200939.0
570128.94,4200939.0
570129.0,4200939.0
570129.06,4200939.0
570129.1,4200939.0
570129.1,4200939.5
570129.2,4200939.5
570129.25,4200939.5
570129.3,4200939.5
570129.4,4200939.5
570129.44,4200939.5
570129.5,4200939.5
570129.56,4200939.5
570129.6,4200939.5
570129.7,4200939.5
570129.75,4200940.0
570129.8,4200940.0
570129.9,4200940.0
570129.94,4200940.0
570130.0,4200940.0
570130.06,4200940.0
570130.1,4200940.0
570130.2,4200940.0
570130.25,4200940.0
570130.3,4200940.0
570130.4,4200940.5
570130.44,4200940.5
570130.5,4200940.5
570130.56,4200940.5
570130.6,4200940.5
570130.7,4200940.5
570130.75,4200940.5
570130.8,4200940.5
570130.9,4200940.5
570130.94,4200940.5
570131.0,4200941.0
570131.06,4200941.0
570131.1,4200941.0
570131.2,4200941.0
570131.25,4200941.0
570131.3,4200941.0
570131.4,4200941.0
570131.44,4200941.0
570131.5,4200941.0
570131.56,4200941.0
570131.6,4200941.5
570131.7,4200941.5
570131.75,4200941.5
570131.8,4200941.5
570131.9,4200941.5
570131.94,4200941.5
570132.0,4200941.5
570132.06,4200941.5
570132.1,4200941.5
570132.2,4200941.5
570132.25,4200941.5
570132.25,4200942.0
570132.3,4200942.0
570132.4,4200942.0
570132.44,4200942.0
570132.5,4200942.0
570132.56,4200942.0
570132.6,4200942.0
570132.7,4200942.0
570132.75,4200942.0
570132.8,4200942.0
570132.9,4200942.0
570132.9,4200942.5
570132.94,4200942.5
570133.0,4200942.5
570133.06,4200942.5
570133.1,4200942.5
570133.2,4200942.5
570133.25,4200942.5
570133.3,4200942.5
570133.4,4200942.5
570133.44,4200942.5
570133.5,4200942.5
570133.5,4200943.0
570133.56,4200943.0
570133.6,4200943.0
570133.7,4200943.0
570133.75,4200943.0
570133.8,4200943.0
570133.9,4200943.0
570133.94,4200943.0
570134.0,4200943.0
570134.06,4200943.0
570134.1,4200943.5
570134.2,4200943.5
570134.25,4200943.5
570134.3,4200943.5
570134.4,4200943.5
570134.44,4200943.5
570134.5,4200943.5
570134.56,4200943.5
570134.6,4200943.5
570134.7,4200943.5
570134.75,4200943.5
570134.75,4200944.0
570134.8,4200944.0
570134.9,4200944.0
570134.94,4200944.0
570135.0,4200944.0
570135.06,4200944.0
570135.1,4200944.0
570135.2,4200944.0
570135.25,4200944.0
570135.3,4200944.0
570135.4,4200944.0
570135.4,4200944.5
570135.44,4200944.5
570135.5,4200944.5
570135.56,4200944.5
570135.6,4200944.5
570135.7,4200944.5
570135.75,4200944.5
570135.8,4200944.5
570135.9,4200944.5
570135.94,4200944.5
570136.0,4200944.5
570136.06,4200945.0
570136.1,4200945.0
570136.2,4200945.0
570136.25,4200945.0
570136.3,4200945.0
570136.4,4200945.0
570136.44,4200945.0
570136.5,4200945.0
570136.56,4200945.0
570136.6,4200945.0
570136.7,4200945.5
570136.75,4200945.5
570136.8,4200945.5
570136.9,4200945.5
570136.94,4200945.5
570137.0,4200945.5
570137.06,4200945.5
570137.1,4200945.5
570137.2,4200945.5
570137.25,4200945.5
570137.3,4200946.0
570137.4,4200946.0
570137.44,4200946.0
570137.5,4200946.0
570137.56,4200946.0
570137.6,4200946.0
570137.7,4200946.0
570137.75,4200946.0
570137.8,4200946.0
570137.9,4200946.0
570137.94,4200946.5
570138.0,4200946.5
570138.06,4200946.5
570138.1,4200946.5
570138.2,4200946.5
570138.25,4200946.5
570138.3,4200946.5
570138.4,4200946.5
570138.44,4200946.5
570138.5,4200946.5
570138.5,4200947.0
570138.56,4200947.0
570138.6,4200947.0
570138.7,4200947.0
570138.75,4200947.0
570138.8,4200947.0
570138.9,4200947.0
570138.94,4200947.0
570139.0,4200947.0
570139.06,4200947.0
570139.1,4200947.0
570139.1,4200947.5
570139.2,4200947.5
570139.25,4200947.5
570139.3,4200947.5
570139.4,4200947.5
570139.44,4200947.5
570139.5,4200947.5
570139.56,4200947.5
570139.6,4200947.5
570139.7,4200947.5
570139.75,4200947.5
570139.75,4200948.0
570139.8,4200948.0
570139.9,4200948.0
570139.94,4200948.0
570140.0,4200948.0
570140.06,4200948.0
570140.1,4200948.0
570140.2,4200948.0
570140.25,4200948.0
570140.3,4200948.0
570140.4,4200948.0
570140.4,4200948.5
570140.44,4200948.5
570140.5,4200948.5
570140.56,4200948.5
570140.6,4200948.5
570140.7,4200948.5
570140.75,4200948.5
570140.8,4200948.5
570140.9,4200948.5
570140.94,4200948.5
570141.0,4200948.5
570141.06,4200949.0
570141.1,4200949.0
570141.2,4200949.0
570141.25,4200949.0
570141.3,4200949.0
570141.4,4200949.0
570141.44,4200949.0
570141.5,4200949.0
570141.56,4200949.0
570141.6,4200949.0
570141.6,4200949.5
570141.7,4200949.5
570141.75,4200949.5
570141.8,4200949.5
570141.9,4200949.5
570141.94,4200949.5
570142.0,4200949.5
570142.06,4200949.5
570142.1,4200949.5
570142.2,4200949.5
570142.25,4200949.5
570142.25,4200950.0
570142.3,4200950.0
570142.4,4200950.0
570142.44,4200950.0
570142.5,4200950.0
570142.56,4200950.0
570142.6,4200950.0
570142.7,4200950.0
570142.75,4200950.0
570142.8,4200950.0
570142.9,4200950.0
570142.94,4200950.5
570143.0,4200950.5
570143.06,4200950.5
570143.1,4200950.5
570143.2,4200950.5
570143.25,4200950.5
570143.3,4200950.5
570143.4,4200950.5
570143.44,4200950.5
570143.5,4200950.5
570143.5,4200951.0
570143.56,4200951.0
570143.6,4200951.0
570143.7,4200951.0
570143.75,4200951.0
570143.8,4200951.0
570143.9,4200951.0
570143.94,4200951.0
570144.0,4200951.0
570144.06,4200951.0
570144.1,4200951.0
570144.2,4200951.5
570144.25,4200951.5
570144.3,4200951.5
570144.4,4200951.5
570144.44,4200951.5
570144.5,4200951.5
570144.56,4200951.5
570144.6,4200951.5
570144.7,4200951.5
570144.75,4200951.5
570144.75,4200952.0
570144.8,4200952.0
570144.9,4200952.0
570144.94,4200952.0
570145.0,4200952.0
570145.06,4200952.0
570145.1,4200952.0
570145.2,4200952.0
570145.25,4200952.0
570145.3,4200952.0
570145.4,4200952.0
570145.44,4200952.5
570145.5,4200952.5
570145.56,4200952.5
570145.6,4200952.5
570145.7,4200952.5
570145.75,4200952.5
570145.8,4200952.5
570145.9,4200952.5
570145.94,4200952.5
570146.0,4200952.5
570146.06,4200953.0
570146.1,4200953.0
570146.2,4200953.0
570146.25,4200953.0
570146.3,4200953.0
570146.4,4200953.0
570146.44,4200953.0
570146.5,4200953.0
570146.56,4200953.0
570146.6,4200953.0
570146.7,4200953.5
570146.75,4200953.5
570146.8,4200953.5
570146.9,4200953.5
570146.94,4200953.5
570147.0,4200953.5
570147.06,4200953.5
570147.1,4200953.5
570147.2,4200953.5
570147.25,4200953.5
570147.3,4200954.0
570147.4,4200954.0
570147.44,4200954.0
570147.5,4200954.0
570147.56,4200954.0
570147.6,4200954.0
570147.7,4200954.0
570147.75,4200954.0
570147.8,4200954.0
570147.9,4200954.0
570147.94,4200954.0
570147.94,4200954.5
570148.0,4200954.5
570148.06,4200954.5
570148.1,4200954.5
570148.2,4200954.5
570148.25,4200954.5
570148.3,4200954.5
570148.4,4200954.5
570148.44,4200954.5
570148.5,4200954.5
570148.56,4200955.0
570148.6,4200955.0
570148.7,4200955.0
570148.75,4200955.0
570148.8,4200955.0
570148.9,4200955.0
570148.94,4200955.0
570149.0,4200955.0
570149.06,4200955.0
570149.1,4200955.0
570149.2,4200955.0
570149.2,4200955.5
570149.25,4200955.5
570149.3,4200955.5
570149.4,4200955.5
570149.44,4200955.5
570149.5,4200955.5
570150.1,4200956.0
570150.2,4200956.0
570150.25,4200956.0
570150.3,4200956.0
570150.4,4200956.0
570150.44,4200956.0
570150.44,4200956.5
570150.5,4200956.5
570150.56,4200956.5
570150.6,4200956.5
570150.7,4200956.5
570150.75,4200956.5
570150.8,4200956.5
570150.9,4200956.5
570150.94,4200956.5
570151.0,4200956.5
570151.06,4200956.5
570151.1,4200957.0
570151.2,4200957.0
570151.25,4200957.0
570151.3,4200957.0
570151.4,4200957.0
570151.44,4200957.0
570151.5,4200957.0
570151.56,4200957.0
570151.6,4200957.0
570151.7,4200957.0
570151.75,4200957.5
570151.8,4200957.5
570151.9,4200957.5
570151.94,4200957.5
570152.0,4200957.5
570152.06,4200957.5
570152.1,4200957.5
570152.2,4200957.5
570152.25,4200957.5
570152.3,4200957.5
570152.4,4200958.0
570152.44,4200958.0
570152.5,4200958.0
570152.56,4200958.0
570152.6,4200958.0
570152.7,4200958.0
570152.75,4200958.0
570152.8,4200958.0
570152.9,4200958.0
570152.94,4200958.0
570153.0,4200958.5
570153.06,4200958.5
570153.1,4200958.5
570153.2,4200958.5
570153.25,4200958.5
570153.3,4200958.5
570153.4,4200958.5
570153.44,4200958.5
570153.5,4200958.5
570153.56,4200958.5
570153.6,4200958.5
570153.7,4200959.0
570153.75,4200959.0
570153.8,4200959.0
570153.9,4200959.0
570153.94,4200959.0
570154.0,4200959.0
570154.06,4200959.0
570154.1,4200959.0
570154.2,4200959.0
570154.25,4200959.0
570154.3,4200959.5
570154.4,4200959.5
570154.44,4200959.5
570154.5,4200959.5
570154.56,4200959.5
570154.6,4200959.5
570154.7,4200959.5
570154.75,4200959.5
570154.8,4200959.5
570154.9,4200959.5
570154.94,4200960.0
570155.0,4200960.0
570155.06,4200960.0
570155.1,4200960.0
570155.2,4200960.0
570155.25,4200960.0
570155.3,4200960.0
570155.4,4200960.0
570155.44,4200960.0
570155.5,4200960.0
570155.56,4200960.0
570155.56,4200960.5
570155.6,4200960.5
570155.7,4200960.5
570155.75,4200960.5
570155.8,4200960.5
570155.9,4200960.5
570155.94,4200960.5
570156.0,4200960.5
570156.06,4200960.5
570156.1,4200960.5
570156.2,4200960.5
570156.2,4200961.0
570156.25,4200961.0
570156.3,4200961.0
570156.4,4200961.0
570156.44,4200961.0
570156.5,4200961.0
570156.56,4200961.0
570156.6,4200961.0
570156.7,4200961.0
570156.75,4200961.0
570156.8,4200961.0
570156.8,4200961.5
570156.9,4200961.5
570156.94,4200961.5
570157.0,4200961.5
570157.06,4200961.5
570157.1,4200961.5
570157.2,4200961.5
570157.25,4200961.5
570157.3,4200961.5
570157.4,4200961.5
570157.44,4200961.5
570157.5,4200962.0
570157.56,4200962.0
570157.6,4200962.0
570157.7,4200962.0
570157.75,4200962.0
570157.8,4200962.0
570157.9,4200962.0
570157.94,4200962.0
570158.0,4200962.0
570158.06,4200962.0
570158.1,4200962.5
570158.2,4200962.5
570158.25,4200962.5
570158.3,4200962.5
570158.4,4200962.5
570158.44,4200962.5
570158.5,4200962.5
570158.56,4200962.5
570158.6,4200962.5
570158.7,4200962.5
570158.75,4200962.5
570158.8,4200963.0
570158.9,4200963.0
570158.94,4200963.0
570159.0,4200963.0
570159.06,4200963.0
570159.1,4200963.0
570159.2,4200963.0
570159.25,4200963.0
570159.3,4200963.0
570159.4,4200963.0
570159.44,4200963.5
570159.5,4200963.5
570159.56,4200963.5
570159.6,4200963.5
570159.7,4200963.5
570159.75,4200963.5
570159.8,4200963.5
570159.9,4200963.5
570159.94,4200963.5
570160.0,4200963.5
570160.06,4200964.0
570160.1,4200964.0
570160.2,4200964.0
570160.25,4200964.0
570160.3,4200964.0
570160.4,4200964.0
570160.44,4200964.0
570160.5,4200964.0
570160.56,4200964.0
570160.6,4200964.0
570160.7,4200964.0
570160.7,4200964.5
570160.75,4200964.5
570160.8,4200964.5
570160.9,4200964.5
570160.94,4200964.5
570161.0,4200964.5
570161.06,4200964.5
570161.1,4200964.5
570161.2,4200964.5
570161.25,4200964.5
570161.3,4200964.5
570161.4,4200965.0
570161.44,4200965.0
570161.5,4200965.0
570161.56,4200965.0
570161.6,4200965.0
570161.7,4200965.0
570161.75,4200965.0
570161.8,4200965.0
570161.9,4200965.0
570161.94,4200965.0
570162.0,4200965.5
570162.06,4200965.5
570162.1,4200965.5
570162.2,4200965.5
570162.25,4200965.5
570162.3,4200965.5
570162.4,4200965.5
570162.44,4200965.5
570162.5,4200965.5
570162.56,4200965.5
570162.6,4200965.5
570162.6,4200966.0
570162.7,4200966.0
570162.75,4200966.0
570162.8,4200966.0
570162.9,4200966.0
570162.94,4200966.0
570163.0,4200966.0
570163.06,4200966.0
570163.1,4200966.0
570163.2,4200966.0
570163.25,4200966.0
570163.3,4200966.5
570163.4,4200966.5
570163.44,4200966.5
570163.5,4200966.5
570163.56,4200966.5
570163.6,4200966.5
570163.7,4200966.5
570163.75,4200966.5
570163.8,4200966.5
570163.9,4200966.5
570163.94,4200966.5
570163.94,4200967.0
570164.0,4200967.0
570164.06,4200967.0
570164.1,4200967.0
570164.2,4200967.0
570164.25,4200967.0
570164.3,4200967.0
570164.4,4200967.0
570164.44,4200967.0
570164.5,4200967.0
570164.56,4200967.0
570164.6,4200967.5
570164.7,4200967.5
570164.75,4200967.5
570164.8,4200967.5
570164.9,4200967.5
570164.94,4200967.5
570165.0,4200967.5
570165.06,4200967.5
570165.1,4200967.5
570165.2,4200967.5
570165.25,4200967.5
570165.25,4200968.0
570165.3,4200968.0
570165.4,4200968.0
570165.44,4200968.0
570165.5,4200968.0
570165.56,4200968.0
570165.6,4200968.0
570165.7,4200968.0
570165.75,4200968.0
570165.8,4200968.0
570165.9,4200968.0
570165.94,4200968.5
570166.0,4200968.5
570166.06,4200968.5
570166.1,4200968.5
570166.2,4200968.5
570166.25,4200968.5
570166.3,4200968.5
570166.4,4200968.5
570166.44,4200968.5
570166.5,4200968.5
570166.56,4200968.5
570166.56,4200969.0
570166.6,4200969.0
570166.7,4200969.0
570166.75,4200969.0
570166.8,4200969.0
570166.9,4200969.0
570166.94,4200969.0
570167.0,4200969.0
570167.06,4200969.0
570167.1,4200969.0
570167.2,4200969.0
570167.25,4200969.5
570167.3,4200969.5
570167.4,4200969.5
570167.44,4200969.5
570167.5,4200969.5
570167.56,4200969.5
570167.6,4200969.5
570167.7,4200969.5
570167.75,4200969.5
570167.8,4200969.5
570167.9,4200969.5
570167.94,4200970.0
570168.0,4200970.0
570168.06,4200970.0
570168.1,4200970.0
570168.2,4200970.0
570168.25,4200970.0
570168.3,4200970.0
570168.4,4200970.0
570168.44,4200970.0
570168.5,4200970.0
570168.56,4200970.0
570168.56,4200970.5
570168.6,4200970.5
570168.7,4200970.5
570168.75,4200970.5
570168.8,4200970.5
570168.9,4200970.5
570168.94,4200970.5
570169.0,4200970.5
570169.06,4200970.5
570169.1,4200970.5
570169.2,4200970.5
570169.25,4200970.5
570169.25,4200971.0
570169.3,4200971.0
570169.4,4200971.0
570169.44,4200971.0
570169.5,4200971.0
570169.56,4200971.0
570169.6,4200971.0
570169.7,4200971.0
570169.75,4200971.0
570169.8,4200971.0
570169.9,4200971.0
570169.94,4200971.5
570170.0,4200971.5
570170.06,4200971.5
570170.1,4200971.5
570170.2,4200971.5
570170.25,4200971.5
570170.3,4200971.5
570170.4,4200971.5
570170.44,4200971.5
570170.5,4200971.5
570170.56,4200971.5
570170.56,4200972.0
570170.6,4200972.0
570170.7,4200972.0
570170.75,4200972.0
570170.8,4200972.0
570170.9,4200972.0
570170.94,4200972.0
570171.0,4200972.0
570171.06,4200972.0
570171.1,4200972.0
570171.2,4200972.0
570171.25,4200972.5
570171.3,4200972.5
570171.4,4200972.5
570171.44,4200972.5
570171.5,4200972.5
570171.56,4200972.5
570171.6,4200972.5
570171.7,4200972.5
570171.75,4200972.5
570171.8,4200972.5
570171.9,4200972.5
570171.94,4200973.0
570172.0,4200973.0
570172.06,4200973.0
570172.1,4200973.0
570172.2,4200973.0
570172.25,4200973.0
570172.3,4200973.0
570172.4,4200973.0
570172.44,4200973.0
570172.5,4200973.0
570172.56,4200973.0
570172.56,4200973.5
570172.6,4200973.5
570172.7,4200973.5
570172.75,4200973.5
570172.8,4200973.5
570172.9,4200973.5
570172.94,4200973.5
570173.0,4200973.5
570173.06,4200973.5
570173.1,4200973.5
570173.2,4200973.5
570173.25,4200973.5
570173.25,4200974.0
570173.3,4200974.0
570173.4,4200974.0
570173.44,4200974.0
570173.5,4200974.0
570173.56,4200974.0
570173.6,4200974.0
570173.7,4200974.0
570173.75,4200974.0
570173.8,4200974.0
570173.9,4200974.0
570173.94,4200974.0
570173.94,4200974.5
570174.0,4200974.5
570174.06,4200974.5
570174.1,4200974.5
570174.2,4200974.5
570174.25,4200974.5
570174.3,4200974.5
570174.4,4200974.5
570174.44,4200974.5
570174.5,4200974.5
570174.56,4200974.5
570174.6,4200975.0
570174.7,4200975.0
570174.75,4200975.0
570174.8,4200975.0
570174.9,4200975.0
570174.94,4200975.0
570175.0,4200975.0
570175.06,4200975.0
570175.1,4200975.0
570175.2,4200975.0
570175.25,4200975.0
570175.25,4200975.5
570175.3,4200975.5
570175.4,4200975.5
570175.44,4200975.5
570175.5,4200975.5
570175.56,4200975.5
570175.6,4200975.5
570175.7,4200975.5
570175.75,4200975.5
570175.8,4200975.5
570175.9,4200975.5
570175.94,4200975.5
570175.94,4200976.0
570176.0,4200976.0
570176.06,4200976.0
570176.1,4200976.0
570176.2,4200976.0
570176.25,4200976.0
570176.3,4200976.0
570176.4,4200976.0
570176.44,4200976.0
570176.5,4200976.0
570176.56,4200976.0
570176.6,4200976.0
570176.6,4200976.5
570176.7,4200976.5
570176.75,4200976.5
570176.8,4200976.5
570176.9,4200976.5
570176.94,4200976.5
570177.0,4200976.5
570177.06,4200976.5
570177.1,4200976.5
570177.2,4200976.5
570177.25,4200976.5
570177.3,4200976.5
570177.3,4200977.0
570177.4,4200977.0
570177.44,4200977.0
570177.5,4200977.0
570177.56,4200977.0
570177.6,4200977.0
570177.7,4200977.0
570177.75,4200977.0
570177.8,4200977.0
570177.9,4200977.0
570177.94,4200977.0
570178.0,4200977.5
570178.06,4200977.5
570178.1,4200977.5
570178.2,4200977.5
570178.25,4200977.5
570178.3,4200977.5
570178.4,4200977.5
570178.44,4200977.5
570178.5,4200977.5
570178.56,4200977.5
570178.6,4200977.5
570178.7,4200978.0
570178.75,4200978.0
570178.8,4200978.0
570178.9,4200978.0
570178.94,4200978.0
570179.0,4200978.0
570179.06,4200978.0
570179.1,4200978.0
570179.2,4200978.0
570179.25,4200978.0
570179.3,4200978.0
570179.4,4200978.0
570179.44,4200978.0
570179.44,4200978.5
570179.5,4200978.5
570179.56,4200978.5
570179.6,4200978.5
570179.7,4200978.5
570179.75,4200978.5
570179.8,4200978.5
570179.9,4200978.5
570179.94,4200978.5
570180.0,4200978.5
570180.06,4200978.5
570180.1,4200978.5
570180.2,4200978.5
570180.25,4200978.5
570180.3,4200978.5
570180.3,4200979.0
570180.4,4200979.0
570180.44,4200979.0
570180.5,4200979.0
570180.56,4200979.0
570180.6,4200979.0
570180.7,4200979.0
570180.75,4200979.0
570180.8,4200979.0
570180.9,4200979.0
570180.94,4200979.0
570181.0,4200979.0
570181.06,4200979.0
570181.1,4200979.0
570181.2,4200979.0
570181.25,4200979.5
570181.3,4200979.5
570181.4,4200979.5
570181.44,4200979.5
570181.5,4200979.5
570181.56,4200979.5
570181.6,4200979.5
570181.7,4200979.5
570181.75,4200979.5
570181.8,4200979.5
570181.9,4200979.5
570181.94,4200979.5
570182.0,4200979.5
570182.06,4200979.5
570182.1,4200980.0
570182.2,4200980.0
570182.25,4200980.0
570182.3,4200980.0
570182.4,4200980.0
570182.44,4200980.0
570182.5,4200980.0
570182.56,4200980.0
570182.6,4200980.0
570182.7,4200980.0
570182.75,4200980.0
570182.8,4200980.0
570182.9,4200980.0
570182.94,4200980.0
570183.0,4200980.0
570183.0,4200980.5
570183.06,4200980.5
570183.1,4200980.5
570183.2,4200980.5
570183.25,4200980.5
570183.3,4200980.5
570183.4,4200980.5
570183.44,4200980.5
570183.5,4200980.5
570183.56,4200980.5
570183.6,4200980.5
570183.7,4200980.5
570183.75,4200980.5
570183.8,4200980.5
570183.9,4200980.5
570183.9,4200981.0
570183.94,4200981.0
570184.0,4200981.0
570184.06,4200981.0
570184.1,4200981.0
570184.2,4200981.0
570184.25,4200981.0
570184.3,4200981.0
570184.4,4200981.0
570184.44,4200981.0
570184.5,4200981.0
570184.56,4200981.0
570184.6,4200981.0
570184.7,4200981.0
570184.75,4200981.0
570184.8,4200981.0
570184.9,4200981.0
570184.94,4200981.0
570185.0,4200981.0
570185.06,4200981.0
570185.06,4200981.5
570185.1,4200981.5
570185.2,4200981.5
570185.25,4200981.5
570185.3,4200981.5
570185.4,4200981.5
570185.44,4200981.5
570185.5,4200981.5
570185.56,4200981.5
570185.6,4200981.5
570185.7,4200981.5
570185.75,4200981.5
570185.8,4200981.5
570185.9,4200981.5
570185.94,4200981.5
570186.0,4200981.5
570186.06,4200981.5
570186.1,4200981.5
570186.2,4200981.5
570186.25,4200981.5
570186.3,4200981.5
570186.4,4200981.5
570186.44,4200981.5
570186.5,4200981.5
570186.5,4200982.0
570186.56,4200982.0
570186.6,4200982.0
570186.7,4200982.0
570186.75,4200982.0
570186.8,4200982.0
570186.9,4200982.0
570186.94,4200982.0
570187.0,4200982.0
570187.06,4200982.0
570187.1,4200982.0
570187.2,4200982.0
570187.25,4200982.0
570187.3,4200982.0
570187.4,4200982.0
570187.44,4200982.0
570187.5,4200982.0
570187.56,4200982.0
570187.6,4200982.0
570187.7,4200982.0
570187.75,4200982.0
570187.8,4200982.0
570187.9,4200982.0
570187.94,4200982.0
570188.0,4200982.5
570188.06,4200982.5
570188.1,4200982.5
570188.2,4200982.5
570188.25,4200982.5
570188.3,4200982.5
570188.4,4200982.5
570188.44,4200982.5
570188.5,4200982.5
570188.56,4200982.5
570188.6,4200982.5
570188.7,4200982.5
570188.75,4200982.5
570188.8,4200982.5
570188.9,4200982.5
570188.94,4200982.5
570189.0,4200982.5
570189.06,4200982.5
570189.1,4200982.5
570189.2,4200982.5
570189.25,4200982.5
570189.3,4200982.5
570189.4,4200982.5
570189.44,4200982.5
570189.5,4200982.5
570189.56,4200982.5
570189.56,4200983.0
570189.6,4200983.0
570189.7,4200983.0
570189.75,4200983.0
570189.8,4200983.0
570189.9,4200983.0
570189.94,4200983.0
570190.0,4200983.0
570190.06,4200983.0
570190.1,4200983.0
570190.2,4200983.0
570190.25,4200983.0
570190.3,4200983.0
570190.4,4200983.0
570190.44,4200983.0
570190.5,4200983.0
570190.56,4200983.0
570190.6,4200983.0
570190.7,4200983.0
570190.75,4200983.0
570190.8,4200983.0
570190.9,4200983.0
570190.94,4200983.0
570191.0,4200983.0
570191.06,4200983.0
570191.1,4200983.0
570191.2,4200983.0
570191.25,4200983.0
570191.3,4200983.0
570191.4,4200983.0
570191.44,4200983.0
570191.5,4200983.0
570191.56,4200983.0
570191.6,4200983.5
570191.7,4200983.5
570191.75,4200983.5
570191.8,4200983.5
570191.9,4200983.5
570191.94,4200983.5
570192.0,4200983.5
570192.06,4200983.5
570192.1,4200983.5
570192.2,4200983.5
570192.25,4200983.5
570192.3,4200983.5
570192.4,4200983.5
570192.44,4200983.5
570192.5,4200983.5
570192.56,4200983.5
570192.6,4200983.5
570192.7,4200983.5
570192.75,4200983.5
570192.8,4200983.5
570192.9,4200983.5
570192.94,4200983.5
570193.0,4200983.5
570193.06,4200983.5
570193.1,4200983.5
570193.2,4200983.5
570193.25,4200983.5
570193.3,4200983.5
570193.4,4200983.5
570193.44,4200983.5
570193.5,4200983.5
570193.56,4200983.5
570193.6,4200983.5
570193.7,4200984.0
570193.75,4200984.0
570193.8,4200984.0
570193.9,4200984.0
570193.94,4200984.0
570194.0,4200984.0
570194.06,4200984.0
570194.1,4200984.0
570194.2,4200984.0
570194.25,4200984.0
570194.3,4200984.0
570194.4,4200984.0
570194.44,4200984.0
570194.5,4200984.0
570194.56,4200984.0
570194.6,4200984.0
570194.7,4200984.0
570194.75,4200984.0
570194.8,4200984.0
570194.9,4200984.0
570194.94,4200984.0
570195.0,4200984.0
570195.06,4200984.0
570195.1,4200984.0
570195.2,4200984.0
570195.25,4200984.0
570195.3,4200984.0
570195.4,4200984.0
570195.44,4200984.0
570195.5,4200984.0
570195.56,4200984.0
570195.6,4200984.0
570195.7,4200984.0
570195.75,4200984.0
570195.8,4200984.0
570195.9,4200984.0
570195.94,4200984.0
570196.0,4200984.0
570196.06,4200984.0
570196.1,4200984.0
570196.2,4200984.0
570196.25,4200984.0
570196.3,4200984.0
570196.4,4200984.0
570196.44,4200984.0
570196.5,4200984.0
570196.56,4200984.0
570196.6,4200984.0
570196.7,4200984.0
570196.75,4200984.0
570196.8,4200984.0
570196.9,4200984.0
570196.94,4200984.0
570197.0,4200984.0
570197.06,4200984.0
570197.06,4200984.5
570197.1,4200984.5
570197.2,4200984.5
570197.25,4200984.5
570197.3,4200984.5
570197.4,4200984.5
570197.44,4200984.5
570197.5,4200984.5
570197.56,4200984.5
570197.6,4200984.5
570197.7,4200984.5
570197.75,4200984.5
570197.8,4200984.5
570197.9,4200984.5
570197.94,4200984.5
570198.0,4200984.5
570198.06,4200984.5
570198.1,4200984.5
570198.2,4200984.5
570198.25,4200984.5
570198.3,4200984.5
570198.4,4200984.5
570198.44,4200984.5
570198.5,4200984.5
570198.56,4200984.5
570198.6,4200984.5
570198.7,4200984.5
570198.75,4200984.5
570198.8,4200984.5
570198.9,4200984.5
570198.94,4200984.5
570199.0,4200984.5
570199.06,4200984.5
570199.1,4200984.5
570199.2,4200984.5
570199.25,4200984.5
570199.3,4200984.5
570199.4,4200984.5
570199.44,4200984.5
570199.5,4200984.5
570199.56,4200984.5
570199.6,4200984.5
570199.7,4200984.5
570199.75,4200984.5
570199.8,4200984.5
570199.9,4200984.5
570199.94,4200984.5
570200.0,4200984.5
570200.06,4200984.5
570200.1,4200984.5
570200.2,4200984.5
570200.25,4200984.5
570200.3,4200984.5
570200.4,4200984.5
570200.44,4200984.5
570200.5,4200984.5
570200.56,4200984.5
570200.6,4200984.5
570200.7,4200984.5
570200.75,4200984.5
570200.8,4200984.5
570200.9,4200984.5
570200.94,4200984.5
570201.0,4200984.5
570201.06,4200984.5
570201.1,4200984.5
570201.2,4200984.5
570201.25,4200984.5
570201.3,4200984.5
570201.4,4200984.5
570201.44,4200984.5
570201.5,4200984.5
570201.56,4200984.5
570201.6,4200984.5
570201.7,4200984.0
570201.75,4200984.0
570201.8,4200984.0
570201.9,4200984.0
570201.94,4200984.0
570202.0,4200984.0
570202.06,4200984.0
570202.1,4200984.0
570202.2,4200984.0
570202.25,4200984.0
570202.3,4200984.0
570202.4,4200984.0
570202.44,4200984.0
570202.5,4200984.0
570202.56,4200984.0
570202.6,4200984.0
570202.7,4200984.0
570202.75,4200984.0
570202.8,4200984.0
570202.9,4200984.0
570202.94,4200984.0
570203.0,4200984.0
570203.06,4200984.0
570203.1,4200984.0
570203.2,4200984.0
570203.25,4200984.0
570203.3,4200984.0
570203.4,4200984.0
570203.44,4200984.0
570203.5,4200984.0
570203.56,4200984.0
570203.6,4200984.0
570203.7,4200984.0
570203.75,4200984.0
570203.8,4200984.0
570203.9,4200984.0
570203.94,4200984.0
570204.0,4200984.0
570204.06,4200984.0
570204.1,4200984.0
570204.2,4200984.0
570204.25,4200984.0
570204.3,4200984.0
570204.4,4200983.5
570204.44,4200983.5
570204.5,4200983.5
570204.56,4200983.5
570204.6,4200983.5
570204.7,4200983.5
570204.75,4200983.5
570204.8,4200983.5
570204.9,4200983.5
570204.94,4200983.5
570205.0,4200983.5
570205.06,4200983.5
570205.1,4200983.5
570205.2,4200983.5
570205.25,4200983.5
570205.3,4200983.5
570205.4,4200983.5
570205.44,4200983.5
570205.5,4200983.5
570205.56,4200983.5
570205.6,4200983.5
570205.7,4200983.5
570205.75,4200983.5
570205.8,4200983.5
570205.9,4200983.5
570205.94,4200983.5
570206.0,4200983.5
570206.0,4200983.0
570206.06,4200983.0
570206.1,4200983.0
570206.2,4200983.0
570206.25,4200983.0
570206.3,4200983.0
570206.4,4200983.0
570206.44,4200983.0
570206.5,4200983.0
570206.56,4200983.0
570206.6,4200983.0
570206.7,4200983.0
570206.75,4200983.0
570206.8,4200983.0
570206.9,4200983.0
570206.94,4200983.0
570207.0,4200983.0
570207.06,4200983.0
570207.1,4200983.0
570207.2,4200983.0
570207.25,4200983.0
570207.3,4200983.0
570207.4,4200983.0
570207.44,4200983.0
570207.5,4200983.0
570207.56,4200983.0
570207.6,4200983.0
570207.6,4200982.5
570207.7,4200982.5
570207.75,4200982.5
570207.8,4200982.5
570207.9,4200982.5
570207.94,4200982.5
570208.0,4200982.5
570208.06,4200982.5
570208.1,4200982.5
570208.2,4200982.5
570208.25,4200982.5
570208.3,4200982.5
570208.4,4200982.5
570208.44,4200982.5
570208.5,4200982.5
570208.56,4200982.5
570208.6,4200982.5
570208.7,4200982.5
570208.75,4200982.5
570208.8,4200982.5
570208.9,4200982.5
570208.94,4200982.5
570209.0,4200982.5
570209.06,4200982.5
570209.06,4200982.0
570209.1,4200982.0
570209.2,4200982.0
570209.25,4200982.0
570209.3,4200982.0
570209.4,4200982.0
570209.44,4200982.0
570209.5,4200982.0
570209.56,4200982.0
570209.6,4200982.0
570209.7,4200982.0
570209.75,4200982.0
570209.8,4200982.0
570209.9,4200982.0
570209.94,4200982.0
570210.0,4200982.0
570210.06,4200982.0
570210.1,4200982.0
570210.2,4200982.0
570210.25,4200982.0
570210.3,4200982.0
570210.4,4200982.0
570210.44,4200982.0
570210.44,4200981.5
570210.5,4200981.5
570210.56,4200981.5
570210.6,4200981.5
570210.7,4200981.5
570210.75,4200981.5
570210.8,4200981.5
570210.9,4200981.5
570210.94,4200981.5
570211.0,4200981.5
570211.06,4200981.5
570211.1,4200981.5
570211.2,4200981.5
570211.25,4200981.5
570211.3,4200981.5
570211.4,4200981.5
570211.44,4200981.5
570211.44,4200981.0
570211.5,4200981.0
570211.56,4200981.0
570211.6,4200981.0
570211.7,4200981.0
570211.75,4200981.0
570211.8,4200981.0
570211.9,4200981.0
570211.94,4200981.0
570212.0,4200981.0
570212.06,4200981.0
570212.1,4200981.0
570212.2,4200981.0
570212.25,4200981.0
570212.3,4200981.0
570212.4,4200981.0
570212.4,4200980.5
570212.44,4200980.5
570212.5,4200980.5
570212.56,4200980.5
570212.6,4200980.5
570212.7,4200980.5
570212.75,4200980.5
570212.8,4200980.5
570212.9,4200980.5
570212.94,4200980.5
570213.0,4200980.5
570213.06,4200980.5
570213.06,4200980.0
570213.1,4200980.0
570213.2,4200980.0
570213.25,4200980.0
570213.3,4200980.0
570213.4,4200980.0
570213.44,4200980.0
570213.5,4200980.0
570213.56,4200980.0
570213.6,4200980.0
570213.7,4200980.0
570213.75,4200979.5
570213.8,4200979.5
570213.9,4200979.5
570213.94,4200979.5
570214.0,4200979.5
570214.06,4200979.5
570214.1,4200979.5
570214.2,4200979.5
570214.25,4200979.5
570214.3,4200979.5
570214.3,4200979.0
570214.4,4200979.0
570214.44,4200979.0
570214.5,4200979.0
570214.56,4200979.0
570214.6,4200979.0
570214.7,4200979.0
570214.75,4200979.0
570214.8,4200979.0
570214.9,4200978.5
570214.94,4200978.5
570215.0,4200978.5
570215.06,4200978.5
570215.1,4200978.5
570215.2,4200978.5
570215.25,4200978.5
570215.3,4200978.5
570215.4,4200978.5
570215.4,4200978.0
570215.44,4200978.0
570215.5,4200978.0
570215.56,4200978.0
570215.6,4200978.0
570215.7,4200978.0
570215.75,4200978.0
570215.8,4200978.0
570215.8,4200977.5
570215.9,4200977.5
570215.94,4200977.5
570216.0,4200977.5
570216.06,4200977.5
570216.1,4200977.5
570216.2,4200977.5
570216.2,4200977.0
570216.25,4200977.0
570216.3,4200977.0
570216.4,4200977.0
570216.44,4200977.0
570216.5,4200977.0
570216.56,4200976.5
570216.6,4200976.5
570216.7,4200976.5
570216.75,4200976.5
570216.8,4200976.5
570216.9,4200976.5
570216.94,4200976.5
570216.94,4200976.0
570217.0,4200976.0
570217.06,4200976.0
570217.1,4200976.0
570217.2,4200976.0
570217.25,4200976.0
570217.3,4200976.0
570217.3,4200975.5
570217.4,4200975.5
570217.44,4200975.5
570217.5,4200975.5
570217.56,4200975.5
570217.6,4200975.5
570217.7,4200975.5
570217.75,4200975.0
570217.8,4200975.0
570217.9,4200975.0
570217.94,4200975.0
570218.0,4200975.0
570218.06,4200975.0
570218.1,4200975.0
570218.2,4200975.0
570218.2,4200974.5
570218.25,4200974.5
570218.3,4200974.5
570218.4,4200974.5
570218.44,4200974.5
570218.5,4200974.5
570218.56,4200974.5
570218.6,4200974.0
570218.7,4200974.0
570218.75,4200974.0
570218.8,4200974.0
570218.9,4200974.0
570218.94,4200974.0
570219.0,4200974.0
570219.0,4200973.5
570219.06,4200973.5
570219.1,4200973.5
570219.2,4200973.5
570219.25,4200973.5
570219.3,4200973.5
570219.4,4200973.5
570219.44,4200973.0
570219.5,4200973.0
570219.56,4200973.0
570219.6,4200973.0
570219.7,4200973.0
570219.75,4200973.0
570219.8,4200973.0
570219.8,4200972.5
570219.9,4200972.5
570219.94,4200972.5
570220.0,4200972.5
570220.06,4200972.5
570220.1,4200972.5
570220.2,4200972.5
570220.25,4200972.0
570220.3,4200972.0
570220.4,4200972.0
570220.44,4200972.0
570220.5,4200972.0
570220.56,4200972.0
570220.6,4200972.0
570220.6,4200971.5
570220.7,4200971.5
570220.75,4200971.5
570220.8,4200971.5
570220.9,4200971.5
570220.94,4200971.5
570221.0,4200971.5
570221.06,4200971.0
570221.1,4200971.0
577515.25,4208271.5
577515.2,4208271.5
577515.1,4208271.5
577515.06,4208271.5
577515.0,4208271.5
577514.94,4208271.5
577514.9,4208271.5
577514.8,4208271.5
577514.8,4208271.0
577514.75,4208271.0
577514.7,4208271.0
577514.6,4208271.0
577514.56,4208271.0
577514.5,4208271.0
577514.44,4208271.0
577514.4,4208271.0
577514.3,4208271.0
577514.25,4208271.0
577514.2,4208271.0
577514.1,4208271.0
577514.06,4208271.0
577514.0,4208271.0
577513.94,4208271.0
577513.9,4208271.0
577513.8,4208271.0
577513.75,4208271.0
577513.7,4208271.0
577513.6,4208271.0
577513.56,4208271.0
577513.56,4208270.5
577513.5,4208270.5
577513.44,4208270.5
577513.4,4208270.5
577513.3,4208270.5
577513.25,4208270.5
577513.2,4208270.5
577513.1,4208270.5
577513.06,4208270.5
577513.0,4208270.5
577512.94,4208270.5
577512.9,4208270.5
577512.8,4208270.5
577512.75,4208270.5
577512.7,4208270.5
577512.6,4208270.5
577512.56,4208270.5
577512.5,4208270.5
577512.44,4208270.5
577512.4,4208270.5
577512.3,4208270.5
577512.25,4208270.5
577512.2,4208270.5
577512.2,4208270.0
577512.1,4208270.0
577512.06,4208270.0
577512.0,4208270.0
577511.94,4208270.0
577511.9,4208270.0
577511.8,4208270.0
577511.75,4208270.0
577511.7,4208270.0
577511.6,4208270.0
577511.56,4208270.0
577511.5,4208270.0
577511.44,4208270.0
577511.4,4208270.0
577511.3,4208270.0
577511.25,4208270.0
577511.2,4208270.0
577511.1,4208270.0
577511.06,4208270.0
577511.0,4208270.0
577510.94,4208270.0
577510.9,4208270.0
577510.8,4208270.0
577510.8,4208269.5
577510.75,4208269.5
577510.7,4208269.5
577510.6,4208269.5
577510.56,4208269.5
577510.5,4208269.5
577510.44,4208269.5
577510.4,4208269.5
577510.3,4208269.5
577510.25,4208269.5
577510.2,4208269.5
577510.1,4208269.5
577510.06,4208269.5
577510.0,4208269.5
577509.94,4208269.5
577509.9,4208269.5
577509.8,4208269.5
577509.75,4208269.5
577509.7,4208269.5
577509.6,4208269.5
577509.56,4208269.5
577509.5,4208269.5
577509.5,4208269.0
577509.44,4208269.0
577509.4,4208269.0
577509.3,4208269.0
577509.25,4208269.0
577509.2,4208269.0
577509.1,4208269.0
577509.06,4208269.0
577509.0,4208269.0
577508.94,4208269.0
577508.9,4208269.0
577508.8,4208269.0
577508.75,4208269.0
577508.7,4208269.0
577508.6,4208269.0
577508.56,4208269.0
577508.5,4208269.0
577508.44,4208269.0
577508.44,4208268.5
577508.4,4208268.5
577508.3,4208268.5
577508.25,4208268.5
577508.2,4208268.5
577508.1,4208268.5
577508.06,4208268.5
577508.0,4208268.5
577507.94,4208268.5
577507.9,4208268.5
577507.8,4208268.5
577507.75,4208268.5
577507.75,4208268.0
577507.7,4208268.0
577507.6,4208268.0
577507.56,4208268.0
577507.5,4208268.0
577507.44,4208268.0
577507.4,4208268.0
577507.3,4208268.0
577507.25,4208268.0
577507.25,4208267.5
577507.2,4208267.5
577507.3,4208267.5
577507.4,4208267.5
577507.44,4208267.5
577507.8,4208268.0
577508.2,4208269.0
577508.25,4208269.0
577508.3,4208269.0
577508.4,4208269.0
577508.56,4208269.5
577508.6,4208269.5
577508.7,4208269.5
577508.75,4208269.5
577508.8,4208269.5
577508.9,4208269.5
577508.94,4208269.5
577509.0,4208270.0
577509.06,4208270.0
577509.1,4208270.0
577509.2,4208270.0
577509.25,4208270.0
577509.3,4208270.0
577509.4,4208270.0
577509.4,4208270.5
577509.44,4208270.5
577509.5,4208270.5
577509.56,4208270.5
577509.6,4208270.5
577509.7,4208270.5
577509.75,4208270.5
577509.8,4208270.5
577509.8,4208271.0
577509.9,4208271.0
577509.94,4208271.0
577510.0,4208271.0
577510.06,4208271.0
577510.1,4208271.0
577510.2,4208271.0
577510.25,4208271.0
577510.25,4208271.5
577510.3,4208271.5
577510.4,4208271.5
577510.44,4208271.5
577510.5,4208271.5
577510.56,4208271.5
577510.6,4208271.5
577510.7,4208271.5
577510.75,4208271.5
577510.8,4208271.5
577510.9,4208272.0
577510.94,4208272.0
577511.0,4208272.0
577511.06,4208272.0
577511.1,4208272.0
577511.2,4208272.0
577511.25,4208272.0
577511.3,4208272.0
577511.4,4208272.0
577511.44,4208272.0
577511.5,4208272.0
577511.56,4208272.0
577511.6,4208272.0
577511.6,4208272.5
577511.7,4208272.5
577511.75,4208272.5
577511.8,4208272.5
577511.9,4208272.5
577511.94,4208272.5
577512.0,4208272.5
577512.06,4208272.5
577512.1,4208272.5
577512.2,4208272.5
577512.25,4208272.5
577512.3,4208272.5
577512.4,4208272.5
577512.44,4208272.5
577512.5,4208272.5
577512.56,4208272.5
577512.6,4208272.5
577512.7,4208272.5
577512.75,4208272.5
577512.8,4208272.5
577512.9,4208272.5
577512.94,4208272.5
577513.0,4208272.5
577513.06,4208272.5
577513.1,4208272.5
577513.2,4208272.5
577513.25,4208272.5
577513.3,4208272.5
577513.4,4208272.5
577513.44,4208272.5
577513.5,4208272.5
577513.56,4208272.5
577513.6,4208272.5
577513.7,4208272.5
577513.75,4208272.5
577513.8,4208272.5
577513.9,4208272.5
577513.94,4208272.5
577514.0,4208272.5
577514.06,4208272.5
577514.1,4208272.5
577514.2,4208272.5
577514.25,4208272.5
577514.3,4208272.5
577514.4,4208272.5
577514.44,4208272.5
577514.5,4208272.5
577514.56,4208272.5
577514.6,4208272.5
577514.7,4208272.5
577514.75,4208272.5
577514.8,4208272.5
577514.9,4208272.5
577514.94,4208272.5
577515.0,4208272.5
577515.06,4208272.5
577515.1,4208272.5
577515.2,4208272.5
577515.25,4208272.5
577515.3,4208272.5
577515.4,4208272.5
577515.44,4208272.5
577515.5,4208272.5
577515.56,4208272.5
577515.6,4208272.5
577515.7,4208272.5
577515.75,4208272.5
577515.8,4208272.5
577515.9,4208272.5
577515.94,4208272.5
577516.0,4208272.5
577516.06,4208272.5
577516.1,4208272.5
577516.2,4208272.5
577516.25,4208272.5
577516.3,4208272.5
577516.4,4208272.5
577516.44,4208272.5
577516.5,4208272.5
577516.56,4208272.5
577516.6,4208272.5
577516.7,4208272.5
577516.75,4208272.5
577516.8,4208272.5
577516.9,4208272.5
577516.94,4208272.5
577517.0,4208272.5
577517.06,4208272.5
577517.1,4208272.5
577517.2,4208272.5
577517.25,4208272.5
577517.25,4208273.0
577517.3,4208273.0
577517.4,4208273.0
577517.44,4208273.0
577517.5,4208273.0
577517.56,4208273.0
577517.6,4208273.0
577517.7,4208273.0
577517.75,4208273.0
577517.8,4208273.0
577517.9,4208273.0
577517.94,4208273.0
577518.0,4208273.0
577518.06,4208273.0
577518.1,4208273.0
577518.2,4208273.0
577518.25,4208273.0
577518.3,4208273.0
577518.4,4208273.0
577518.44,4208273.0
577518.5,4208273.0
577518.56,4208273.0
577518.6,4208273.0
577518.7,4208273.0
577518.75,4208273.0
577518.8,4208273.0
577518.9,4208273.0
577518.94,4208273.0
577519.0,4208273.0
577519.06,4208273.0
577519.1,4208273.0
577519.2,4208273.0
577519.25,4208273.0
577519.3,4208273.0
577519.4,4208273.0
577519.44,4208273.0
577519.5,4208273.0
577519.56,4208273.0
577519.6,4208273.0
577519.7,4208273.0
577519.75,4208273.0
577519.8,4208273.0
577519.9,4208273.0
577519.94,4208273.0
577520.0,4208273.0
577520.06,4208273.0
577520.1,4208273.0
577520.1,4208272.5
577520.2,4208272.5
577520.25,4208272.5
577520.3,4208272.5
577520.4,4208272.5
577520.44,4208272.5
577520.5,4208272.5
577520.56,4208272.5
577520.6,4208272.5
577520.7,4208272.5
577520.75,4208272.5
577520.8,4208272.5
577520.9,4208272.5
577520.94,4208272.5
577521.0,4208272.5
577521.06,4208272.5
577521.1,4208272.5
577521.2,4208272.5
577521.25,4208272.5
577521.3,4208272.5
577521.4,4208272.5
577521.44,4208272.5
577521.5,4208272.5
577521.56,4208272.5
577521.6,4208272.5
577521.7,4208272.5
577521.75,4208272.5
577521.8,4208272.5
577521.9,4208272.5
577521.94,4208272.5
577522.0,4208272.5
577522.06,4208272.5
577522.1,4208272.5
577522.2,4208272.5
577522.25,4208272.5
577522.3,4208272.5
577522.4,4208272.5
577522.44,4208272.5
577522.5,4208272.5
577522.56,4208272.5
577522.6,4208272.5
577522.7,4208272.5
577522.75,4208272.5
577522.75,4208272.0
577522.8,4208272.0
577522.9,4208272.0
577522.94,4208272.0
577523.0,4208272.0
577523.06,4208272.0
577523.1,4208272.0
577523.2,4208272.0
577523.25,4208272.0
577523.3,4208272.0
577523.4,4208272.0
577523.44,4208272.0
577523.5,4208272.0
577523.56,4208272.0
577523.6,4208272.0
577523.7,4208272.0
577523.75,4208272.0
577523.8,4208272.0
577523.9,4208272.0
577523.94,4208272.0
577524.0,4208272.0
577524.06,4208272.0
577524.1,4208272.0
577524.2,4208272.0
577524.25,4208272.0
577524.3,4208272.0
577524.4,4208272.0
577524.44,4208272.0
577524.5,4208272.0
577524.56,4208272.0
577524.56,4208271.5
577524.6,4208271.5
577524.7,4208271.5
577524.75,4208271.5
577524.8,4208271.5
577524.9,4208271.5
577524.94,4208271.5
577525.0,4208271.5
577525.06,4208271.5
577525.1,4208271.5
577525.2,4208271.5
577525.25,4208271.5
577525.3,4208271.5
577525.4,4208271.5
577525.44,4208271.5
577525.5,4208271.5
577525.56,4208271.5
577525.6,4208271.5
577525.7,4208271.5
577525.75,4208271.5
577525.8,4208271.5
577525.9,4208271.5
577525.94,4208271.5
577525.94,4208271.0
577526.0,4208271.0
577526.06,4208271.0
577526.1,4208271.0
577526.2,4208271.0
577526.25,4208271.0
577526.3,4208271.0
577526.4,4208271.0
577526.44,4208271.0
577526.5,4208271.0
577526.56,4208271.0
577526.6,4208271.0
577526.7,4208271.0
577526.75,4208271.0
577526.8,4208271.0
577526.9,4208271.0
577526.94,4208271.0
577527.0,4208271.0
577527.06,4208271.0
577527.1,4208271.0
577527.2,4208271.0
577527.2,4208270.5
577527.25,4208270.5
577527.3,4208270.5
577527.4,4208270.5
577527.44,4208270.5
577527.5,4208270.5
577527.56,4208270.5
577527.6,4208270.5
577527.7,4208270.5
577527.75,4208270.5
577527.8,4208270.5
577527.9,4208270.5
577527.94,4208270.5
577528.0,4208270.5
577528.06,4208270.5
577528.1,4208270.5
577528.2,4208270.5
577528.25,4208270.5
577528.3,4208270.5
577528.3,4208270.0
577528.4,4208270.0
577528.44,4208270.0
577528.5,4208270.0
577528.56,4208270.0
577528.6,4208270.0
577528.7,4208270.0
577528.75,4208270.0
577528.8,4208270.0
577528.9,4208270.0
577528.94,4208270.0
577529.0,4208270.0
577529.06,4208270.0
577529.1,4208270.0
577529.2,4208270.0
577529.25,4208270.0
577529.3,4208270.0
577529.4,4208270.0
577529.44,4208270.0
577529.5,4208270.0
577529.56,4208270.0
577529.6,4208270.0
577529.7,4208270.0
577529.75,4208270.0
577529.8,4208270.0
577529.9,4208270.0
577529.9,4208269.5
577529.94,4208269.5
577530.0,4208269.5
577530.06,4208269.5
577530.1,4208269.5
577530.2,4208269.5
577530.25,4208269.5
577530.3,4208269.5
577530.4,4208269.5
577530.44,4208269.5
577530.5,4208269.5
577530.56,4208269.5
577530.6,4208269.5
577530.7,4208269.5
577530.75,4208269.5
577530.8,4208269.5
577530.9,4208269.5
577530.94,4208269.5
577531.0,4208269.5
577531.06,4208269.5
577531.1,4208269.5
577531.2,4208269.5
577531.25,4208269.5
577531.3,4208269.5
577531.4,4208269.5
577531.44,4208269.5
577531.5,4208269.5
577531.56,4208269.5
577531.6,4208269.5
577531.6,4208269.0
577531.7,4208269.0
577531.75,4208269.0
577531.8,4208269.0
577531.9,4208269.0
577531.94,4208269.0
577532.0,4208269.0
577532.06,4208269.0
577532.1,4208269.0
577532.2,4208269.0
577532.25,4208269.0
577532.3,4208269.0
577532.4,4208269.0
577532.44,4208269.0
577532.5,4208269.0
577532.5,4208268.5
577532.56,4208268.5
577532.6,4208268.5
577532.7,4208268.5
577532.75,4208268.5
577532.8,4208268.5
577532.9,4208268.5
577532.94,4208268.5
577533.0,4208268.5
577533.06,4208268.5
577533.06,4208268.0
577533.1,4208268.0
577533.2,4208268.0
577533.25,4208268.0
577533.3,4208268.0
577533.4,4208268.0
577533.44,4208268.0
577533.5,4208268.0
577533.5,4208267.5
577533.56,4208267.5
577533.6,4208267.5
577533.7,4208267.5
577533.75,4208267.5
577533.8,4208267.5
577533.9,4208267.5
577533.9,4208267.0
577533.94,4208267.0
577534.0,4208267.0
577534.06,4208267.0
577534.06,4208266.5
577534.1,4208266.5
577534.1,4208266.0
577534.2,4208266.0
577534.1,4208265.5
577534.06,4208265.5
577534.0,4208265.5
577534.0,4208265.0
577533.94,4208265.0
577533.9,4208265.0
577533.8,4208265.0
577533.75,4208265.0
577533.7,4208265.0
577533.6,4208265.0
577533.6,4208264.5
577533.56,4208264.5
577533.5,4208264.5
577533.44,4208264.5
577533.4,4208264.5
577533.3,4208264.5
577533.25,4208264.5
577533.2,4208264.5
577533.1,4208264.5
577533.06,4208264.5
577533.0,4208264.5
577532.94,4208264.5
577532.9,4208264.5
577532.8,4208264.5
577532.75,4208264.5
577532.75,4208265.0
577532.7,4208265.0
577532.6,4208265.0
577532.56,4208265.0
577532.56,4208265.5
577532.5,4208265.5
577532.44,4208265.5
577532.4,4208265.5
577532.4,4208266.0
577532.3,4208266.0
577532.25,4208266.0
577532.2,4208266.0
577532.1,4208266.0
577532.1,4208266.5
577532.06,4208266.5
577532.0,4208266.5
577531.94,4208266.5
577531.9,4208266.5
577531.8,4208266.5
577531.75,4208266.5
577531.75,4208267.0
577531.7,4208267.0
577531.6,4208267.0
577531.56,4208267.0
577531.5,4208267.0
577531.44,4208267.0
577531.4,4208267.0
577531.4,4208267.5
577531.3,4208267.5
577531.25,4208267.5
577531.2,4208267.5
577531.1,4208267.5
577531.06,4208267.5
577531.0,4208267.5
577530.94,4208268.0
577530.9,4208268.0
577530.8,4208268.0
577530.75,4208268.0
577530.7,4208268.0
577530.6,4208268.0
577530.56,4208268.0
577530.56,4208268.5
577530.5,4208268.5
577530.44,4208268.5
577530.4,4208268.5
577530.3,4208268.5
577530.25,4208268.5
577530.25,4208269.0
577530.2,4208269.0
577530.1,4208269.0
577530.06,4208269.0
577530.0,4208269.0
577529.94,4208269.0
577529.9,4208269.0
577529.8,4208269.5
577529.75,4208269.5
577529.7,4208269.5
577529.6,4208269.5
577529.4,4208270.5
577529.3,4208270.5
577529.25,4208270.5
577529.2,4208270.5
577529.1,4208271.0
577529.06,4208271.0
577529.0,4208271.0
577528.94,4208271.0
577528.94,4208271.5
577528.9,4208271.5
577528.8,4208271.5
577528.75,4208271.5
577528.7,4208271.5
577528.7,4208272.0
577528.6,4208272.0
577528.56,4208272.0
577528.5,4208272.0
577528.44,4208272.0
577528.44,4208272.5
577528.4,4208272.5
577528.3,4208272.5
577528.25,4208272.5
577528.2,4208272.5
577528.2,4208273.0
577528.1,4208273.0
577528.06,4208273.0
577528.0,4208273.0
577528.0,4208273.5
577527.94,4208273.5
577527.9,4208273.5
577527.8,4208273.5
577527.75,4208273.5
577527.75,4208274.0
577527.7,4208274.0
577527.6,4208274.0
577527.56,4208274.0
577527.5,4208274.5
577527.44,4208274.5
577527.4,4208274.5
577527.3,4208274.5
577527.3,4208275.0
577527.25,4208275.0
577527.2,4208275.0
577527.1,4208275.0
577527.1,4208275.5
577527.06,4208275.5
577527.0,4208275.5
577526.94,4208275.5
577526.94,4208276.0
577526.9,4208276.0
577526.8,4208276.0
577526.8,4208276.5
577526.75,4208276.5
577526.7,4208276.5
577526.7,4208277.0
577526.6,4208277.0
577526.56,4208277.0
577526.56,4208277.5
577526.5,4208277.5
577526.44,4208278.0
577526.4,4208278.0
577526.4,4208278.5
577526.3,4208278.5
577526.3,4208279.0
577526.25,4208279.0
577526.2,4208279.0
577526.2,4208279.5
577526.1,4208279.5
577526.1,4208280.0
577526.1,4208280.5
577526.1,4208281.0
577526.2,4208281.0
577526.2,4208281.5
577526.25,4208281.5
577526.3,4208281.5
577526.4,4208281.5
577526.44,4208281.5
577526.5,4208281.5
577526.5,4208282.0
577526.56,4208282.0
577526.6,4208282.0
577526.7,4208282.0
577526.75,4208282.0
577526.8,4208282.0
577526.9,4208282.0
577526.94,4208282.0
577527.0,4208282.0
577527.0,4208282.5
577527.06,4208282.5
577527.1,4208282.5
577527.2,4208282.5
577527.25,4208282.5
577527.3,4208282.5
577527.4,4208282.5
577527.44,4208282.5
577527.5,4208282.5
577527.56,4208282.5
577527.6,4208282.5
577527.6,4208283.0
577527.7,4208283.0
577527.75,4208283.0
577527.8,4208283.0
577527.9,4208283.0
577527.94,4208283.0
577528.0,4208283.0
577528.06,4208283.0
577528.1,4208283.0
577528.2,4208283.0
577528.25,4208283.0
577528.3,4208283.0
577528.4,4208283.0
577528.4,4208283.5
577528.44,4208283.5
577528.5,4208283.5
577528.56,4208283.5
577528.6,4208283.5
577528.7,4208283.5
577528.75,4208283.5
577528.8,4208283.5
577528.9,4208283.5
577528.94,4208283.5
577529.0,4208283.5
577529.06,4208283.5
577529.1,4208283.5
577529.2,4208283.5
577529.25,4208283.5
577529.3,4208283.5
577529.3,4208284.0
577529.4,4208284.0
577529.44,4208284.0
577529.5,4208284.0
577529.56,4208284.0
577529.6,4208284.0
577529.7,4208284.0
577529.75,4208284.0
577529.8,4208284.0
577529.9,4208284.0
577529.94,4208284.0
577530.0,4208284.0
577530.06,4208284.0
577530.1,4208284.0
577530.2,4208284.0
577530.25,4208284.0
577530.3,4208284.0
577530.4,4208284.0
577530.44,4208284.0
577530.5,4208284.0
577530.56,4208284.0
577530.6,4208284.0
577530.7,4208284.0
577530.7,4208284.5
577530.75,4208284.5
577530.8,4208284.5
577530.9,4208284.5
577530.94,4208284.5
577531.0,4208284.5
577531.06,4208284.5
577531.1,4208284.5
577531.2,4208284.5
577531.25,4208284.5
577531.3,4208284.5
577531.4,4208284.5
577531.44,4208284.5
577531.5,4208284.5
577531.56,4208284.5
577531.6,4208284.5
577531.7,4208284.5
577531.75,4208284.5
577531.8,4208284.5
577531.9,4208284.5
577531.94,4208284.5
577532.0,4208284.5
577532.06,4208284.5
577532.1,4208284.5
577532.2,4208284.5
577532.25,4208284.5
577532.3,4208284.5
577532.4,4208284.5
577532.44,4208284.5
577532.5,4208284.5
577532.56,4208284.5
577532.6,4208284.5
577532.7,4208284.5
577532.75,4208284.5
577532.8,4208284.5
577532.9,4208285.0
577532.94,4208285.0
577533.0,4208285.0
577533.06,4208285.0
577533.1,4208285.0
577533.2,4208285.0
577533.25,4208285.0
577533.3,4208285.0
577533.4,4208285.0
577533.44,4208285.0
577533.5,4208285.0
577533.56,4208285.0
577533.6,4208285.0
577533.7,4208285.0
577533.75,4208285.0
577533.8,4208285.0
577533.9,4208285.0
577533.94,4208285.0
577534.0,4208285.0
577534.06,4208285.0
577534.1,4208285.0
577534.2,4208285.0
577534.25,4208285.0
577534.3,4208285.0
577534.4,4208285.0
577534.44,4208285.0
577534.5,4208285.0
577534.56,4208285.0
577534.6,4208285.0
577534.7,4208285.0
577534.75,4208285.0
577534.8,4208285.0
577534.9,4208285.0
577534.94,4208285.0
577535.0,4208285.0
577535.06,4208285.0
577535.1,4208285.0
577535.2,4208285.0
577535.25,4208285.0
577535.3,4208285.0
577535.4,4208285.0
577535.44,4208285.0
577535.5,4208285.0
577535.56,4208285.0
577535.6,4208285.0
577535.7,4208285.0
577535.75,4208285.0
577535.8,4208285.0
577535.9,4208285.0
577535.94,4208285.0
577536.0,4208285.0
577536.06,4208285.0
577536.1,4208285.0
577536.2,4208285.0
577536.25,4208285.0
577536.3,4208285.0
577536.4,4208285.0
577536.44,4208285.0
577536.5,4208285.0
577536.56,4208285.0
577536.6,4208285.0
577536.7,4208285.0
577536.75,4208285.0
577536.8,4208285.0
577536.9,4208285.0
577536.94,4208285.0
577537.0,4208285.0
577537.06,4208285.0
577537.1,4208285.0
577537.2,4208285.0
577537.25,4208285.0
577537.3,4208285.0
577537.4,4208285.0
577537.44,4208285.0
577537.5,4208285.0
577537.56,4208285.0
577537.6,4208285.0
577537.7,4208285.0
577537.75,4208285.0
577537.8,4208285.0
577537.9,4208285.0
577537.94,4208285.0
577538.0,4208285.0
577538.06,4208285.0
577538.1,4208285.0
577538.2,4208285.0
577538.25,4208285.0
577538.3,4208285.0
577538.4,4208285.0
577538.44,4208285.0
577538.5,4208285.0
577538.56,4208285.0
577538.6,4208285.0
577538.7,4208285.0
577538.75,4208285.0
577538.8,4208285.0
577538.9,4208285.0
577538.94,4208285.0
577539.0,4208285.0
577539.06,4208285.0
577539.1,4208285.0
577539.2,4208285.0
577539.25,4208285.0
577539.3,4208285.0
577539.4,4208285.0
577539.44,4208285.0
577539.5,4208285.0
577539.56,4208285.0
577539.6,4208285.0
577539.7,4208285.0
577539.75,4208285.0
577539.8,4208285.0
577539.9,4208285.0
577539.94,4208285.0
577540.0,4208285.0
577540.06,4208285.0
577540.1,4208285.0
577540.2,4208285.0
577540.25,4208285.0
577540.3,4208285.0
577540.4,4208285.0
577540.44,4208285.0
577540.5,4208285.0
577540.56,4208285.0
577540.6,4208285.0
577540.7,4208285.0
577540.75,4208285.0
577540.8,4208285.0
577540.9,4208285.0
577540.94,4208285.0
577541.0,4208285.0
577541.06,4208285.0
577541.1,4208285.0
577541.2,4208285.0
577541.25,4208285.0
577541.3,4208285.0
577541.4,4208285.0
577541.44,4208285.0
577541.5,4208285.0
577541.56,4208285.0
577541.6,4208285.0
577541.7,4208285.0
577541.75,4208285.0
577541.8,4208285.0
577541.9,4208285.0
577541.94,4208285.0
577542.0,4208285.0
577542.06,4208285.0
577542.1,4208285.0
577542.2,4208285.0
577542.25,4208285.0
577542.3,4208285.0
577542.4,4208285.0
577542.44,4208285.0
577542.5,4208285.0
577542.56,4208285.0
577542.6,4208285.0
577542.7,4208285.0
577542.75,4208285.0
577542.8,4208285.0
577542.9,4208285.0
577542.94,4208285.0
577543.0,4208285.0
577543.06,4208285.0
577543.1,4208285.0
577543.2,4208285.0
577543.25,4208285.0
577543.3,4208285.0
577543.4,4208285.0
577543.44,4208285.0
577543.5,4208285.0
577543.56,4208285.0
577543.6,4208285.0
577543.7,4208285.0
577543.75,4208285.0
577543.8,4208285.0
577543.9,4208285.0
577543.94,4208285.0
577544.0,4208285.0
577544.06,4208285.0
577544.1,4208285.0
577544.2,4208285.0
577544.25,4208285.0
577544.3,4208285.0
577544.4,4208285.0
577544.44,4208285.0
577544.5,4208285.0
577544.56,4208285.0
577544.6,4208285.0
577544.7,4208285.0
577544.75,4208285.0
577544.8,4208285.0
577544.9,4208285.0
577544.94,4208285.0
577545.0,4208285.0
577545.06,4208285.0
577545.1,4208285.0
577545.2,4208285.0
577545.25,4208285.0
577545.3,4208285.0
577545.4,4208285.0
577545.44,4208285.0
577545.5,4208285.0
577545.56,4208285.0
577545.6,4208285.0
577545.7,4208285.0
577545.75,4208285.0
577545.8,4208285.0
577545.9,4208285.0
577545.94,4208285.0
577546.0,4208285.0
577546.06,4208285.0
577546.1,4208285.0
577546.2,4208285.0
577546.25,4208285.0
577546.3,4208285.0
577546.4,4208285.0
577546.44,4208285.0
577546.5,4208285.0
577546.56,4208285.0
577546.6,4208285.0
577546.7,4208285.0
577546.75,4208285.0
577546.8,4208285.0
577546.9,4208285.0
577546.9,4208284.5
577546.94,4208284.5
577547.0,4208284.5
577547.06,4208284.5
577547.1,4208284.5
577547.2,4208284.5
577547.25,4208284.5
577547.3,4208284.5
577547.4,4208284.5
577547.44,4208284.5
577547.5,4208284.5
577547.56,4208284.5
577547.6,4208284.5
577547.7,4208284.5
577547.75,4208284.5
577547.8,4208284.5
577547.9,4208284.5
577547.94,4208284.5
577548.0,4208284.5
577548.06,4208284.5
577548.1,4208284.5
577548.2,4208284.5
577548.25,4208284.5
577548.3,4208284.5
577548.4,4208284.5
577548.44,4208284.5
577548.5,4208284.5
577548.56,4208284.5
577548.6,4208284.5
577548.7,4208284.5
577548.75,4208284.5
577548.8,4208284.5
577548.9,4208284.5
577548.94,4208284.5
577549.0,4208284.5
577549.06,4208284.5
577549.1,4208284.5
577549.2,4208284.5
577549.25,4208284.5
577549.3,4208284.5
577549.4,4208284.5
577549.44,4208284.5
577549.5,4208284.5
577549.56,4208284.5
577549.6,4208284.5
577549.7,4208284.5
577549.75,4208284.5
577549.8,4208284.5
577549.9,4208284.5
577549.94,4208284.5
577550.0,4208284.5
577550.06,4208284.5
577550.1,4208284.5
577550.2,4208284.5
577550.25,4208284.5
577550.3,4208284.5
577550.4,4208284.5
577550.44,4208284.5
577550.5,4208284.5
577550.56,4208284.5
577550.6,4208284.5
577550.7,4208284.5
577550.75,4208284.5
577550.8,4208284.5
577550.9,4208284.5
577550.94,4208284.5
577551.0,4208284.5
577551.06,4208284.5
577551.1,4208284.5
577551.2,4208284.5
577551.25,4208284.5
577551.3,4208284.5
577551.4,4208284.5
577551.44,4208284.5
577551.5,4208284.5
577551.56,4208284.5
577551.6,4208284.5
577551.7,4208284.5
577551.75,4208284.5
577551.8,4208284.5
577551.9,4208284.5
577551.94,4208284.5
577552.0,4208284.5
577552.06,4208284.5
577552.1,4208284.5
577552.2,4208284.5
577552.25,4208284.5
577552.3,4208284.5
577552.4,4208284.5
577552.44,4208284.5
577552.5,4208284.5
577552.56,4208284.5
577552.6,4208284.5
577552.7,4208284.5
577552.75,4208284.5
577552.8,4208284.5
577552.9,4208284.5
577552.94,4208284.5
577553.0,4208284.5
577553.06,4208284.5
577553.1,4208284.5
577553.2,4208284.5
577553.25,4208284.5
577553.3,4208284.5
577553.4,4208284.5
577553.44,4208284.5
577553.5,4208284.5
577553.56,4208284.0
577553.6,4208284.0
577553.7,4208284.0
577553.75,4208284.0
577553.8,4208284.0
577553.9,4208284.0
577553.94,4208284.0
577554.0,4208284.0
577554.06,4208284.0
577554.1,4208284.0
577554.2,4208284.0
577554.25,4208284.0
577554.3,4208284.0
577554.4,4208284.0
577554.44,4208284.0
577554.5,4208284.0
577554.56,4208284.0
577554.6,4208284.0
577554.7,4208284.0
577554.75,4208284.0
577554.8,4208284.0
577554.9,4208284.0
577554.94,4208284.0
577555.0,4208284.0
577555.06,4208284.0
577555.1,4208284.0
577555.2,4208284.0
577555.25,4208284.0
577555.3,4208284.0
577555.4,4208284.0
577555.44,4208284.0
577555.5,4208284.0
577555.56,4208284.0
577555.6,4208284.0
577555.7,4208284.0
577555.75,4208284.0
577555.8,4208284.0
577555.9,4208284.0
577555.94,4208284.0
577556.0,4208284.0
577556.06,4208284.0
577556.1,4208284.0
577556.2,4208284.0
577556.25,4208284.0
577556.3,4208284.0
577556.4,4208284.0
577556.44,4208284.0
577556.5,4208284.0
577556.56,4208284.0
577556.6,4208284.0
577556.7,4208284.0
577556.75,4208284.0
577556.8,4208284.0
577556.9,4208284.0
577556.94,4208284.0
577557.0,4208284.0
577557.06,4208284.0
577557.1,4208284.0
577557.2,4208284.0
577557.25,4208284.0
577557.3,4208284.0
577557.4,4208284.0
577557.44,4208284.0
577557.5,4208284.0
577557.56,4208284.0
577557.6,4208284.0
577557.7,4208284.0
577557.75,4208284.0
577557.8,4208284.0
577557.9,4208284.0
577557.94,4208284.0
577558.0,4208284.0
577558.06,4208284.0
577558.1,4208284.0
577558.2,4208284.0
577558.25,4208284.0
577558.3,4208284.0
577558.4,4208284.0
577558.44,4208284.0
577558.5,4208284.0
577558.56,4208284.0
577558.6,4208284.0
577558.7,4208284.0
577558.75,4208284.0
577558.8,4208284.0
577558.9,4208284.0
577558.94,4208284.0
577559.0,4208284.0
577559.06,4208284.0
577559.1,4208284.0
577559.2,4208284.0
577559.25,4208284.0
577559.3,4208284.0
577559.4,4208283.5
577559.44,4208283.5
577559.5,4208283.5
577559.56,4208283.5
577559.6,4208283.5
577559.7,4208283.5
577559.75,4208283.5
577559.8,4208283.5
577559.9,4208283.5
577559.94,4208283.5
577560.0,4208283.5
577560.06,4208283.5
577560.1,4208283.5
577560.2,4208283.5
577560.25,4208283.5
577560.3,4208283.5
577560.4,4208283.5
577560.44,4208283.5
577560.5,4208283.5
577560.56,4208283.5
577560.6,4208283.5
577560.7,4208283.5
577560.75,4208283.5
577560.8,4208283.5
577560.9,4208283.5
577560.94,4208283.5
577561.0,4208283.5
577561.06,4208283.5
577561.1,4208283.5
577561.2,4208283.5
577561.25,4208283.5
577561.3,4208283.5
577561.4,4208283.5
577561.44,4208283.5
577561.5,4208283.5
577561.56,4208283.5
577561.6,4208283.5
577561.7,4208283.5
577561.75,4208283.5
577561.8,4208283.5
577561.9,4208283.5
577561.94,4208283.5
577562.0,4208283.5
577562.06,4208283.5
577562.1,4208283.5
577562.2,4208283.5
577562.25,4208283.5
577562.3,4208283.5
577562.4,4208283.5
577562.44,4208283.5
577562.5,4208283.5
577562.56,4208283.5
577562.6,4208283.5
577562.7,4208283.5
577562.75,4208283.5
577562.8,4208283.5
577562.9,4208283.5
577562.94,4208283.5
577563.0,4208283.5
577563.06,4208283.5
577563.1,4208283.5
577563.2,4208283.5
577563.25,4208283.5
577563.3,4208283.5
577563.4,4208283.5
577563.44,4208283.5
577563.5,4208283.5
577563.56,4208283.5
577563.6,4208283.5
577563.7,4208283.5
577563.75,4208283.5
577563.8,4208283.5
577563.9,4208283.5
577563.94,4208283.5
577564.0,4208283.5
577564.06,4208283.5
577564.1,4208283.5
577564.2,4208283.5
577564.25,4208283.5
577564.3,4208283.5
577564.4,4208283.5
577564.44,4208283.5
577564.5,4208283.5
577564.56,4208283.5
577564.6,4208283.0
577564.7,4208283.0
577564.75,4208283.0
577564.8,4208283.0
577564.9,4208283.0
577564.94,4208283.0
577565.0,4208283.0
577565.06,4208283.0
577565.1,4208283.0
577565.2,4208283.0
577565.25,4208283.0
577565.3,4208283.0
577565.4,4208283.0
577565.44,4208283.0
577565.5,4208283.0
577565.56,4208283.0
577565.6,4208283.0
577565.7,4208283.0
577565.75,4208283.0
577565.8,4208283.0
577565.9,4208283.0
577565.94,4208283.0
577566.0,4208283.0
577566.06,4208283.0
577566.1,4208283.0
577566.2,4208283.0
577566.25,4208283.0
577566.3,4208283.0
577566.4,4208283.0
577566.44,4208283.0
577566.5,4208283.0
577566.56,4208283.0
577566.6,4208283.0
577566.7,4208283.0
577566.75,4208283.0
577566.8,4208283.0
577566.9,4208283.0
577566.94,4208283.0
577567.0,4208283.0
577567.06,4208283.0
577567.1,4208283.0
577567.2,4208283.0
577567.25,4208283.0
577567.3,4208283.0
577567.4,4208283.0
577567.44,4208283.0
577567.5,4208283.0
577567.56,4208283.0
577567.6,4208283.0
577567.7,4208283.0
577567.75,4208283.0
577567.8,4208283.0
577567.9,4208283.0
577567.94,4208283.0
577568.0,4208283.0
577568.06,4208283.0
577568.1,4208283.0
577568.2,4208283.0
577568.25,4208283.0
577568.3,4208283.0
577568.4,4208283.0
577568.44,4208283.0
577568.5,4208283.0
577568.56,4208283.0
577568.6,4208283.0
577568.7,4208283.0
577568.75,4208283.0
577568.8,4208283.0
577568.9,4208283.0
577568.94,4208283.0
577569.0,4208283.0
577569.06,4208283.0
577569.1,4208283.0
577569.2,4208283.0
577569.25,4208283.0
577569.3,4208283.0
577569.4,4208283.0
577569.44,4208282.5
577569.5,4208282.5
577569.56,4208282.5
577569.6,4208282.5
577569.7,4208282.5
577569.75,4208282.5
577569.8,4208282.5
577569.9,4208282.5
577569.94,4208282.5
577570.0,4208282.5
577570.06,4208282.5
577570.1,4208282.5
577570.2,4208282.5
577570.25,4208282.5
577570.3,4208282.5
577570.4,4208282.5
577570.44,4208282.5
577570.5,4208282.5
577570.56,4208282.5
577570.6,4208282.5
577570.7,4208282.5
577570.75,4208282.5
577570.8,4208282.5
577570.9,4208282.5
577570.94,4208282.5
577571.0,4208282.5
577571.06,4208282.5
577571.1,4208282.5
577571.2,4208282.5
577571.25,4208282.5
577571.3,4208282.5
577571.4,4208282.5
577571.44,4208282.5
577571.5,4208282.5
577571.56,4208282.5
577571.6,4208282.5
577571.7,4208282.5
577571.75,4208282.5
577571.8,4208282.5
577571.9,4208282.5
577571.94,4208282.5
577572.0,4208282.5
577572.06,4208282.5
577572.1,4208282.5
577572.2,4208282.5
577572.25,4208282.5
577572.3,4208282.5
577572.4,4208282.5
577572.44,4208282.5
577572.5,4208282.5
577572.56,4208282.5
577572.6,4208282.5
577572.7,4208282.5
577572.75,4208282.5
577572.8,4208282.5
577572.9,4208282.5
577572.94,4208282.5
577573.0,4208282.5
577573.06,4208282.5
577573.1,4208282.5
577573.2,4208282.5
577573.25,4208282.5
577573.3,4208282.5
577573.4,4208282.5
577573.44,4208282.5
577573.5,4208282.5
577573.56,4208282.5
577573.6,4208282.5
577573.7,4208282.5
577573.75,4208282.5
577573.8,4208282.5
577573.9,4208282.5
577573.94,4208282.5
577574.0,4208282.0
577574.06,4208282.0
577574.1,4208282.0
577574.2,4208282.0
577574.25,4208282.0
577574.3,4208282.0
577574.4,4208282.0
577574.44,4208282.0
577574.5,4208282.0
577574.56,4208282.0
577574.6,4208282.0
577574.7,4208282.0
577574.75,4208282.0
577574.8,4208282.0
577574.9,4208282.0
577574.94,4208282.0
577575.0,4208282.0
577575.06,4208282.0
577575.1,4208282.0
577575.2,4208282.0
577575.25,4208282.0
577575.3,4208282.0
577575.4,4208282.0
577575.44,4208282.0
577575.5,4208282.0
577575.56,4208282.0
577575.6,4208282.0
577575.7,4208282.0
577575.75,4208282.0
577575.8,4208282.0
577575.9,4208282.0
577575.94,4208282.0
577576.0,4208282.0
577576.06,4208282.0
577576.1,4208282.0
577576.2,4208282.0
577576.25,4208282.0
577576.3,4208282.0
577576.4,4208282.0
577576.44,4208282.0
577576.5,4208282.0
577576.56,4208282.0
577576.6,4208282.0
577576.7,4208282.0
577576.75,4208282.0
577576.8,4208282.0
577576.9,4208282.0
577576.94,4208282.0
577577.0,4208282.0
577577.06,4208282.0
577577.1,4208282.0
577577.2,4208282.0
577577.25,4208282.0
577577.3,4208282.0
577577.4,4208282.0
577577.44,4208282.0
577577.5,4208282.0
577577.56,4208282.0
577577.6,4208282.0
577577.7,4208282.0
577577.75,4208282.0
577577.8,4208282.0
577577.9,4208282.0
577577.94,4208282.0
577578.0,4208282.0
577578.06,4208282.0
577578.1,4208282.0
577578.2,4208282.0
577578.25,4208282.0
577578.3,4208282.0
577578.4,4208282.0
577578.44,4208282.0
577578.5,4208282.0
577578.56,4208281.5
577578.6,4208281.5
577578.7,4208281.5
577578.75,4208281.5
577578.8,4208281.5
577578.9,4208281.5
577578.94,4208281.5
577579.0,4208281.5
577579.06,4208281.5
577579.1,4208281.5
577579.2,4208281.5
577579.25,4208281.5
577579.3,4208281.5
577579.4,4208281.5
577579.44,4208281.5
577579.5,4208281.5
577579.56,4208281.5
577579.6,4208281.5
577579.7,4208281.5
577579.75,4208281.5
577579.8,4208281.5
577579.9,4208281.5
577579.94,4208281.5
577580.0,4208281.5
577580.06,4208281.5
577580.1,4208281.5
577580.2,4208281.5
577580.25,4208281.5
577580.3,4208281.5
577580.4,4208281.5
577580.44,4208281.5
577580.5,4208281.5
577580.56,4208281.5
577580.6,4208281.5
577580.7,4208281.5
577580.75,4208281.5
577580.8,4208281.5
577580.9,4208281.5
577580.94,4208281.5
577581.0,4208281.5
577581.06,4208281.5
577581.1,4208281.5
577581.2,4208281.5
577581.25,4208281.5
577581.3,4208281.5
577581.4,4208281.5
577581.44,4208281.5
577581.5,4208281.5
577581.56,4208281.5
577581.6,4208281.5
577581.7,4208281.5
577581.75,4208281.5
577581.8,4208281.5
577581.9,4208281.5
577581.94,4208281.5
577582.0,4208281.5
577582.06,4208281.5
577582.1,4208281.5
577582.2,4208281.5
577582.25,4208281.5
577582.3,4208281.5
577582.4,4208281.5
577582.44,4208281.5
577582.5,4208281.5
577582.56,4208281.5
577582.6,4208281.5
577582.7,4208281.5
577582.75,4208281.5
577582.8,4208281.5
577582.9,4208281.5
577582.94,4208281.5
577583.0,4208281.5
577583.06,4208281.5
577583.1,4208281.5
577583.2,4208281.5
577583.25,4208281.5
577583.3,4208281.5
577583.4,4208281.5
577583.44,4208281.5
577583.5,4208281.5
577583.56,4208281.5
577583.6,4208281.5
577583.7,4208281.5
577583.75,4208281.5
577583.8,4208281.5
577583.9,4208281.5
577583.94,4208281.5
577584.0,4208281.5
577584.06,4208281.5
577584.1,4208281.5
577584.2,4208281.5
577584.25,4208281.5
577584.3,4208281.5
577584.4,4208281.0
577584.44,4208281.0
577584.5,4208281.0
577584.56,4208281.0
577584.6,4208281.0
577584.7,4208281.0
577584.75,4208281.0
577584.8,4208281.0
577584.9,4208281.0
577584.94,4208281.0
577585.0,4208281.0
577585.06,4208281.0
577585.1,4208281.0
577585.2,4208281.0
577585.25,4208281.0
577585.3,4208281.0
577585.4,4208281.0
577585.44,4208281.0
577585.5,4208281.0
577585.56,4208281.0
577585.6,4208281.0
577585.7,4208281.0
577585.75,4208281.0
577585.8,4208281.0
577585.9,4208281.0
577585.94,4208281.0
577586.0,4208281.0
577586.06,4208281.0
577586.1,4208281.0
577586.2,4208281.0
577586.25,4208281.0
577586.3,4208281.0
577586.4,4208281.0
577586.44,4208281.0
577586.5,4208281.0
577586.56,4208281.0
577586.6,4208281.0
577586.7,4208281.0
577586.75,4208281.0
577586.8,4208281.0
577586.9,4208281.0
577586.94,4208281.0
577587.0,4208281.0
577587.06,4208281.0
577587.1,4208281.0
577587.2,4208281.0
577587.25,4208281.0
577587.3,4208281.0
577587.4,4208281.0
577587.44,4208281.0
577587.5,4208281.0
577587.56,4208281.0
577587.6,4208281.0
577587.7,4208281.0
577587.75,4208281.0
577587.8,4208281.0
577587.9,4208281.0
577587.94,4208281.0
577588.0,4208281.0
577588.06,4208281.0
577588.1,4208281.0
577588.2,4208281.0
577588.25,4208281.0
577588.3,4208281.0
577588.4,4208281.0
577588.44,4208281.0
577588.5,4208281.0
577588.56,4208281.0
577588.6,4208281.0
577588.7,4208281.0
577588.75,4208281.0
577588.8,4208281.0
577588.9,4208281.0
577588.94,4208281.0
577589.0,4208281.0
577589.06,4208281.0
577589.1,4208281.0
577589.2,4208281.0
577589.25,4208281.0
577589.3,4208281.0
577589.4,4208281.0
577589.44,4208281.0
577589.5,4208281.0
577589.56,4208281.0
577589.6,4208281.0
577589.7,4208281.0
577589.75,4208281.0
577589.8,4208281.0
577589.9,4208281.0
577589.94,4208281.0
577590.0,4208281.0
577590.06,4208281.0
577590.1,4208281.0
577590.2,4208280.5
577590.25,4208280.5
577590.3,4208280.5
577590.4,4208280.5
577590.44,4208280.5
577590.5,4208280.5
577590.56,4208280.5
577590.6,4208280.5
577590.7,4208280.5
577590.75,4208280.5
577590.8,4208280.5
577590.9,4208280.5
577590.94,4208280.5
577591.0,4208280.5
577591.06,4208280.5
577591.1,4208280.5
577591.2,4208280.5
577591.25,4208280.5
577591.3,4208280.5
577591.4,4208280.5
577591.44,4208280.5
577591.5,4208280.5
577591.56,4208280.5
577591.6,4208280.5
577591.7,4208280.5
577591.75,4208280.5
577591.8,4208280.5
577591.9,4208280.5
577591.94,4208280.5
577592.0,4208280.5
577592.06,4208280.5
577592.1,4208280.5
577592.2,4208280.5
577592.25,4208280.5
577592.3,4208280.5
577592.4,4208280.5
577592.44,4208280.5
577592.5,4208280.5
577592.56,4208280.5
577592.6,4208280.5
577592.7,4208280.5
577592.75,4208280.5
577592.8,4208280.5
577592.9,4208280.5
577592.94,4208280.5
577593.0,4208280.5
577593.06,4208280.5
577593.1,4208280.5
577593.2,4208280.5
577593.25,4208280.5
577593.3,4208280.5
577593.4,4208280.5
577593.44,4208280.5
577593.5,4208280.5
577593.56,4208280.5
577593.6,4208280.5
577593.7,4208280.5
577593.75,4208280.5
577593.8,4208280.5
577593.9,4208280.5
577593.94,4208280.5
577594.0,4208280.5
577594.06,4208280.5
577594.1,4208280.5
577594.2,4208280.5
577594.25,4208280.5
577594.3,4208280.5
577594.4,4208280.5
577594.44,4208280.5
577594.5,4208280.5
577594.56,4208280.5
577594.6,4208280.5
577594.7,4208280.5
577594.75,4208280.5
577594.8,4208280.5
577594.9,4208280.5
577594.94,4208280.5
577595.0,4208280.5
577595.06,4208280.5
577595.1,4208280.5
577595.2,4208280.5
577595.25,4208280.5
577595.3,4208280.5
577595.4,4208280.5
577595.44,4208280.5
577595.5,4208280.5
577595.56,4208280.5
577595.6,4208280.5
577595.7,4208280.5
577595.75,4208280.5
577595.8,4208280.5
577595.9,4208280.5
577595.94,4208280.5
577595.94,4208280.0
577596.0,4208280.0
577596.06,4208280.0
577596.1,4208280.0
577596.2,4208280.0
577596.25,4208280.0
577596.3,4208280.0
577596.4,4208280.0
577596.44,4208280.0
577596.5,4208280.0
577596.56,4208280.0
577596.6,4208280.0
577596.7,4208280.0
577596.75,4208280.0
577596.8,4208280.0
577596.9,4208280.0
577596.94,4208280.0
577597.0,4208280.0
577597.06,4208280.0
577597.1,4208280.0
577597.2,4208280.0
577597.25,4208280.0
577597.3,4208280.0
577597.4,4208280.0
577597.44,4208280.0
577597.5,4208280.0
577597.56,4208280.0
577597.6,4208280.0
577597.7,4208280.0
577597.75,4208280.0
577597.8,4208280.0
577597.9,4208280.0
577597.94,4208280.0
577598.0,4208280.0
577598.06,4208280.0
577598.1,4208280.0
577598.2,4208280.0
577598.25,4208280.0
577598.3,4208280.0
577598.4,4208280.0
577598.44,4208280.0
577598.5,4208280.0
577598.56,4208280.0
577598.6,4208280.0
577598.7,4208280.0
577598.75,4208280.0
577598.8,4208280.0
577598.9,4208280.0
577598.94,4208280.0
577599.0,4208280.0
577599.06,4208280.0
577599.1,4208280.0
577599.2,4208280.0
577599.25,4208280.0
577599.3,4208280.0
577599.4,4208280.0
577599.44,4208280.0
577599.5,4208280.0
577599.56,4208280.0
577599.6,4208280.0
577599.7,4208280.0
577599.75,4208280.0
577599.8,4208280.0
577599.9,4208280.0
577599.94,4208280.0
577600.0,4208280.0
577600.06,4208280.0
577600.1,4208280.0
577600.2,4208280.0
577600.25,4208280.0
577600.3,4208280.0
577600.4,4208280.0
577600.44,4208280.0
577600.5,4208280.0
577600.56,4208280.0
577600.6,4208280.0
577600.7,4208280.0
577600.75,4208280.0
577600.8,4208280.0
577600.9,4208280.0
577600.94,4208280.0
577601.0,4208280.0
577601.06,4208280.0
577601.1,4208280.0
577601.2,4208280.0
577601.25,4208280.0
577601.3,4208280.0
577601.4,4208280.0
577601.44,4208280.0
577601.5,4208280.0
577601.56,4208280.0
577601.6,4208280.0
577601.7,4208279.5
577601.75,4208279.5
577601.8,4208279.5
577601.9,4208279.5
577601.94,4208279.5
577602.0,4208279.5
577602.06,4208279.5
577602.1,4208279.5
577602.2,4208279.5
577602.25,4208279.5
577602.3,4208279.5
577602.4,4208279.5
577602.44,4208279.5
577602.5,4208279.5
577602.56,4208279.5
577602.6,4208279.5
577602.7,4208279.5
577602.75,4208279.5
577602.8,4208279.5
577602.9,4208279.5
577602.94,4208279.5
577603.0,4208279.5
577603.06,4208279.5
577603.1,4208279.5
577603.2,4208279.5
577603.25,4208279.5
577603.3,4208279.5
577603.4,4208279.5
577603.44,4208279.5
577603.5,4208279.5
577603.56,4208279.5
577603.6,4208279.5
577603.7,4208279.5
577603.75,4208279.5
577603.8,4208279.5
577603.9,4208279.5
577603.94,4208279.5
577604.0,4208279.5
577604.06,4208279.5
577604.1,4208279.5
577604.2,4208279.5
577604.25,4208279.5
577604.3,4208279.5
577604.4,4208279.5
577604.44,4208279.5
577604.5,4208279.5
577604.56,4208279.5
577604.6,4208279.5
577604.7,4208279.5
577604.75,4208279.5
577604.8,4208279.5
577604.9,4208279.5
577604.94,4208279.5
577605.0,4208279.5
577605.06,4208279.5
577605.1,4208279.5
577605.2,4208279.5
577605.25,4208279.5
577605.3,4208279.5
577605.4,4208279.5
577605.44,4208279.5
577605.5,4208279.5
577605.56,4208279.5
577605.6,4208279.5
577605.7,4208279.5
577605.75,4208279.5
577605.8,4208279.5
577605.9,4208279.5
577605.94,4208279.5
577606.0,4208279.5
577606.06,4208279.5
577606.1,4208279.5
577606.2,4208279.5
577606.25,4208279.5
577606.3,4208279.5
577606.4,4208279.5
577606.44,4208279.5
577606.5,4208279.5
577606.56,4208279.5
577606.6,4208279.5
577606.7,4208279.5
577606.75,4208279.5
577606.8,4208279.5
577606.8,4208279.0
577606.9,4208279.0
577606.94,4208279.0
577607.0,4208279.0
577607.06,4208279.0
577607.1,4208279.0
577607.2,4208279.0
577607.25,4208279.0
577607.3,4208279.0
577607.4,4208279.0
577607.44,4208279.0
577607.5,4208279.0
577607.56,4208279.0
577607.6,4208279.0
577607.7,4208279.0
577607.75,4208279.0
577607.8,4208279.0
577607.9,4208279.0
577607.94,4208279.0
577608.0,4208279.0
577608.06,4208279.0
577608.1,4208279.0
577608.2,4208279.0
577608.25,4208279.0
577608.3,4208279.0
577608.4,4208279.0
577608.44,4208279.0
577608.5,4208279.0
577608.56,4208279.0
577608.6,4208279.0
577608.7,4208279.0
577608.75,4208279.0
577608.8,4208279.0
577608.9,4208279.0
577608.94,4208279.0
577609.0,4208279.0
577609.06,4208279.0
577609.1,4208279.0
577609.2,4208279.0
577609.25,4208279.0
577609.3,4208279.0
577609.4,4208279.0
577609.44,4208279.0
577609.5,4208279.0
577609.56,4208279.0
577609.6,4208279.0
577609.7,4208279.0
577609.75,4208279.0
577609.8,4208279.0
577609.9,4208279.0
577609.94,4208279.0
577610.0,4208279.0
577610.06,4208279.0
577610.1,4208279.0
577610.2,4208279.0
577610.25,4208279.0
577610.3,4208279.0
577610.4,4208279.0
577610.44,4208279.0
577610.5,4208279.0
577610.56,4208279.0
577610.6,4208279.0
577610.7,4208279.0
577610.75,4208279.0
577610.8,4208279.0
577610.9,4208279.0
577610.94,4208279.0
577611.0,4208279.0
577611.06,4208279.0
577611.1,4208279.0
577611.2,4208279.0
577611.25,4208279.0
577611.3,4208279.0
577611.4,4208279.0
577611.44,4208279.0
577611.5,4208278.5
577611.56,4208278.5
577611.6,4208278.5
577611.7,4208278.5
577611.75,4208278.5
577611.8,4208278.5
577611.9,4208278.5
577611.94,4208278.5
577612.0,4208278.5
577612.06,4208278.5
577612.1,4208278.5
577612.2,4208278.5
577612.25,4208278.5
577612.3,4208278.5
577612.4,4208278.5
577612.44,4208278.5
577612.5,4208278.5
577612.56,4208278.5
577612.6,4208278.5
577612.7,4208278.5
577612.75,4208278.5
577612.8,4208278.5
577612.9,4208278.5
577612.94,4208278.5
577613.0,4208278.5
577613.06,4208278.5
577613.1,4208278.5
577613.2,4208278.5
577613.25,4208278.5
577613.3,4208278.5
577613.4,4208278.5
577613.44,4208278.5
577613.5,4208278.5
577613.56,4208278.5
577613.6,4208278.5
577613.7,4208278.5
577613.75,4208278.5
577613.8,4208278.5
577613.9,4208278.5
577613.94,4208278.5
577614.0,4208278.5
577614.06,4208278.5
577614.1,4208278.5
577614.2,4208278.5
577614.25,4208278.5
577614.3,4208278.5
577614.4,4208278.5
577614.44,4208278.5
577614.5,4208278.5
577614.56,4208278.5
577614.6,4208278.5
577614.7,4208278.5
577614.75,4208278.5
577614.8,4208278.5
577614.9,4208278.5
577614.94,4208278.5
577615.0,4208278.5
577615.06,4208278.5
577615.1,4208278.5
577615.2,4208278.5
577615.25,4208278.5
577615.3,4208278.5
577615.4,4208278.5
577615.44,4208278.5
577615.5,4208278.5
577615.56,4208278.5
577615.6,4208278.5
577615.7,4208278.0
577615.75,4208278.0
577615.8,4208278.0
577615.9,4208278.0
577615.94,4208278.0
577616.0,4208278.0
577616.06,4208278.0
577616.1,4208278.0
577616.2,4208278.0
577616.25,4208278.0
577616.3,4208278.0
577616.4,4208278.0
577616.44,4208278.0
577616.5,4208278.0
577616.56,4208278.0
577616.6,4208278.0
577616.7,4208278.0
577616.75,4208278.0
577616.8,4208278.0
577616.9,4208278.0
577616.94,4208278.0
577617.0,4208278.0
577617.06,4208278.0
577617.1,4208278.0
577617.2,4208278.0
577617.25,4208278.0
577617.3,4208278.0
577617.4,4208278.0
577617.44,4208278.0
577617.5,4208278.0
577617.56,4208278.0
577617.6,4208278.0
577617.7,4208278.0
577617.75,4208278.0
577617.8,4208278.0
577617.9,4208278.0
577617.94,4208278.0
577618.0,4208278.0
577618.06,4208278.0
577618.1,4208278.0
577618.2,4208278.0
577618.25,4208278.0
577618.3,4208278.0
577618.4,4208278.0
577618.44,4208278.0
577618.5,4208278.0
577618.56,4208278.0
577618.6,4208278.0
577618.7,4208278.0
577618.75,4208278.0
577618.8,4208278.0
577618.9,4208278.0
577618.94,4208278.0
577619.0,4208278.0
577619.06,4208278.0
577619.1,4208278.0
577619.2,4208277.5
577619.25,4208277.5
577619.3,4208277.5
577619.4,4208277.5
577619.44,4208277.5
577619.5,4208277.5
577619.56,4208277.5
577619.6,4208277.5
577619.7,4208277.5
577619.75,4208277.5
577619.8,4208277.5
577619.9,4208277.5
577619.94,4208277.5
577620.0,4208277.5
577620.06,4208277.5
577620.1,4208277.5
577620.2,4208277.5
577620.25,4208277.5
577620.3,4208277.5
577620.4,4208277.5
577620.44,4208277.5
577620.5,4208277.5
577620.56,4208277.5
577620.6,4208277.5
577620.7,4208277.5
577620.75,4208277.5
577620.8,4208277.5
577620.9,4208277.5
577620.94,4208277.5
577621.0,4208277.5
577621.06,4208277.5
577621.1,4208277.5
577621.2,4208277.5
577621.25,4208277.5
577621.3,4208277.5
577621.4,4208277.5
577621.44,4208277.5
577621.5,4208277.5
577621.56,4208277.5
577621.6,4208277.5
577621.7,4208277.5
577621.75,4208277.5
577621.8,4208277.5
577621.9,4208277.5
577621.94,4208277.5
577622.0,4208277.5
577622.06,4208277.5
577622.1,4208277.5
577622.2,4208277.5
577622.25,4208277.5
577622.3,4208277.5
577622.4,4208277.5
577622.44,4208277.5
577622.5,4208277.5
577622.56,4208277.5
577622.6,4208277.0
577622.7,4208277.0
577622.75,4208277.0
577622.8,4208277.0
577622.9,4208277.0
577622.94,4208277.0
577623.0,4208277.0
577623.06,4208277.0
577623.1,4208277.0
577623.2,4208277.0
577623.25,4208277.0
577623.3,4208277.0
577623.4,4208277.0
577623.44,4208277.0
577623.5,4208277.0
577623.56,4208277.0
577623.6,4208277.0
577623.7,4208277.0
577623.75,4208277.0
577623.8,4208277.0
577623.9,4208277.0
577623.94,4208277.0
577624.0,4208277.0
577624.06,4208277.0
577624.1,4208277.0
577624.2,4208277.0
577624.25,4208277.0
577624.3,4208277.0
577624.4,4208277.0
577624.44,4208277.0
577624.5,4208277.0
577624.56,4208277.0
577624.6,4208277.0
577624.7,4208277.0
577624.75,4208277.0
577624.8,4208277.0
577624.9,4208277.0
577624.94,4208277.0
577625.0,4208277.0
577625.06,4208277.0
577625.1,4208277.0
577625.2,4208277.0
577625.25,4208277.0
577625.3,4208277.0
577625.4,4208277.0
577625.44,4208277.0
577625.5,4208277.0
577625.56,4208277.0
577625.6,4208277.0
577625.7,4208277.0
577625.75,4208277.0
577625.8,4208277.0
577625.9,4208277.0
577625.94,4208277.0
577626.0,4208277.0
577626.06,4208277.0
577626.1,4208276.5
577626.2,4208276.5
577626.25,4208276.5
577626.3,4208276.5
577626.4,4208276.5
577626.44,4208276.5
577626.5,4208276.5
577626.56,4208276.5
577626.6,4208276.5
577626.7,4208276.5
577626.75,4208276.5
577626.8,4208276.5
577626.9,4208276.5
577626.94,4208276.5
577627.0,4208276.5
577627.06,4208276.5
577627.1,4208276.5
577627.2,4208276.5
577627.25,4208276.5
577627.3,4208276.5
577627.4,4208276.5
577627.44,4208276.5
577627.5,4208276.5
577627.56,4208276.5
577627.6,4208276.5
577627.7,4208276.5
577627.75,4208276.5
577627.8,4208276.5
577627.9,4208276.5
577627.94,4208276.5
577628.0,4208276.5
577628.06,4208276.5
577628.1,4208276.5
577628.2,4208276.5
577628.25,4208276.5
577628.3,4208276.5
577628.4,4208276.5
577628.44,4208276.5
577628.5,4208276.5
577628.56,4208276.5
577628.6,4208276.5
577628.7,4208276.5
577628.75,4208276.5
577628.8,4208276.5
577628.9,4208276.5
577628.94,4208276.5
577629.0,4208276.5
577629.06,4208276.5
577629.1,4208276.5
577629.2,4208276.5
577629.25,4208276.5
577629.3,4208276.5
577629.4,4208276.5
577629.44,4208276.5
577629.5,4208276.5
577629.56,4208276.5
577629.6,4208276.5
577629.7,4208276.0
577629.75,4208276.0
577629.8,4208276.0
577629.9,4208276.0
577629.94,4208276.0
577630.0,4208276.0
577630.06,4208276.0
577630.1,4208276.0
577630.2,4208276.0
577630.25,4208276.0
577630.3,4208276.0
577630.4,4208276.0
577630.44,4208276.0
577630.5,4208276.0
577630.56,4208276.0
577630.6,4208276.0
577630.7,4208276.0
577630.75,4208276.0
577630.8,4208276.0
577630.9,4208276.0
577630.94,4208276.0
577631.0,4208276.0
577631.06,4208276.0
577631.1,4208276.0
577631.2,4208276.0
577631.25,4208276.0
577631.3,4208276.0
577631.4,4208276.0
577631.44,4208276.0
577631.5,4208276.0
577631.56,4208276.0
577631.6,4208276.0
577631.7,4208276.0
577631.75,4208276.0
577631.8,4208276.0
577631.9,4208276.0
577631.94,4208276.0
577632.0,4208276.0
577632.06,4208276.0
577632.1,4208276.0
577632.2,4208276.0
577632.25,4208276.0
577632.3,4208276.0
577632.4,4208276.0
577632.44,4208276.0
577632.5,4208276.0
577632.56,4208276.0
577632.6,4208276.0
577632.7,4208276.0
577632.75,4208276.0
577632.8,4208276.0
577632.9,4208276.0
577632.94,4208276.0
577633.0,4208276.0
577633.06,4208276.0
577633.1,4208276.0
577633.2,4208276.0
577633.25,4208276.0
577633.3,4208276.0
577633.4,4208275.5
577633.44,4208275.5
577633.5,4208275.5
577633.56,4208275.5
577633.6,4208275.5
577633.7,4208275.5
577633.75,4208275.5
577633.8,4208275.5
577633.9,4208275.5
577633.94,4208275.5
577634.0,4208275.5
577634.06,4208275.5
577634.1,4208275.5
577634.2,4208275.5
577634.25,4208275.5
577634.3,4208275.5
577634.4,4208275.5
577634.44,4208275.5
577634.5,4208275.5
577634.56,4208275.5
577634.6,4208275.5
577634.7,4208275.5
577634.75,4208275.5
577634.8,4208275.5
577634.9,4208275.5
577634.94,4208275.5
577635.0,4208275.5
577635.06,4208275.5
577635.1,4208275.5
577635.2,4208275.5
577635.25,4208275.5
577635.3,4208275.5
577635.4,4208275.5
577635.44,4208275.5
577635.5,4208275.5
577635.56,4208275.5
577635.6,4208275.5
577635.7,4208275.5
577635.75,4208275.5
577635.8,4208275.5
577635.9,4208275.5
577635.94,4208275.5
577636.0,4208275.5
577636.06,4208275.5
577636.1,4208275.5
577636.2,4208275.5
577636.25,4208275.5
577636.3,4208275.5
577636.4,4208275.5
577636.44,4208275.5
577636.5,4208275.5
577636.56,4208275.5
577636.6,4208275.5
577636.7,4208275.5
577636.75,4208275.5
577636.8,4208275.5
577636.9,4208275.5
577636.94,4208275.5
577637.0,4208275.5
577637.06,4208275.0
577637.1,4208275.0
577637.2,4208275.0
577637.25,4208275.0
577637.3,4208275.0
577637.4,4208275.0
577637.44,4208275.0
577637.5,4208275.0
577637.56,4208275.0
577637.6,4208275.0
577637.7,4208275.0
577637.75,4208275.0
577637.8,4208275.0
577637.9,4208275.0
577637.94,4208275.0
577638.0,4208275.0
577638.06,4208275.0
577638.1,4208275.0
577638.2,4208275.0
577638.25,4208275.0
577638.3,4208275.0
577638.4,4208275.0
577638.44,4208275.0
577638.5,4208275.0
577638.56,4208275.0
577638.6,4208275.0
577638.7,4208275.0
577638.75,4208275.0
577638.8,4208275.0
577638.9,4208275.0
577638.94,4208275.0
577639.0,4208275.0
577639.06,4208275.0
577639.1,4208275.0
577639.25,4208275.0
577639.3,4208275.0
577639.4,4208275.0
577639.44,4208275.0
577639.5,4208275.0
577639.56,4208275.0
577639.6,4208275.0
577639.7,4208275.0
577639.75,4208275.0
577639.8,4208275.0
577639.9,4208275.0
577639.94,4208275.0
577640.0,4208275.0
577640.06,4208275.0
577640.1,4208275.0
577640.2,4208275.0
577640.25,4208275.0
577640.3,4208275.0
577640.4,4208275.0
577640.44,4208275.0
577640.5,4208275.0
577640.56,4208275.0
577640.6,4208275.0
577640.7,4208275.0
577640.8,4208275.0
577640.9,4208275.0
577640.94,4208275.0
577641.0,4208274.5
577641.06,4208274.5
577641.1,4208274.5
577641.2,4208274.5
577641.25,4208274.5
577641.3,4208274.5
577641.4,4208274.5
577641.44,4208274.5
577641.5,4208274.5
577641.56,4208274.5
577641.6,4208274.5
577641.7,4208274.5
577641.75,4208274.5
577641.8,4208274.5
577641.9,4208274.5
577641.94,4208274.5
577642.0,4208274.5
577642.06,4208274.5
577642.1,4208274.5
577642.2,4208274.5
577642.25,4208274.5
577642.4,4208274.5
577642.44,4208274.5
577642.5,4208274.5
577642.56,4208274.5
577642.6,4208274.5
577642.7,4208274.5
577642.75,4208274.5
577642.8,4208274.5
577642.9,4208274.5
577642.94,4208274.5
577643.0,4208274.5
577643.06,4208274.5
577643.1,4208274.5
577643.2,4208274.5
577643.25,4208274.5
577643.3,4208274.5
577643.4,4208274.5
577643.44,4208274.5
577643.5,4208274.5
577643.56,4208274.5
577643.6,4208274.5
577643.7,4208274.5
577643.75,4208274.5
577643.9,4208274.5
577643.94,4208274.5
577644.0,4208274.5
577644.06,4208274.5
577644.1,4208274.5
577644.2,4208274.5
577644.25,4208274.5
577644.3,4208274.5
577644.4,4208274.5
577644.44,4208274.5
577644.5,4208274.5
577644.56,4208274.5
577644.6,4208274.5
577644.7,4208274.5
577644.75,4208274.5
577644.8,4208274.5
577644.9,4208274.5
577644.94,4208274.5
577645.0,4208274.5
577645.06,4208274.5
577645.1,4208274.0
577645.2,4208274.0
577645.25,4208274.0
577645.3,4208274.0
577645.44,4208274.0
577645.5,4208274.0
577645.56,4208274.0
577645.6,4208274.0
577645.7,4208274.0
577645.75,4208274.0
577645.8,4208274.0
577645.9,4208274.0
577645.94,4208274.0
577646.0,4208274.0
577646.06,4208274.0
577646.1,4208274.0
577646.2,4208274.0
577646.25,4208274.0
577646.3,4208274.0
577646.4,4208274.0
577646.44,4208274.0
577646.5,4208274.0
577646.56,4208274.0
577646.6,4208274.0
577646.7,4208274.0
577646.75,4208274.0
577646.8,4208274.0
577646.94,4208274.0
577647.0,4208274.0
577647.06,4208274.0
577647.1,4208274.0
577647.2,4208274.0
577647.25,4208274.0
577647.3,4208274.0
577647.4,4208274.0
577647.44,4208274.0
577647.5,4208274.0
577647.56,4208274.0
577647.6,4208274.0
577647.7,4208274.0
577647.75,4208274.0
577647.8,4208274.0
577647.9,4208274.0
577647.94,4208274.0
577648.0,4208274.0
577648.06,4208274.0
577648.1,4208274.0
577648.2,4208274.0
577648.25,4208274.0
577648.3,4208274.0
577648.4,4208274.0
577648.5,4208274.0
577648.56,4208274.0
577648.6,4208274.0
577648.7,4208274.0
577648.75,4208274.0
577648.8,4208274.0
577648.9,4208274.0
577648.94,4208274.0
577649.0,4208274.0
577649.06,4208274.0
577649.1,4208274.0
577649.2,4208274.0
577649.25,4208274.0
577649.3,4208273.5
577649.4,4208273.5
577649.44,4208273.5
577649.5,4208273.5
577649.56,4208273.5
577649.6,4208273.5
577649.7,4208273.5
577649.75,4208273.5
577649.8,4208273.5
577649.9,4208273.5
577650.0,4208273.5
577650.06,4208273.5
577650.1,4208273.5
577650.2,4208273.5
577650.25,4208273.5
577650.3,4208273.5
577650.4,4208273.5
577650.44,4208273.5
577650.5,4208273.5
577650.56,4208273.5
577650.6,4208273.5
577650.7,4208273.5
577650.75,4208273.5
577650.8,4208273.5
577650.9,4208273.5
577650.94,4208273.5
577651.0,4208273.5
577651.06,4208273.5
577651.1,4208273.5
577651.2,4208273.5
577651.25,4208273.5
577651.3,4208273.5
577651.4,4208273.5
577651.44,4208273.5
577651.56,4208273.5
577651.6,4208273.5
577651.7,4208273.5
577651.75,4208273.5
577651.8,4208273.5
577651.9,4208273.5
577651.94,4208273.5
577652.0,4208273.5
577652.06,4208273.5
577652.1,4208273.5
577652.2,4208273.5
577652.25,4208273.5
577652.3,4208273.5
577652.4,4208273.5
577652.44,4208273.5
577652.5,4208273.5
577652.6,4208273.5
577652.7,4208273.5
577652.75,4208273.5
577652.8,4208273.5
577652.9,4208273.5
577652.94,4208273.5
577653.0,4208273.5
577653.1,4208273.5
577653.2,4208273.5
577653.25,4208273.5
577653.3,4208273.5
577653.4,4208273.5
577653.44,4208273.5
577653.5,4208273.5
577653.56,4208273.5
577653.7,4208273.5
577653.75,4208273.5
577653.8,4208273.0
577653.9,4208273.0
577653.94,4208273.0
577654.0,4208273.0
577654.06,4208273.0
577654.2,4208273.0
577654.25,4208273.0
577654.3,4208273.0
577654.4,4208273.0
577654.44,4208273.0
577654.5,4208273.0
577654.56,4208273.0
577654.7,4208273.0
577654.75,4208273.0
577654.8,4208273.0
577654.9,4208273.0
577654.94,4208273.0
577655.0,4208273.0
577655.06,4208273.0
577655.2,4208273.0
577655.25,4208273.0
577655.3,4208273.0
577655.4,4208273.0
577655.44,4208273.0
577655.5,4208273.0
577655.56,4208273.0
577655.6,4208273.0
577655.75,4208273.0
577655.8,4208273.0
577655.9,4208273.0
577655.94,4208273.0
577656.0,4208273.0
577656.06,4208273.0
577656.1,4208273.0
577656.25,4208273.0
577656.3,4208273.0
577656.4,4208273.0
577656.44,4208273.0
577656.5,4208273.0
577656.56,4208273.0
577656.6,4208273.0
577656.75,4208273.0
577656.8,4208273.0
577656.9,4208273.0
577656.94,4208273.0
577657.0,4208273.0
577657.06,4208273.0
577657.1,4208273.0
577657.25,4208273.0
577657.3,4208273.0
577657.4,4208273.0
577657.44,4208273.0
577657.5,4208273.0
577657.56,4208273.0
577657.6,4208273.0
577657.7,4208273.0
577657.8,4208273.0
577657.9,4208273.0
577657.94,4208273.0
577658.0,4208273.0
577658.06,4208273.0
577658.1,4208273.0
577658.2,4208273.0
577658.3,4208273.0
577658.4,4208273.0
577658.44,4208273.0
577658.5,4208273.0
577658.56,4208273.0
577658.6,4208273.0
577658.7,4208273.0
577658.8,4208273.0
577658.9,4208273.0
577658.94,4208273.0
577659.0,4208272.5
577659.06,4208272.5
577659.1,4208272.5
577659.2,4208272.5
577659.3,4208272.5
577659.4,4208272.5
577659.44,4208272.5
577659.5,4208272.5
577659.56,4208272.5
577659.6,4208272.5
577659.7,4208272.5
577659.75,4208272.5
577659.9,4208272.5
577659.94,4208272.5
577660.0,4208272.5
577660.06,4208272.5
577660.1,4208272.5
577660.2,4208272.5
577660.25,4208272.5
577660.4,4208272.5
577660.44,4208272.5
577660.5,4208272.5
577660.56,4208272.5
577660.6,4208272.5
577660.7,4208272.5
577660.75,4208272.5
577660.9,4208272.5
577660.94,4208272.5
577661.0,4208272.5
577661.06,4208272.5
577661.1,4208272.5
577661.2,4208272.5
577661.25,4208272.5
577661.4,4208272.5
577661.44,4208272.5
577661.5,4208272.5
577661.56,4208272.5
577661.6,4208272.5
577661.7,4208272.5
577661.75,4208272.5
577661.8,4208272.5
577661.94,4208272.5
577662.0,4208272.5
577662.06,4208272.5
577662.1,4208272.5
577662.2,4208272.5
577662.25,4208272.5
577662.3,4208272.5
577662.44,4208272.5
577662.5,4208272.5
577662.56,4208272.5
577662.6,4208272.5
577662.7,4208272.5
577662.75,4208272.5
577662.8,4208272.5
577662.94,4208272.5
577663.0,4208272.5
577663.06,4208272.5
577663.1,4208272.5
577663.2,4208272.5
577663.25,4208272.5
577663.3,4208272.5
577663.44,4208272.5
577663.5,4208272.5
577663.56,4208272.5
577663.6,4208272.5
577663.7,4208272.5
577663.75,4208272.5
577663.8,4208272.5
577663.9,4208272.5
577664.0,4208272.5
577664.06,4208272.5
577664.1,4208272.5
577664.2,4208272.0
577664.25,4208272.0
577664.3,4208272.0
577664.4,4208272.0
577664.5,4208272.0
577664.56,4208272.0
577664.6,4208272.0
577664.7,4208272.0
577664.75,4208272.0
577664.8,4208272.0
577664.9,4208272.0
577665.0,4208272.0
577665.06,4208272.0
577665.1,4208272.0
577665.2,4208272.0
577665.25,4208272.0
577665.3,4208272.0
577665.4,4208272.0
577665.5,4208272.0
577665.56,4208272.0
577665.6,4208272.0
577665.7,4208272.0
577665.75,4208272.0
577665.8,4208272.0
577665.9,4208272.0
577665.94,4208272.0
577666.06,4208272.0
577666.1,4208272.0
577666.2,4208272.0
577666.25,4208272.0
577666.3,4208272.0
577666.4,4208272.0
577666.5,4208272.0
577666.56,4208272.0
577666.6,4208272.0
577666.7,4208272.0
577666.8,4208272.0
577666.9,4208272.0
577666.94,4208272.0
577667.0,4208272.0
577667.06,4208272.0
577667.2,4208272.0
577667.25,4208272.0
577667.3,4208272.0
577667.4,4208272.0
577667.5,4208272.0
577667.56,4208272.0
577667.6,4208272.0
577667.7,4208272.0
577667.8,4208272.0
577667.9,4208272.0
577667.94,4208272.0
577668.0,4208272.0
577668.1,4208272.0
577668.2,4208272.0
577668.25,4208272.0
577668.3,4208272.0
577668.44,4208272.0
577668.5,4208272.0
577668.56,4208272.0
577668.6,4208272.0
577668.75,4208272.0
577668.8,4208272.0
577668.9,4208272.0
577668.94,4208272.0
577669.06,4208272.0
577669.1,4208272.0
577669.2,4208272.0
577669.25,4208272.0
577669.3,4208272.0
577669.44,4208272.0
577669.5,4208272.0
577669.56,4208272.0
577669.6,4208272.0
577669.75,4208272.0
577669.8,4208272.0
577669.9,4208271.5
577669.94,4208271.5
577670.06,4208271.5
577670.1,4208271.5
577670.2,4208271.5
577670.25,4208271.5
577670.4,4208271.5
577670.44,4208271.5
577670.5,4208271.5
577670.56,4208271.5
577670.7,4208271.5
577670.75,4208271.5
577670.8,4208271.5
577670.9,4208271.5
577671.0,4208271.5
577671.06,4208271.5
577671.1,4208271.5
577671.2,4208271.5
577671.25,4208271.5
577671.4,4208271.5
577671.44,4208271.5
577671.5,4208271.5
577671.56,4208271.5
577671.7,4208271.5
577671.75,4208271.5
577671.8,4208271.5
577671.9,4208271.5
577672.0,4208271.5
577672.06,4208271.5
577672.1,4208271.5
577672.2,4208271.5
577672.3,4208271.5
577672.4,4208271.5
577672.44,4208271.5
577672.5,4208271.5
577672.6,4208271.5
577672.7,4208271.5
577672.75,4208271.5
577672.8,4208271.5
577672.94,4208271.5
577673.0,4208271.5
577673.06,4208271.5
577673.1,4208271.5
577673.25,4208271.5
577673.3,4208271.5
577673.4,4208271.5
577673.44,4208271.5
577673.5,4208271.5
577673.6,4208271.5
577673.7,4208271.5
577673.75,4208271.5
577673.8,4208271.5
577673.94,4208271.5
577674.0,4208271.5
577674.06,4208271.5
577674.1,4208271.5
577674.25,4208271.5
577674.3,4208271.5
577674.4,4208271.5
577674.44,4208271.5
577674.56,4208271.5
577674.6,4208271.5
577674.7,4208271.5
577674.75,4208271.5
577674.9,4208271.5
577674.94,4208271.5
577675.0,4208271.5
577675.06,4208271.5
577675.2,4208271.5
577675.25,4208271.5
577675.3,4208271.5
577675.4,4208271.5
577675.44,4208271.5
577675.56,4208271.5
577675.6,4208271.5
577675.7,4208271.5
577675.75,4208271.5
577675.9,4208271.5
577675.94,4208271.5
577676.0,4208271.0
577676.06,4208271.0
577676.2,4208271.0
577676.25,4208271.0
577676.3,4208271.0
577676.4,4208271.0
577676.5,4208271.0
577676.56,4208271.0
577676.6,4208271.0
577676.7,4208271.0
577676.8,4208271.0
577676.9,4208271.0
577676.94,4208271.0
577677.0,4208271.0
577677.1,4208271.0
577677.2,4208271.0
577677.25,4208271.0
577677.3,4208271.0
577677.44,4208271.0
577677.5,4208271.0
577677.56,4208271.0
577677.6,4208271.0
577677.75,4208271.0
577677.8,4208271.0
577677.9,4208271.0
577677.94,4208271.0
577678.06,4208271.0
577678.1,4208271.0
577678.2,4208271.0
577678.25,4208271.0
577678.4,4208271.0
577678.44,4208271.0
577678.5,4208271.0
577678.6,4208271.0
577678.7,4208271.0
577678.75,4208271.0
577678.8,4208271.0
577678.94,4208271.0
577679.0,4208271.0
577679.06,4208271.0
577679.1,4208271.0
577679.25,4208271.0
577679.3,4208271.0
577679.4,4208271.0
577679.44,4208271.0
577679.56,4208271.0
577679.6,4208271.0
577679.7,4208271.0
577679.75,4208271.0
577679.9,4208271.0
577679.94,4208271.0
577680.0,4208271.0
577680.06,4208271.0
577680.2,4208271.0
577680.25,4208271.0
577680.3,4208271.0
577680.4,4208271.0
577680.5,4208271.0
577680.56,4208271.0
577680.6,4208271.0
577680.7,4208271.0
577680.8,4208271.0
577680.9,4208271.0
577680.94,4208271.0
577681.0,4208271.0
577681.1,4208271.0
577681.2,4208271.0
577681.25,4208271.0
577681.3,4208271.0
577681.44,4208271.0
577681.5,4208271.0
577681.56,4208271.0
577681.6,4208271.0
577681.75,4208271.0
577681.8,4208271.0
577681.9,4208271.0
577682.0,4208271.0
577682.06,4208271.0
577682.1,4208271.0
577682.2,4208271.0
577682.3,4208271.0
577682.4,4208271.0
577682.44,4208271.0
577682.5,4208270.5
577682.6,4208270.5
577682.7,4208270.5
577682.75,4208270.5
577682.8,4208270.5
577682.94,4208270.5
577683.0,4208270.5
577683.06,4208270.5
577683.1,4208270.5
577683.25,4208270.5
577683.3,4208270.5
577683.4,4208270.5
577683.44,4208270.5
577683.56,4208270.5
577683.6,4208270.5
577683.7,4208270.5
577683.75,4208270.5
577683.9,4208270.5
577683.94,4208270.5
577684.0,4208270.5
577684.06,4208270.5
577684.2,4208270.5
577684.25,4208270.5
577684.3,4208270.5
577684.44,4208270.5
577684.5,4208270.5
577684.56,4208270.5
577684.6,4208270.5
577684.75,4208270.5
577684.8,4208270.5
577684.9,4208270.5
577684.94,4208270.5
577685.06,4208270.5
577685.1,4208270.5
577685.2,4208270.5
577685.25,4208270.5
577685.4,4208270.5
577685.44,4208270.5
577685.5,4208270.5
577685.56,4208270.5
577685.7,4208270.5
577685.75,4208270.5
577685.8,4208270.5
577685.9,4208270.5
577686.0,4208270.5
577686.06,4208270.5
577686.1,4208270.5
577686.2,4208270.5
577686.3,4208270.5
577686.4,4208270.5
577686.44,4208270.5
577686.5,4208270.5
577686.6,4208270.5
577686.7,4208270.5
577686.75,4208270.5
577686.8,4208270.5
577686.94,4208270.5
577687.0,4208270.5
577687.06,4208270.5
577687.2,4208270.5
577687.25,4208270.5
577687.3,4208270.5
577687.4,4208270.5
577687.5,4208270.5
577687.56,4208270.5
577687.6,4208270.5
577687.7,4208270.5
577687.8,4208270.5
577687.9,4208270.5
577687.94,4208270.5
577688.0,4208270.5
577688.1,4208270.5
577688.2,4208270.5
577688.25,4208270.5
577688.3,4208270.5
577688.44,4208270.5
577688.5,4208270.0
577688.56,4208270.0
577688.6,4208270.0
577688.75,4208270.0
577688.8,4208270.0
577688.9,4208270.0
577688.94,4208270.0
577689.06,4208270.0
577689.1,4208270.0
577689.2,4208270.0
577689.25,4208270.0
577689.4,4208270.0
577689.44,4208270.0
577689.5,4208270.0
577689.56,4208270.0
577689.7,4208270.0
577689.75,4208270.0
577689.8,4208270.0
577689.94,4208270.0
577690.0,4208270.0
577690.06,4208270.0
577690.1,4208270.0
577690.25,4208270.0
577690.3,4208270.0
577690.4,4208270.0
577690.44,4208270.0
577690.56,4208270.0
577690.6,4208270.0
577690.7,4208270.0
577690.75,4208270.0
577690.9,4208270.0
577690.94,4208270.0
577691.0,4208270.0
577691.06,4208270.0
577691.2,4208270.0
577691.25,4208270.0
577691.3,4208270.0
577691.4,4208270.0
577691.5,4208270.0
577691.56,4208270.0
577691.6,4208270.0
577691.7,4208270.0
577691.8,4208270.0
577691.9,4208270.0
577691.94,4208270.0
577692.0,4208270.0
577692.1,4208270.0
577692.2,4208270.0
577692.25,4208270.0
577692.4,4208270.0
577692.44,4208270.0
577692.5,4208270.0
577692.56,4208270.0
577692.7,4208270.0
577692.75,4208270.0
577692.8,4208270.0
577692.9,4208270.0
577693.0,4208270.0
577693.06,4208270.0
577693.1,4208270.0
577693.2,4208270.0
577693.3,4208270.0
577693.4,4208270.0
577693.44,4208270.0
577693.5,4208270.0
577693.6,4208270.0
577693.7,4208270.0
577693.75,4208270.0
577693.8,4208270.0
577693.94,4208270.0
577694.0,4208270.0
577694.06,4208270.0
577694.1,4208270.0
577694.25,4208270.0
577694.3,4208270.0
577694.4,4208270.0
577694.44,4208270.0
577694.56,4208269.5
577694.6,4208269.5
577694.7,4208269.5
577694.75,4208269.5
577694.9,4208269.5
577694.94,4208269.5
577695.0,4208269.5
577695.1,4208269.5
577695.2,4208269.5
577695.25,4208269.5
577695.3,4208269.5
577695.44,4208269.5
577695.5,4208269.5
577695.56,4208269.5
577695.6,4208269.5
577695.75,4208269.5
577695.8,4208269.5
577695.9,4208269.5
577695.94,4208269.5
577696.06,4208269.5
577696.1,4208269.5
577696.2,4208269.5
577696.25,4208269.5
577696.4,4208269.5
577696.44,4208269.5
577696.5,4208269.5
577696.56,4208269.5
577696.7,4208269.5
577696.75,4208269.5
577696.8,4208269.5
577696.9,4208269.5
577697.0,4208269.5
577697.06,4208269.5
577697.1,4208269.5
577697.25,4208269.5
577697.3,4208269.5
577697.4,4208269.5
577697.5,4208269.5
577697.56,4208269.5
577697.6,4208269.5
577697.75,4208269.5
577697.8,4208269.5
577697.9,4208269.5
577698.0,4208269.5
577698.06,4208269.5
577698.1,4208269.5
577698.2,4208269.5
577698.3,4208269.5
577698.4,4208269.5
577698.44,4208269.5
577698.56,4208269.5
577698.6,4208269.5
577698.7,4208269.5
577698.8,4208269.5
577698.9,4208269.5
577698.94,4208269.5
577699.06,4208269.5
577699.1,4208269.5
577699.2,4208269.5
577699.3,4208269.5
577699.4,4208269.5
577699.44,4208269.5
577699.5,4208269.5
577699.6,4208269.5
577699.7,4208269.5
577699.75,4208269.5
577699.9,4208269.5
577699.94,4208269.5
577700.0,4208269.5
577700.1,4208269.5
577700.2,4208269.5
577700.25,4208269.5
577700.4,4208269.0
577700.44,4208269.0
577700.5,4208269.0
577700.6,4208269.0
577700.7,4208269.0
577700.75,4208269.0
577700.8,4208269.0
577700.94,4208269.0
577701.0,4208269.0
577701.06,4208269.0
577701.2,4208269.0
577701.25,4208269.0
577701.3,4208269.0
577701.44,4208269.0
577701.5,4208269.0
577701.56,4208269.0
577701.7,4208269.0
577701.75,4208269.0
577701.8,4208269.0
577701.94,4208269.0
577702.0,4208269.0
577702.06,4208269.0
577702.2,4208269.0
577702.25,4208269.0
577702.3,4208269.0
577702.4,4208269.0
577702.5,4208269.0
577702.56,4208269.0
577702.6,4208269.0
577702.75,4208269.0
577702.8,4208269.0
577702.9,4208269.0
577703.0,4208269.0
577703.06,4208269.0
577703.1,4208269.0
577703.25,4208269.0
577703.3,4208269.0
577703.4,4208269.0
577703.5,4208269.0
577703.56,4208269.0
577703.6,4208269.0
577703.7,4208269.0
577703.8,4208269.0
577703.9,4208269.0
577703.94,4208269.0
577704.06,4208269.0
577704.1,4208269.0
577704.2,4208269.0
577704.3,4208269.0
577704.4,4208269.0
577704.44,4208269.0
577704.56,4208269.0
577704.6,4208269.0
577704.7,4208269.0
577704.8,4208269.0
577704.9,4208269.0
577704.94,4208269.0
577705.0,4208269.0
577705.1,4208269.0
577705.2,4208269.0
577705.25,4208269.0
577705.4,4208269.0
577705.44,4208269.0
577705.5,4208269.0
577705.6,4208269.0
577705.7,4208269.0
577705.75,4208269.0
577705.9,4208269.0
577705.94,4208269.0
577706.0,4208268.5
577706.1,4208268.5
577706.2,4208268.5
577706.25,4208268.5
577706.4,4208268.5
577706.44,4208268.5
577706.5,4208268.5
577706.56,4208268.5
577706.7,4208268.5
577706.75,4208268.5
577706.8,4208268.5
577706.94,4208268.5
577707.0,4208268.5
577707.06,4208268.5
577707.2,4208268.5
577707.25,4208268.5
577707.3,4208268.5
577707.44,4208268.5
577707.5,4208268.5
577707.56,4208268.5
577707.7,4208268.5
577707.75,4208268.5
577707.8,4208268.5
577707.9,4208268.5
577708.0,4208268.5
577708.06,4208268.5
577708.1,4208268.5
577708.25,4208268.5
577708.3,4208268.5
577708.4,4208268.5
577708.5,4208268.5
577708.56,4208268.5
577708.6,4208268.5
577708.75,4208268.5
577708.8,4208268.5
577708.9,4208268.5
577709.0,4208268.5
577709.06,4208268.5
577709.1,4208268.5
577709.2,4208268.5
577709.3,4208268.5
577709.4,4208268.5
577709.44,4208268.5
577709.56,4208268.5
577709.6,4208268.5
577709.7,4208268.5
577709.8,4208268.5
577709.9,4208268.5
577709.94,4208268.5
577710.06,4208268.5
577710.1,4208268.5
577710.2,4208268.5
577710.3,4208268.5
577710.4,4208268.5
577710.44,4208268.5
577710.56,4208268.5
577710.6,4208268.5
577710.7,4208268.5
577710.75,4208268.5
577710.9,4208268.5
577710.94,4208268.5
577711.0,4208268.5
577711.1,4208268.5
577711.2,4208268.5
577711.25,4208268.5
577711.4,4208268.5
577711.44,4208268.5
577711.5,4208268.5
577711.6,4208268.5
577711.7,4208268.0
577711.75,4208268.0
577711.9,4208268.0
577711.94,4208268.0
577712.0,4208268.0
577712.06,4208268.0
577712.2,4208268.0
577712.25,4208268.0
577712.3,4208268.0
577712.44,4208268.0
577712.5,4208268.0
577712.56,4208268.0
577712.7,4208268.0
577712.75,4208268.0
577712.8,4208268.0
577712.94,4208268.0
577713.0,4208268.0
577713.06,4208268.0
577713.2,4208268.0
577713.25,4208268.0
577713.3,4208268.0
577713.4,4208268.0
577713.5,4208268.0
577713.56,4208268.0
577713.6,4208268.0
577713.75,4208268.0
577713.8,4208268.0
577713.9,4208268.0
577714.0,4208268.0
577714.06,4208268.0
577714.1,4208268.0
577714.25,4208268.0
577714.3,4208268.0
577714.4,4208268.0
577714.5,4208268.0
577714.56,4208268.0
577714.6,4208268.0
577714.75,4208268.0
577714.8,4208268.0
577714.9,4208268.0
577714.94,4208268.0
577715.06,4208268.0
577715.1,4208268.0
577715.2,4208268.0
577715.3,4208268.0
577715.4,4208268.0
577715.44,4208268.0
577715.56,4208268.0
577715.6,4208268.0
577715.7,4208268.0
577715.8,4208268.0
577715.9,4208268.0
577715.94,4208268.0
577716.06,4208268.0
577716.1,4208268.0
577716.2,4208268.0
577716.3,4208268.0
577716.4,4208268.0
577716.44,4208268.0
577716.56,4208268.0
577716.6,4208268.0
577716.7,4208268.0
577716.75,4208268.0
577716.9,4208268.0
577716.94,4208268.0
577717.0,4208268.0
577717.1,4208268.0
577717.2,4208268.0
577717.25,4208268.0
577717.4,4208268.0
577717.44,4208268.0
577717.5,4208268.0
577717.6,4208268.0
577717.7,4208267.5
577717.75,4208267.5
577717.9,4208267.5
577717.94,4208267.5
577718.0,4208267.5
577718.1,4208267.5
577718.2,4208267.5
577718.25,4208267.5
577718.3,4208267.5
577718.44,4208267.5
577718.5,4208267.5
577718.56,4208267.5
577718.7,4208267.5
577718.75,4208267.5
577718.8,4208267.5
577718.94,4208267.5
577719.0,4208267.5
577719.06,4208267.5
577719.2,4208267.5
577719.25,4208267.5
577719.3,4208267.5
577719.44,4208267.5
577719.5,4208267.5
577719.56,4208267.5
577719.7,4208267.5
577719.75,4208267.5
577719.8,4208267.5
577719.94,4208267.5
577720.0,4208267.5
577720.06,4208267.5
577720.1,4208267.5
577720.25,4208267.5
577720.3,4208267.5
577720.4,4208267.5
577720.5,4208267.5
577720.56,4208267.5
577720.6,4208267.5
577720.75,4208267.5
577720.8,4208267.5
577720.9,4208267.5
577721.0,4208267.5
577721.06,4208267.5
577721.1,4208267.5
577721.25,4208267.5
577721.3,4208267.5
577721.4,4208267.5
577721.5,4208267.5
577721.56,4208267.5
577721.6,4208267.5
577721.7,4208267.5
577721.8,4208267.5
577721.9,4208267.5
577721.94,4208267.5
577722.06,4208267.5
577722.1,4208267.5
577722.2,4208267.5
577722.3,4208267.5
577722.4,4208267.5
577722.44,4208267.5
577722.56,4208267.5
577722.6,4208267.5
577722.7,4208267.5
577722.8,4208267.5
577722.9,4208267.5
577722.94,4208267.5
577723.06,4208267.5
577723.1,4208267.5
577723.2,4208267.5
577723.3,4208267.5
577723.4,4208267.5
577723.44,4208267.5
577723.5,4208267.5
577723.6,4208267.5
577723.7,4208267.5
577723.75,4208267.5
577723.9,4208267.0
577723.94,4208267.0
577724.0,4208267.0
577724.1,4208267.0
577724.2,4208267.0
577724.25,4208267.0
577724.4,4208267.0
577724.44,4208267.0
577724.5,4208267.0
577724.6,4208267.0
577724.7,4208267.0
577724.75,4208267.0
577724.9,4208267.0
577724.94,4208267.0
577725.0,4208267.0
577725.06,4208267.0
577725.2,4208267.0
577725.25,4208267.0
577725.3,4208267.0
577725.44,4208267.0
577725.5,4208267.0
577725.56,4208267.0
577725.7,4208267.0
577725.75,4208267.0
577725.8,4208267.0
577725.94,4208267.0
577726.0,4208267.0
577726.06,4208267.0
577726.2,4208267.0
577726.25,4208267.0
577726.3,4208267.0
577726.44,4208267.0
577726.5,4208267.0
577726.56,4208267.0
577726.7,4208267.0
577726.75,4208267.0
577726.8,4208267.0
577726.9,4208267.0
577727.0,4208267.0
577727.06,4208267.0
577727.1,4208267.0
577727.25,4208267.0
577727.3,4208267.0
577727.4,4208267.0
577727.5,4208267.0
577727.56,4208267.0
577727.6,4208267.0
577727.75,4208267.0
577727.8,4208267.0
577727.9,4208267.0
577728.0,4208267.0
577728.06,4208267.0
577728.1,4208267.0
577728.25,4208267.0
577728.3,4208267.0
577728.4,4208267.0
577728.44,4208267.0
577728.56,4208267.0
577728.6,4208267.0
577728.7,4208267.0
577728.8,4208267.0
577728.9,4208267.0
577728.94,4208267.0
577729.06,4208267.0
577729.1,4208267.0
577729.2,4208267.0
577729.3,4208267.0
577729.4,4208267.0
577729.44,4208267.0
577729.56,4208267.0
577729.6,4208267.0
577729.7,4208267.0
577729.75,4208267.0
577729.9,4208267.0
577729.94,4208267.0
577730.0,4208267.0
577730.1,4208267.0
577730.2,4208266.5
577730.25,4208266.5
577730.4,4208266.5
577730.44,4208266.5
577730.5,4208266.5
577730.56,4208266.5
577730.7,4208266.5
577730.75,4208266.5
577730.8,4208266.5
577730.94,4208266.5
577731.0,4208266.5
577731.06,4208266.5
577731.2,4208266.5
577731.25,4208266.5
577731.3,4208266.5
577731.4,4208266.5
577731.5,4208266.5
577731.56,4208266.5
577731.6,4208266.5
577731.75,4208266.5
577731.8,4208266.5
577731.9,4208266.5
577732.0,4208266.5
577732.06,4208266.5
577732.1,4208266.5
577732.2,4208266.5
577732.3,4208266.5
577732.4,4208266.5
577732.44,4208266.5
577732.56,4208266.5
577732.6,4208266.5
577732.7,4208266.5
577732.8,4208266.5
577732.9,4208266.5
577732.94,4208266.5
577733.0,4208266.5
577733.1,4208266.5
577733.2,4208266.5
577733.25,4208266.5
577733.4,4208266.5
577733.44,4208266.5
577733.5,4208266.5
577733.6,4208266.5
577733.7,4208266.5
577733.75,4208266.5
577733.9,4208266.5
577733.94,4208266.5
577734.0,4208266.5
577734.06,4208266.5
577734.2,4208266.5
577734.25,4208266.5
577734.3,4208266.5
577734.44,4208266.5
577734.5,4208266.5
577734.56,4208266.5
577734.7,4208266.5
577734.75,4208266.5
577734.8,4208266.5
577734.9,4208266.5
577735.0,4208266.5
577735.06,4208266.5
577735.1,4208266.5
577735.25,4208266.5
577735.3,4208266.5
577735.4,4208266.5
577735.5,4208266.5
577735.56,4208266.5
577735.6,4208266.5
577735.7,4208266.5
577735.8,4208266.5
577735.9,4208266.5
577735.94,4208266.5
577736.06,4208266.5
577736.1,4208266.5
577736.2,4208266.5
577736.3,4208266.5
577736.4,4208266.5
577736.44,4208266.5
577736.5,4208266.5
577736.6,4208266.5
577736.7,4208266.5
577736.75,4208266.5
577736.9,4208266.5
577736.94,4208266.5
577737.0,4208266.5
577737.1,4208266.5
577737.2,4208266.5
577737.25,4208266.5
577737.3,4208266.0
577737.44,4208266.0
577737.5,4208266.0
577737.56,4208266.0
577737.7,4208266.0
577737.75,4208266.0
577737.8,4208266.0
577737.94,4208266.0
577738.0,4208266.0
577738.06,4208266.0
577738.1,4208266.0
577738.25,4208266.0
577738.3,4208266.0
577738.4,4208266.0
577738.5,4208266.0
577738.56,4208266.0
577738.6,4208266.0
577738.75,4208266.0
577738.8,4208266.0
577738.9,4208266.0
577738.94,4208266.0
577739.06,4208266.0
577739.1,4208266.0
577739.2,4208266.0
577739.3,4208266.0
577739.4,4208266.0
577739.44,4208266.0
577739.56,4208266.0
577739.6,4208266.0
577739.7,4208266.0
577739.75,4208266.0
577739.9,4208266.0
577739.94,4208266.0
577740.0,4208266.0
577740.1,4208266.0
577740.2,4208266.0
577740.25,4208266.0
577740.4,4208266.0
577740.44,4208266.0
577740.5,4208266.0
577740.56,4208266.0
577740.7,4208266.0
577740.75,4208266.0
577740.8,4208266.0
577740.94,4208266.0
577741.0,4208266.0
577741.06,4208266.0
577741.2,4208266.0
577741.25,4208266.0
577741.3,4208266.0
577741.4,4208266.0
577741.5,4208266.0
577741.56,4208266.0
577741.6,4208266.0
577741.75,4208266.0
577741.8,4208266.0
577741.9,4208266.0
577742.0,4208266.0
577742.06,4208266.0
577742.1,4208266.0
577742.2,4208266.0
577742.3,4208266.0
577742.4,4208266.0
577742.44,4208266.0
577742.56,4208266.0
577742.6,4208266.0
577742.7,4208266.0
577742.8,4208266.0
577742.9,4208266.0
577742.94,4208266.0
577743.0,4208266.0
577743.1,4208266.0
577743.2,4208266.0
577743.25,4208266.0
577743.4,4208266.0
577743.44,4208266.0
577743.5,4208266.0
577743.6,4208266.0
577743.7,4208266.0
577743.75,4208266.0
577743.8,4208266.0
577743.94,4208266.0
577744.0,4208266.0
577744.06,4208266.0
577744.2,4208266.0
577744.25,4208266.0
577744.3,4208266.0
577744.44,4208266.0
577744.5,4208265.5
577744.56,4208265.5
577744.6,4208265.5
577744.75,4208265.5
577744.8,4208265.5
577744.9,4208265.5
577745.0,4208265.5
577745.06,4208265.5
577745.1,4208265.5
577745.25,4208265.5
577745.3,4208265.5
577745.4,4208265.5
577745.44,4208265.5
577745.56,4208265.5
577745.6,4208265.5
577745.7,4208265.5
577745.8,4208265.5
577745.9,4208265.5
577745.94,4208265.5
577746.06,4208265.5
577746.1,4208265.5
577746.2,4208265.5
577746.25,4208265.5
577746.4,4208265.5
577747.06,4208265.5
577747.2,4208265.5
577747.25,4208265.5
577747.3,4208265.5
577747.44,4208265.5
577747.5,4208265.5
577747.56,4208265.5
577747.7,4208265.5
577747.75,4208265.5
577747.8,4208265.5
577747.9,4208265.5
577748.0,4208265.5
577748.06,4208265.5
577748.1,4208265.5
577748.25,4208265.5
577748.3,4208265.5
577748.4,4208265.5
577748.5,4208265.5
577748.56,4208265.5
577748.6,4208265.5
577748.7,4208265.5
577748.8,4208265.5
577748.9,4208265.5
577748.94,4208265.5
577749.06,4208265.5
577749.1,4208265.5
577749.2,4208265.5
577749.3,4208265.5
577749.4,4208265.5
577749.44,4208265.5
577749.5,4208265.5
577749.6,4208265.5
577749.7,4208265.5
577749.75,4208265.5
577749.9,4208265.5
577749.94,4208265.5
577750.0,4208265.5
577750.06,4208265.5
577750.2,4208265.5
577750.25,4208265.5
577750.3,4208265.5
577750.44,4208265.5
577750.5,4208265.5
577750.56,4208265.5
577750.7,4208265.5
577750.75,4208265.5
577750.8,4208265.5
577750.9,4208265.5
577751.0,4208265.5
577751.06,4208265.5
577751.1,4208265.5
577751.25,4208265.5
577751.3,4208265.5
577751.4,4208265.5
577751.5,4208265.5
577751.56,4208265.5
577751.6,4208265.5
577751.7,4208265.5
577751.8,4208265.5
577751.9,4208265.5
577751.94,4208265.5
577752.06,4208265.5
577752.1,4208265.5
577752.2,4208265.5
577752.3,4208265.5
577752.4,4208265.5
577752.44,4208265.0
577752.5,4208265.0
577752.6,4208265.0
577752.7,4208265.0
577752.75,4208265.0
577753.25,4208265.0
577753.3,4208265.0
577753.44,4208265.0
577753.5,4208265.0
577753.56,4208265.0
577753.7,4208265.0
577753.75,4208265.0
577753.8,4208265.0
577753.94,4208265.0
577754.0,4208265.0
577754.06,4208265.0
577754.1,4208265.0
577754.25,4208265.0
577754.3,4208265.0
577754.4,4208265.0
577754.5,4208265.0
577754.56,4208265.0
577754.6,4208265.0
577754.75,4208265.0
577754.8,4208265.0
577754.9,4208265.0
577754.94,4208265.0
577755.06,4208265.0
577755.1,4208265.0
577755.2,4208265.0
577755.3,4208265.0
577755.4,4208265.0
577755.44,4208265.0
577755.56,4208265.0
577755.6,4208265.0
577755.7,4208265.0
577755.75,4208265.0
577755.9,4208265.0
577755.94,4208265.0
577756.0,4208265.0
577756.1,4208265.0
577756.2,4208265.0
577756.25,4208265.0
577756.4,4208265.0
577756.44,4208265.0
577756.5,4208265.0
577756.56,4208265.0
577756.7,4208265.0
577756.75,4208265.0
577756.8,4208265.0
577756.94,4208265.0
577757.0,4208265.0
577757.06,4208265.0
577757.1,4208265.0
577757.25,4208265.0
577757.3,4208265.0
577757.4,4208265.0
577757.5,4208265.0
577757.56,4208265.0
577757.6,4208265.0
577757.75,4208265.0
577757.8,4208265.0
577757.9,4208265.0
577757.94,4208265.0
577758.06,4208265.0
577758.1,4208265.0
577758.2,4208265.0
577758.3,4208265.0
577758.4,4208265.0
577758.44,4208265.0
577758.56,4208265.0
577758.6,4208265.0
577758.7,4208265.0
577758.75,4208265.0
577758.9,4208265.0
577758.94,4208265.0
577759.0,4208265.0
577759.1,4208265.0
577759.2,4208265.0
577759.25,4208265.0
577759.4,4208265.0
577759.44,4208265.0
577759.5,4208265.0
577759.56,4208265.0
577759.7,4208265.0
577759.75,4208265.0
577759.8,4208265.0
577759.94,4208265.0
577760.0,4208265.0
577760.06,4208265.0
577760.2,4208265.0
577760.25,4208265.0
577760.3,4208265.0
577760.4,4208265.0
577760.5,4208264.5
577760.56,4208264.5
577760.6,4208264.5
577760.75,4208264.5
577760.8,4208264.5
577760.9,4208264.5
577761.0,4208264.5
577761.06,4208264.5
577761.1,4208264.5
577761.2,4208264.5
577761.3,4208264.5
577761.4,4208264.5
577761.44,4208264.5
577761.56,4208264.5
577761.6,4208264.5
577761.7,4208264.5
577761.75,4208264.5
577761.9,4208264.5
577761.94,4208264.5
577762.0,4208264.5
577762.1,4208264.5
577762.2,4208264.5
577762.25,4208264.5
577762.4,4208264.5
577762.44,4208264.5
577762.5,4208264.5
577762.56,4208264.5
577762.7,4208264.5
577762.75,4208264.5
577762.8,4208264.5
577762.94,4208264.5
577763.0,4208264.5
577763.06,4208264.5
577763.2,4208264.5
577763.25,4208264.5
577763.3,4208264.5
577763.4,4208264.5
577763.5,4208264.5
577763.56,4208264.5
577763.6,4208264.5
577763.75,4208264.5
577763.8,4208264.5
577763.9,4208264.5
577764.0,4208264.5
577764.06,4208264.5
577764.1,4208264.5
577764.2,4208264.5
577764.3,4208264.5
577764.4,4208264.5
577764.44,4208264.5
577764.56,4208264.5
577764.6,4208264.5
577764.7,4208264.5
577764.75,4208264.5
577764.9,4208264.5
577764.94,4208264.5
577765.0,4208264.5
577765.1,4208264.5
577765.2,4208264.5
577765.25,4208264.5
577765.4,4208264.5
577765.44,4208264.5
577765.5,4208264.5
577765.56,4208264.5
577765.7,4208264.5
577765.75,4208264.5
577765.8,4208264.5
577765.94,4208264.5
577766.0,4208264.5
577766.06,4208264.5
577766.2,4208264.5
577766.25,4208264.5
577766.3,4208264.5
577766.4,4208264.5
577766.5,4208264.5
577766.56,4208264.5
577766.6,4208264.5
577766.75,4208264.5
577766.8,4208264.5
577766.9,4208264.5
577766.94,4208264.5
577767.06,4208264.5
577767.1,4208264.5
577767.2,4208264.5
577767.3,4208264.5
577767.4,4208264.5
577767.44,4208264.5
577767.56,4208264.5
577767.6,4208264.5
577767.7,4208264.5
577767.75,4208264.5
577767.9,4208264.5
577767.94,4208264.5
577768.0,4208264.5
577768.1,4208264.5
577768.2,4208264.5
577768.25,4208264.5
577768.3,4208264.5
577768.44,4208264.5
577768.5,4208264.5
577768.56,4208264.5
577768.7,4208264.5
577768.75,4208264.5
577768.8,4208264.5
577768.94,4208264.5
577769.0,4208264.5
577769.06,4208264.5
577769.1,4208264.5
577769.25,4208264.5
577769.3,4208264.5
577769.4,4208264.5
577769.5,4208264.5
577769.56,4208264.5
577769.6,4208264.5
577769.75,4208264.5
577769.8,4208264.5
577769.9,4208264.5
577769.94,4208264.5
577770.06,4208264.5
577770.1,4208264.5
577770.2,4208264.5
577770.3,4208264.5
577770.4,4208264.5
577770.44,4208264.5
577770.5,4208264.5
577770.6,4208264.5
577770.7,4208264.5
577770.75,4208264.5
577770.9,4208264.5
577770.94,4208264.5
577771.0,4208264.5
577771.1,4208264.5
577771.2,4208264.5
577771.25,4208264.5
577771.3,4208264.5
577771.44,4208264.5
577771.5,4208264.5
577771.56,4208264.5
577771.7,4208264.0
577771.75,4208264.0
577771.8,4208264.0
577771.9,4208264.0
577772.0,4208264.0
577772.06,4208264.0
577772.1,4208264.0
577772.25,4208264.0
577772.3,4208264.0
577772.4,4208264.0
577772.5,4208264.0
577772.56,4208264.0
577772.6,4208264.0
577772.7,4208264.0
577772.8,4208264.0
577772.9,4208264.0
577772.94,4208264.0
577773.06,4208264.0
577773.1,4208264.0
577773.2,4208264.0
577773.3,4208264.0
577773.4,4208264.0
577773.44,4208264.0
577773.5,4208264.0
577773.6,4208264.0
577773.7,4208264.0
577773.75,4208264.0
577773.9,4208264.0
577773.94,4208264.0
577774.0,4208264.0
577774.06,4208264.0
577774.2,4208264.0
577774.25,4208264.0
577774.3,4208264.0
577774.44,4208264.0
577774.5,4208264.0
577774.56,4208264.0
577774.7,4208264.0
577774.75,4208264.0
577774.8,4208264.0
577774.9,4208264.0
577775.0,4208264.0
577775.06,4208264.0
577775.1,4208264.0
577775.25,4208264.0
577775.3,4208264.0
577775.4,4208264.0
577775.44,4208264.0
577775.56,4208264.0
577775.6,4208264.0
577775.7,4208264.0
577775.8,4208264.0
577775.9,4208264.0
577775.94,4208264.0
577776.06,4208264.0
577776.1,4208264.0
577776.2,4208264.0
577776.25,4208264.0
577776.4,4208264.0
577776.44,4208264.0
577776.5,4208264.0
577776.6,4208264.0
577776.7,4208264.0
577776.75,4208264.0
577776.9,4208264.0
577776.94,4208264.0
577777.0,4208264.0
577777.06,4208264.0
577777.2,4208264.0
577777.25,4208264.0
577777.3,4208264.0
577777.44,4208264.0
577777.5,4208264.0
577777.56,4208264.0
577777.6,4208264.0
577777.75,4208264.0
577777.8,4208264.0
577777.9,4208264.0
577778.0,4208264.0
577778.06,4208264.0
577778.1,4208264.0
577778.25,4208264.0
577778.3,4208264.0
577778.4,4208264.0
577778.44,4208264.0
577778.56,4208264.0
577778.6,4208264.0
577778.7,4208264.0
577778.8,4208264.0
577778.9,4208264.0
577778.94,4208264.0
577779.0,4208264.0
577779.1,4208264.0
577779.2,4208264.0
577779.25,4208264.0
577779.4,4208264.0
577779.44,4208264.0
577779.5,4208264.0
577779.6,4208264.0
577779.7,4208264.0
577779.75,4208264.0
577779.8,4208264.0
577779.94,4208264.0
577780.0,4208264.0
577780.06,4208264.0
577780.2,4208264.0
577780.25,4208264.0
577780.3,4208264.0
577780.44,4208264.0
577780.5,4208264.0
577780.56,4208264.0
577780.6,4208264.0
577780.75,4208264.0
577780.8,4208264.0
577780.9,4208264.0
577781.0,4208264.0
577781.06,4208264.0
577781.1,4208264.0
577781.2,4208264.0
577781.3,4208264.0
577781.4,4208264.0
577781.44,4208264.0
577781.56,4208264.0
577781.6,4208264.0
577781.7,4208264.0
577781.75,4208264.0
577781.9,4208264.0
577781.94,4208264.0
577782.0,4208264.0
577782.1,4208264.0
577782.2,4208264.0
577782.25,4208264.0
577782.3,4208264.0
577782.44,4208264.0
577782.5,4208264.0
577782.56,4208264.0
577782.7,4208264.0
577782.75,4208264.0
577782.8,4208264.0
577782.9,4208264.0
577783.0,4208264.0
577783.06,4208264.0
577783.1,4208264.0
577783.25,4208264.0
577783.3,4208264.0
577783.4,4208264.0
577783.44,4208264.0
577783.56,4208264.0
577783.6,4208264.0
577783.7,4208264.0
577783.8,4208264.0
577783.9,4208264.0
577783.94,4208264.0
577784.0,4208264.0
577784.1,4208264.0
577784.2,4208264.0
577784.25,4208264.0
577784.4,4208264.0
577784.44,4208264.0
577784.5,4208264.0
577784.56,4208264.0
577784.7,4208264.0
577784.75,4208264.0
577784.8,4208264.0
577784.94,4208264.0
577785.0,4208264.0
577785.06,4208264.0
577785.1,4208264.0
577785.25,4208264.0
577785.3,4208264.0
577785.4,4208264.0
577785.5,4208264.0
577785.56,4208264.0
577785.6,4208264.0
577785.7,4208264.0
577785.8,4208264.0
577785.9,4208264.0
577785.94,4208264.0
577786.06,4208264.0
577786.1,4208264.0
577786.2,4208264.0
577786.25,4208264.0
577786.4,4208264.0
577786.44,4208264.0
577786.5,4208264.0
577786.6,4208264.0
577786.7,4208264.0
577786.75,4208264.0
577786.8,4208264.0
577786.94,4208264.0
577787.0,4208264.0
577787.06,4208264.0
577787.2,4208264.0
577787.25,4208264.0
577787.3,4208264.0
577787.4,4208264.0
577787.5,4208264.0
577787.56,4208264.0
577787.6,4208264.0
577787.7,4208264.0
577787.8,4208264.0
577787.9,4208264.0
577787.94,4208264.0
577788.06,4208264.0
577788.1,4208264.0
577788.2,4208264.0
577788.25,4208264.0
577788.4,4208264.0
577788.44,4208264.0
577788.5,4208264.0
577788.6,4208264.0
577788.7,4208264.0
577788.75,4208264.0
577788.8,4208264.0
577788.94,4208264.0
577789.0,4208264.0
577789.06,4208264.0
577789.2,4208264.0
577789.25,4208264.0
577789.3,4208264.0
577789.4,4208264.0
577789.5,4208264.0
577789.56,4208264.0
577789.6,4208264.0
577789.75,4208264.0
577789.8,4208264.0
577789.9,4208264.0
577789.94,4208264.0
577790.06,4208264.0
577790.1,4208264.0
577790.2,4208264.0
577790.3,4208264.0
577790.4,4208264.0
577790.44,4208264.0
577790.5,4208264.0
577790.6,4208264.0
577790.7,4208264.0
577790.75,4208264.0
577790.9,4208264.0
577790.94,4208264.0
577791.0,4208264.0
577791.06,4208264.0
577791.2,4208264.0
577791.25,4208264.0
577791.3,4208264.0
577791.44,4208264.0
577791.5,4208264.0
577791.56,4208264.0
577791.6,4208264.0
577791.75,4208264.0
577791.8,4208264.0
577791.9,4208264.0
577792.0,4208264.0
577792.06,4208264.0
577792.1,4208264.0
577792.2,4208264.0
577792.3,4208264.0
577792.4,4208264.0
577792.44,4208264.0
577792.56,4208264.0
577792.6,4208264.0
577792.7,4208264.0
577792.75,4208264.0
577792.9,4208264.0
577792.94,4208264.0
577793.0,4208264.0
577793.1,4208264.0
577793.2,4208264.0
577793.25,4208264.0
577793.3,4208264.0
577793.44,4208264.0
577793.5,4208264.0
577793.56,4208264.0
577793.6,4208264.0
577793.75,4208264.0
577793.8,4208264.0
577793.9,4208264.0
577794.0,4208264.0
577794.06,4208264.0
577794.1,4208264.0
577794.2,4208264.0
577794.3,4208264.0
577794.4,4208264.0
577794.44,4208264.0
577794.56,4208264.0
577794.6,4208264.0
577794.7,4208264.0
577794.75,4208264.0
577794.9,4208263.5
577794.94,4208263.5
577795.0,4208263.5
577795.1,4208263.5
577795.2,4208263.5
577795.25,4208263.5
577795.3,4208263.5
577795.44,4208263.5
577795.5,4208263.5
577795.56,4208263.5
577795.7,4208263.5
577795.75,4208263.5
577795.8,4208263.5
577795.9,4208263.5
577796.0,4208263.5
577796.06,4208263.5
577796.1,4208263.5
577796.25,4208263.5
577796.3,4208263.5
577796.4,4208263.5
577796.44,4208263.5
577796.56,4208263.5
577796.6,4208263.5
577796.7,4208263.5
577796.8,4208263.5
577796.9,4208263.5
577796.94,4208263.5
577797.0,4208263.5
577797.1,4208263.5
577797.2,4208263.5
577797.25,4208263.5
577797.3,4208263.5
577797.44,4208263.5
577797.5,4208263.5
577797.56,4208263.5
577797.6,4208263.5
577797.75,4208263.5
577797.8,4208263.5
577797.9,4208263.5
577797.94,4208263.5
577798.06,4208263.5
577798.1,4208263.5
577798.2,4208263.5
577798.3,4208263.5
577798.4,4208263.5
577798.44,4208263.5
577798.5,4208263.5
577798.6,4208263.5
577798.7,4208263.5
577798.75,4208263.5
577798.8,4208263.5
577798.94,4208263.5
577799.0,4208263.5
577799.06,4208263.5
577799.1,4208263.5
577799.25,4208263.5
577799.3,4208263.5
577799.4,4208263.5
577799.44,4208263.5
577799.56,4208263.5
577799.6,4208263.5
577799.7,4208263.5
577799.75,4208263.5
577799.9,4208263.5
577799.94,4208263.5
577800.0,4208263.5
577800.06,4208263.5
577800.2,4208263.5
577800.25,4208263.5
577800.3,4208263.5
577800.44,4208263.5
577800.5,4208263.5
577800.56,4208263.5
577800.6,4208263.5
577800.75,4208263.5
577800.8,4208263.5
577800.9,4208263.5
577800.94,4208263.5
577801.06,4208263.5
577801.1,4208263.5
577801.2,4208263.5
577801.25,4208263.5
577801.4,4208263.5
577801.44,4208263.5
577801.5,4208263.5
577801.56,4208263.5
577801.7,4208263.5
577801.75,4208263.5
577801.8,4208263.5
577801.9,4208263.5
577802.0,4208263.5
577802.06,4208263.5
577802.1,4208263.5
577802.2,4208263.5
577802.3,4208263.5
577802.4,4208263.5
577802.44,4208263.5
577802.56,4208263.5
577802.6,4208263.5
577802.7,4208263.5
577802.75,4208263.5
577802.9,4208263.5
577802.94,4208263.5
577803.0,4208263.5
577803.06,4208263.5
577803.2,4208263.5
577803.25,4208263.5
577803.3,4208263.5
577803.4,4208263.5
577803.5,4208263.5
577803.56,4208263.5
577803.6,4208263.5
577803.7,4208263.5
577803.8,4208263.5
577803.9,4208263.5
577803.94,4208263.5
577804.0,4208263.5
577804.1,4208263.5
577804.2,4208263.5
577804.25,4208263.5
577804.3,4208263.5
577804.44,4208263.5
577804.5,4208263.5
577804.56,4208263.5
577804.7,4208263.5
577804.75,4208263.5
577804.8,4208263.5
577804.9,4208263.5
577805.0,4208263.5
577805.06,4208263.5
577805.1,4208263.5
577805.2,4208263.5
577805.3,4208263.5
577805.4,4208263.5
577805.44,4208263.5
577805.5,4208263.5
577805.6,4208263.5
577805.7,4208263.5
577805.75,4208263.5
577805.8,4208263.5
577805.94,4208263.5
577806.0,4208263.5
577806.06,4208263.5
577806.1,4208263.5
577806.25,4208263.5
577806.3,4208263.5
577806.4,4208263.5
577806.44,4208263.5
577806.56,4208263.5
577806.6,4208263.5
577806.7,4208263.5
577806.8,4208263.5
577806.9,4208263.5
577806.94,4208263.5
577807.0,4208263.5
577807.1,4208263.5
577807.2,4208263.5
577807.25,4208263.5
577807.3,4208263.5
577807.44,4208263.5
577807.5,4208263.5
577807.56,4208263.5
577807.6,4208263.5
577807.75,4208263.5
577807.8,4208263.5
577807.9,4208263.5
577807.94,4208263.5
577808.06,4208263.5
577808.1,4208263.5
577808.2,4208263.5
577808.25,4208263.5
577808.4,4208263.5
577808.44,4208263.5
577808.5,4208263.5
577808.56,4208263.5
577808.7,4208263.5
577808.75,4208263.5
577808.8,4208263.5
577808.94,4208263.5
577809.0,4208263.5
577809.06,4208263.5
577809.1,4208263.5
577809.25,4208263.5
577809.3,4208263.5
577809.4,4208263.5
577809.44,4208263.5
577809.56,4208263.5
577809.6,4208263.5
577809.7,4208263.5
577809.75,4208263.5
577809.9,4208263.5
577809.94,4208263.5
577810.0,4208263.5
577810.06,4208263.5
577810.2,4208263.5
577810.25,4208263.5
577810.3,4208263.5
577810.4,4208263.5
577810.5,4208263.5
577810.56,4208263.5
577810.6,4208263.5
577810.7,4208263.5
577810.8,4208263.5
577810.9,4208263.5
577810.94,4208263.5
577811.06,4208263.5
577811.1,4208263.5
577811.2,4208263.5
577811.25,4208263.5
577811.4,4208263.5
577811.44,4208263.5
577811.5,4208263.5
577811.56,4208263.5
577811.7,4208263.5
577811.75,4208263.5
577811.8,4208263.5
577811.9,4208263.5
577812.0,4208263.5
577812.06,4208263.5
577812.1,4208263.5
577812.2,4208263.5
577812.3,4208263.5
577812.4,4208263.5
577812.44,4208263.5
577812.5,4208263.5
577812.6,4208263.5
577812.7,4208263.5
577812.75,4208263.5
577812.8,4208263.5
577812.94,4208263.5
577813.0,4208263.5
577813.06,4208263.5
577813.1,4208263.5
577813.25,4208263.5
577813.3,4208263.5
577813.4,4208263.5
577813.44,4208263.5
577813.5,4208263.5
577813.6,4208263.5
577813.7,4208263.5
577813.75,4208263.5
577813.8,4208263.5
577813.94,4208263.5
577814.0,4208263.5
577814.06,4208263.5
577814.1,4208263.5
577814.25,4208263.5
577814.3,4208263.5
577814.4,4208263.5
577814.44,4208263.5
577814.5,4208263.5
577814.6,4208263.5
577814.7,4208263.5
577814.75,4208263.5
577814.8,4208263.5
577814.94,4208263.5
577815.0,4208263.5
577815.06,4208263.5
577815.1,4208263.5
577815.25,4208263.5
577815.3,4208263.5
577815.4,4208263.5
577815.44,4208263.5
577815.56,4208263.5
577815.6,4208263.5
577815.7,4208263.5
577815.75,4208263.5
577815.8,4208263.5
577815.94,4208263.5
577816.0,4208263.5
577816.06,4208263.5
577816.1,4208263.5
577816.25,4208263.5
577816.3,4208263.5
577816.4,4208263.5
577816.44,4208263.5
577816.56,4208263.5
577816.6,4208263.5
577816.7,4208263.5
577816.75,4208263.5
577816.8,4208263.5
577816.94,4208263.5
577817.0,4208263.5
577817.06,4208263.5
577817.1,4208263.5
577817.25,4208263.5
577817.3,4208263.5
577817.4,4208263.5
577817.44,4208263.5
577817.56,4208263.5
577817.6,4208263.5
577817.7,4208263.5
577817.75,4208263.5
577817.9,4208263.5
577817.94,4208263.5
577818.0,4208263.5
577818.06,4208263.5
577818.1,4208263.5
577818.25,4208263.5
577818.3,4208263.5
577818.4,4208263.5
577818.44,4208263.5
577818.56,4208263.5
577818.6,4208263.5
577818.7,4208263.5
577818.75,4208263.5
577818.9,4208263.5
577818.94,4208263.5
577819.0,4208263.5
577819.06,4208263.5
577819.1,4208263.5
577819.25,4208263.5
577819.3,4208263.5
577819.4,4208263.5
577819.44,4208263.5
577819.56,4208263.5
577819.6,4208263.5
577819.7,4208263.5
577819.75,4208263.5
577819.9,4208263.5
577819.94,4208263.5
577820.0,4208263.5
577820.06,4208263.5
577820.1,4208263.5
577820.25,4208263.5
577820.3,4208263.5
577820.4,4208263.5
577820.44,4208263.5
577820.56,4208263.5
577820.6,4208263.5
577820.7,4208263.5
577820.75,4208263.5
577820.9,4208263.5
577820.94,4208263.5
577821.0,4208263.5
577821.06,4208263.5
577821.2,4208263.5
577821.25,4208263.5
577821.3,4208263.5
577821.4,4208263.5
577821.44,4208263.5
577821.56,4208263.5
577821.6,4208263.5
577821.7,4208263.5
577821.75,4208263.5
577821.9,4208263.5
577821.94,4208263.5
577822.0,4208263.5
577822.06,4208263.5
577822.2,4208263.5
577822.25,4208263.5
577822.3,4208263.5
577822.4,4208263.5
577822.44,4208263.5
577822.56,4208263.5
577822.6,4208263.5
577822.7,4208263.5
577822.75,4208263.5
577822.9,4208263.5
577822.94,4208263.5
577823.0,4208263.5
577823.06,4208263.5
577823.2,4208263.5
577823.25,4208263.5
577823.3,4208263.5
577823.4,4208263.5
577823.5,4208263.5
577823.56,4208263.5
577823.6,4208263.5
577823.7,4208263.5
577823.75,4208263.5
577823.9,4208263.5
577823.94,4208263.5
577824.0,4208263.5
577824.06,4208263.5
577824.2,4208263.5
577824.25,4208263.5
577824.3,4208263.5
577824.4,4208263.5
577824.5,4208263.5
577824.56,4208263.5
577824.6,4208263.5
577824.7,4208263.5
577824.75,4208263.5
577824.9,4208263.5
577824.94,4208263.5
577825.0,4208263.5
577825.06,4208263.5
577825.2,4208263.5
577825.25,4208263.5
577825.3,4208263.5
577825.4,4208263.5
577825.5,4208263.5
577825.56,4208263.5
577825.6,4208263.5
577825.7,4208263.5
577825.75,4208263.5
577825.9,4208263.5
577825.94,4208263.5
577826.0,4208263.5
577826.06,4208263.5
577826.2,4208263.5
577826.25,4208263.5
577826.3,4208263.5
577826.4,4208263.5
577826.5,4208263.5
577826.56,4208263.5
577826.6,4208263.5
577826.7,4208263.5
577826.8,4208263.5
577826.9,4208263.5
577826.94,4208263.5
577827.0,4208263.5
577827.06,4208263.5
577827.2,4208263.5
577827.25,4208263.5
577827.3,4208263.5
577827.4,4208263.5
577827.5,4208263.5
577827.56,4208263.5
577827.6,4208263.5
577827.7,4208263.5
577827.75,4208263.5
577827.9,4208263.5
577827.94,4208263.5
577828.0,4208263.5
577828.06,4208263.5
577828.1,4208263.5
577828.25,4208263.5
577828.3,4208263.5
577828.4,4208263.5
577828.44,4208263.5
577828.5,4208263.5
577828.6,4208263.5
577828.7,4208263.5
577828.75,4208263.5
577828.8,4208263.5
577828.9,4208263.5
577829.0,4208263.5
577829.06,4208263.5
577829.1,4208263.5
577829.2,4208263.5
577829.25,4208263.5
577829.4,4208263.5
577829.44,4208263.5
577829.5,4208263.5
577829.56,4208263.5
577829.6,4208263.5
577829.75,4208263.5
577829.8,4208263.5
577829.9,4208263.5
577829.94,4208263.5
577830.0,4208263.5
577830.1,4208263.5
577830.2,4208263.5
577830.25,4208263.5
577830.3,4208263.5
577830.4,4208263.5
577830.5,4208263.5
577830.56,4208263.5
577830.6,4208263.5
577830.7,4208263.5
577830.75,4208263.5
577830.8,4208263.5
577830.94,4208263.5
577831.0,4208263.5
577831.06,4208263.5
577831.1,4208263.5
577831.2,4208263.5
577831.3,4208263.5
577831.4,4208263.5
577831.44,4208263.5
577831.5,4208263.5
577831.56,4208263.5
577831.7,4208263.5
577831.75,4208263.5
577831.8,4208263.5
577831.9,4208263.5
577831.94,4208263.5
577832.06,4208263.5
577832.1,4208263.5
577832.2,4208263.5
577832.25,4208263.5
577832.3,4208264.0
577832.44,4208264.0
577832.5,4208264.0
577832.56,4208264.0
577832.6,4208264.0
577832.7,4208264.0
577832.8,4208264.0
577832.9,4208264.0
577832.94,4208264.0
577833.0,4208264.0
577833.06,4208264.0
577833.2,4208264.0
577833.25,4208264.0
577833.3,4208264.0
577833.4,4208264.0
577833.44,4208264.0
577833.56,4208264.0
577833.6,4208264.0
577833.7,4208264.0
577833.75,4208264.0
577833.8,4208264.0
577833.94,4208264.0
577834.0,4208264.0
577834.06,4208264.0
577834.1,4208264.0
577834.2,4208264.0
577834.3,4208264.0
577834.4,4208264.0
577834.44,4208264.0
577834.5,4208264.0
577834.56,4208264.0
577834.7,4208264.0
577834.75,4208264.0
577834.8,4208264.0
577834.9,4208264.0
577834.94,4208264.0
577835.06,4208264.0
577835.1,4208264.0
577835.2,4208264.0
577835.25,4208264.0
577835.3,4208264.0
577835.4,4208264.0
577835.5,4208264.0
577835.56,4208264.0
577835.6,4208264.0
577835.7,4208264.0
577835.75,4208264.0
577835.9,4208264.0
577835.94,4208264.0
577836.0,4208264.0
577836.06,4208264.0
577836.1,4208264.0
577836.25,4208264.0
577836.3,4208264.0
577836.4,4208264.0
577836.44,4208264.0
577836.5,4208264.0
577836.6,4208264.0
577836.7,4208264.0
577836.75,4208264.0
577836.8,4208264.0
577836.9,4208264.0
577837.0,4208264.0
577837.06,4208264.0
577837.1,4208264.0
577837.2,4208264.0
577837.25,4208264.0
577837.4,4208264.0
577837.44,4208264.0
577837.5,4208264.0
577837.56,4208264.0
577837.6,4208264.0
577837.75,4208264.0
577837.8,4208264.0
577837.9,4208264.0
577837.94,4208264.0
577838.0,4208264.0
577838.1,4208264.0
577838.2,4208264.0
577838.25,4208264.0
577838.3,4208264.0
577838.4,4208264.0
577838.5,4208264.0
577838.56,4208264.0
577838.6,4208264.0
577838.7,4208264.0
577838.75,4208264.0
577838.9,4208264.0
577838.94,4208264.0
577839.0,4208264.0
577839.06,4208264.0
577839.1,4208264.0
577839.25,4208264.0
577839.3,4208264.0
577839.4,4208264.0
577839.44,4208264.0
577839.5,4208264.0
577839.6,4208264.0
577839.7,4208264.0
577839.75,4208264.0
577839.8,4208264.0
577839.9,4208264.0
577839.94,4208264.0
577840.06,4208264.0
577840.1,4208264.0
577840.2,4208264.0
577840.25,4208264.0
577840.3,4208264.0
577840.44,4208264.0
577840.5,4208264.0
577840.56,4208264.0
577840.6,4208264.0
577840.7,4208264.0
577840.8,4208264.0
577840.9,4208264.0
577840.94,4208264.0
577841.0,4208264.0
577841.06,4208264.0
577841.2,4208264.0
577841.25,4208264.0
577841.3,4208264.0
577841.4,4208264.0
577841.44,4208264.0
577841.56,4208264.0
577841.6,4208264.0
577841.7,4208264.0
577841.75,4208264.0
577841.8,4208264.0
577841.94,4208264.0
577842.0,4208264.0
577842.06,4208264.0
577842.1,4208264.0
577842.2,4208264.0
577842.3,4208264.0
577842.4,4208264.0
577842.44,4208264.0
577842.5,4208264.0
577842.56,4208264.0
577842.6,4208264.0
577842.75,4208264.0
577842.8,4208264.0
577842.9,4208264.0
577842.94,4208264.0
577843.0,4208264.0
577843.06,4208264.0
577843.1,4208264.0
577843.25,4208264.0
577843.3,4208264.0
577843.4,4208264.0
577843.44,4208264.0
577843.5,4208264.0
577843.56,4208264.0
577843.7,4208264.0
577843.75,4208264.0
577843.8,4208264.0
577843.9,4208264.0
577843.94,4208264.0
577844.0,4208264.0
577844.1,4208264.0
577844.2,4208264.0
577844.25,4208264.0
577844.3,4208264.0
577844.4,4208264.0
577844.44,4208264.0
577844.56,4208264.0
577844.6,4208264.0
577844.7,4208264.0
577844.75,4208264.0
577844.8,4208264.0
577844.9,4208264.0
577845.0,4208264.0
577845.06,4208264.0
577845.1,4208264.0
577845.2,4208264.0
577845.25,4208264.0
577845.3,4208264.0
577845.44,4208264.0
577845.5,4208264.0
577845.56,4208264.0
577845.6,4208264.0
577845.7,4208264.0
577845.75,4208264.0
577845.9,4208264.0
577845.94,4208264.0
577846.0,4208264.0
577846.06,4208264.0
577846.1,4208264.0
577846.2,4208264.0
577846.3,4208264.0
577846.4,4208264.0
577846.44,4208264.0
577846.5,4208264.0
577846.56,4208264.0
577846.6,4208264.0
577846.75,4208264.0
577846.8,4208264.0
577846.9,4208264.0
577846.94,4208264.0
577847.0,4208264.0
577847.06,4208264.0
577847.2,4208264.0
577847.25,4208264.0
577847.3,4208264.0
577847.4,4208264.0
577847.44,4208264.0
577847.5,4208264.0
577847.6,4208264.0
577847.7,4208264.0
577847.75,4208264.0
577847.8,4208264.0
577847.9,4208264.0
577847.94,4208264.0
577848.06,4208264.0
577848.1,4208264.0
577848.2,4208264.0
577848.25,4208264.0
577848.3,4208264.0
577848.4,4208264.0
577848.5,4208264.0
577848.56,4208264.0
577848.6,4208264.0
577848.7,4208264.0
577848.75,4208264.0
577848.8,4208264.0
577848.94,4208264.0
577849.0,4208264.0
577849.06,4208264.0
577849.1,4208264.0
577849.2,4208264.0
577849.25,4208264.0
577849.4,4208264.0
577849.44,4208264.0
577849.5,4208264.0
577849.56,4208264.0
577849.6,4208264.0
577849.7,4208264.0
577849.8,4208264.0
577849.9,4208264.0
577849.94,4208264.0
577850.0,4208264.0
577850.06,4208264.0
577850.1,4208264.0
577850.25,4208264.0
577850.3,4208264.0
577850.4,4208264.0
577850.44,4208264.0
577850.5,4208264.0
577850.56,4208264.0
577850.7,4208264.0
577850.75,4208264.0
577850.8,4208264.0
577850.9,4208264.0
577850.94,4208264.0
577851.0,4208264.0
577851.1,4208264.0
577851.2,4208264.0
577851.25,4208264.0
577851.3,4208264.0
577851.4,4208264.0
577851.44,4208264.0
577851.56,4208264.0
577851.6,4208264.0
577851.7,4208264.0
577851.75,4208264.0
577851.8,4208264.0
577851.9,4208264.0
577852.0,4208264.0
577852.06,4208264.0
577852.1,4208264.0
577852.2,4208264.0
577852.25,4208264.0
577852.3,4208264.0
577852.44,4208264.0
577852.5,4208264.0
577852.56,4208264.0
577852.6,4208264.0
577852.7,4208264.0
577852.75,4208264.0
577852.9,4208264.0
577852.94,4208264.0
577853.0,4208264.0
577853.06,4208264.0
577853.1,4208264.0
577853.2,4208264.0
577853.3,4208264.0
577853.4,4208264.0
577853.44,4208264.0
577853.5,4208264.0
577853.56,4208264.0
577853.6,4208264.0
577853.75,4208264.0
577853.8,4208264.0
577853.9,4208264.0
577853.94,4208264.0
577854.0,4208264.0
577854.06,4208264.0
577854.2,4208264.0
577854.25,4208264.0
577854.3,4208264.0
577854.4,4208264.0
577854.44,4208264.0
577854.5,4208264.0
577854.6,4208264.0
577854.7,4208264.0
577854.75,4208264.0
577854.8,4208264.0
577854.9,4208264.0
577854.94,4208264.0
577855.06,4208264.0
577855.1,4208264.0
577855.2,4208264.0
577855.25,4208264.0
577855.3,4208264.0
577855.4,4208264.0
577855.5,4208264.0
577855.56,4208264.0
577855.6,4208264.0
577855.7,4208264.0
577855.75,4208264.0
577855.8,4208264.0
577855.94,4208264.0
577856.0,4208264.0
577856.06,4208264.0
577856.1,4208264.0
577856.2,4208264.0
577856.25,4208264.0
577856.4,4208264.0
577856.44,4208264.0
577856.5,4208264.0
577856.56,4208264.0
577856.6,4208264.0
577856.7,4208264.0
577856.75,4208264.0
577856.9,4208264.0
577856.94,4208264.0
577857.0,4208264.0
577857.06,4208264.0
577857.1,4208264.0
577857.2,4208264.0
577857.25,4208264.0
577857.4,4208264.0
577857.44,4208264.0
577857.5,4208264.0
577857.56,4208264.5
577857.6,4208264.5
577857.7,4208264.5
577857.75,4208264.5
577857.9,4208264.5
577857.94,4208264.5
577858.0,4208264.5
577858.06,4208264.5
577858.1,4208264.5
577858.2,4208264.5
577858.25,4208264.5
577858.4,4208264.5
577858.44,4208264.5
577858.5,4208264.5
577858.56,4208264.5
577858.6,4208264.5
577858.7,4208264.5
577858.75,4208264.5
577858.9,4208264.5
577858.94,4208264.5
577859.0,4208264.5
577859.06,4208264.5
577859.1,4208264.5
577859.2,4208264.5
577859.25,4208264.5
577859.4,4208264.5
577859.44,4208264.5
577859.5,4208264.5
577859.56,4208264.5
577859.6,4208264.5
577859.7,4208264.5
577859.75,4208264.5
577859.9,4208264.5
577859.94,4208264.5
577860.0,4208264.5
577860.06,4208264.5
577860.1,4208264.5
577860.2,4208264.5
577860.25,4208264.5
577860.4,4208264.5
577860.44,4208264.5
577860.5,4208264.5
577860.56,4208264.5
577860.6,4208264.5
577860.7,4208264.5
577860.75,4208264.5
577860.9,4208264.5
577860.94,4208264.5
577861.0,4208264.5
577861.06,4208264.5
577861.1,4208264.5
577861.2,4208264.5
577861.25,4208264.5
577861.4,4208264.5
577861.44,4208264.5
577861.5,4208264.5
577861.56,4208264.5
577861.6,4208264.5
577861.7,4208264.5
577861.75,4208264.5
577861.9,4208264.5
577861.94,4208264.5
577862.0,4208264.5
577862.06,4208264.5
577862.1,4208264.5
577862.2,4208264.5
577862.25,4208264.5
577862.4,4208264.5
577862.44,4208264.5
577862.5,4208264.5
577862.56,4208264.5
577862.6,4208264.5
577862.7,4208264.5
577862.75,4208264.5
577862.9,4208264.5
577862.94,4208264.5
577863.0,4208264.5
577863.06,4208264.5
577863.1,4208264.5
577863.2,4208264.5
577863.25,4208264.5
577863.4,4208264.5
577863.44,4208264.5
577863.5,4208264.5
577863.56,4208264.5
577863.6,4208264.5
577863.7,4208264.5
577863.75,4208264.5
577863.9,4208264.5
577863.94,4208264.5
577864.0,4208264.5
577864.06,4208264.5
577864.1,4208264.5
577864.2,4208264.5
577864.25,4208264.5
577864.4,4208264.5
577864.44,4208264.5
577864.5,4208264.5
577864.56,4208264.5
577864.6,4208264.5
577864.7,4208264.5
577864.75,4208264.5
577864.9,4208264.5
577864.94,4208264.5
577865.0,4208264.5
577865.06,4208264.5
577865.1,4208264.5
577865.2,4208264.5
577865.25,4208264.5
577865.4,4208264.5
577865.44,4208264.5
577865.5,4208264.5
577865.56,4208264.5
577865.6,4208264.5
577865.7,4208264.5
577865.75,4208264.5
577865.9,4208264.5
577865.94,4208264.5
577866.0,4208264.5
577866.06,4208264.5
577866.1,4208264.5
577866.2,4208264.5
577866.25,4208264.5
577866.4,4208264.5
577866.44,4208264.5
577866.5,4208264.5
577866.56,4208264.5
577866.6,4208264.5
577866.7,4208264.5
577866.75,4208264.5
577866.9,4208264.5
577866.94,4208264.5
577867.0,4208264.5
577867.06,4208264.5
577867.1,4208264.5
577867.2,4208264.5
577867.25,4208264.5
577867.4,4208264.5
577867.44,4208264.5
577867.5,4208264.5
577867.56,4208264.5
577867.6,4208264.5
577867.7,4208264.5
577867.75,4208264.5
577867.9,4208264.5
577867.94,4208264.5
577868.0,4208264.5
577868.06,4208264.5
577868.1,4208264.5
577868.2,4208264.5
577868.25,4208264.5
577868.4,4208264.5
577868.44,4208264.5
577868.5,4208264.5
577868.56,4208264.5
577868.6,4208264.5
577868.7,4208264.5
577868.75,4208264.5
577868.9,4208264.5
577868.94,4208264.5
577869.0,4208264.5
577869.06,4208264.5
577869.1,4208264.5
577869.2,4208264.5
577869.25,4208264.5
577869.4,4208264.5
577869.44,4208264.5
577869.5,4208264.5
577869.56,4208264.5
577869.6,4208264.5
577869.7,4208264.5
577869.75,4208264.5
577869.9,4208264.5
577869.94,4208264.5
577870.0,4208264.5
577870.06,4208264.5
577870.1,4208264.5
577870.2,4208264.5
577870.25,4208264.5
577870.4,4208264.5
577870.44,4208264.5
577870.5,4208264.5
577870.56,4208264.5
577870.6,4208264.5
577870.7,4208264.5
577870.75,4208264.5
577870.9,4208264.5
577870.94,4208264.5
577871.0,4208264.5
577871.06,4208264.5
577871.1,4208264.5
577871.2,4208264.5
577871.25,4208264.5
577871.3,4208264.5
577871.4,4208264.5
577871.5,4208264.5
577871.56,4208264.5
577871.6,4208264.5
577871.7,4208264.5
577871.75,4208264.5
577871.8,4208264.5
577871.9,4208264.5
577871.94,4208264.5
577872.06,4208264.5
577872.1,4208264.5
577872.2,4208264.5
577872.25,4208264.5
577872.3,4208264.5
577872.4,4208264.5
577872.44,4208264.5
577872.5,4208264.5
577872.56,4208264.5
577872.7,4208264.5
577872.75,4208264.5
577872.8,4208264.5
577872.9,4208264.5
577872.94,4208264.5
577873.0,4208264.5
577873.06,4208264.5
577873.1,4208264.5
577873.25,4208264.5
577873.3,4208264.5
577873.4,4208264.5
577873.44,4208264.5
577873.5,4208264.5
577873.56,4208264.5
577873.6,4208264.5
577873.7,4208264.5
577873.75,4208264.5
577873.9,4208264.5
577873.94,4208264.5
577874.0,4208264.5
577874.06,4208264.5
577874.1,4208264.5
577874.2,4208264.5
577874.25,4208264.5
577874.3,4208264.5
577874.4,4208264.5
577874.5,4208264.5
577874.56,4208265.0
577874.6,4208265.0
577874.7,4208265.0
577874.75,4208265.0
577874.8,4208265.0
577874.9,4208265.0
577874.94,4208265.0
577875.06,4208265.0
577875.1,4208265.0
577875.2,4208265.0
577875.25,4208265.0
577875.3,4208265.0
577875.4,4208265.0
577875.44,4208265.0
577875.5,4208265.0
577875.56,4208265.0
577875.7,4208265.0
577875.75,4208265.0
577875.8,4208265.0
577875.9,4208265.0
577875.94,4208265.0
577876.0,4208265.0
577876.06,4208265.0
577876.1,4208265.0
577876.25,4208265.0
577876.3,4208265.0
577876.4,4208265.0
577876.44,4208265.0
577876.5,4208265.0
577876.56,4208265.0
577876.6,4208265.0
577876.7,4208265.0
577876.75,4208265.0
577876.9,4208265.0
577876.94,4208265.0
577877.0,4208265.0
577877.06,4208265.0
577877.1,4208265.0
577877.2,4208265.0
577877.25,4208265.0
577877.3,4208265.0
577877.44,4208265.0
577877.5,4208265.0
577877.56,4208265.0
577877.6,4208265.0
577877.7,4208265.0
577877.75,4208265.0
577877.8,4208265.0
577877.9,4208265.0
577877.94,4208265.0
577878.06,4208265.0
577878.1,4208265.0
577878.2,4208265.0
577878.25,4208265.0
577878.3,4208265.0
577878.4,4208265.0
577878.44,4208265.0
577878.5,4208265.0
577878.6,4208265.0
577878.7,4208265.0
577878.75,4208265.0
577878.8,4208265.0
577878.9,4208265.0
577878.94,4208265.0
577879.0,4208265.0
577879.06,4208265.0
577879.1,4208265.0
577879.25,4208265.0
577879.3,4208265.0
577879.4,4208265.0
577879.44,4208265.0
577879.5,4208265.0
577879.56,4208265.0
577879.6,4208265.0
577879.7,4208265.0
577879.8,4208265.0
577879.9,4208265.0
577879.94,4208265.0
577880.0,4208265.0
577880.06,4208265.0
577880.1,4208265.0
577880.2,4208265.0
577880.25,4208265.0
577880.3,4208265.0
577880.44,4208265.0
577880.5,4208265.0
577880.56,4208265.0
577880.6,4208265.0
577880.7,4208265.0
577880.75,4208265.0
577880.8,4208265.0
577880.9,4208265.0
577881.0,4208265.0
577881.06,4208265.0
577881.1,4208265.0
577881.2,4208265.0
577881.25,4208265.0
577881.3,4208265.0
577881.4,4208265.0
577881.44,4208265.0
577881.5,4208265.0
577881.6,4208265.0
577881.7,4208265.0
577881.75,4208265.0
577881.8,4208265.0
577881.9,4208265.0
577881.94,4208265.0
577882.0,4208265.0
577882.06,4208265.0
577882.1,4208265.0
577882.25,4208265.0
577882.3,4208265.0
577882.4,4208265.0
577882.44,4208265.0
577882.5,4208265.0
577882.56,4208265.0
577882.6,4208265.0
577882.7,4208265.0
577882.8,4208265.0
577882.9,4208265.0
577882.94,4208265.0
577883.0,4208265.0
577883.06,4208265.0
577883.1,4208265.0
577883.2,4208265.0
577883.25,4208265.0
577883.3,4208265.0
577883.44,4208265.0
577883.5,4208265.0
577883.56,4208265.0
577883.6,4208265.0
577883.7,4208265.0
577883.75,4208265.0
577883.8,4208265.0
577883.9,4208265.0
577884.0,4208265.0
577884.06,4208265.0
577884.1,4208265.0
577884.2,4208265.0
577884.25,4208265.0
577884.3,4208265.0
577884.4,4208265.0
577884.44,4208265.0
577884.5,4208265.0
577884.6,4208265.0
577884.7,4208265.0
577884.75,4208265.0
577884.8,4208265.0
577884.9,4208265.0
577884.94,4208265.0
577885.0,4208265.0
577885.06,4208265.0
577885.1,4208265.0
577885.2,4208265.0
577885.25,4208265.0
577885.4,4208265.0
577885.44,4208265.0
577885.5,4208265.0
577885.56,4208265.0
577885.6,4208265.0
577885.7,4208265.0
577885.75,4208265.0
577885.8,4208265.0
577885.9,4208265.0
577885.94,4208265.0
577886.0,4208265.0
577886.06,4208265.0
577886.2,4208265.0
577886.25,4208265.0
577886.3,4208265.0
577886.4,4208265.0
577886.44,4208265.0
577886.5,4208265.0
577886.56,4208265.0
577886.6,4208265.0
577886.7,4208265.0
577886.75,4208265.0
577886.8,4208265.0
577886.94,4208265.0
577887.0,4208265.0
577887.06,4208265.0
577887.1,4208265.0
577887.2,4208265.0
577887.25,4208265.0
577887.3,4208265.0
577887.4,4208265.0
577887.44,4208265.0
577887.5,4208265.0
577887.56,4208265.0
577887.6,4208265.0
577887.75,4208265.0
577887.8,4208265.0
577887.9,4208265.0
577887.94,4208265.0
577888.0,4208265.0
577888.06,4208265.0
577888.1,4208265.5
577888.2,4208265.5
577888.25,4208265.5
577888.3,4208265.5
577888.4,4208265.5
577888.44,4208265.5
577888.56,4208265.5
577888.6,4208265.5
577888.7,4208265.5
577888.75,4208265.5
577888.8,4208265.5
577888.9,4208265.5
577888.94,4208265.5
577889.0,4208265.5
577889.06,4208265.5
577889.1,4208265.5
577889.2,4208265.5
577889.25,4208265.5
577889.4,4208265.5
577889.44,4208265.5
577889.5,4208265.5
577889.56,4208265.5
577889.6,4208265.5
577889.7,4208265.5
577889.75,4208265.5
577889.8,4208265.5
577889.9,4208265.5
577889.94,4208265.5
577890.0,4208265.5
577890.1,4208265.5
577890.2,4208265.5
577890.25,4208265.5
577890.3,4208265.5
577890.4,4208265.5
577890.44,4208265.5
577890.5,4208265.5
577890.56,4208265.5
577890.6,4208265.5
577890.7,4208265.5
577890.75,4208265.5
577890.8,4208265.5
577890.94,4208265.5
577891.0,4208265.5
577891.06,4208265.5
577891.1,4208265.5
577891.2,4208265.5
577891.25,4208265.5
577891.3,4208265.5
577891.4,4208265.5
577891.44,4208265.5
577891.5,4208265.5
577891.56,4208265.5
577891.6,4208265.5
577891.75,4208265.5
577891.8,4208265.5
577891.9,4208265.5
577891.94,4208265.5
577892.0,4208265.5
577892.06,4208265.5
577892.1,4208265.5
577892.2,4208265.5
577892.25,4208265.5
577892.3,4208265.5
577892.4,4208265.5
577892.44,4208265.5
577892.56,4208265.5
577892.6,4208265.5
577892.7,4208265.5
577892.75,4208265.5
577892.8,4208265.5
577892.9,4208265.5
577892.94,4208265.5
577893.0,4208265.5
577893.06,4208265.5
577893.1,4208265.5
577893.2,4208265.5
577893.25,4208265.5
577893.4,4208265.5
577893.44,4208265.5
577893.5,4208265.5
577893.56,4208265.5
577893.6,4208265.5
577893.7,4208265.5
577893.75,4208265.5
577893.8,4208265.5
577893.9,4208265.5
577893.94,4208265.5
577894.0,4208265.5
577894.1,4208265.5
577894.2,4208265.5
577894.25,4208265.5
577894.3,4208265.5
577894.4,4208265.5
577894.44,4208265.5
577894.5,4208265.5
577894.56,4208265.5
577894.6,4208265.5
577894.7,4208265.5
577894.75,4208265.5
577894.8,4208265.5
577894.94,4208265.5
577895.0,4208265.5
577895.06,4208265.5
577895.1,4208265.5
577895.2,4208265.5
577895.25,4208265.5
577895.3,4208265.5
577895.4,4208265.5
577895.44,4208265.5
577895.5,4208265.5
577895.56,4208265.5
577895.6,4208265.5
577895.75,4208265.5
577895.8,4208265.5
577895.9,4208265.5
577895.94,4208265.5
577896.0,4208265.5
577896.06,4208265.5
577896.1,4208265.5
577896.2,4208265.5
577896.25,4208265.5
577896.3,4208265.5
577896.4,4208265.5
577896.44,4208265.5
577896.56,4208265.5
577896.6,4208265.5
577896.7,4208265.5
577896.75,4208265.5
577896.8,4208265.5
577896.9,4208265.5
577896.94,4208265.5
577897.0,4208265.5
577897.06,4208265.5
577897.1,4208265.5
577897.2,4208265.5
577897.3,4208265.5
577897.4,4208265.5
577897.44,4208265.5
577897.5,4208265.5
577897.56,4208265.5
577897.6,4208265.5
577897.7,4208265.5
577897.75,4208265.5
577897.8,4208265.5
577897.9,4208265.5
577897.94,4208265.5
577898.0,4208265.5
577898.1,4208265.5
577898.2,4208265.5
577898.25,4208265.5
577898.3,4208265.5
577898.4,4208265.5
577898.44,4208265.5
577898.5,4208265.5
577898.56,4208265.5
577898.6,4208265.5
577898.7,4208265.5
577898.75,4208265.5
577898.8,4208265.5
577898.94,4208265.5
577899.0,4208265.5
577899.06,4208265.5
577899.1,4208265.5
577899.2,4208265.5
577899.25,4208265.5
577899.3,4208265.5
577899.4,4208265.5
577899.44,4208265.5
577899.5,4208265.5
577899.56,4208265.5
577899.6,4208265.5
577899.75,4208265.5
577899.8,4208266.0
577899.9,4208266.0
577899.94,4208266.0
577900.0,4208266.0
577900.06,4208266.0
577900.1,4208266.0
577900.2,4208266.0
577900.25,4208266.0
577900.3,4208266.0
577900.4,4208266.0
577900.44,4208266.0
577900.56,4208266.0
577900.6,4208266.0
577900.7,4208266.0
577900.75,4208266.0
577900.8,4208266.0
577900.9,4208266.0
577900.94,4208266.0
577901.0,4208266.0
577901.06,4208266.0
577901.1,4208266.0
577901.2,4208266.0
577901.3,4208266.0
577901.4,4208266.0
577901.44,4208266.0
577901.5,4208266.0
577901.56,4208266.0
577901.6,4208266.0
577901.7,4208266.0
577901.75,4208266.0
577901.8,4208266.0
577901.9,4208266.0
577901.94,4208266.0
577902.0,4208266.0
577902.1,4208266.0
577902.2,4208266.0
577902.25,4208266.0
577902.3,4208266.0
577902.4,4208266.0
577902.44,4208266.0
577902.5,4208266.0
577902.56,4208266.0
577902.6,4208266.0
577902.7,4208266.0
577902.75,4208266.0
577902.8,4208266.0
577902.94,4208266.0
577903.0,4208266.0
577903.06,4208266.0
577903.1,4208266.0
577903.2,4208266.0
577903.25,4208266.0
577903.3,4208266.0
577903.4,4208266.0
577903.44,4208266.0
577903.5,4208266.0
577903.56,4208266.0
577903.6,4208266.0
577903.75,4208266.0
577903.8,4208266.0
577903.9,4208266.0
577903.94,4208266.0
577904.0,4208266.0
577904.06,4208266.0
577904.1,4208266.0
577904.2,4208266.0
577904.25,4208266.0
577904.3,4208266.0
577904.4,4208266.0
577904.5,4208266.0
577904.56,4208266.0
577904.6,4208266.0
577904.7,4208266.0
577904.75,4208266.0
577904.8,4208266.0
577904.9,4208266.0
577904.94,4208266.0
577905.0,4208266.0
577905.06,4208266.0
577905.1,4208266.0
577905.2,4208266.0
577905.3,4208266.0
577905.4,4208266.0
577905.44,4208266.0
577905.5,4208266.0
577905.56,4208266.0
577905.6,4208266.0
577905.7,4208266.0
577905.75,4208266.0
577905.8,4208266.0
577905.9,4208266.0
577905.94,4208266.0
577906.0,4208266.0
577906.1,4208266.0
577906.2,4208266.0
577906.25,4208266.0
577906.3,4208266.0
577906.4,4208266.0
577906.44,4208266.0
577906.5,4208266.0
577906.56,4208266.0
577906.6,4208266.0
577906.7,4208266.0
577906.75,4208266.0
577906.8,4208266.0
577906.94,4208266.0
577907.0,4208266.0
577907.06,4208266.0
577907.1,4208266.0
577907.2,4208266.0
577907.25,4208266.0
577907.3,4208266.0
577907.4,4208266.0
577907.44,4208266.0
577907.5,4208266.0
577907.56,4208266.0
577907.6,4208266.0
577907.75,4208266.0
577907.8,4208266.0
577907.9,4208266.0
577907.94,4208266.0
577908.0,4208266.0
577908.06,4208266.0
577908.1,4208266.0
577908.2,4208266.0
577908.25,4208266.0
577908.3,4208266.0
577908.4,4208266.0
577908.5,4208266.0
577908.56,4208266.0
577908.6,4208266.0
577908.7,4208266.0
577908.75,4208266.0
577908.8,4208266.0
577908.9,4208266.0
577908.94,4208266.0
577909.0,4208266.0
577909.06,4208266.0
577909.1,4208266.0
577909.2,4208266.0
577909.3,4208266.0
577909.4,4208266.0
577909.44,4208266.0
577909.5,4208266.0
577909.56,4208266.0
577909.6,4208266.0
577909.7,4208266.0
577909.75,4208266.0
577909.8,4208266.0
577909.9,4208266.0
577909.94,4208266.0
577910.0,4208266.0
577910.1,4208266.0
577910.2,4208266.0
577910.25,4208266.0
577910.3,4208266.0
577910.4,4208266.0
577910.44,4208266.0
577910.5,4208266.0
577910.56,4208266.0
577910.6,4208266.0
577910.7,4208266.0
577910.75,4208266.0
577910.8,4208266.0
577910.94,4208266.0
577911.0,4208266.0
577911.06,4208266.0
577911.1,4208266.0
577911.2,4208266.0
577911.25,4208266.0
577911.3,4208266.0
577911.4,4208266.0
577911.44,4208266.0
577911.5,4208266.5
577911.56,4208266.5
577911.7,4208266.5
577911.75,4208266.5
577911.8,4208266.5
577911.9,4208266.5
577911.94,4208266.5
577912.0,4208266.5
577912.06,4208266.5
577912.1,4208266.5
577912.2,4208266.5
577912.25,4208266.5
577912.3,4208266.5
577912.4,4208266.5
577912.44,4208266.5
577912.5,4208266.5
577912.56,4208266.5
577912.6,4208266.5
577912.7,4208266.5
577912.8,4208266.5
577912.9,4208266.5
577912.94,4208266.5
577913.0,4208266.5
577913.06,4208266.5
577913.1,4208266.5
577913.2,4208266.5
577913.25,4208266.5
577913.3,4208266.5
577913.4,4208266.5
577913.44,4208266.5
577913.5,4208266.5
577913.56,4208266.5
577913.6,4208266.5
577913.7,4208266.5
577913.75,4208266.5
577913.8,4208266.5
577913.9,4208266.5
577913.94,4208266.5
577914.0,4208266.5
577914.1,4208266.5
577914.2,4208266.5
577914.25,4208266.5
577914.3,4208266.5
577914.4,4208266.5
577914.44,4208266.5
577914.5,4208266.5
577914.56,4208266.5
577914.6,4208266.5
577914.7,4208266.5
577914.75,4208266.5
577914.8,4208266.5
577914.9,4208266.5
577914.94,4208266.5
577915.0,4208266.5
577915.06,4208266.5
577915.1,4208266.5
577915.2,4208266.5
577915.25,4208266.5
577915.4,4208266.5
577915.44,4208266.5
577915.5,4208266.5
577915.56,4208266.5
577915.6,4208266.5
577915.7,4208266.5
577915.75,4208266.5
577915.8,4208266.5
577915.9,4208266.5
577915.94,4208266.5
577916.0,4208266.5
577916.06,4208266.5
577916.1,4208266.5
577916.2,4208266.5
577916.25,4208266.5
577916.3,4208266.5
577916.4,4208266.5
577916.44,4208266.5
577916.5,4208266.5
577916.56,4208266.5
577916.7,4208266.5
577916.75,4208266.5
577916.8,4208266.5
577916.9,4208266.5
577916.94,4208266.5
577917.0,4208266.5
577917.06,4208266.5
577917.1,4208266.5
577917.2,4208266.5
577917.25,4208266.5
577917.3,4208266.5
577917.4,4208266.5
577917.44,4208266.5
577917.5,4208266.5
577917.56,4208266.5
577917.6,4208266.5
577917.7,4208266.5
577917.75,4208266.5
577917.8,4208266.5
577917.94,4208266.5
577918.0,4208266.5
577918.06,4208266.5
577918.1,4208266.5
577918.2,4208266.5
577918.25,4208266.5
577918.3,4208266.5
577918.4,4208266.5
577918.44,4208266.5
577918.5,4208266.5
577918.56,4208266.5
577918.6,4208266.5
577918.7,4208266.5
577918.75,4208266.5
577918.8,4208266.5
577918.9,4208266.5
577918.94,4208266.5
577919.0,4208266.5
577919.06,4208266.5
577919.1,4208266.5
577919.25,4208266.5
577919.3,4208266.5
577919.4,4208266.5
577919.44,4208266.5
577919.5,4208266.5
577919.56,4208266.5
577919.6,4208266.5
577919.7,4208266.5
577919.75,4208266.5
577919.8,4208266.5
577919.9,4208266.5
577919.94,4208266.5
577920.0,4208266.5
577920.06,4208266.5
577920.1,4208266.5
577920.2,4208266.5
577920.25,4208266.5
577920.3,4208266.5
577920.4,4208266.5
577920.44,4208266.5
577920.56,4208266.5
577920.6,4208266.5
577920.7,4208266.5
577920.75,4208266.5
577920.8,4208266.5
577920.9,4208266.5
577920.94,4208266.5
577921.0,4208266.5
577921.06,4208266.5
577921.1,4208266.5
577921.2,4208266.5
577921.25,4208266.5
577921.3,4208266.5
577921.4,4208266.5
577921.44,4208266.5
577921.5,4208266.5
577921.56,4208266.5
577921.6,4208266.5
577921.7,4208266.5
577921.8,4208267.0
577921.9,4208267.0
577921.94,4208267.0
577922.0,4208267.0
577922.06,4208267.0
577922.1,4208267.0
577922.2,4208267.0
577922.25,4208267.0
577922.3,4208267.0
577922.4,4208267.0
577922.44,4208267.0
577922.5,4208267.0
577922.56,4208267.0
577922.6,4208267.0
577922.7,4208267.0
577922.75,4208267.0
577922.8,4208267.0
577922.9,4208267.0
577922.94,4208267.0
577923.0,4208267.0
577923.1,4208267.0
577923.2,4208267.0
577923.25,4208267.0
577923.3,4208267.0
577923.4,4208267.0
577923.44,4208267.0
577923.5,4208267.0
577923.56,4208267.0
577923.6,4208267.0
577923.7,4208267.0
577923.75,4208267.0
577923.8,4208267.0
577923.9,4208267.0
577923.94,4208267.0
577924.0,4208267.0
577924.06,4208267.0
577924.1,4208267.0
577924.2,4208267.0
577924.25,4208267.0
577924.3,4208267.0
577924.44,4208267.0
577924.5,4208267.0
577924.56,4208267.0
577924.6,4208267.0
577924.7,4208267.0
577924.75,4208267.0
577924.8,4208267.0
577924.9,4208267.0
577924.94,4208267.0
577925.0,4208267.0
577925.06,4208267.0
577925.1,4208267.0
577925.2,4208267.0
577925.25,4208267.0
577925.3,4208267.0
577925.4,4208267.0
577925.44,4208267.0
577925.5,4208267.0
577925.56,4208267.0
577925.6,4208267.0
577925.7,4208267.0
577925.75,4208267.0
577925.8,4208267.0
577925.9,4208267.0
577925.94,4208267.0
577926.0,4208267.0
577926.06,4208267.0
577926.1,4208267.0
577926.2,4208267.0
577926.3,4208267.0
577926.4,4208267.0
577926.44,4208267.0
577926.5,4208267.0
577926.56,4208267.0
577926.6,4208267.0
577926.7,4208267.0
577926.75,4208267.0
577926.8,4208267.0
577926.9,4208267.0
577926.94,4208267.0
577927.0,4208267.0
577927.06,4208267.0
577927.1,4208267.0
577927.2,4208267.0
577927.25,4208267.0
577927.3,4208267.0
577927.4,4208267.0
577927.44,4208267.0
577927.5,4208267.0
577927.56,4208267.0
577927.6,4208267.0
577927.7,4208267.0
577927.75,4208267.0
577927.8,4208267.0
577927.9,4208267.0
577927.94,4208267.0
577928.0,4208267.0
577928.06,4208267.0
577928.1,4208267.0
577928.2,4208267.0
577928.25,4208267.0
577928.3,4208267.0
577928.4,4208267.0
577928.44,4208267.0
577928.5,4208267.0
577928.56,4208267.0
577928.6,4208267.0
577928.7,4208267.0
577928.75,4208267.0
577928.8,4208267.0
577928.9,4208267.0
577928.94,4208267.0
577929.0,4208267.0
577929.06,4208267.0
577929.1,4208267.0
577929.2,4208267.0
577929.25,4208267.0
577929.3,4208267.0
577929.4,4208267.0
577929.44,4208267.0
577929.5,4208267.0
577929.56,4208267.0
577929.6,4208267.0
577929.7,4208267.0
577929.75,4208267.0
577929.9,4208267.0
577929.94,4208267.0
577930.0,4208267.0
577930.06,4208267.0
577930.1,4208267.0
577930.2,4208267.0
577930.25,4208267.0
577930.3,4208267.0
577930.4,4208267.0
577930.44,4208267.0
577930.5,4208267.0
577930.56,4208267.0
577930.6,4208267.0
577930.7,4208267.0
577930.75,4208267.0
577930.8,4208267.0
577930.9,4208267.0
577930.94,4208267.0
577931.0,4208267.0
577931.06,4208267.0
577931.1,4208267.0
577931.2,4208267.0
577931.25,4208267.0
577931.3,4208267.0
577931.4,4208267.0
577931.44,4208267.0
577931.5,4208267.0
577931.56,4208267.0
577931.6,4208267.0
577931.7,4208267.0
577931.75,4208267.0
577931.8,4208267.0
577931.9,4208267.0
577931.94,4208267.0
577932.0,4208267.0
577932.06,4208267.0
577932.1,4208267.0
577932.2,4208267.0
577932.25,4208267.0
577932.3,4208267.0
577932.4,4208267.0
577932.44,4208267.0
577932.5,4208267.5
577932.56,4208267.5
577932.6,4208267.5
577932.7,4208267.5
577932.75,4208267.5
577932.8,4208267.5
577932.9,4208267.5
577932.94,4208267.5
577933.0,4208267.5
577933.06,4208267.5
577933.1,4208267.5
577933.2,4208267.5
577933.25,4208267.5
577933.4,4208267.5
577933.44,4208267.5
577933.5,4208267.5
577933.56,4208267.5
577933.6,4208267.5
577933.7,4208267.5
577933.75,4208267.5
577933.8,4208267.5
577933.9,4208267.5
577933.94,4208267.5
577934.0,4208267.5
577934.06,4208267.5
577934.1,4208267.5
577934.2,4208267.5
577934.25,4208267.5
577934.3,4208267.5
577934.4,4208267.5
577934.44,4208267.5
577934.5,4208267.5
577934.56,4208267.5
577934.6,4208267.5
577934.7,4208267.5
577934.75,4208267.5
577934.8,4208267.5
577934.9,4208267.5
577934.94,4208267.5
577935.0,4208267.5
577935.06,4208267.5
577935.1,4208267.5
577935.2,4208267.5
577935.25,4208267.5
577935.3,4208267.5
577935.4,4208267.5
577935.44,4208267.5
577935.5,4208267.5
577935.56,4208267.5
577935.6,4208267.5
577935.7,4208267.5
577935.75,4208267.5
577935.8,4208267.5
577935.9,4208267.5
577935.94,4208267.5
577936.0,4208267.5
577936.06,4208267.5
577936.1,4208267.5
577936.2,4208267.5
577936.25,4208267.5
577936.3,4208267.5
577936.4,4208267.5
577936.44,4208267.5
577936.5,4208267.5
577936.56,4208267.5
577936.6,4208267.5
577936.7,4208267.5
577936.75,4208267.5
577936.8,4208267.5
577936.94,4208267.5
577937.0,4208267.5
577937.06,4208267.5
577937.1,4208267.5
577937.2,4208267.5
577937.25,4208267.5
577937.3,4208267.5
577937.4,4208267.5
577937.44,4208267.5
577937.5,4208267.5
577937.56,4208267.5
577937.6,4208267.5
577937.7,4208267.5
577937.75,4208267.5
577937.8,4208267.5
577937.9,4208267.5
577937.94,4208267.5
577938.0,4208267.5
577938.06,4208267.5
577938.1,4208267.5
577938.2,4208267.5
577938.25,4208267.5
577938.3,4208267.5
577938.4,4208267.5
577938.44,4208267.5
577938.5,4208267.5
577938.56,4208267.5
577938.6,4208267.5
577938.7,4208267.5
577938.75,4208267.5
577938.8,4208267.5
577938.9,4208267.5
577938.94,4208267.5
577939.0,4208267.5
577939.06,4208267.5
577939.1,4208267.5
577939.2,4208267.5
577939.25,4208267.5
577939.3,4208267.5
577939.4,4208267.5
577939.44,4208267.5
577939.5,4208267.5
577939.56,4208267.5
577939.6,4208267.5
577939.7,4208267.5
577939.75,4208267.5
577939.8,4208267.5
577939.9,4208267.5
577939.94,4208267.5
577940.0,4208267.5
577940.06,4208267.5
577940.1,4208267.5
577940.2,4208267.5
577940.25,4208267.5
577940.3,4208267.5
577940.4,4208267.5
577940.44,4208267.5
577940.5,4208267.5
577940.56,4208267.5
577940.6,4208267.5
577940.7,4208267.5
577940.75,4208267.5
577940.8,4208267.5
577940.9,4208267.5
577940.94,4208267.5
577941.0,4208267.5
577941.06,4208267.5
577941.1,4208267.5
577941.2,4208267.5
577941.25,4208267.5
577941.3,4208267.5
577941.4,4208267.5
577941.44,4208267.5
577941.5,4208267.5
577941.56,4208267.5
577941.6,4208267.5
577941.7,4208267.5
577941.75,4208267.5
577941.8,4208267.5
577941.9,4208267.5
577941.94,4208267.5
577942.0,4208267.5
577942.06,4208267.5
577942.1,4208267.5
577942.2,4208267.5
577942.25,4208267.5
577942.3,4208267.5
577942.4,4208267.5
577942.44,4208267.5
577942.5,4208267.5
577942.56,4208267.5
577942.6,4208267.5
577942.7,4208267.5
577942.75,4208267.5
577942.8,4208267.5
577942.9,4208267.5
577942.94,4208267.5
577943.0,4208267.5
577943.06,4208267.5
577943.1,4208267.5
577943.2,4208267.5
577943.25,4208267.5
577943.3,4208267.5
577943.4,4208267.5
577943.44,4208267.5
577943.5,4208267.5
577943.56,4208267.5
577943.6,4208267.5
577943.7,4208267.5
577943.75,4208267.5
577943.8,4208267.5
577943.9,4208267.5
577943.94,4208267.5
577944.0,4208267.5
577944.06,4208267.5
577944.1,4208267.5
577944.2,4208267.5
577944.25,4208267.5
577944.3,4208267.5
577944.4,4208267.5
577944.44,4208267.5
577944.5,4208267.5
577944.56,4208267.5
577944.6,4208268.0
577944.7,4208268.0
577944.75,4208268.0
577944.8,4208268.0
577944.9,4208268.0
577944.94,4208268.0
577945.0,4208268.0
577945.06,4208268.0
577945.1,4208268.0
577945.2,4208268.0
577945.25,4208268.0
577945.3,4208268.0
577945.4,4208268.0
577945.44,4208268.0
577945.5,4208268.0
577945.56,4208268.0
577945.6,4208268.0
577945.7,4208268.0
577945.75,4208268.0
577945.8,4208268.0
577945.9,4208268.0
577945.94,4208268.0
577946.0,4208268.0
577946.06,4208268.0
577946.1,4208268.0
577946.2,4208268.0
577946.25,4208268.0
577946.3,4208268.0
577946.4,4208268.0
577946.44,4208268.0
577946.5,4208268.0
577946.56,4208268.0
577946.6,4208268.0
577946.7,4208268.0
577946.75,4208268.0
577946.8,4208268.0
577946.9,4208268.0
577946.94,4208268.0
577947.0,4208268.0
577947.06,4208268.0
577947.1,4208268.0
577947.2,4208268.0
577947.25,4208268.0
577947.3,4208268.0
577947.4,4208268.0
577947.44,4208268.0
577947.5,4208268.0
577947.56,4208268.0
577947.6,4208268.0
577947.7,4208268.0
577947.75,4208268.0
577947.8,4208268.0
577947.9,4208268.0
577947.94,4208268.0
577948.0,4208268.0
577948.06,4208268.0
577948.1,4208268.0
577948.2,4208268.0
577948.25,4208268.0
577948.3,4208268.0
577948.4,4208268.0
577948.44,4208268.0
577948.5,4208268.0
577948.56,4208268.0
577948.6,4208268.0
577948.7,4208268.0
577948.75,4208268.0
577948.8,4208268.0
577948.9,4208268.0
577948.94,4208268.0
577949.0,4208268.0
577949.06,4208268.0
577949.1,4208268.0
577949.2,4208268.0
577949.25,4208268.0
577949.3,4208268.0
577949.4,4208268.0
577949.44,4208268.0
577949.5,4208268.0
577949.56,4208268.0
577949.6,4208268.0
577949.7,4208268.0
577949.75,4208268.0
577949.8,4208268.0
577949.9,4208268.0
577949.94,4208268.0
577950.0,4208268.0
577950.06,4208268.0
577950.1,4208268.0
577950.2,4208268.0
577950.25,4208268.0
577950.3,4208268.0
577950.4,4208268.0
577950.44,4208268.0
577950.5,4208268.0
577950.56,4208268.0
577950.6,4208268.0
577950.7,4208268.0
577950.75,4208268.0
577950.8,4208268.0
577950.9,4208268.0
577950.94,4208268.0
577951.0,4208268.0
577951.06,4208268.0
577951.1,4208268.0
577951.2,4208268.0
577951.25,4208268.0
577951.3,4208268.0
577951.4,4208268.0
577951.44,4208268.0
577951.5,4208268.0
577951.56,4208268.0
577951.6,4208268.0
577951.7,4208268.0
577951.75,4208268.0
577951.8,4208268.0
577951.9,4208268.0
577951.94,4208268.0
577952.0,4208268.0
577952.06,4208268.0
577952.1,4208268.0
577952.2,4208268.0
577952.25,4208268.0
577952.3,4208268.0
577952.4,4208268.0
577952.44,4208268.0
577952.5,4208268.0
577952.56,4208268.0
577952.6,4208268.0
577952.7,4208268.0
577952.75,4208268.0
577952.8,4208268.0
577952.9,4208268.0
577952.94,4208268.0
577953.0,4208268.0
577953.06,4208268.0
577953.1,4208268.0
577953.2,4208268.0
577953.25,4208268.0
577953.3,4208268.0
577953.4,4208268.0
577953.44,4208268.0
577953.5,4208268.0
577953.56,4208268.0
577953.6,4208268.0
577953.7,4208268.0
577953.75,4208268.0
577953.8,4208268.0
577953.9,4208268.0
577953.94,4208268.0
577954.0,4208268.0
577954.06,4208268.0
577954.1,4208268.0
577954.2,4208268.0
577954.25,4208268.0
577954.3,4208268.0
577954.4,4208268.0
577954.44,4208268.0
577954.5,4208268.0
577954.56,4208268.0
577954.6,4208268.0
577954.7,4208268.0
577954.75,4208268.0
577954.8,4208268.0
577954.9,4208268.0
577954.94,4208268.0
577955.0,4208268.0
577955.06,4208268.0
577955.1,4208268.0
577955.2,4208268.0
577955.25,4208268.0
577955.3,4208268.0
577955.4,4208268.0
577955.44,4208268.0
577955.5,4208268.0
577955.56,4208268.0
577955.6,4208268.0
577955.7,4208268.0
577955.75,4208268.0
577955.8,4208268.0
577955.9,4208268.0
577955.94,4208268.0
577956.0,4208268.0
577956.06,4208268.0
577956.1,4208268.0
577956.2,4208268.0
577956.25,4208268.0
577956.3,4208268.0
577956.4,4208268.0
577956.44,4208268.0
577956.5,4208268.0
577956.56,4208268.0
577956.6,4208268.0
577956.7,4208268.0
577956.75,4208268.0
577956.8,4208268.0
577956.9,4208268.0
577956.94,4208268.0
577957.0,4208268.0
577957.06,4208268.0
577957.1,4208268.0
577957.2,4208268.0
577957.25,4208268.0
577957.3,4208268.0
577957.4,4208268.0
577957.44,4208268.0
577957.5,4208268.0
577957.56,4208268.0
577957.6,4208268.0
577957.7,4208268.0
577957.75,4208268.0
577957.8,4208268.0
577957.9,4208268.0
577957.94,4208268.0
577958.0,4208268.0
577958.06,4208268.0
577958.1,4208268.0
577958.2,4208268.0
577958.25,4208268.0
577958.3,4208268.0
577958.4,4208268.0
577958.44,4208268.0
577958.5,4208268.0
577958.56,4208268.0
577958.6,4208268.0
577958.7,4208268.0
577958.75,4208268.0
577958.8,4208268.0
577958.9,4208268.0
577958.94,4208268.0
577959.0,4208268.0
577959.06,4208268.0
577959.1,4208268.0
577959.2,4208268.0
577959.25,4208268.0
577959.3,4208268.0
577959.4,4208268.0
577959.44,4208268.0
577959.5,4208268.0
577959.56,4208268.0
577959.6,4208268.0
577959.7,4208268.0
577959.75,4208268.0
577959.8,4208268.0
577959.9,4208268.0
577959.94,4208268.0
577960.0,4208268.0
577960.06,4208268.0
577960.1,4208268.0
577960.2,4208268.0
577960.25,4208268.0
577960.3,4208268.0
577960.4,4208268.0
577960.44,4208268.0
577960.5,4208268.0
577960.56,4208268.0
577960.6,4208268.0
577960.7,4208268.0
577960.75,4208268.0
577960.8,4208268.0
577960.9,4208268.0
577960.94,4208268.5
577961.0,4208268.5
577961.06,4208268.5
577961.1,4208268.5
577961.2,4208268.5
577961.25,4208268.5
577961.3,4208268.5
577961.4,4208268.5
577961.44,4208268.5
577961.5,4208268.5
577961.56,4208268.5
577961.6,4208268.5
577961.7,4208268.5
577961.75,4208268.5
577961.8,4208268.5
577961.9,4208268.5
577961.94,4208268.5
577962.0,4208268.5
577962.06,4208268.5
577962.1,4208268.5
577962.2,4208268.5
577962.25,4208268.5
577962.3,4208268.5
577962.4,4208268.5
577962.44,4208268.5
577962.5,4208268.5
577962.56,4208268.5
577962.6,4208268.5
577962.7,4208268.5
577962.75,4208268.5
577962.8,4208268.5
577962.9,4208268.5
577962.94,4208268.5
577963.0,4208268.5
577963.06,4208268.5
577963.1,4208268.5
577963.2,4208268.5
577963.25,4208268.5
577963.3,4208268.5
577963.4,4208268.5
577963.44,4208268.5
577963.5,4208268.5
577963.56,4208268.5
577963.6,4208268.5
577963.7,4208268.5
577963.75,4208268.5
577963.8,4208268.5
577963.9,4208268.5
577963.94,4208268.5
577964.0,4208268.5
577964.06,4208268.5
577964.1,4208268.5
577964.2,4208268.5
577964.25,4208268.5
577964.3,4208268.5
577964.4,4208268.5
577964.44,4208268.5
577964.5,4208268.5
577964.56,4208268.5
577964.6,4208268.5
577964.7,4208268.5
577964.75,4208268.5
577964.8,4208268.5
577964.9,4208268.5
577964.94,4208268.5
577965.0,4208268.5
577965.06,4208268.5
577965.1,4208268.5
577965.2,4208268.5
577965.25,4208268.5
577965.3,4208268.5
577965.4,4208268.5
577965.44,4208268.5
577965.5,4208268.5
577965.56,4208268.5
577965.6,4208268.5
577965.7,4208268.5
577965.75,4208268.5
577965.8,4208268.5
577965.9,4208268.5
577965.94,4208268.5
577966.0,4208268.5
577966.06,4208268.5
577966.1,4208268.5
577966.2,4208268.5
577966.25,4208268.5
577966.3,4208268.5
577966.4,4208268.5
577966.44,4208268.5
577966.5,4208268.5
577966.56,4208268.5
577966.6,4208268.5
577966.7,4208268.5
577966.75,4208268.5
577966.8,4208268.5
577966.9,4208268.5
577966.94,4208268.5
577967.0,4208268.5
577967.06,4208268.5
577967.1,4208268.5
577967.2,4208268.5
577967.25,4208268.5
577967.3,4208268.5
577967.4,4208268.5
577967.44,4208268.5
577967.5,4208268.5
577967.56,4208268.5
577967.6,4208268.5
577967.7,4208268.5
577967.75,4208268.5
577967.8,4208268.5
577967.9,4208268.5
577967.94,4208268.5
577968.0,4208268.5
577968.06,4208268.5
577968.1,4208268.5
577968.2,4208268.5
577968.25,4208268.5
577968.3,4208268.5
577968.4,4208268.5
577968.44,4208268.5
577968.5,4208268.5
577968.56,4208268.5
577968.6,4208268.5
577968.7,4208268.5
577968.75,4208268.5
577968.8,4208268.5
577968.9,4208268.5
577968.94,4208268.5
577969.0,4208268.5
577969.06,4208268.5
577969.1,4208268.5
577969.2,4208268.5
577969.25,4208268.5
577969.3,4208268.5
577969.4,4208268.5
577969.44,4208268.5
577969.5,4208268.5
577969.56,4208268.5
577969.6,4208268.5
577969.7,4208268.5
577969.75,4208268.5
577969.8,4208268.5
577969.9,4208268.5
577969.94,4208268.5
577970.0,4208268.5
577970.06,4208268.5
577970.1,4208268.5
577970.2,4208268.5
577970.25,4208268.5
577970.3,4208268.5
577970.4,4208268.5
577970.44,4208268.5
577970.5,4208268.5
577970.56,4208268.5
577970.6,4208268.5
577970.7,4208268.5
577970.75,4208268.5
577970.8,4208268.5
577970.9,4208268.5
577970.94,4208268.5
577971.0,4208268.5
577971.06,4208268.5
577971.1,4208268.5
577971.2,4208268.5
577971.25,4208268.5
577971.3,4208268.5
577971.4,4208268.5
577971.44,4208268.5
577971.5,4208268.5
577971.56,4208268.5
577971.6,4208268.5
577971.7,4208268.5
577971.75,4208268.5
577971.8,4208268.5
577971.9,4208268.5
577971.94,4208268.5
577972.0,4208268.5
577972.06,4208268.5
577972.1,4208268.5
577972.2,4208268.5
577972.25,4208268.5
577972.3,4208268.5
577972.4,4208268.5
577972.44,4208268.5
577972.5,4208268.5
577972.56,4208268.5
577972.6,4208268.5
577972.7,4208268.5
577972.75,4208268.5
577972.8,4208268.5
577972.9,4208268.5
577972.94,4208268.5
577973.0,4208268.5
577973.06,4208268.5
577973.1,4208268.5
577973.2,4208268.5
577973.25,4208268.5
577973.3,4208268.5
577973.4,4208268.5
577973.44,4208268.5
577973.5,4208268.5
577973.56,4208268.5
577973.6,4208268.5
577973.7,4208268.5
577973.75,4208268.5
577973.8,4208268.5
577973.9,4208268.5
577973.94,4208268.5
577974.0,4208268.5
577974.06,4208268.5
577974.1,4208268.5
577974.2,4208268.5
577974.25,4208268.5
577974.3,4208268.5
577974.4,4208268.5
577974.44,4208268.5
577974.5,4208268.5
577974.56,4208268.5
577974.6,4208268.5
577974.7,4208268.5
577974.75,4208268.5
577974.8,4208268.5
577974.9,4208268.5
577974.94,4208268.5
577975.0,4208268.5
577975.06,4208268.5
577975.1,4208268.5
577975.2,4208268.5
577975.25,4208268.5
577975.3,4208268.5
577975.4,4208268.5
577975.44,4208268.5
577975.5,4208268.5
577975.56,4208268.5
577975.6,4208268.5
577975.7,4208268.5
577975.75,4208268.5
577975.8,4208268.5
577975.9,4208268.5
577975.94,4208268.5
577976.0,4208268.5
577976.06,4208268.5
577976.1,4208268.5
577976.2,4208268.5
577976.25,4208268.5
577976.3,4208268.5
577976.4,4208268.5
577976.44,4208268.5
577976.5,4208268.5
577976.56,4208268.5
577976.6,4208268.5
577976.7,4208268.5
577976.75,4208268.5
577976.8,4208268.5
577976.9,4208268.5
577976.94,4208268.5
577977.0,4208268.5
577977.06,4208268.5
577977.1,4208268.5
577977.2,4208269.0
577977.25,4208269.0
577977.3,4208269.0
577977.4,4208269.0
577977.44,4208269.0
577977.5,4208269.0
577977.56,4208269.0
577977.6,4208269.0
577977.7,4208269.0
577977.75,4208269.0
577977.8,4208269.0
577977.9,4208269.0
577977.94,4208269.0
577978.0,4208269.0
577978.06,4208269.0
577978.1,4208269.0
577978.2,4208269.0
577978.25,4208269.0
577978.3,4208269.0
577978.4,4208269.0
577978.44,4208269.0
577978.5,4208269.0
577978.56,4208269.0
577978.6,4208269.0
577978.7,4208269.0
577978.75,4208269.0
577978.8,4208269.0
577978.9,4208269.0
577978.94,4208269.0
577979.0,4208269.0
577979.06,4208269.0
577979.1,4208269.0
577979.2,4208269.0
577979.25,4208269.0
577979.3,4208269.0
577979.4,4208269.0
577979.44,4208269.0
577979.5,4208269.0
577979.56,4208269.0
577979.6,4208269.0
577979.7,4208269.0
577979.75,4208269.0
577979.8,4208269.0
577979.9,4208269.0
577979.94,4208269.0
577980.0,4208269.0
577980.06,4208269.0
577980.1,4208269.0
577980.2,4208269.0
577980.25,4208269.0
577980.3,4208269.0
577980.4,4208269.0
577980.44,4208269.0
577980.5,4208269.0
577980.56,4208269.0
577980.6,4208269.0
577980.7,4208269.0
577980.75,4208269.0
577980.8,4208269.0
577980.9,4208269.0
577980.94,4208269.0
577981.0,4208269.0
577981.06,4208269.0
577981.1,4208269.0
577981.2,4208269.0
577981.25,4208269.0
577981.3,4208269.0
577981.4,4208269.0
577981.44,4208269.0
577981.5,4208269.0
577981.56,4208269.0
577981.6,4208269.0
577981.7,4208269.0
577981.75,4208269.0
577981.8,4208269.0
577981.9,4208269.0
577981.94,4208269.0
577982.0,4208269.0
577982.06,4208269.0
577982.1,4208269.0
577982.2,4208269.0
577982.25,4208269.0
577982.3,4208269.0
577982.4,4208269.0
577982.44,4208269.0
577982.5,4208269.0
577982.56,4208269.0
577982.6,4208269.0
577982.7,4208269.0
577982.75,4208269.0
577982.8,4208269.0
577982.9,4208269.0
577982.94,4208269.0
577983.0,4208269.0
577983.06,4208269.0
577983.1,4208269.0
577983.2,4208269.0
577983.25,4208269.0
577983.3,4208269.0
577983.4,4208269.0
577983.44,4208269.0
577983.5,4208269.0
577983.56,4208269.0
577983.6,4208269.0
577983.7,4208269.0
577983.75,4208269.0
577983.8,4208269.0
577983.9,4208269.0
577983.94,4208269.0
577984.0,4208269.0
577984.06,4208269.0
577984.1,4208269.0
577984.2,4208269.0
577984.25,4208269.0
577984.3,4208269.0
577984.4,4208269.0
577984.44,4208269.0
577984.5,4208269.0
577984.56,4208269.0
577984.6,4208269.0
577984.7,4208269.0
577984.75,4208269.0
577984.8,4208269.0
577984.9,4208269.0
577984.94,4208269.0
577985.0,4208269.0
577985.06,4208269.0
577985.1,4208269.0
577985.2,4208269.0
577985.25,4208269.0
577985.3,4208269.0
577985.4,4208269.0
577985.44,4208269.0
577985.5,4208269.0
577985.56,4208269.0
577985.6,4208269.0
577985.7,4208269.0
577985.75,4208269.0
577985.8,4208269.0
577985.9,4208269.0
577985.94,4208269.0
577986.0,4208269.0
577986.06,4208269.0
577986.1,4208269.0
577986.2,4208269.0
577986.25,4208269.0
577986.3,4208269.0
577986.4,4208269.0
577986.44,4208269.0
577986.5,4208269.0
577986.56,4208269.0
577986.6,4208269.0
577986.7,4208269.0
577986.75,4208269.0
577986.8,4208269.0
577986.9,4208269.0
577986.94,4208269.0
577987.0,4208269.0
577987.06,4208269.0
577987.1,4208269.0
577987.2,4208269.0
577987.25,4208269.0
577987.3,4208269.0
577987.4,4208269.0
577987.44,4208269.0
577987.5,4208269.0
577987.56,4208269.0
577987.6,4208269.0
577987.7,4208269.0
577987.75,4208269.0
577987.8,4208269.0
577987.9,4208269.0
577987.94,4208269.0
577988.0,4208269.0
577988.06,4208269.0
577988.1,4208269.0
577988.2,4208269.0
577988.25,4208269.0
577988.3,4208269.0
577988.4,4208269.0
577988.44,4208269.0
577988.5,4208269.0
577988.56,4208269.0
577988.6,4208269.0
577988.7,4208269.0
577988.75,4208269.0
577988.8,4208269.0
577988.9,4208269.0
577988.94,4208269.0
577989.0,4208269.0
577989.06,4208269.0
577989.1,4208269.0
577989.2,4208269.0
577989.25,4208269.0
577989.3,4208269.0
577989.4,4208269.0
577989.44,4208269.0
577989.5,4208269.0
577989.56,4208269.0
577989.6,4208269.0
577989.7,4208269.0
577989.75,4208269.0
577989.8,4208269.0
577989.9,4208269.0
577989.94,4208269.0
577990.0,4208269.0
577990.06,4208269.0
577990.1,4208269.0
577990.2,4208269.0
577990.25,4208269.0
577990.3,4208269.0
577990.4,4208269.0
577990.44,4208269.0
577990.5,4208269.0
577990.56,4208269.0
577990.6,4208269.0
577990.7,4208269.0
577990.75,4208269.0
577990.8,4208269.0
577990.9,4208269.0
577990.94,4208269.0
577991.0,4208269.0
577991.06,4208269.0
577991.1,4208269.0
577991.2,4208269.0
577991.25,4208269.0
577991.3,4208269.0
577991.4,4208269.0
577991.44,4208269.0
577991.5,4208269.0
577991.56,4208269.0
577991.6,4208269.0
577991.7,4208269.0
577991.75,4208269.0
577991.8,4208269.0
577991.9,4208269.0
577991.94,4208269.0
577992.0,4208269.0
577992.06,4208269.0
577992.1,4208269.0
577992.2,4208269.0
577992.25,4208269.0
577992.3,4208269.0
577992.4,4208269.0
577992.44,4208269.0
577992.5,4208269.0
577992.56,4208269.0
577992.6,4208269.0
577992.7,4208269.0
577992.75,4208269.0
577992.8,4208269.0
577992.9,4208269.0
577992.94,4208269.0
577993.0,4208269.0
577993.06,4208269.0
577993.1,4208269.0
577993.2,4208269.0
577993.25,4208269.0
577993.3,4208269.0
577993.4,4208269.0
577993.44,4208269.0
577993.5,4208269.0
577993.56,4208269.0
577993.6,4208269.0
577993.7,4208269.0
577993.75,4208269.0
577993.8,4208269.0
577993.9,4208269.0
577993.94,4208269.0
577994.0,4208269.0
577994.06,4208269.0
577994.1,4208269.0
577994.2,4208269.0
577994.25,4208269.0
577994.3,4208269.0
577994.4,4208269.0
577994.44,4208269.0
577994.5,4208269.0
577994.56,4208269.0
577994.6,4208269.0
577994.7,4208269.0
577994.75,4208269.0
577994.8,4208269.0
577994.9,4208269.0
577994.94,4208269.0
577995.0,4208269.0
577995.06,4208269.0
577995.1,4208269.0
577995.2,4208269.0
577995.25,4208269.0
577995.3,4208269.0
577995.4,4208269.0
577995.44,4208269.0
577995.5,4208269.0
577995.56,4208269.0
577995.6,4208269.0
577995.7,4208269.0
577995.75,4208269.0
577995.8,4208269.0
577995.9,4208269.0
577995.94,4208269.0
577996.0,4208269.0
577996.06,4208269.0
577996.1,4208269.0
577996.2,4208269.0
577996.25,4208269.0
577996.3,4208269.0
577996.4,4208269.0
577996.44,4208269.0
577996.5,4208269.0
577996.56,4208269.0
577996.6,4208269.0
577996.7,4208269.0
577996.75,4208269.0
577996.8,4208269.0
577996.9,4208269.0
577996.94,4208269.0
577997.0,4208269.0
577997.06,4208269.0
577997.1,4208269.0
577997.2,4208269.0
577997.25,4208269.0
577997.3,4208269.0
577997.4,4208269.0
577997.44,4208269.0
577997.5,4208269.0
577997.56,4208269.0
577997.6,4208269.0
577997.7,4208269.0
577997.75,4208269.0
577997.8,4208269.0
577997.9,4208269.0
577997.94,4208269.0
577998.0,4208269.0
577998.06,4208269.0
577998.1,4208269.0
577998.2,4208269.0
577998.25,4208269.0
577998.3,4208269.0
577998.4,4208269.0
577998.44,4208269.0
577998.5,4208269.0
577998.56,4208269.0
577998.6,4208269.0
577998.7,4208269.0
577998.75,4208269.0
577998.8,4208269.0
577998.9,4208269.0
577998.94,4208269.0
577999.0,4208269.0
577999.06,4208269.0
577999.1,4208269.0
577999.2,4208269.0
577999.25,4208269.0
577999.3,4208269.0
577999.4,4208269.0
577999.44,4208269.0
577999.5,4208269.0
577999.56,4208269.0
577999.6,4208269.0
577999.7,4208269.0
577999.75,4208269.0
577999.8,4208269.0
577999.9,4208269.0
577999.94,4208269.0
578000.0,4208268.5
578000.06,4208268.5
578000.1,4208268.5
578000.2,4208268.5
578000.25,4208268.5
578000.3,4208268.5
578000.4,4208268.5
578000.44,4208268.5
578000.5,4208268.5
578000.56,4208268.5
578000.6,4208268.5
578000.7,4208268.5
578000.75,4208268.5
578000.8,4208268.5
578000.9,4208268.5
578000.94,4208268.5
578001.0,4208268.5
578001.06,4208268.5
578001.1,4208268.5
578001.2,4208268.5
578001.25,4208268.5
578001.3,4208268.5
578001.4,4208268.5
578001.44,4208268.5
578001.5,4208268.5
578001.56,4208268.5
578001.6,4208268.5
578001.7,4208268.5
578001.75,4208268.5
578001.8,4208268.5
578001.9,4208268.5
578001.94,4208268.5
578002.0,4208268.5
578002.06,4208268.5
578002.1,4208268.5
578002.2,4208268.5
578002.25,4208268.5
578002.3,4208268.5
578002.4,4208268.5
578002.44,4208268.5
578002.5,4208268.5
578002.56,4208268.5
578002.6,4208268.5
578002.7,4208268.5
578002.75,4208268.5
578002.8,4208268.5
578002.9,4208268.5
578002.94,4208268.5
578003.0,4208268.5
578003.06,4208268.5
578003.1,4208268.5
578003.2,4208268.5
578003.25,4208268.5
578003.3,4208268.5
578003.4,4208268.5
578003.44,4208268.5
578003.5,4208268.5
578003.56,4208268.5
578003.6,4208268.5
578003.7,4208268.5
578003.75,4208268.5
578003.8,4208268.5
578003.9,4208268.5
578003.94,4208268.5
578004.0,4208268.5
578004.06,4208268.5
578004.1,4208268.5
578004.2,4208268.5
578004.25,4208268.5
578004.3,4208268.5
578004.4,4208268.5
578004.44,4208268.5
578004.5,4208268.5
578004.56,4208268.5
578004.6,4208268.5
578004.7,4208268.5
578004.75,4208268.5
578004.8,4208268.5
578004.9,4208268.5
578004.94,4208268.5
578005.0,4208268.5
578005.06,4208268.5
578005.1,4208268.5
578005.2,4208268.5
578005.25,4208268.5
578005.3,4208268.5
578005.4,4208268.5
578005.44,4208268.5
578005.56,4208268.5
578005.6,4208268.5
578005.7,4208268.5
578005.75,4208268.0
578005.8,4208268.0
578005.9,4208268.0
578005.94,4208268.0
578006.0,4208268.0
578006.06,4208268.0
578006.1,4208268.0
578006.2,4208268.0
578006.25,4208268.0
578006.3,4208268.0
578006.4,4208268.0
578006.44,4208268.0
578006.5,4208268.0
578006.56,4208268.0
578006.6,4208268.0
578006.7,4208268.0
578006.8,4208268.0
578006.9,4208268.0
578006.94,4208268.0
578007.0,4208268.0
578007.06,4208268.0
578007.1,4208268.0
578007.2,4208268.0
578007.25,4208268.0
578007.3,4208268.0
578007.4,4208268.0
578007.44,4208268.0
578007.5,4208268.0
578007.56,4208268.0
578007.6,4208268.0
578007.7,4208268.0
578007.75,4208268.0
578007.8,4208268.0
578007.9,4208268.0
578007.94,4208268.0
578008.06,4208268.0
578008.1,4208268.0
578008.2,4208268.0
578008.25,4208268.0
578008.3,4208268.0
578008.4,4208268.0
578008.44,4208268.0
578008.5,4208268.0
578008.56,4208268.0
578008.6,4208268.0
578008.7,4208268.0
578008.75,4208268.0
578008.8,4208268.0
578008.9,4208268.0
578008.94,4208268.0
578009.0,4208268.0
578009.06,4208268.0
578009.1,4208268.0
578009.2,4208268.0
578009.3,4208268.0
578009.4,4208268.0
578009.44,4208268.0
578009.5,4208268.0
578009.56,4208268.0
578009.6,4208268.0
578009.7,4208267.5
578009.75,4208267.5
578009.8,4208267.5
578009.9,4208267.5
578009.94,4208267.5
578010.0,4208267.5
578010.06,4208267.5
578010.1,4208267.5
578010.2,4208267.5
578010.25,4208267.5
578010.3,4208267.5
578010.4,4208267.5
578010.44,4208267.5
578010.56,4208267.5
578010.6,4208267.5
578010.7,4208267.5
578010.75,4208267.5
578010.8,4208267.5
578010.9,4208267.5
578010.94,4208267.5
578011.0,4208267.5
578011.06,4208267.5
578011.1,4208267.5
578011.2,4208267.5
578011.25,4208267.5
578011.3,4208267.5
578011.4,4208267.5
578011.44,4208267.5
578011.5,4208267.5
578011.56,4208267.5
578011.6,4208267.5
578011.7,4208267.5
578011.8,4208267.5
578011.9,4208267.5
578011.94,4208267.5
578012.0,4208267.5
578012.06,4208267.5
578012.1,4208267.5
578012.2,4208267.5
578012.25,4208267.5
578012.3,4208267.5
578012.4,4208267.5
578012.44,4208267.5
578012.5,4208267.5
578012.56,4208267.5
578012.6,4208267.5
578012.7,4208267.5
578012.75,4208267.5
578012.8,4208267.5
578012.9,4208267.5
578012.94,4208267.5
578013.06,4208267.5
578013.1,4208267.5
578013.2,4208267.5
578013.25,4208267.5
578013.3,4208267.5
578013.4,4208267.5
578013.44,4208267.5
578013.5,4208267.5
578013.56,4208267.5
578013.6,4208267.0
578013.7,4208267.0
578013.75,4208267.0
578013.8,4208267.0
578013.9,4208267.0
578014.0,4208267.0
578014.06,4208267.0
578014.1,4208267.0
578014.2,4208267.0
578014.25,4208267.0
578014.3,4208267.0
578014.4,4208267.0
578014.44,4208267.0
578014.5,4208267.0
578014.56,4208267.0
578014.6,4208267.0
578014.7,4208267.0
578014.8,4208267.0
578014.9,4208267.0
578014.94,4208267.0
578015.0,4208267.0
578015.06,4208267.0
578015.1,4208267.0
578015.2,4208267.0
578015.25,4208267.0
578015.3,4208267.0
578015.4,4208267.0
578015.44,4208267.0
578015.56,4208267.0
578015.6,4208267.0
578015.7,4208267.0
578015.75,4208267.0
578015.8,4208267.0
578015.9,4208267.0
578015.94,4208267.0
578016.0,4208267.0
578016.06,4208267.0
578016.1,4208267.0
578016.2,4208267.0
578016.25,4208267.0
578016.4,4208267.0
578016.44,4208267.0
578016.5,4208267.0
578016.56,4208267.0
578016.6,4208267.0
578016.7,4208267.0
578016.75,4208267.0
578016.8,4208267.0
578016.9,4208267.0
578016.94,4208267.0
578017.0,4208267.0
578017.1,4208267.0
578017.2,4208267.0
578017.25,4208266.5
578017.3,4208266.5
578017.4,4208266.5
578017.44,4208266.5
578017.5,4208266.5
578017.56,4208266.5
578017.6,4208266.5
578017.7,4208266.5
578017.75,4208266.5
578017.8,4208266.5
578017.94,4208266.5
578018.0,4208266.5
578018.06,4208266.5
578018.1,4208266.5
578018.2,4208266.5
578018.25,4208266.5
578018.3,4208266.5
578018.4,4208266.5
578018.44,4208266.5
578018.5,4208266.5
578018.56,4208266.5
578018.7,4208266.5
578018.75,4208266.5
578018.8,4208266.5
578018.9,4208266.5
578018.94,4208266.5
578019.0,4208266.5
578019.06,4208266.5
578019.1,4208266.5
578019.2,4208266.5
578019.25,4208266.5
578019.3,4208266.5
578019.4,4208266.5
578019.5,4208266.5
578019.56,4208266.5
578019.6,4208266.5
578019.7,4208266.5
578019.75,4208266.5
578019.8,4208266.5
578019.9,4208266.5
578019.94,4208266.5
578020.0,4208266.5
578020.06,4208266.5
578020.1,4208266.5
578020.25,4208266.5
578020.3,4208266.5
578020.4,4208266.5
578020.44,4208266.5
578020.5,4208266.5
578020.56,4208266.5
578020.6,4208266.5
578020.7,4208266.5
578020.75,4208266.5
578020.8,4208266.5
578020.9,4208266.0
578020.94,4208266.0
578021.06,4208266.0
578021.1,4208266.0
578021.2,4208266.0
578021.25,4208266.0
578021.3,4208266.0
578021.4,4208266.0
578021.44,4208266.0
578021.5,4208266.0
578021.56,4208266.0
578021.6,4208266.0
578021.7,4208266.0
578021.8,4208266.0
578021.9,4208266.0
578021.94,4208266.0
578022.0,4208266.0
578022.06,4208266.0
578022.1,4208266.0
578022.2,4208266.0
578022.25,4208266.0
578022.3,4208266.0
578022.4,4208266.0
578022.44,4208266.0
578022.5,4208266.0
578022.6,4208266.0
578022.7,4208266.0
578022.75,4208266.0
578022.8,4208266.0
578022.9,4208266.0
578022.94,4208266.0
578023.0,4208266.0
578023.06,4208266.0
578023.1,4208266.0
578023.2,4208266.0
578023.25,4208266.0
578023.4,4208266.0
578023.44,4208266.0
578023.5,4208266.0
578023.56,4208266.0
578023.6,4208266.0
578023.7,4208266.0
578023.75,4208266.0
578023.8,4208266.0
578023.9,4208266.0
578023.94,4208266.0
578024.0,4208266.0
578024.06,4208266.0
578024.2,4208266.0
578024.25,4208266.0
578024.3,4208266.0
578024.4,4208266.0
578024.44,4208266.0
578024.5,4208265.5
578024.56,4208265.5
578024.6,4208265.5
578024.7,4208265.5
578024.75,4208265.5
578024.8,4208265.5
578024.94,4208265.5
578025.0,4208265.5
578025.06,4208265.5
578025.1,4208265.5
578025.2,4208265.5
578025.25,4208265.5
578025.3,4208265.5
578025.4,4208265.5
578025.44,4208265.5
578025.5,4208265.5
578025.56,4208265.5
578025.6,4208265.5
578025.75,4208265.5
578025.8,4208265.5
578025.9,4208265.5
578025.94,4208265.5
578026.0,4208265.5
578026.06,4208265.5
578026.1,4208265.5
578026.2,4208265.5
578026.25,4208265.5
578026.3,4208265.5
578026.4,4208265.5
578026.5,4208265.5
578026.56,4208265.5
578026.6,4208265.5
578026.7,4208265.5
578026.75,4208265.5
578026.8,4208265.5
578026.9,4208265.5
578026.94,4208265.5
578027.0,4208265.5
578027.06,4208265.5
578027.1,4208265.5
578027.2,4208265.5
578027.3,4208265.5
578027.4,4208265.5
578027.44,4208265.5
578027.5,4208265.5
578027.56,4208265.5
578027.6,4208265.5
578027.7,4208265.5
578027.8,4208265.5
578027.9,4208265.5
578027.94,4208265.5
578028.0,4208265.5
578028.06,4208265.5
578028.1,4208265.0
578028.2,4208265.0
578028.25,4208265.0
578028.4,4208265.0
578028.44,4208265.0
578028.5,4208265.0
578028.56,4208265.0
578028.6,4208265.0
578028.7,4208265.0
578028.75,4208265.0
578028.9,4208265.0
578028.94,4208265.0
578029.0,4208265.0
578029.06,4208265.0
578029.1,4208265.0
578029.2,4208265.0
578029.25,4208265.0
578029.3,4208265.0
578029.44,4208265.0
578029.5,4208265.0
578029.56,4208265.0
578029.6,4208265.0
578029.7,4208265.0
578029.75,4208265.0
578029.8,4208265.0
578029.94,4208265.0
578030.0,4208265.0
578030.06,4208265.0
578030.1,4208265.0
578030.2,4208265.0
578030.25,4208265.0
578030.3,4208265.0
578030.4,4208265.0
578030.5,4208265.0
578030.56,4208265.0
578030.6,4208265.0
578030.7,4208265.0
578030.75,4208265.0
578030.8,4208265.0
578030.9,4208265.0
578031.0,4208265.0
578031.06,4208265.0
578031.1,4208265.0
578031.2,4208265.0
578031.25,4208265.0
578031.3,4208265.0
578031.4,4208265.0
578031.44,4208265.0
578031.56,4208265.0
578031.6,4208265.0
578031.7,4208265.0
578031.75,4208265.0
578031.8,4208265.0
578031.9,4208264.5
578031.94,4208264.5
578032.0,4208264.5
578032.1,4208264.5
578032.2,4208264.5
578032.25,4208264.5
578032.3,4208264.5
578032.4,4208264.5
578032.44,4208264.5
578032.5,4208264.5
578032.6,4208264.5
578032.7,4208264.5
578032.75,4208264.5
578032.8,4208264.5
578032.9,4208264.5
578032.94,4208264.5
578033.0,4208264.5
578033.06,4208264.5
578033.2,4208264.5
578033.25,4208264.5
578033.3,4208264.5
578033.4,4208264.5
578033.44,4208264.5
578033.5,4208264.5
578033.56,4208264.5
578033.7,4208264.5
578033.75,4208264.5
578033.8,4208264.5
578033.9,4208264.5
578033.94,4208264.5
578034.0,4208264.5
578034.06,4208264.5
578034.1,4208264.5
578034.25,4208264.5
578034.3,4208264.5
578034.4,4208264.5
578034.44,4208264.5
578034.5,4208264.5
578034.56,4208264.5
578034.6,4208264.5
578034.75,4208264.5
578034.8,4208264.5
578034.9,4208264.5
578034.94,4208264.5
578035.0,4208264.5
578035.06,4208264.5
578035.1,4208264.5
578035.2,4208264.5
578035.3,4208264.5
578035.4,4208264.5
578035.44,4208264.5
578035.5,4208264.5
578035.56,4208264.5
578035.6,4208264.0
578035.7,4208264.0
578035.8,4208264.0
578035.9,4208264.0
578035.94,4208264.0
578036.0,4208264.0
578036.06,4208264.0
578036.1,4208264.0
578036.2,4208264.0
578036.25,4208264.0
578036.4,4208264.0
578036.44,4208264.0
578036.5,4208264.0
578036.56,4208264.0
578036.6,4208264.0
578036.7,4208264.0
578036.75,4208264.0
578036.9,4208264.0
578036.94,4208264.0
578037.0,4208264.0
578037.06,4208264.0
578037.1,4208264.0
578037.2,4208264.0
578037.25,4208264.0
578037.3,4208264.0
578037.44,4208264.0
578037.5,4208264.0
578037.56,4208264.0
578037.6,4208264.0
578037.7,4208264.0
578037.75,4208264.0
578037.8,4208264.0
578037.94,4208264.0
578038.0,4208264.0
578038.06,4208264.0
578038.1,4208264.0
578038.2,4208264.0
578038.25,4208264.0
578038.3,4208264.0
578038.4,4208264.0
578038.5,4208264.0
578038.56,4208264.0
578038.6,4208264.0
578038.7,4208264.0
578038.75,4208264.0
578038.8,4208264.0
578038.9,4208264.0
578039.0,4208264.0
578039.06,4208264.0
578039.1,4208264.0
578039.2,4208264.0
578039.25,4208264.0
578039.3,4208264.0
578039.4,4208263.5
578039.44,4208263.5
578039.56,4208263.5
578039.6,4208263.5
578039.7,4208263.5
578039.75,4208263.5
578039.8,4208263.5
578039.9,4208263.5
578039.94,4208263.5
578040.06,4208263.5
578040.1,4208263.5
578040.2,4208263.5
578040.25,4208263.5
578040.3,4208263.5
578040.4,4208263.5
578040.44,4208263.5
578040.5,4208263.5
578040.6,4208263.5
578040.7,4208263.5
578040.75,4208263.5
578040.8,4208263.5
578040.9,4208263.5
578040.94,4208263.5
578041.0,4208263.5
578041.1,4208263.5
578041.2,4208263.5
578041.25,4208263.5
578041.3,4208263.5
578041.4,4208263.5
578041.44,4208263.5
578041.5,4208263.5
578041.6,4208263.5
578041.7,4208263.5
578041.75,4208263.5
578041.8,4208263.5
578041.9,4208263.5
578042.0,4208263.5
578042.06,4208263.5
578042.1,4208263.5
578042.2,4208263.5
578042.25,4208263.5
578042.3,4208263.5
578042.44,4208263.5
578042.5,4208263.5
578042.56,4208263.5
578042.6,4208263.5
578042.7,4208263.5
578042.8,4208263.5
578042.9,4208263.5
578042.94,4208263.5
578043.0,4208263.5
578043.06,4208263.5
578043.1,4208263.5
578043.25,4208263.5
578043.3,4208263.0
578043.4,4208263.0
578043.44,4208263.0
578043.5,4208263.0
578043.6,4208263.0
578043.7,4208263.0
578043.75,4208263.0
578043.8,4208263.0
578043.9,4208263.0
578043.94,4208263.0
578044.06,4208263.0
578044.1,4208263.0
578044.2,4208263.0
578044.25,4208263.0
578044.3,4208263.0
578044.44,4208263.0
578044.5,4208263.0
578044.56,4208263.0
578044.6,4208263.0
578044.7,4208263.0
578044.8,4208263.0
578044.9,4208263.0
578044.94,4208263.0
578045.0,4208263.0
578045.06,4208263.0
578045.1,4208263.0
578045.25,4208263.0
578045.3,4208263.0
578045.4,4208263.0
578045.44,4208263.0
578045.5,4208263.0
578045.6,4208263.0
578045.7,4208263.0
578045.75,4208263.0
578045.8,4208263.0
578045.9,4208263.0
578045.94,4208263.0
578046.06,4208263.0
578046.1,4208263.0
578046.2,4208263.0
578046.25,4208263.0
578046.3,4208263.0
578046.44,4208263.0
578046.5,4208263.0
578046.56,4208263.0
578046.6,4208263.0
578046.7,4208263.0
578046.75,4208263.0
578046.9,4208263.0
578046.94,4208263.0
578047.0,4208263.0
578047.06,4208263.0
578047.1,4208263.0
578047.25,4208263.0
578047.3,4208262.5
578047.4,4208262.5
578047.44,4208262.5
578047.5,4208262.5
578047.56,4208262.5
578047.7,4208262.5
578047.75,4208262.5
578047.8,4208262.5
578047.9,4208262.5
578047.94,4208262.5
578048.06,4208262.5
578048.1,4208262.5
578048.2,4208262.5
578048.25,4208262.5
578048.3,4208262.5
578048.4,4208262.5
578048.5,4208262.5
578048.56,4208262.5
578048.6,4208262.5
578048.7,4208262.5
578048.75,4208262.5
578048.9,4208262.5
578048.94,4208262.5
578049.0,4208262.5
578049.06,4208262.5
578049.1,4208262.5
578049.2,4208262.5
578049.3,4208262.5
578049.4,4208262.5
578049.44,4208262.5
578049.5,4208262.5
578049.56,4208262.5
578049.7,4208262.5
578049.75,4208262.5
578049.8,4208262.5
578049.9,4208262.5
578049.94,4208262.5
578050.06,4208262.5
578050.1,4208262.5
578050.2,4208262.5
578050.25,4208262.5
578050.3,4208262.5
578050.4,4208262.5
578050.5,4208262.5
578050.56,4208262.5
578050.6,4208262.5
578050.7,4208262.5
578050.75,4208262.5
578050.9,4208262.5
578050.94,4208262.5
578051.0,4208262.5
578051.06,4208262.5
578051.1,4208262.5
578051.2,4208262.0
578051.25,4208262.0
578051.3,4208262.0
578051.44,4208262.0
578051.5,4208262.0
578051.56,4208262.0
578051.6,4208262.0
578051.7,4208262.0
578051.75,4208262.0
578051.8,4208262.0
578051.9,4208262.0
578052.0,4208262.0
578052.06,4208262.0
578052.1,4208262.0
578052.2,4208262.0
578052.25,4208262.0
578052.3,4208262.0
578052.4,4208262.0
578052.44,4208262.0
578052.56,4208262.0
578052.6,4208262.0
578052.7,4208262.0
578052.75,4208262.0
578052.8,4208262.0
578052.9,4208262.0
578052.94,4208262.0
578053.0,4208262.0
578053.06,4208262.0
578053.2,4208262.0
578053.25,4208262.0
578053.3,4208262.0
578053.4,4208262.0
578053.44,4208262.0
578053.5,4208262.0
578053.56,4208262.0
578053.6,4208262.0
578053.75,4208262.0
578053.8,4208262.0
578053.9,4208262.0
578053.94,4208262.0
578054.0,4208262.0
578054.06,4208262.0
578054.1,4208262.0
578054.2,4208262.0
578054.3,4208262.0
578054.4,4208262.0
578054.44,4208262.0
578054.5,4208262.0
578054.56,4208262.0
578054.6,4208262.0
578054.7,4208262.0
578054.75,4208262.0
578054.9,4208261.5
578054.94,4208261.5
578055.0,4208261.5
578055.06,4208261.5
578055.1,4208261.5
578055.2,4208261.5
578055.25,4208261.5
578055.3,4208261.5
578055.4,4208261.5
578055.5,4208261.5
578055.56,4208261.5
578055.6,4208261.5
578055.7,4208261.5
578055.75,4208261.5
578055.8,4208261.5
578055.9,4208261.5
578055.94,4208261.5
578056.06,4208261.5
578056.1,4208261.5
578056.2,4208261.5
578056.25,4208261.5
578056.3,4208261.5
578056.4,4208261.5
578056.44,4208261.5
578056.5,4208261.5
578056.6,4208261.5
578056.7,4208261.5
578056.75,4208261.5
578056.8,4208261.5
578056.9,4208261.5
578056.94,4208261.5
578057.0,4208261.5
578057.06,4208261.5
578057.2,4208261.5
578057.25,4208261.5
578057.3,4208261.5
578057.4,4208261.5
578057.44,4208261.5
578057.5,4208261.5
578057.56,4208261.5
578057.6,4208261.5
578057.7,4208261.5
578057.8,4208261.5
578057.9,4208261.5
578057.94,4208261.5
578058.0,4208261.5
578058.06,4208261.5
578058.1,4208261.5
578058.2,4208261.5
578058.25,4208261.5
578058.4,4208261.5
578058.44,4208261.5
578058.5,4208261.5
578058.56,4208261.0
578058.6,4208261.0
578058.7,4208261.0
578058.75,4208261.0
578058.8,4208261.0
578058.94,4208261.0
578059.0,4208261.0
578059.06,4208261.0
578059.1,4208261.0
578059.2,4208261.0
578059.25,4208261.0
578059.3,4208261.0
578059.4,4208261.0
578059.5,4208261.0
578059.56,4208261.0
578059.6,4208261.0
578059.7,4208261.0
578059.75,4208261.0
578059.8,4208261.0
578059.9,4208261.0
578059.94,4208261.0
578060.0,4208261.0
578060.1,4208261.0
578060.2,4208261.0
578060.25,4208261.0
578060.3,4208261.0
578060.4,4208261.0
578060.44,4208261.0
578060.5,4208261.0
578060.56,4208261.0
578060.7,4208261.0
578060.75,4208261.0
578060.8,4208261.0
578060.9,4208261.0
578060.94,4208261.0
578061.0,4208261.0
578061.06,4208261.0
578061.1,4208261.0
578061.25,4208261.0
578061.3,4208261.0
578061.4,4208261.0
578061.44,4208261.0
578061.5,4208261.0
578061.56,4208261.0
578061.6,4208261.0
578061.7,4208261.0
578061.75,4208261.0
578061.9,4208261.0
578061.94,4208261.0
578062.0,4208261.0
578062.06,4208261.0
578062.1,4208261.0
578062.2,4208260.5
578062.25,4208260.5
578062.3,4208260.5
578062.44,4208260.5
578062.5,4208260.5
578062.56,4208260.5
578062.6,4208260.5
578062.7,4208260.5
578062.75,4208260.5
578062.8,4208260.5
578062.9,4208260.5
578063.0,4208260.5
578063.06,4208260.5
578063.1,4208260.5
578063.2,4208260.5
578063.25,4208260.5
578063.3,4208260.5
578063.4,4208260.5
578063.44,4208260.5
578063.56,4208260.5
578063.6,4208260.5
578063.7,4208260.5
578063.75,4208260.5
578063.8,4208260.5
578063.9,4208260.5
578063.94,4208260.5
578064.0,4208260.5
578064.06,4208260.5
578064.2,4208260.5
578064.25,4208260.5
578064.3,4208260.5
578064.4,4208260.5
578064.44,4208260.5
578064.5,4208260.5
578064.56,4208260.5
578064.6,4208260.5
578064.75,4208260.5
578064.8,4208260.5
578064.9,4208260.5
578064.94,4208260.5
578065.0,4208260.5
578065.06,4208260.5
578065.1,4208260.5
578065.2,4208260.5
578065.25,4208260.5
578065.3,4208260.5
578065.4,4208260.5
578065.44,4208260.5
578065.5,4208260.5
578065.56,4208260.0
578065.6,4208260.0
578065.7,4208260.0
578065.75,4208260.0
578065.8,4208260.0
578065.9,4208260.0
578065.94,4208260.0
578066.0,4208260.0
578066.06,4208260.0
578066.1,4208260.0
578066.2,4208260.0
578066.25,4208260.0
578066.3,4208260.0
578066.4,4208260.0
578066.44,4208260.0
578066.5,4208260.0
578066.56,4208260.0
578066.6,4208260.0
578066.7,4208260.0
578066.75,4208260.0
578066.8,4208260.0
578066.9,4208260.0
578066.94,4208260.0
578067.06,4208260.0
578067.1,4208260.0
578067.2,4208260.0
578067.25,4208260.0
578067.3,4208260.0
578067.4,4208260.0
578067.44,4208260.0
578067.5,4208260.0
578067.56,4208260.0
578067.6,4208260.0
578067.7,4208260.0
578067.75,4208260.0
578067.8,4208260.0
578067.9,4208260.0
578067.94,4208260.0
578068.0,4208260.0
578068.06,4208260.0
578068.1,4208260.0
578068.2,4208260.0
578068.25,4208260.0
578068.3,4208260.0
578068.4,4208259.5
578068.44,4208259.5
578068.5,4208259.5
578068.56,4208259.5
578068.6,4208259.5
578068.7,4208259.5
578068.75,4208259.5
578068.8,4208259.5
578068.9,4208259.5
578068.94,4208259.5
578069.0,4208259.5
578069.06,4208259.5
578069.1,4208259.5
578069.2,4208259.5
578069.25,4208259.5
578069.3,4208259.5
578069.44,4208259.5
578069.5,4208259.5
578069.56,4208259.5
578069.6,4208259.5
578069.7,4208259.5
578069.75,4208259.5
578069.8,4208259.5
578069.9,4208259.5
578069.94,4208259.5
578070.0,4208259.5
578070.06,4208259.5
578070.1,4208259.5
578070.2,4208259.5
578070.25,4208259.5
578070.3,4208259.5
578070.4,4208259.5
578070.44,4208259.5
578070.5,4208259.5
578070.56,4208259.5
578070.6,4208259.5
578070.7,4208259.5
578070.75,4208259.5
578070.8,4208259.5
578070.9,4208259.5
578070.94,4208259.5
578071.0,4208259.5
578071.06,4208259.5
578071.1,4208259.5
578071.2,4208259.0
578071.25,4208259.0
578071.3,4208259.0
578071.4,4208259.0
578071.44,4208259.0
578071.5,4208259.0
578071.56,4208259.0
578071.6,4208259.0
578071.7,4208259.0
578071.8,4208259.0
578071.9,4208259.0
578071.94,4208259.0
578072.0,4208259.0
578072.06,4208259.0
578072.1,4208259.0
578072.2,4208259.0
578072.25,4208259.0
578072.3,4208259.0
578072.4,4208259.0
578072.44,4208259.0
578072.5,4208259.0
578072.56,4208259.0
578072.6,4208259.0
578072.7,4208259.0
578072.75,4208259.0
578072.8,4208259.0
578072.9,4208259.0
578072.94,4208259.0
578073.0,4208259.0
578073.06,4208259.0
578073.1,4208259.0
578073.2,4208259.0
578073.25,4208259.0
578073.3,4208259.0
578073.4,4208259.0
578073.44,4208259.0
578073.5,4208259.0
578073.56,4208259.0
578073.6,4208259.0
578073.75,4208259.0
578073.8,4208259.0
578073.9,4208259.0
578073.94,4208259.0
578074.0,4208259.0
578074.06,4208258.5
578074.1,4208258.5
578074.2,4208258.5
578074.25,4208258.5
578074.3,4208258.5
578074.4,4208258.5
578074.44,4208258.5
578074.5,4208258.5
578074.56,4208258.5
578074.6,4208258.5
578074.7,4208258.5
578074.8,4208258.5
578074.9,4208258.5
578074.94,4208258.5
578075.0,4208258.5
578075.06,4208258.5
578075.1,4208258.5
578075.2,4208258.5
578075.25,4208258.5
578075.3,4208258.5
578075.4,4208258.5
578075.44,4208258.5
578075.5,4208258.5
578075.56,4208258.5
578075.6,4208258.5
578075.7,4208258.5
578075.75,4208258.5
578075.9,4208258.5
578075.94,4208258.5
578076.0,4208258.5
578076.06,4208258.5
578076.1,4208258.5
578076.2,4208258.5
578076.25,4208258.5
578076.3,4208258.5
578076.4,4208258.5
578076.44,4208258.5
578076.5,4208258.5
578076.56,4208258.5
578076.6,4208258.5
578076.7,4208258.5
578076.75,4208258.0
578076.9,4208258.0
578076.94,4208258.0
578077.0,4208258.0
578077.06,4208258.0
578077.1,4208258.0
578077.2,4208258.0
578077.25,4208258.0
578077.3,4208258.0
578077.4,4208258.0
578077.44,4208258.0
578077.5,4208258.0
578077.56,4208258.0
578077.6,4208258.0
578077.7,4208258.0
578077.75,4208258.0
578077.8,4208258.0
578077.94,4208258.0
578078.0,4208258.0
578078.06,4208258.0
578078.1,4208258.0
578078.2,4208258.0
578078.25,4208258.0
578078.3,4208258.0
578078.4,4208258.0
578078.44,4208258.0
578078.5,4208258.0
578078.56,4208258.0
578078.6,4208258.0
578078.7,4208258.0
578078.75,4208258.0
578078.8,4208258.0
578078.9,4208258.0
578079.0,4208258.0
578079.06,4208258.0
578079.1,4208258.0
578079.2,4208258.0
578079.25,4208258.0
578079.3,4208258.0
578079.4,4208258.0
578079.44,4208258.0
578079.5,4208257.5
578079.56,4208257.5
578079.6,4208257.5
578079.7,4208257.5
578079.75,4208257.5
578079.8,4208257.5
578079.9,4208257.5
578080.0,4208257.5
578080.06,4208257.5
578080.1,4208257.5
578080.2,4208257.5
578080.25,4208257.5
578080.3,4208257.5
578080.4,4208257.5
578080.44,4208257.5
578080.5,4208257.5
578080.56,4208257.5
578080.6,4208257.5
578080.7,4208257.5
578080.75,4208257.5
578080.8,4208257.5
578080.9,4208257.5
578080.94,4208257.5
578081.06,4208257.5
578081.1,4208257.5
578081.2,4208257.5
578081.25,4208257.5
578081.3,4208257.5
578081.4,4208257.5
578081.44,4208257.5
578081.5,4208257.5
578081.56,4208257.5
578081.6,4208257.5
578081.7,4208257.5
578081.75,4208257.5
578081.8,4208257.5
578081.9,4208257.5
578081.94,4208257.5
578082.0,4208257.5
578082.1,4208257.5
578082.2,4208257.5
578082.25,4208257.5
578082.3,4208257.0
578082.4,4208257.0
578082.44,4208257.0
578082.5,4208257.0
578082.56,4208257.0
578082.6,4208257.0
578082.75,4208257.0
578082.8,4208257.0
578082.9,4208257.0
578082.94,4208257.0
578083.0,4208257.0
578083.06,4208257.0
578083.1,4208257.0
578083.25,4208257.0
578083.3,4208257.0
578083.4,4208257.0
578083.44,4208257.0
578083.5,4208257.0
578083.56,4208257.0
578083.6,4208257.0
578083.75,4208257.0
578083.8,4208257.0
578083.9,4208257.0
578083.94,4208257.0
578084.0,4208257.0
578084.06,4208257.0
578084.1,4208257.0
578084.25,4208257.0
578084.3,4208257.0
578084.4,4208257.0
578084.44,4208257.0
578084.5,4208257.0
578084.56,4208257.0
578084.6,4208257.0
578084.75,4208257.0
578084.8,4208257.0
578084.9,4208257.0
578084.94,4208257.0
578085.0,4208257.0
578085.06,4208257.0
578085.1,4208257.0
578085.25,4208257.0
578085.3,4208257.0
578085.4,4208257.0
578085.44,4208256.5
578085.5,4208256.5
578085.56,4208256.5
578085.6,4208256.5
578085.75,4208256.5
578085.8,4208256.5
578085.9,4208256.5
578085.94,4208256.5
578086.0,4208256.5
578086.06,4208256.5
578086.1,4208256.5
578086.25,4208256.5
578086.3,4208256.5
578086.4,4208256.5
578086.44,4208256.5
578086.5,4208256.5
578086.56,4208256.5
578086.6,4208256.5
578086.75,4208256.5
578086.8,4208256.5
578086.9,4208256.5
578086.94,4208256.5
578087.0,4208256.5
578087.06,4208256.5
578087.1,4208256.5
578087.2,4208256.5
578087.3,4208256.5
578087.4,4208256.5
578087.44,4208256.5
578087.5,4208256.5
578087.56,4208256.5
578087.6,4208256.5
578087.7,4208256.5
578087.8,4208256.5
578087.9,4208256.5
578087.94,4208256.5
578088.0,4208256.5
578088.06,4208256.5
578088.1,4208256.5
578088.2,4208256.5
578088.3,4208256.5
578088.4,4208256.5
578088.44,4208256.5
578088.5,4208256.5
578088.56,4208256.5
578088.6,4208256.0
578088.7,4208256.0
578088.8,4208256.0
578088.9,4208256.0
578088.94,4208256.0
578089.0,4208256.0
578089.06,4208256.0
578089.1,4208256.0
578089.2,4208256.0
578089.3,4208256.0
578089.4,4208256.0
578089.44,4208256.0
578089.5,4208256.0
578089.56,4208256.0
578089.6,4208256.0
578089.7,4208256.0
578089.8,4208256.0
578089.9,4208256.0
578089.94,4208256.0
578090.0,4208256.0
578090.06,4208256.0
578090.1,4208256.0
578090.2,4208256.0
578090.3,4208256.0
578090.4,4208256.0
578090.44,4208256.0
578090.5,4208256.0
578090.56,4208256.0
578090.6,4208256.0
578090.7,4208256.0
578090.8,4208256.0
578090.9,4208256.0
578090.94,4208256.0
578091.0,4208256.0
578091.06,4208256.0
578091.1,4208256.0
578091.2,4208256.0
578091.3,4208256.0
578091.4,4208256.0
578091.44,4208256.0
578091.5,4208256.0
578091.56,4208256.0
578091.6,4208256.0
578091.7,4208256.0
578091.75,4208255.5
578091.9,4208255.5
578091.94,4208255.5
578092.0,4208255.5
578092.06,4208255.5
578092.1,4208255.5
578092.2,4208255.5
578092.25,4208255.5
578092.4,4208255.5
578092.44,4208255.5
578092.5,4208255.5
578092.56,4208255.5
578092.6,4208255.5
578092.7,4208255.5
578092.75,4208255.5
578092.9,4208255.5
578092.94,4208255.5
578093.0,4208255.5
578093.06,4208255.5
578093.1,4208255.5
578093.2,4208255.5
578093.25,4208255.5
578093.4,4208255.5
578093.44,4208255.5
578093.5,4208255.5
578093.56,4208255.5
578093.6,4208255.5
578093.7,4208255.5
578093.75,4208255.5
578093.9,4208255.5
578093.94,4208255.5
578094.0,4208255.5
578094.06,4208255.5
578094.1,4208255.5
578094.2,4208255.5
578094.25,4208255.5
578094.4,4208255.5
578094.44,4208255.5
578094.5,4208255.5
578094.56,4208255.5
578094.6,4208255.5
578094.7,4208255.5
578094.75,4208255.5
578094.9,4208255.5
578094.94,4208255.5
578095.0,4208255.5
578095.06,4208255.0
578095.1,4208255.0
578095.2,4208255.0
578095.25,4208255.0
578095.4,4208255.0
578095.44,4208255.0
578095.5,4208255.0
578095.56,4208255.0
578095.6,4208255.0
578095.7,4208255.0
578095.75,4208255.0
578095.9,4208255.0
578095.94,4208255.0
578096.0,4208255.0
578096.06,4208255.0
578096.1,4208255.0
578096.2,4208255.0
578096.25,4208255.0
578096.4,4208255.0
578096.44,4208255.0
578096.5,4208255.0
578096.56,4208255.0
578096.6,4208255.0
578096.7,4208255.0
578096.75,4208255.0
578096.9,4208255.0
578096.94,4208255.0
578097.0,4208255.0
578097.06,4208255.0
578097.1,4208255.0
578097.2,4208255.0
578097.25,4208255.0
578097.3,4208255.0
578097.44,4208255.0
578097.5,4208255.0
578097.56,4208255.0
578097.6,4208255.0
578097.7,4208255.0
578097.75,4208255.0
578097.8,4208255.0
578097.94,4208255.0
578098.0,4208255.0
578098.06,4208255.0
578098.1,4208255.0
578098.2,4208255.0
578098.25,4208254.5
578098.3,4208254.5
578098.44,4208254.5
578098.5,4208254.5
578098.56,4208254.5
578098.6,4208254.5
578098.7,4208254.5
578098.75,4208254.5
578098.8,4208254.5
578098.94,4208254.5
578099.0,4208254.5
578099.06,4208254.5
578099.1,4208254.5
578099.2,4208254.5
578099.25,4208254.5
578099.3,4208254.5
578099.44,4208254.5
578099.5,4208254.5
578099.56,4208254.5
578099.6,4208254.5
578099.7,4208254.5
578099.75,4208254.5
578099.8,4208254.5
578099.94,4208254.5
578100.0,4208254.5
578100.06,4208254.5
578100.1,4208254.5
578100.2,4208254.5
578100.25,4208254.5
578100.3,4208254.5
578100.44,4208254.5
578100.5,4208254.5
578100.56,4208254.5
578100.6,4208254.5
578100.7,4208254.5
578100.75,4208254.5
578100.8,4208254.5
578100.94,4208254.5
578101.0,4208254.5
578101.06,4208254.5
578101.1,4208254.5
578101.2,4208254.5
578101.25,4208254.5
578101.3,4208254.5
578101.44,4208254.5
578101.5,4208254.0
578101.56,4208254.0
578101.6,4208254.0
578101.7,4208254.0
578101.75,4208254.0
578101.8,4208254.0
578101.94,4208254.0
578102.0,4208254.0
578102.06,4208254.0
578102.1,4208254.0
578102.2,4208254.0
578102.25,4208254.0
578102.3,4208254.0
578102.44,4208254.0
578102.5,4208254.0
578102.56,4208254.0
578102.6,4208254.0
578102.7,4208254.0
578102.75,4208254.0
578102.8,4208254.0
578102.9,4208254.0
578103.0,4208254.0
578103.06,4208254.0
578103.1,4208254.0
578103.2,4208254.0
578103.25,4208254.0
578103.3,4208254.0
578103.4,4208254.0
578103.5,4208254.0
578103.56,4208254.0
578103.6,4208254.0
578103.7,4208254.0
578103.75,4208254.0
578103.8,4208254.0
578103.9,4208254.0
578104.0,4208254.0
578104.06,4208254.0
578104.1,4208254.0
578104.2,4208254.0
578104.25,4208254.0
578104.3,4208254.0
578104.4,4208254.0
578104.5,4208254.0
578104.56,4208254.0
578104.6,4208254.0
578104.7,4208254.0
578104.75,4208253.5
578104.8,4208253.5
578104.9,4208253.5
578105.0,4208253.5
578105.06,4208253.5
578105.1,4208253.5
578105.2,4208253.5
578105.25,4208253.5
578105.3,4208253.5
578105.4,4208253.5
578105.5,4208253.5
578105.56,4208253.5
578105.6,4208253.5
578105.7,4208253.5
578105.75,4208253.5
578105.8,4208253.5
578105.9,4208253.5
578106.0,4208253.5
578106.06,4208253.5
578106.1,4208253.5
578106.2,4208253.5
578106.25,4208253.5
578106.3,4208253.5
578106.4,4208253.5
578106.44,4208253.5
578106.5,4208253.5
578106.6,4208253.5
578106.7,4208253.5
578106.75,4208253.5
578106.8,4208253.5
578106.9,4208253.5
578106.94,4208253.5
578107.0,4208253.5
578107.06,4208253.5
578107.2,4208253.5
578107.25,4208253.5
578107.3,4208253.5
578107.4,4208253.5
578107.44,4208253.5
578107.5,4208253.5
578107.56,4208253.5
578107.6,4208253.5
578107.75,4208253.5
578107.8,4208253.5
578107.9,4208253.0
578107.94,4208253.0
578108.0,4208253.0
578108.06,4208253.0
578108.1,4208253.0
578108.2,4208253.0
578108.25,4208253.0
578108.4,4208253.0
578108.44,4208253.0
578108.5,4208253.0
578108.56,4208253.0
578108.6,4208253.0
578108.7,4208253.0
578108.75,4208253.0
578108.8,4208253.0
578108.94,4208253.0
578109.0,4208253.0
578109.06,4208253.0
578109.1,4208253.0
578109.2,4208253.0
578109.25,4208253.0
578109.3,4208253.0
578109.4,4208253.0
578109.5,4208253.0
578109.56,4208253.0
578109.6,4208253.0
578109.7,4208253.0
578109.75,4208253.0
578109.8,4208253.0
578109.9,4208253.0
578109.94,4208253.0
578110.0,4208253.0
578110.1,4208253.0
578110.2,4208253.0
578110.25,4208253.0
578110.3,4208253.0
578110.4,4208253.0
578110.44,4208253.0
578110.5,4208253.0
578110.56,4208253.0
578110.7,4208253.0
578110.75,4208253.0
578110.8,4208253.0
578110.9,4208253.0
578110.94,4208253.0
578111.0,4208252.5
578111.06,4208252.5
578111.1,4208252.5
578111.2,4208252.5
578111.3,4208252.5
578111.4,4208252.5
578111.44,4208252.5
578111.5,4208252.5
578111.56,4208252.5
578111.6,4208252.5
578111.7,4208252.5
578111.75,4208252.5
578111.9,4208252.5
578111.94,4208252.5
578112.0,4208252.5
578112.06,4208252.5
578112.1,4208252.5
578112.2,4208252.5
578112.25,4208252.5
578112.3,4208252.5
578112.44,4208252.5
578112.5,4208252.5
578112.56,4208252.5
578112.6,4208252.5
578112.7,4208252.5
578112.75,4208252.5
578112.8,4208252.5
578112.9,4208252.5
578112.94,4208252.5
578113.06,4208252.5
578113.1,4208252.5
578113.2,4208252.5
578113.25,4208252.5
578113.3,4208252.5
578113.4,4208252.5
578113.44,4208252.5
578113.5,4208252.5
578113.6,4208252.5
578113.7,4208252.5
578113.75,4208252.5
578113.8,4208252.5
578113.9,4208252.5
578113.94,4208252.5
578114.0,4208252.5
578114.06,4208252.5
578114.2,4208252.0
578114.25,4208252.0
578114.3,4208252.0
578114.4,4208252.0
578114.44,4208252.0
578114.5,4208252.0
578114.56,4208252.0
578114.6,4208252.0
578114.7,4208252.0
578114.8,4208252.0
578114.9,4208252.0
578114.94,4208252.0
578115.0,4208252.0
578115.06,4208252.0
578115.1,4208252.0
578115.2,4208252.0
578115.25,4208252.0
578115.4,4208252.0
578115.44,4208252.0
578115.5,4208252.0
578115.56,4208252.0
578115.6,4208252.0
578115.7,4208252.0
578115.75,4208252.0
578115.8,4208252.0
578115.94,4208252.0
578116.0,4208252.0
578116.06,4208252.0
578116.1,4208252.0
578116.2,4208252.0
578116.25,4208252.0
578116.3,4208252.0
578116.4,4208252.0
578116.44,4208252.0
578116.56,4208252.0
578116.6,4208252.0
578116.7,4208252.0
578116.75,4208252.0
578116.8,4208252.0
578116.9,4208252.0
578116.94,4208252.0
578117.0,4208252.0
578117.1,4208252.0
578117.2,4208252.0
578117.25,4208251.5
578117.3,4208251.5
578117.4,4208251.5
578117.44,4208251.5
578117.5,4208251.5
578117.56,4208251.5
578117.6,4208251.5
578117.75,4208251.5
578117.8,4208251.5
578117.9,4208251.5
578117.94,4208251.5
578118.0,4208251.5
578118.06,4208251.5
578118.1,4208251.5
578118.2,4208251.5
578118.3,4208251.5
578118.4,4208251.5
578118.44,4208251.5
578118.5,4208251.5
578118.56,4208251.5
578118.6,4208251.5
578118.7,4208251.5
578118.75,4208251.5
578118.9,4208251.5
578118.94,4208251.5
578119.0,4208251.5
578119.06,4208251.5
578119.1,4208251.5
578119.2,4208251.5
578119.25,4208251.5
578119.3,4208251.5
578119.4,4208251.5
578119.5,4208251.5
578119.56,4208251.5
578119.6,4208251.5
578119.7,4208251.5
578119.75,4208251.5
578119.8,4208251.5
578119.9,4208251.5
578119.94,4208251.5
578120.06,4208251.5
578120.1,4208251.5
578120.2,4208251.5
578120.25,4208251.5
578120.3,4208251.5
578120.4,4208251.0
578120.44,4208251.0
578120.5,4208251.0
578120.6,4208251.0
578120.7,4208251.0
578120.75,4208251.0
578120.8,4208251.0
578120.9,4208251.0
578120.94,4208251.0
578121.0,4208251.0
578121.06,4208251.0
578121.2,4208251.0
578121.25,4208251.0
578121.3,4208251.0
578121.4,4208251.0
578121.44,4208251.0
578121.5,4208251.0
578121.56,4208251.0
578121.6,4208251.0
578121.75,4208251.0
578121.8,4208251.0
578121.9,4208251.0
578121.94,4208251.0
578122.0,4208251.0
578122.06,4208251.0
578122.1,4208251.0
578122.2,4208251.0
578122.3,4208251.0
578122.4,4208251.0
578122.44,4208251.0
578122.5,4208251.0
578122.56,4208251.0
578122.6,4208251.0
578122.7,4208251.0
578122.75,4208251.0
578122.9,4208251.0
578122.94,4208251.0
578123.0,4208251.0
578123.06,4208251.0
578123.1,4208251.0
578123.2,4208251.0
578123.25,4208251.0
578123.4,4208251.0
578123.44,4208250.5
578123.5,4208250.5
578123.56,4208250.5
578123.6,4208250.5
578123.7,4208250.5
578123.75,4208250.5
578123.8,4208250.5
578123.94,4208250.5
578124.0,4208250.5
578124.06,4208250.5
578124.1,4208250.5
578124.2,4208250.5
578124.25,4208250.5
578124.3,4208250.5
578124.4,4208250.5
578124.5,4208250.5
578124.56,4208250.5
578124.6,4208250.5
578124.7,4208250.5
578124.75,4208250.5
578124.8,4208250.5
578124.9,4208250.5
578124.94,4208250.5
578125.06,4208250.5
578125.1,4208250.5
578125.2,4208250.5
578125.25,4208250.5
578125.3,4208250.5
578125.4,4208250.5
578125.44,4208250.5
578125.5,4208250.5
578125.6,4208250.5
578125.7,4208250.5
578125.75,4208250.5
578125.8,4208250.5
578125.9,4208250.5
578125.94,4208250.5
578126.0,4208250.5
578126.06,4208250.5
578126.2,4208250.5
578126.25,4208250.5
578126.3,4208250.5
578126.4,4208250.5
578126.44,4208250.5
578126.5,4208250.0
578126.56,4208250.0
578126.6,4208250.0
578126.75,4208250.0
578126.8,4208250.0
578126.9,4208250.0
578126.94,4208250.0
578127.0,4208250.0
578127.06,4208250.0
578127.1,4208250.0
578127.2,4208250.0
578127.3,4208250.0
578127.4,4208250.0
578127.44,4208250.0
578127.5,4208250.0
578127.56,4208250.0
578127.6,4208250.0
578127.7,4208250.0
578127.75,4208250.0
578127.9,4208250.0
578127.94,4208250.0
578128.0,4208250.0
578128.06,4208250.0
578128.1,4208250.0
578128.2,4208250.0
578128.25,4208250.0
578128.3,4208250.0
578128.44,4208250.0
578128.5,4208250.0
578128.56,4208250.0
578128.6,4208250.0
578128.7,4208250.0
578128.75,4208250.0
578128.8,4208250.0
578128.9,4208250.0
578129.0,4208250.0
578129.06,4208250.0
578129.1,4208250.0
578129.2,4208250.0
578129.25,4208250.0
578129.3,4208250.0
578129.4,4208250.0
578129.44,4208250.0
578129.56,4208250.0
578129.6,4208249.5
578129.7,4208249.5
578129.75,4208249.5
578129.8,4208249.5
578129.9,4208249.5
578129.94,4208249.5
578130.0,4208249.5
578130.1,4208249.5
578130.2,4208249.5
578130.25,4208249.5
578130.3,4208249.5
578130.4,4208249.5
578130.44,4208249.5
578130.5,4208249.5
578130.56,4208249.5
578130.7,4208249.5
578130.75,4208249.5
578130.8,4208249.5
578130.9,4208249.5
578130.94,4208249.5
578131.0,4208249.5
578131.06,4208249.5
578131.1,4208249.5
578131.25,4208249.5
578131.3,4208249.5
578131.4,4208249.5
578131.44,4208249.5
578131.5,4208249.5
578131.56,4208249.5
578131.6,4208249.5
578131.7,4208249.5
578131.8,4208249.5
578131.9,4208249.5
578131.94,4208249.5
578132.0,4208249.5
578132.06,4208249.5
578132.1,4208249.5
578132.2,4208249.5
578132.3,4208249.5
578132.4,4208249.5
578132.44,4208249.5
578132.5,4208249.5
578132.56,4208249.5
578132.6,4208249.0
578132.7,4208249.0
578132.75,4208249.0
578132.9,4208249.0
578132.94,4208249.0
578133.0,4208249.0
578133.06,4208249.0
578133.1,4208249.0
578133.2,4208249.0
578133.25,4208249.0
578133.3,4208249.0
578133.44,4208249.0
578133.5,4208249.0
578133.56,4208249.0
578133.6,4208249.0
578133.7,4208249.0
578133.75,4208249.0
578133.8,4208249.0
578133.9,4208249.0
578134.0,4208249.0
578134.06,4208249.0
578134.1,4208249.0
578134.2,4208249.0
578134.25,4208249.0
578134.3,4208249.0
578134.4,4208249.0
578134.44,4208249.0
578134.56,4208249.0
578134.6,4208249.0
578134.7,4208249.0
578134.75,4208249.0
578134.8,4208249.0
578134.9,4208249.0
578134.94,4208249.0
578135.0,4208249.0
578135.1,4208249.0
578135.2,4208249.0
578135.25,4208249.0
578135.3,4208249.0
578135.4,4208249.0
578135.44,4208249.0
578135.5,4208249.0
578135.56,4208249.0
578135.7,4208249.0
578135.75,4208248.5
578135.8,4208248.5
578135.9,4208248.5
578135.94,4208248.5
578136.0,4208248.5
578136.06,4208248.5
578136.1,4208248.5
578136.25,4208248.5
578136.3,4208248.5
578136.4,4208248.5
578136.44,4208248.5
578136.5,4208248.5
578136.56,4208248.5
578136.6,4208248.5
578136.7,4208248.5
578136.8,4208248.5
578136.9,4208248.5
578136.94,4208248.5
578137.0,4208248.5
578137.06,4208248.5
578137.1,4208248.5
578137.2,4208248.5
578137.25,4208248.5
578137.4,4208248.5
578137.44,4208248.5
578137.5,4208248.5
578137.56,4208248.5
578137.6,4208248.5
578137.7,4208248.5
578137.75,4208248.5
578137.8,4208248.5
578137.94,4208248.5
578138.0,4208248.5
578138.06,4208248.5
578138.1,4208248.5
578138.2,4208248.5
578138.25,4208248.5
578138.3,4208248.5
578138.4,4208248.5
578138.5,4208248.5
578138.56,4208248.5
578138.6,4208248.5
578138.7,4208248.5
578138.75,4208248.5
578138.8,4208248.0
578138.9,4208248.0
578138.94,4208248.0
578139.06,4208248.0
578139.1,4208248.0
578139.2,4208248.0
578139.25,4208248.0
578139.3,4208248.0
578139.4,4208248.0
578139.44,4208248.0
578139.5,4208248.0
578139.6,4208248.0
578139.7,4208248.0
578139.75,4208248.0
578139.8,4208248.0
578139.9,4208248.0
578139.94,4208248.0
578140.0,4208248.0
578140.06,4208248.0
578140.2,4208248.0
578140.25,4208248.0
578140.3,4208248.0
578140.4,4208248.0
578140.44,4208248.0
578140.5,4208248.0
578140.56,4208248.0
578140.7,4208248.0
578140.75,4208248.0
578140.8,4208248.0
578140.9,4208248.0
578140.94,4208248.0
578141.0,4208248.0
578141.06,4208248.0
578141.1,4208248.0
578141.25,4208248.0
578141.3,4208248.0
578141.4,4208248.0
578141.44,4208248.0
578141.5,4208248.0
578141.56,4208248.0
578141.6,4208248.0
578141.7,4208248.0
578141.8,4208248.0
578141.9,4208248.0
578141.94,4208247.5
578142.0,4208247.5
578142.06,4208247.5
578142.1,4208247.5
578142.2,4208247.5
578142.25,4208247.5
578142.4,4208247.5
578142.44,4208247.5
578142.5,4208247.5
578142.56,4208247.5
578142.6,4208247.5
578142.7,4208247.5
578142.75,4208247.5
578142.8,4208247.5
578142.94,4208247.5
578143.0,4208247.5
578143.06,4208247.5
578143.1,4208247.5
578143.2,4208247.5
578143.25,4208247.5
578143.3,4208247.5
578143.4,4208247.5
578143.5,4208247.5
578143.56,4208247.5
578143.6,4208247.5
578143.7,4208247.5
578143.75,4208247.5
578143.8,4208247.5
578143.9,4208247.5
578143.94,4208247.5
578144.06,4208247.5
578144.1,4208247.5
578144.2,4208247.5
578144.25,4208247.5
578144.3,4208247.5
578144.4,4208247.5
578144.44,4208247.5
578144.5,4208247.5
578144.6,4208247.5
578144.7,4208247.5
578144.75,4208247.5
578144.8,4208247.5
578144.9,4208247.5
578144.94,4208247.0
578145.0,4208247.0
578145.06,4208247.0
578145.2,4208247.0
578145.25,4208247.0
578145.3,4208247.0
578145.4,4208247.0
578145.44,4208247.0
578145.5,4208247.0
578145.56,4208247.0
578145.6,4208247.0
578145.75,4208247.0
578145.8,4208247.0
578145.9,4208247.0
578145.94,4208247.0
578146.0,4208247.0
578146.06,4208247.0
578146.1,4208247.0
578146.2,4208247.0
578146.3,4208247.0
578146.4,4208247.0
578146.44,4208247.0
578146.5,4208247.0
578146.56,4208247.0
578146.6,4208247.0
578146.7,4208247.0
578146.75,4208247.0
578146.9,4208247.0
578146.94,4208247.0
578147.0,4208247.0
578147.06,4208247.0
578147.1,4208247.0
578147.2,4208247.0
578147.25,4208247.0
578147.3,4208247.0
578147.44,4208247.0
578147.5,4208247.0
578147.56,4208247.0
578147.6,4208247.0
578147.7,4208247.0
578147.75,4208247.0
578147.8,4208247.0
578147.9,4208247.0
578148.0,4208247.0
578148.06,4208246.5
578148.1,4208246.5
578148.2,4208246.5
578148.25,4208246.5
578148.3,4208246.5
578148.4,4208246.5
578148.44,4208246.5
578148.56,4208246.5
578148.6,4208246.5
578148.7,4208246.5
578148.75,4208246.5
578148.8,4208246.5
578148.9,4208246.5
578148.94,4208246.5
578149.0,4208246.5
578149.06,4208246.5
578149.2,4208246.5
578149.25,4208246.5
578149.3,4208246.5
578149.4,4208246.5
578149.44,4208246.5
578149.5,4208246.5
578149.56,4208246.5
578149.6,4208246.5
578149.75,4208246.5
578149.8,4208246.5
578149.9,4208246.5
578149.94,4208246.5
578150.0,4208246.5
578150.06,4208246.5
578150.1,4208246.5
578150.2,4208246.5
578150.25,4208246.5
578150.4,4208246.5
578150.44,4208246.5
578150.5,4208246.5
578150.56,4208246.5
578150.6,4208246.5
578150.7,4208246.5
578150.75,4208246.5
578150.8,4208246.5
578150.94,4208246.5
578151.0,4208246.5
578151.06,4208246.5
578151.1,4208246.5
578151.2,4208246.0
578151.25,4208246.0
578151.3,4208246.0
578151.4,4208246.0
578151.44,4208246.0
578151.56,4208246.0
578151.6,4208246.0
578151.7,4208246.0
578151.75,4208246.0
578151.8,4208246.0
578151.9,4208246.0
578151.94,4208246.0
578152.0,4208246.0
578152.1,4208246.0
578152.2,4208246.0
578152.25,4208246.0
578152.3,4208246.0
578152.4,4208246.0
578152.44,4208246.0
578152.5,4208246.0
578152.56,4208246.0
578152.6,4208246.0
578152.75,4208246.0
578152.8,4208246.0
578152.9,4208246.0
578152.94,4208246.0
578153.0,4208246.0
578153.06,4208246.0
578153.1,4208246.0
578153.2,4208246.0
578153.3,4208246.0
578153.4,4208246.0
578153.44,4208246.0
578153.5,4208246.0
578153.56,4208246.0
578153.6,4208246.0
578153.7,4208246.0
578153.75,4208246.0
578153.8,4208246.0
578153.94,4208246.0
578154.0,4208246.0
578154.06,4208246.0
578154.1,4208246.0
578154.2,4208246.0
578154.25,4208245.5
578154.3,4208245.5
578154.4,4208245.5
578154.5,4208245.5
578154.56,4208245.5
578154.6,4208245.5
578154.7,4208245.5
578154.75,4208245.5
578154.8,4208245.5
578154.9,4208245.5
578154.94,4208245.5
578155.0,4208245.5
578155.1,4208245.5
578155.2,4208245.5
578155.25,4208245.5
578155.3,4208245.5
578155.4,4208245.5
578155.44,4208245.5
578155.5,4208245.5
578155.56,4208245.5
578155.7,4208245.5
578155.75,4208245.5
578155.8,4208245.5
578155.9,4208245.5
578155.94,4208245.5
578156.0,4208245.5
578156.06,4208245.5
578156.1,4208245.5
578156.2,4208245.5
578156.3,4208245.5
578156.4,4208245.5
578156.44,4208245.5
578156.5,4208245.5
578156.56,4208245.5
578156.6,4208245.5
578156.7,4208245.5
578156.75,4208245.5
578156.8,4208245.5
578156.94,4208245.5
578157.0,4208245.5
578157.06,4208245.5
578157.1,4208245.5
578157.2,4208245.5
578157.25,4208245.0
578157.3,4208245.0
578157.4,4208245.0
578157.5,4208245.0
578157.56,4208245.0
578157.6,4208245.0
578157.7,4208245.0
578157.75,4208245.0
578157.8,4208245.0
578157.9,4208245.0
578157.94,4208245.0
578158.06,4208245.0
578158.1,4208245.0
578158.2,4208245.0
578158.25,4208245.0
578158.3,4208245.0
578158.4,4208245.0
578158.44,4208245.0
578158.5,4208245.0
578158.6,4208245.0
578158.7,4208245.0
578158.75,4208245.0
578158.8,4208245.0
578158.9,4208245.0
578158.94,4208245.0
578159.0,4208245.0
578159.06,4208245.0
578159.2,4208245.0
578159.25,4208245.0
578159.3,4208245.0
578159.4,4208245.0
578159.44,4208245.0
578159.5,4208245.0
578159.56,4208245.0
578159.6,4208245.0
578159.75,4208245.0
578159.8,4208245.0
578159.9,4208245.0
578159.94,4208245.0
578160.0,4208245.0
578160.06,4208245.0
578160.1,4208245.0
578160.2,4208244.5
578160.25,4208244.5
578160.4,4208244.5
578160.44,4208244.5
578160.5,4208244.5
578160.56,4208244.5
578160.6,4208244.5
578160.7,4208244.5
578160.75,4208244.5
578160.8,4208244.5
578160.94,4208244.5
578161.0,4208244.5
578161.06,4208244.5
578161.1,4208244.5
578161.2,4208244.5
578161.25,4208244.5
578161.3,4208244.5
578161.4,4208244.5
578161.5,4208244.5
578161.56,4208244.5
578161.6,4208244.5
578161.7,4208244.5
578161.75,4208244.5
578161.8,4208244.5
578161.9,4208244.5
578161.94,4208244.5
578162.06,4208244.5
578162.1,4208244.5
578162.2,4208244.5
578162.25,4208244.5
578162.3,4208244.5
578162.4,4208244.5
578162.44,4208244.5
578162.5,4208244.5
578162.6,4208244.5
578162.7,4208244.5
578162.75,4208244.5
578162.8,4208244.5
578162.9,4208244.5
578162.94,4208244.5
578163.0,4208244.5
578163.06,4208244.5
578163.2,4208244.0
578163.25,4208244.0
578163.3,4208244.0
578163.4,4208244.0
578163.44,4208244.0
578163.5,4208244.0
578163.56,4208244.0
578163.6,4208244.0
578163.7,4208244.0
578163.8,4208244.0
578163.9,4208244.0
578163.94,4208244.0
578164.0,4208244.0
578164.06,4208244.0
578164.1,4208244.0
578164.2,4208244.0
578164.25,4208244.0
578164.4,4208244.0
578164.44,4208244.0
578164.5,4208244.0
578164.56,4208244.0
578164.6,4208244.0
578164.7,4208244.0
578164.75,4208244.0
578164.8,4208244.0
578164.94,4208244.0
578165.0,4208244.0
578165.06,4208244.0
578165.1,4208244.0
578165.2,4208244.0
578165.25,4208244.0
578165.3,4208244.0
578165.4,4208244.0
578165.5,4208244.0
578165.56,4208244.0
578165.6,4208244.0
578165.7,4208244.0
578165.75,4208244.0
578165.8,4208244.0
578165.9,4208244.0
578165.94,4208244.0
578166.06,4208244.0
578166.1,4208243.5
578166.2,4208243.5
578166.25,4208243.5
578166.3,4208243.5
578166.4,4208243.5
578166.44,4208243.5
578166.5,4208243.5
578166.6,4208243.5
578166.7,4208243.5
578166.75,4208243.5
578166.8,4208243.5
578166.9,4208243.5
578166.94,4208243.5
578167.0,4208243.5
578167.06,4208243.5
578167.1,4208243.5
578167.25,4208243.5
578167.3,4208243.5
578167.4,4208243.5
578167.44,4208243.5
578167.5,4208243.5
578167.56,4208243.5
578167.6,4208243.5
578167.7,4208243.5
578167.8,4208243.5
578167.9,4208243.5
578167.94,4208243.5
578168.0,4208243.5
578168.06,4208243.5
578168.1,4208243.5
578168.2,4208243.5
578168.25,4208243.5
578168.4,4208243.5
578168.44,4208243.5
578168.5,4208243.5
578168.56,4208243.5
578168.6,4208243.5
578168.7,4208243.5
578168.75,4208243.5
578168.8,4208243.5
578168.94,4208243.5
578169.0,4208243.5
578169.06,4208243.0
578169.1,4208243.0
578169.2,4208243.0
578169.25,4208243.0
578169.3,4208243.0
578169.4,4208243.0
578169.5,4208243.0
578169.56,4208243.0
578169.6,4208243.0
578169.7,4208243.0
578169.75,4208243.0
578169.8,4208243.0
578169.9,4208243.0
578169.94,4208243.0
578170.06,4208243.0
578170.1,4208243.0
578170.2,4208243.0
578170.25,4208243.0
578170.3,4208243.0
578170.4,4208243.0
578170.44,4208243.0
578170.5,4208243.0
578170.56,4208243.0
578170.7,4208243.0
578170.75,4208243.0
578170.8,4208243.0
578170.9,4208243.0
578170.94,4208243.0
578171.0,4208243.0
578171.06,4208243.0
578171.1,4208243.0
578171.25,4208243.0
578171.3,4208243.0
578171.4,4208243.0
578171.44,4208243.0
578171.5,4208243.0
578171.56,4208243.0
578171.6,4208243.0
578171.7,4208243.0
578171.8,4208243.0
578171.9,4208243.0
578171.94,4208243.0
578172.0,4208242.5
578172.06,4208242.5
578172.1,4208242.5
578172.2,4208242.5
578172.25,4208242.5
578172.4,4208242.5
578172.44,4208242.5
578172.5,4208242.5
578172.56,4208242.5
578172.6,4208242.5
578172.7,4208242.5
578172.75,4208242.5
578172.8,4208242.5
578172.94,4208242.5
578173.0,4208242.5
578173.06,4208242.5
578173.1,4208242.5
578173.2,4208242.5
578173.25,4208242.5
578173.3,4208242.5
578173.44,4208242.5
578173.5,4208242.5
578173.56,4208242.5
578173.6,4208242.5
578173.7,4208242.5
578173.75,4208242.5
578173.8,4208242.5
578173.9,4208242.5
578174.0,4208242.5
578174.06,4208242.5
578174.1,4208242.5
578174.2,4208242.5
578174.25,4208242.5
578174.3,4208242.5
578174.4,4208242.5
578174.5,4208242.5
578174.56,4208242.5
578174.6,4208242.5
578174.7,4208242.5
578174.75,4208242.5
578174.8,4208242.5
578174.9,4208242.5
578175.0,4208242.5
578175.06,4208242.0
578175.1,4208242.0
578175.2,4208242.0
578175.25,4208242.0
578175.3,4208242.0
578175.4,4208242.0
578175.5,4208242.0
578175.56,4208242.0
578175.6,4208242.0
578175.7,4208242.0
578175.75,4208242.0
578175.8,4208242.0
578175.9,4208242.0
578176.0,4208242.0
578176.06,4208242.0
578176.1,4208242.0
578176.2,4208242.0
578176.25,4208242.0
578176.3,4208242.0
578176.4,4208242.0
578176.44,4208242.0
578176.56,4208242.0
578176.6,4208242.0
578176.7,4208242.0
578176.75,4208242.0
578176.8,4208242.0
578176.9,4208242.0
578176.94,4208242.0
578177.06,4208242.0
578177.1,4208242.0
578177.2,4208242.0
578177.25,4208242.0
578177.3,4208242.0
578177.4,4208242.0
578177.44,4208242.0
578177.56,4208242.0
578177.6,4208242.0
578177.7,4208242.0
578177.75,4208242.0
578177.8,4208242.0
578177.9,4208242.0
578177.94,4208242.0
578178.06,4208242.0
578178.1,4208242.0
578178.2,4208241.5
578178.25,4208241.5
578178.3,4208241.5
578178.4,4208241.5
578178.44,4208241.5
578178.56,4208241.5
578178.6,4208241.5
578178.7,4208241.5
578178.75,4208241.5
578178.8,4208241.5
578178.9,4208241.5
578178.94,4208241.5
578179.0,4208241.5
578179.1,4208241.5
578179.2,4208241.5
578179.25,4208241.5
578179.3,4208241.5
578179.4,4208241.5
578179.44,4208241.5
578179.5,4208241.5
578179.6,4208241.5
578179.7,4208241.5
578179.75,4208241.5
578179.8,4208241.5
578179.9,4208241.5
578179.94,4208241.5
578180.0,4208241.5
578180.1,4208241.5
578180.2,4208241.5
578180.25,4208241.5
578180.3,4208241.5
578180.4,4208241.5
578180.44,4208241.5
578180.5,4208241.5
578180.6,4208241.5
578180.7,4208241.5
578180.75,4208241.5
578180.8,4208241.5
578180.9,4208241.5
578180.94,4208241.5
578181.0,4208241.5
578181.1,4208241.5
578181.2,4208241.5
578181.25,4208241.5
578181.3,4208241.0
578181.4,4208241.0
578181.44,4208241.0
578181.5,4208241.0
578181.56,4208241.0
578181.7,4208241.0
578181.75,4208241.0
578181.8,4208241.0
578181.9,4208241.0
578181.94,4208241.0
578182.0,4208241.0
578182.06,4208241.0
578182.2,4208241.0
578182.25,4208241.0
578182.3,4208241.0
578182.4,4208241.0
578182.44,4208241.0
578182.5,4208241.0
578182.56,4208241.0
578182.7,4208241.0
578182.75,4208241.0
578182.8,4208241.0
578182.9,4208241.0
578182.94,4208241.0
578183.0,4208241.0
578183.06,4208241.0
578183.2,4208241.0
578183.25,4208241.0
578183.3,4208241.0
578183.4,4208241.0
578183.44,4208241.0
578183.5,4208241.0
578183.56,4208241.0
578183.7,4208241.0
578183.75,4208241.0
578183.8,4208241.0
578183.9,4208241.0
578183.94,4208241.0
578184.0,4208241.0
578184.06,4208241.0
578184.1,4208241.0
578184.25,4208241.0
578184.3,4208241.0
578184.4,4208240.5
578184.44,4208240.5
578184.5,4208240.5
578184.56,4208240.5
578184.6,4208240.5
578184.75,4208240.5
578184.8,4208240.5
578184.9,4208240.5
578184.94,4208240.5
578185.0,4208240.5
578185.06,4208240.5
578185.1,4208240.5
578185.25,4208240.5
578185.3,4208240.5
578185.4,4208240.5
578185.44,4208240.5
578185.5,4208240.5
578185.56,4208240.5
578185.6,4208240.5
578185.7,4208240.5
578185.75,4208240.5
578185.9,4208240.5
578185.94,4208240.5
578186.0,4208240.5
578186.06,4208240.5
578186.1,4208240.5
578186.2,4208240.5
578186.25,4208240.5
578186.3,4208240.5
578186.4,4208240.5
578186.5,4208240.5
578186.56,4208240.5
578186.6,4208240.5
578186.7,4208240.5
578186.75,4208240.5
578186.8,4208240.5
578186.9,4208240.5
578186.94,4208240.5
578187.0,4208240.5
578187.1,4208240.5
578187.2,4208240.5
578187.25,4208240.5
578187.3,4208240.5
578187.4,4208240.5
578187.44,4208240.5
578187.5,4208240.5
578187.56,4208240.0
578187.6,4208240.0
578187.75,4208240.0
578187.8,4208240.0
578187.9,4208240.0
578187.94,4208240.0
578188.0,4208240.0
578188.06,4208240.0
578188.1,4208240.0
578188.2,4208240.0
578188.25,4208240.0
578188.4,4208240.0
578188.44,4208240.0
578188.5,4208240.0
578188.56,4208240.0
578188.6,4208240.0
578188.7,4208240.0
578188.75,4208240.0
578188.8,4208240.0
578188.9,4208240.0
578189.0,4208240.0
578189.06,4208240.0
578189.1,4208240.0
578189.2,4208240.0
578189.25,4208240.0
578189.3,4208240.0
578189.4,4208240.0
578189.44,4208240.0
578189.5,4208240.0
578189.6,4208240.0
578189.7,4208240.0
578189.75,4208240.0
578189.8,4208240.0
578189.9,4208240.0
578189.94,4208240.0
578190.0,4208240.0
578190.06,4208240.0
578190.1,4208240.0
578190.25,4208240.0
578190.3,4208240.0
578190.4,4208240.0
578190.44,4208240.0
578190.5,4208240.0
578190.56,4208240.0
578190.6,4208240.0
578190.7,4208240.0
578190.75,4208239.5
578190.9,4208239.5
578190.94,4208239.5
578191.0,4208239.5
578191.06,4208239.5
578191.1,4208239.5
578191.2,4208239.5
578191.25,4208239.5
578191.3,4208239.5
578191.4,4208239.5
578191.5,4208239.5
578191.56,4208239.5
578191.6,4208239.5
578191.7,4208239.5
578191.75,4208239.5
578191.8,4208239.5
578191.9,4208239.5
578191.94,4208239.5
578192.0,4208239.5
578192.1,4208239.5
578192.2,4208239.5
578192.25,4208239.5
578192.3,4208239.5
578192.4,4208239.5
578192.44,4208239.5
578192.5,4208239.5
578192.56,4208239.5
578192.6,4208239.5
578192.75,4208239.5
578192.8,4208239.5
578192.9,4208239.5
578192.94,4208239.5
578193.0,4208239.5
578193.06,4208239.5
578193.1,4208239.5
578193.2,4208239.5
578193.25,4208239.5
578193.3,4208239.5
578193.44,4208239.5
578193.5,4208239.5
578193.56,4208239.5
578193.6,4208239.5
578193.7,4208239.5
578193.75,4208239.5
578193.8,4208239.5
578193.9,4208239.5
578193.94,4208239.5
578194.06,4208239.0
578194.1,4208239.0
578194.2,4208239.0
578194.25,4208239.0
578194.3,4208239.0
578194.4,4208239.0
578194.44,4208239.0
578194.5,4208239.0
578194.56,4208239.0
578194.7,4208239.0
578194.75,4208239.0
578194.8,4208239.0
578194.9,4208239.0
578194.94,4208239.0
578195.0,4208239.0
578195.06,4208239.0
578195.1,4208239.0
578195.2,4208239.0
578195.3,4208239.0
578195.4,4208239.0
578195.44,4208239.0
578195.5,4208239.0
578195.56,4208239.0
578195.6,4208239.0
578195.7,4208239.0
578195.75,4208239.0
578195.8,4208239.0
578195.94,4208239.0
578196.0,4208239.0
578196.06,4208239.0
578196.1,4208239.0
578196.2,4208239.0
578196.25,4208239.0
578196.3,4208239.0
578196.4,4208239.0
578196.44,4208239.0
578196.56,4208239.0
578196.6,4208239.0
578196.7,4208239.0
578196.75,4208239.0
578196.8,4208239.0
578196.9,4208239.0
578196.94,4208239.0
578197.0,4208239.0
578197.06,4208239.0
578197.2,4208239.0
578197.25,4208238.5
578197.3,4208238.5
578197.4,4208238.5
578197.44,4208238.5
578197.5,4208238.5
578197.56,4208238.5
578197.6,4208238.5
578197.7,4208238.5
578197.8,4208238.5
578197.9,4208238.5
578197.94,4208238.5
578198.0,4208238.5
578198.06,4208238.5
578198.1,4208238.5
578198.2,4208238.5
578198.25,4208238.5
578198.3,4208238.5
578198.44,4208238.5
578198.5,4208238.5
578198.56,4208238.5
578198.6,4208238.5
578198.7,4208238.5
578198.75,4208238.5
578198.8,4208238.5
578198.9,4208238.5
578198.94,4208238.5
578199.06,4208238.5
578199.1,4208238.5
578199.2,4208238.5
578199.25,4208238.5
578199.3,4208238.5
578199.4,4208238.5
578199.44,4208238.5
578199.5,4208238.5
578199.56,4208238.5
578199.6,4208238.5
578199.7,4208238.5
578199.75,4208238.5
578199.8,4208238.5
578199.9,4208238.5
578199.94,4208238.5
578200.0,4208238.5
578200.06,4208238.5
578200.1,4208238.5
578200.2,4208238.5
578200.25,4208238.5
578200.3,4208238.5
578200.4,4208238.5
578200.44,4208238.5
578200.5,4208238.0
578200.56,4208238.0
578200.6,4208238.0
578200.7,4208238.0
578200.75,4208238.0
578200.8,4208238.0
578200.9,4208238.0
578201.0,4208238.0
578201.06,4208238.0
578201.1,4208238.0
578201.2,4208238.0
578201.25,4208238.0
578201.3,4208238.0
578201.4,4208238.0
578201.44,4208238.0
578201.5,4208238.0
578201.56,4208238.0
578201.6,4208238.0
578201.7,4208238.0
578201.75,4208238.0
578201.8,4208238.0
578201.9,4208238.0
578201.94,4208238.0
578202.0,4208238.0
578202.06,4208238.0
578202.1,4208238.0
578202.2,4208238.0
578202.25,4208238.0
578202.3,4208238.0
578202.4,4208238.0
578202.44,4208238.0
578202.5,4208238.0
578202.56,4208238.0
578202.6,4208238.0
578202.7,4208238.0
578202.75,4208238.0
578202.8,4208238.0
578202.9,4208238.0
578202.94,4208238.0
578203.06,4208238.0
578203.1,4208238.0
578203.2,4208238.0
578203.25,4208238.0
578203.3,4208238.0
578203.4,4208238.0
578203.44,4208238.0
578203.5,4208238.0
578203.56,4208238.0
578203.6,4208238.0
578203.7,4208238.0
578203.75,4208238.0
578203.8,4208237.5
578203.9,4208237.5
578203.94,4208237.5
578204.0,4208237.5
578204.06,4208237.5
578204.1,4208237.5
578204.2,4208237.5
578204.25,4208237.5
578204.3,4208237.5
578204.4,4208237.5
578204.44,4208237.5
578204.5,4208237.5
578204.56,4208237.5
578204.6,4208237.5
578204.7,4208237.5
578204.75,4208237.5
578204.8,4208237.5
578204.9,4208237.5
578204.94,4208237.5
578205.0,4208237.5
578205.1,4208237.5
578205.2,4208237.5
578205.25,4208237.5
578205.3,4208237.5
578205.4,4208237.5
578205.44,4208237.5
578205.5,4208237.5
578205.56,4208237.5
578205.6,4208237.5
578205.7,4208237.5
578205.75,4208237.5
578205.8,4208237.5
578205.9,4208237.5
578205.94,4208237.5
578206.0,4208237.5
578206.06,4208237.5
578206.1,4208237.5
578206.2,4208237.5
578206.25,4208237.5
578206.3,4208237.5
578206.4,4208237.5
578206.44,4208237.5
578206.5,4208237.5
578206.56,4208237.5
578206.6,4208237.5
578206.7,4208237.5
578206.75,4208237.5
578206.8,4208237.5
578206.9,4208237.5
578206.94,4208237.5
578207.0,4208237.5
578207.06,4208237.5
578207.2,4208237.0
578207.25,4208237.0
578207.3,4208237.0
578207.4,4208237.0
578207.44,4208237.0
578207.5,4208237.0
578207.56,4208237.0
578207.6,4208237.0
578207.7,4208237.0
578207.75,4208237.0
578207.8,4208237.0
578207.9,4208237.0
578207.94,4208237.0
578208.0,4208237.0
578208.06,4208237.0
578208.1,4208237.0
578208.2,4208237.0
578208.25,4208237.0
578208.3,4208237.0
578208.4,4208237.0
578208.44,4208237.0
578208.5,4208237.0
578208.56,4208237.0
578208.6,4208237.0
578208.7,4208237.0
578208.75,4208237.0
578208.8,4208237.0
578208.9,4208237.0
578208.94,4208237.0
578209.0,4208237.0
578209.06,4208237.0
578209.1,4208237.0
578209.25,4208237.0
578209.3,4208237.0
578209.4,4208237.0
578209.44,4208237.0
578209.5,4208237.0
578209.56,4208237.0
578209.6,4208237.0
578209.7,4208237.0
578209.75,4208237.0
578209.8,4208237.0
578209.9,4208237.0
578209.94,4208237.0
578210.0,4208237.0
578210.06,4208237.0
578210.1,4208237.0
578210.2,4208237.0
578210.25,4208237.0
578210.3,4208237.0
578210.4,4208237.0
578210.44,4208237.0
578210.5,4208236.5
578210.56,4208236.5
578210.6,4208236.5
578210.7,4208236.5
578210.75,4208236.5
578210.8,4208236.5
578210.9,4208236.5
578210.94,4208236.5
578211.0,4208236.5
578211.06,4208236.5
578211.1,4208236.5
578211.25,4208236.5
578211.3,4208236.5
578211.4,4208236.5
578211.44,4208236.5
578211.5,4208236.5
578211.56,4208236.5
578211.6,4208236.5
578211.7,4208236.5
578211.75,4208236.5
578211.8,4208236.5
578211.9,4208236.5
578211.94,4208236.5
578212.0,4208236.5
578212.06,4208236.5
578212.1,4208236.5
578212.2,4208236.5
578212.25,4208236.5
578212.3,4208236.5
578212.4,4208236.5
578212.44,4208236.5
578212.5,4208236.5
578212.56,4208236.5
578212.6,4208236.5
578212.7,4208236.5
578212.75,4208236.5
578212.8,4208236.5
578212.9,4208236.5
578212.94,4208236.5
578213.0,4208236.5
578213.06,4208236.5
578213.1,4208236.5
578213.2,4208236.5
578213.25,4208236.5
578213.3,4208236.5
578213.4,4208236.5
578213.44,4208236.5
578213.5,4208236.5
578213.56,4208236.5
578213.6,4208236.5
578213.7,4208236.5
578213.75,4208236.0
578213.8,4208236.0
578213.9,4208236.0
578213.94,4208236.0
578214.0,4208236.0
578214.06,4208236.0
578214.1,4208236.0
578214.2,4208236.0
578214.25,4208236.0
578214.3,4208236.0
578214.4,4208236.0
578214.44,4208236.0
578214.5,4208236.0
578214.56,4208236.0
578214.6,4208236.0
578214.7,4208236.0
578214.75,4208236.0
578214.8,4208236.0
578214.9,4208236.0
578214.94,4208236.0
578215.0,4208236.0
578215.06,4208236.0
578215.1,4208236.0
578215.2,4208236.0
578215.25,4208236.0
578215.3,4208236.0
578215.4,4208236.0
578215.44,4208236.0
578215.5,4208236.0
578215.56,4208236.0
578215.6,4208236.0
578215.7,4208236.0
578215.75,4208236.0
578215.8,4208236.0
578215.9,4208236.0
578215.94,4208236.0
578216.0,4208236.0
578216.06,4208236.0
578216.1,4208236.0
578216.2,4208236.0
578216.25,4208236.0
578216.3,4208236.0
578216.4,4208236.0
578216.44,4208236.0
578216.5,4208236.0
578216.56,4208236.0
578216.6,4208236.0
578216.7,4208236.0
578216.75,4208236.0
578216.8,4208236.0
578216.9,4208236.0
578216.94,4208235.5
578217.0,4208235.5
578217.06,4208235.5
578217.1,4208235.5
578217.2,4208235.5
578217.25,4208235.5
578217.3,4208235.5
578217.4,4208235.5
578217.44,4208235.5
578217.5,4208235.5
578217.56,4208235.5
578217.6,4208235.5
578217.7,4208235.5
578217.75,4208235.5
578217.8,4208235.5
578217.9,4208235.5
578217.94,4208235.5
578218.0,4208235.5
578218.06,4208235.5
578218.1,4208235.5
578218.2,4208235.5
578218.25,4208235.5
578218.3,4208235.5
578218.4,4208235.5
578218.44,4208235.5
578218.5,4208235.5
578218.56,4208235.5
578218.6,4208235.5
578218.7,4208235.5
578218.75,4208235.5
578218.8,4208235.5
578218.9,4208235.5
578218.94,4208235.5
578219.0,4208235.5
578219.06,4208235.5
578219.1,4208235.5
578219.2,4208235.5
578219.25,4208235.5
578219.3,4208235.5
578219.4,4208235.5
578219.44,4208235.5
578219.5,4208235.5
578219.56,4208235.5
578219.6,4208235.5
578219.7,4208235.5
578219.75,4208235.5
578219.8,4208235.5
578219.9,4208235.5
578219.94,4208235.5
578220.0,4208235.5
578220.06,4208235.5
578220.1,4208235.0
578220.2,4208235.0
578220.25,4208235.0
578220.3,4208235.0
578220.4,4208235.0
578220.44,4208235.0
578220.5,4208235.0
578220.56,4208235.0
578220.6,4208235.0
578220.7,4208235.0
578220.75,4208235.0
578220.8,4208235.0
578220.9,4208235.0
578220.94,4208235.0
578221.0,4208235.0
578221.06,4208235.0
578221.1,4208235.0
578221.2,4208235.0
578221.25,4208235.0
578221.3,4208235.0
578221.4,4208235.0
578221.44,4208235.0
578221.5,4208235.0
578221.56,4208235.0
578221.6,4208235.0
578221.7,4208235.0
578221.75,4208235.0
578221.8,4208235.0
578221.9,4208235.0
578221.94,4208235.0
578222.0,4208235.0
578222.06,4208235.0
578222.1,4208235.0
578222.2,4208235.0
578222.25,4208235.0
578222.3,4208235.0
578222.4,4208235.0
578222.44,4208235.0
578222.5,4208235.0
578222.56,4208235.0
578222.6,4208235.0
578222.7,4208235.0
578222.75,4208235.0
578222.8,4208235.0
578222.9,4208235.0
578222.94,4208235.0
578223.0,4208235.0
578223.06,4208235.0
578223.1,4208235.0
578223.2,4208235.0
578223.25,4208235.0
578223.3,4208234.5
578223.4,4208234.5
578223.44,4208234.5
578223.5,4208234.5
578223.56,4208234.5
578223.6,4208234.5
578223.7,4208234.5
578223.75,4208234.5
578223.8,4208234.5
578223.9,4208234.5
578223.94,4208234.5
578224.0,4208234.5
578224.06,4208234.5
578224.1,4208234.5
578224.2,4208234.5
578224.25,4208234.5
578224.3,4208234.5
578224.4,4208234.5
578224.44,4208234.5
578224.5,4208234.5
578224.56,4208234.5
578224.6,4208234.5
578224.7,4208234.5
578224.75,4208234.5
578224.8,4208234.5
578224.9,4208234.5
578224.94,4208234.5
578225.0,4208234.5
578225.06,4208234.5
578225.1,4208234.5
578225.2,4208234.5
578225.25,4208234.5
578225.3,4208234.5
578225.4,4208234.5
578225.44,4208234.5
578225.5,4208234.5
578225.56,4208234.5
578225.6,4208234.5
578225.7,4208234.5
578225.75,4208234.5
578225.8,4208234.5
578225.9,4208234.5
578225.94,4208234.5
578226.0,4208234.5
578226.06,4208234.5
578226.1,4208234.5
578226.2,4208234.0
578226.25,4208234.0
578226.3,4208234.0
578226.4,4208234.0
578226.44,4208234.0
578226.5,4208234.0
578226.56,4208234.0
578226.6,4208234.0
578226.7,4208234.0
578226.75,4208234.0
578226.8,4208234.0
578226.9,4208234.0
578226.94,4208234.0
578227.0,4208234.0
578227.06,4208234.0
578227.1,4208234.0
578227.2,4208234.0
578227.25,4208234.0
578227.3,4208234.0
578227.4,4208234.0
578227.44,4208234.0
578227.5,4208234.0
578227.56,4208234.0
578227.6,4208234.0
578227.7,4208234.0
578227.75,4208234.0
578227.8,4208234.0
578227.9,4208234.0
578227.94,4208234.0
578228.0,4208234.0
578228.06,4208234.0
578228.1,4208234.0
578228.2,4208234.0
578228.25,4208234.0
578228.3,4208234.0
578228.4,4208234.0
578228.44,4208234.0
578228.5,4208234.0
578228.56,4208234.0
578228.6,4208234.0
578228.7,4208234.0
578228.75,4208234.0
578228.8,4208234.0
578228.9,4208234.0
578228.94,4208234.0
578228.94,4208233.5
578229.0,4208233.5
578229.06,4208233.5
578229.1,4208233.5
578229.2,4208233.5
578229.25,4208233.5
578229.3,4208233.5
578229.4,4208233.5
578229.44,4208233.5
578229.5,4208233.5
578229.56,4208233.5
578229.6,4208233.5
578229.7,4208233.5
578229.75,4208233.5
578229.8,4208233.5
578229.9,4208233.5
578229.94,4208233.5
578230.0,4208233.5
578230.06,4208233.5
578230.1,4208233.5
578230.2,4208233.5
578230.25,4208233.5
578230.3,4208233.5
578230.4,4208233.5
578230.44,4208233.5
578230.5,4208233.5
578230.56,4208233.5
578230.6,4208233.5
578230.7,4208233.5
578230.75,4208233.5
578230.8,4208233.5
578230.9,4208233.5
578230.94,4208233.5
578231.0,4208233.5
578231.06,4208233.5
578231.1,4208233.5
578231.2,4208233.5
578231.25,4208233.5
578231.3,4208233.5
578231.4,4208233.5
578231.44,4208233.5
578231.5,4208233.5
578231.56,4208233.5
578231.6,4208233.5
578231.7,4208233.0
578231.75,4208233.0
578231.8,4208233.0
578231.9,4208233.0
578231.94,4208233.0
578232.0,4208233.0
578232.06,4208233.0
578232.1,4208233.0
578232.2,4208233.0
578232.25,4208233.0
578232.3,4208233.0
578232.4,4208233.0
578232.44,4208233.0
578232.5,4208233.0
578232.56,4208233.0
578232.6,4208233.0
578232.7,4208233.0
578232.75,4208233.0
578232.8,4208233.0
578232.9,4208233.0
578232.94,4208233.0
578233.0,4208233.0
578233.06,4208233.0
578233.1,4208233.0
578233.2,4208233.0
578233.25,4208233.0
578233.3,4208233.0
578233.4,4208233.0
578233.44,4208233.0
578233.5,4208233.0
578233.56,4208233.0
578233.6,4208233.0
578233.7,4208233.0
578233.75,4208233.0
578233.8,4208233.0
578233.9,4208233.0
578233.94,4208233.0
578234.0,4208233.0
578234.06,4208233.0
578234.1,4208233.0
578234.2,4208233.0
578234.25,4208233.0
578234.3,4208233.0
578234.4,4208233.0
578234.44,4208232.5
578234.5,4208232.5
578234.56,4208232.5
578234.6,4208232.5
578234.7,4208232.5
578234.75,4208232.5
578234.8,4208232.5
578234.9,4208232.5
578234.94,4208232.5
578235.0,4208232.5
578235.06,4208232.5
578235.1,4208232.5
578235.2,4208232.5
578235.25,4208232.5
578235.3,4208232.5
578235.4,4208232.5
578235.44,4208232.5
578235.5,4208232.5
578235.56,4208232.5
578235.6,4208232.5
578235.7,4208232.5
578235.75,4208232.5
578235.8,4208232.5
578235.9,4208232.5
578235.94,4208232.5
578236.0,4208232.5
578236.06,4208232.5
578236.1,4208232.5
578236.2,4208232.5
578236.25,4208232.5
578236.3,4208232.5
578236.4,4208232.5
578236.44,4208232.5
578236.5,4208232.5
578236.56,4208232.5
578236.6,4208232.5
578236.7,4208232.5
578236.75,4208232.5
578236.8,4208232.5
578236.9,4208232.5
578236.94,4208232.5
578237.0,4208232.5
578237.06,4208232.0
578237.1,4208232.0
578237.2,4208232.0
578237.25,4208232.0
578237.3,4208232.0
578237.4,4208232.0
578237.44,4208232.0
578237.5,4208232.0
578237.56,4208232.0
578237.6,4208232.0
578237.7,4208232.0
578237.75,4208232.0
578237.8,4208232.0
578237.9,4208232.0
578237.94,4208232.0
578238.0,4208232.0
578238.06,4208232.0
578238.1,4208232.0
578238.2,4208232.0
578238.25,4208232.0
578238.3,4208232.0
578238.4,4208232.0
578238.44,4208232.0
578238.5,4208232.0
578238.56,4208232.0
578238.6,4208232.0
578238.7,4208232.0
578238.75,4208232.0
578238.8,4208232.0
578238.9,4208232.0
578238.94,4208232.0
578239.0,4208232.0
578239.06,4208232.0
578239.1,4208232.0
578239.2,4208232.0
578239.25,4208232.0
578239.3,4208232.0
578239.4,4208232.0
578239.44,4208232.0
578239.5,4208231.5
578239.56,4208231.5
578239.6,4208231.5
578239.7,4208231.5
578239.75,4208231.5
578239.8,4208231.5
578239.9,4208231.5
578239.94,4208231.5
578240.0,4208231.5
578240.06,4208231.5
578240.1,4208231.5
578240.2,4208231.5
578240.25,4208231.5
578240.3,4208231.5
578240.4,4208231.5
578240.44,4208231.5
578240.5,4208231.5
578240.56,4208231.5
578240.6,4208231.5
578240.7,4208231.5
578240.75,4208231.5
578240.8,4208231.5
578240.9,4208231.5
578240.94,4208231.5
578241.0,4208231.5
578241.06,4208231.5
578241.1,4208231.5
578241.2,4208231.5
578241.25,4208231.5
578241.3,4208231.5
578241.4,4208231.5
578241.44,4208231.5
578241.5,4208231.5
578241.56,4208231.5
578241.6,4208231.5
578241.7,4208231.5
578241.75,4208231.5
578241.8,4208231.5
578241.9,4208231.5
578241.94,4208231.0
578242.0,4208231.0
578242.06,4208231.0
578242.1,4208231.0
578242.2,4208231.0
578242.25,4208231.0
578242.3,4208231.0
578242.4,4208231.0
578242.44,4208231.0
578242.5,4208231.0
578242.56,4208231.0
578242.6,4208231.0
578242.7,4208231.0
578242.75,4208231.0
578242.8,4208231.0
578242.9,4208231.0
578242.94,4208231.0
578243.0,4208231.0
578243.06,4208231.0
578243.1,4208231.0
578243.2,4208231.0
578243.25,4208231.0
578243.3,4208231.0
578243.4,4208231.0
578243.44,4208231.0
578243.5,4208231.0
578243.56,4208231.0
578243.6,4208231.0
578243.7,4208231.0
578243.75,4208231.0
578243.8,4208231.0
578243.9,4208231.0
578243.94,4208231.0
578244.0,4208231.0
578244.06,4208231.0
578244.1,4208231.0
578244.2,4208231.0
578244.25,4208231.0
578244.3,4208230.5
578244.4,4208230.5
578244.44,4208230.5
578244.5,4208230.5
578244.56,4208230.5
578244.6,4208230.5
578244.7,4208230.5
578244.75,4208230.5
578244.8,4208230.5
578244.9,4208230.5
578244.94,4208230.5
578245.0,4208230.5
578245.06,4208230.5
578245.1,4208230.5
578245.2,4208230.5
578245.25,4208230.5
578245.3,4208230.5
578245.4,4208230.5
578245.44,4208230.5
578245.5,4208230.5
578245.56,4208230.5
578245.6,4208230.5
578245.7,4208230.5
578245.75,4208230.5
578245.8,4208230.5
578245.9,4208230.5
578245.94,4208230.5
578246.0,4208230.5
578246.06,4208230.5
578246.1,4208230.5
578246.2,4208230.5
578246.25,4208230.5
578246.3,4208230.5
578246.4,4208230.5
578246.44,4208230.5
578246.5,4208230.5
578246.56,4208230.5
578246.6,4208230.5
578246.7,4208230.5
578246.75,4208230.0
578246.8,4208230.0
578246.9,4208230.0
578246.94,4208230.0
578247.0,4208230.0
578247.06,4208230.0
578247.1,4208230.0
578247.2,4208230.0
578247.25,4208230.0
578247.3,4208230.0
578247.4,4208230.0
578247.44,4208230.0
578247.5,4208230.0
578247.56,4208230.0
578247.6,4208230.0
578247.7,4208230.0
578247.75,4208230.0
578247.8,4208230.0
578247.9,4208230.0
578247.94,4208230.0
578248.0,4208230.0
578248.06,4208230.0
578248.1,4208230.0
578248.2,4208230.0
578248.25,4208230.0
578248.3,4208230.0
578248.4,4208230.0
578248.44,4208230.0
578248.5,4208230.0
578248.56,4208230.0
578248.6,4208230.0
578248.7,4208230.0
578248.75,4208230.0
578248.8,4208230.0
578248.9,4208229.5
578248.94,4208229.5
578249.0,4208229.5
578249.06,4208229.5
578249.1,4208229.5
578249.2,4208229.5
578249.25,4208229.5
578249.3,4208229.5
578249.4,4208229.5
578249.44,4208229.5
578249.5,4208229.5
578249.56,4208229.5
578249.6,4208229.5
578249.7,4208229.5
578249.75,4208229.5
578249.8,4208229.5
578249.9,4208229.5
578249.94,4208229.5
578250.0,4208229.5
578250.06,4208229.5
578250.1,4208229.5
578250.2,4208229.5
578250.25,4208229.5
578250.3,4208229.5
578250.4,4208229.5
578250.44,4208229.5
578250.5,4208229.5
578250.56,4208229.5
578250.6,4208229.5
578250.7,4208229.5
578250.75,4208229.5
578250.8,4208229.5
578250.9,4208229.5
578250.94,4208229.5
578251.0,4208229.0
578251.06,4208229.0
578251.1,4208229.0
578251.2,4208229.0
578251.25,4208229.0
578251.3,4208229.0
578251.4,4208229.0
578251.44,4208229.0
578251.5,4208229.0
578251.56,4208229.0
578251.6,4208229.0
578251.7,4208229.0
578251.75,4208229.0
578251.8,4208229.0
578251.9,4208229.0
578251.94,4208229.0
578252.0,4208229.0
578252.06,4208229.0
578252.1,4208229.0
578252.2,4208229.0
578252.25,4208229.0
578252.3,4208229.0
578252.4,4208229.0
578252.44,4208229.0
578252.5,4208229.0
578252.56,4208229.0
578252.6,4208229.0
578252.7,4208229.0
578252.75,4208229.0
578252.8,4208229.0
578252.9,4208229.0
578252.94,4208229.0
578253.0,4208229.0
578253.06,4208229.0
578253.1,4208229.0
578253.2,4208228.5
578253.25,4208228.5
578253.3,4208228.5
578253.4,4208228.5
578253.44,4208228.5
578253.5,4208228.5
578253.56,4208228.5
578253.6,4208228.5
578253.7,4208228.5
578253.75,4208228.5
578253.8,4208228.5
578253.9,4208228.5
578253.94,4208228.5
578254.0,4208228.5
578254.06,4208228.5
578254.1,4208228.5
578254.2,4208228.5
578254.25,4208228.5
578254.3,4208228.5
578254.4,4208228.5
578254.44,4208228.5
578254.5,4208228.5
578254.56,4208228.5
578254.6,4208228.5
578254.7,4208228.5
578254.75,4208228.5
578254.8,4208228.5
578254.9,4208228.5
578254.94,4208228.5
578255.0,4208228.5
578255.06,4208228.5
578255.1,4208228.5
578255.2,4208228.5
578255.25,4208228.5
578255.3,4208228.0
578255.4,4208228.0
578255.44,4208228.0
578255.5,4208228.0
578255.56,4208228.0
578255.6,4208228.0
578255.7,4208228.0
578255.75,4208228.0
578255.8,4208228.0
578255.9,4208228.0
578255.94,4208228.0
578256.0,4208228.0
578256.06,4208228.0
578256.1,4208228.0
578256.2,4208228.0
578256.25,4208228.0
578256.3,4208228.0
578256.4,4208228.0
578256.44,4208228.0
578256.5,4208228.0
578256.56,4208228.0
578256.6,4208228.0
578256.7,4208228.0
578256.75,4208228.0
578256.8,4208228.0
578256.9,4208228.0
578256.94,4208228.0
578257.0,4208228.0
578257.06,4208228.0
578257.1,4208228.0
578257.2,4208228.0
578257.25,4208228.0
578257.3,4208228.0
578257.4,4208228.0
578257.44,4208227.5
578257.5,4208227.5
578257.56,4208227.5
578257.6,4208227.5
578257.7,4208227.5
578257.75,4208227.5
578257.8,4208227.5
578257.9,4208227.5
578257.94,4208227.5
578258.0,4208227.5
578258.06,4208227.5
578258.1,4208227.5
578258.2,4208227.5
578258.25,4208227.5
578258.3,4208227.5
578258.4,4208227.5
578258.44,4208227.5
578258.5,4208227.5
578258.56,4208227.5
578258.6,4208227.5
578258.7,4208227.5
578258.75,4208227.5
578258.8,4208227.5
578258.9,4208227.5
578258.94,4208227.5
578259.0,4208227.5
578259.06,4208227.5
578259.1,4208227.5
578259.2,4208227.5
578259.25,4208227.5
578259.3,4208227.5
578259.4,4208227.5
578259.4,4208227.0
578259.44,4208227.0
578259.5,4208227.0
578259.56,4208227.0
578259.6,4208227.0
578259.7,4208227.0
578259.75,4208227.0
578259.8,4208227.0
578259.9,4208227.0
578259.94,4208227.0
578260.0,4208227.0
578260.06,4208227.0
578260.1,4208227.0
578260.2,4208227.0
578260.25,4208227.0
578260.3,4208227.0
578260.4,4208227.0
578260.44,4208227.0
578260.5,4208227.0
578260.56,4208227.0
578260.6,4208227.0
578260.7,4208227.0
578260.75,4208227.0
578260.8,4208227.0
578260.9,4208227.0
578260.94,4208227.0
578261.0,4208227.0
578261.06,4208227.0
578261.1,4208227.0
578261.2,4208227.0
578261.25,4208227.0
578261.3,4208227.0
578261.4,4208227.0
578261.44,4208226.5
578261.5,4208226.5
578261.56,4208226.5
578261.6,4208226.5
578261.7,4208226.5
578261.75,4208226.5
578261.8,4208226.5
578261.9,4208226.5
578261.94,4208226.5
578262.0,4208226.5
578262.06,4208226.5
578262.1,4208226.5
578262.2,4208226.5
578262.25,4208226.5
578262.3,4208226.5
578262.4,4208226.5
578262.44,4208226.5
578262.5,4208226.5
578262.56,4208226.5
578262.6,4208226.5
578262.7,4208226.5
578262.75,4208226.5
578262.8,4208226.5
578262.9,4208226.5
578262.94,4208226.5
578263.0,4208226.5
578263.06,4208226.5
578263.1,4208226.5
578263.2,4208226.5
578263.25,4208226.5
578263.3,4208226.5
578263.4,4208226.5
578263.44,4208226.5
578263.44,4208226.0
578263.5,4208226.0
578263.56,4208226.0
578263.6,4208226.0
578263.7,4208226.0
578263.75,4208226.0
578263.8,4208226.0
578263.9,4208226.0
578263.94,4208226.0
578264.0,4208226.0
578264.06,4208226.0
578264.1,4208226.0
578264.2,4208226.0
578264.25,4208226.0
578264.3,4208226.0
578264.4,4208226.0
578264.44,4208226.0
578264.5,4208226.0
578264.56,4208226.0
578264.6,4208226.0
578264.7,4208226.0
578264.75,4208226.0
578264.8,4208226.0
578264.9,4208226.0
578264.94,4208226.0
578265.0,4208226.0
578265.06,4208226.0
578265.1,4208226.0
578265.2,4208226.0
578265.25,4208226.0
578265.3,4208226.0
578265.4,4208226.0
578265.44,4208225.5
578265.5,4208225.5
578265.56,4208225.5
578265.6,4208225.5
578265.7,4208225.5
578265.75,4208225.5
578265.8,4208225.5
578265.9,4208225.5
578265.94,4208225.5
578266.0,4208225.5
579404.06,4207484.0
579404.0,4207484.0
579403.94,4207484.0
579403.9,4207484.0
579403.8,4207484.0
579403.75,4207484.0
579403.7,4207484.0
579403.6,4207484.0
579403.56,4207484.0
579403.5,4207484.0
579403.44,4207484.0
579403.4,4207484.0
579403.3,4207484.0
579403.25,4207484.0
579403.2,4207484.0
579403.1,4207484.0
579403.06,4207484.0
579403.06,4207484.5
579403.0,4207484.5
579402.94,4207484.5
579402.9,4207484.5
579402.8,4207484.5
579402.75,4207484.5
579402.7,4207484.5
579402.6,4207484.5
579402.56,4207484.5
579402.5,4207484.5
579402.44,4207484.5
579402.4,4207484.5
579402.3,4207484.5
579402.25,4207484.5
579402.2,4207484.5
579402.1,4207484.5
579402.06,4207484.5
579402.0,4207484.5
579401.94,4207484.5
579401.9,4207484.5
579401.9,4207485.0
579401.8,4207485.0
579401.94,4207485.0
579402.0,4207485.0
579402.0,4207485.5
579402.06,4207485.5
579402.1,4207485.5
579402.2,4207485.5
579402.25,4207485.5
579402.3,4207485.5
579402.4,4207485.5
579402.44,4207485.5
579402.5,4207485.5
579402.56,4207485.5
579402.6,4207485.5
579402.7,4207485.5
579402.75,4207485.5
579402.8,4207485.5
579402.9,4207485.5
579402.94,4207485.5
579403.0,4207485.5
579403.06,4207485.5
579403.1,4207485.5
579403.2,4207485.5
579403.25,4207485.5
579403.3,4207485.5
579403.4,4207485.5
579403.44,4207485.5
579403.5,4207485.5
579403.56,4207485.5
579403.6,4207485.5
579403.7,4207485.5
579403.75,4207485.5
579403.8,4207485.5
579403.9,4207485.5
579403.94,4207485.5
579404.0,4207485.5
579404.06,4207485.5
579404.1,4207485.5
579404.2,4207485.5
579404.25,4207485.5
579404.3,4207485.5
579404.4,4207485.5
579404.44,4207485.5
579404.5,4207485.5
579404.56,4207485.5
579404.6,4207485.5
579404.7,4207485.5
579404.75,4207485.5
579404.8,4207485.5
579404.9,4207485.5
579404.94,4207485.5
579405.0,4207485.5
579405.06,4207485.5
579405.1,4207485.5
579405.2,4207485.5
579405.25,4207485.5
579405.3,4207485.5
579405.4,4207485.5
579405.44,4207485.5
579405.5,4207485.5
579405.56,4207485.5
579405.6,4207485.5
579405.7,4207485.5
579405.75,4207485.5
579405.8,4207485.5
579405.9,4207485.5
579405.94,4207485.5
579406.0,4207485.5
579406.06,4207485.5
579406.1,4207485.5
579406.2,4207485.5
579406.25,4207485.5
579406.3,4207485.5
579406.4,4207485.5
579406.4,4207485.0
579406.44,4207485.0
579406.5,4207485.0
579406.56,4207485.0
579406.6,4207485.0
579406.7,4207485.0
579406.75,4207485.0
579406.8,4207485.0
579406.9,4207485.0
579406.94,4207485.0
579407.0,4207485.0
579407.06,4207485.0
579407.1,4207485.0
579407.2,4207485.0
579407.25,4207485.0
579407.25,4207484.5
579407.3,4207484.5
579407.4,4207484.5
579407.44,4207484.5
579407.5,4207484.5
579407.56,4207484.5
579407.6,4207484.5
579407.7,4207484.5
579407.75,4207484.5
579407.8,4207484.5
579407.9,4207484.5
579407.94,4207484.5
579408.0,4207484.5
579408.06,4207484.5
579408.1,4207484.5
579408.2,4207484.5
579408.25,4207484.5
579408.25,4207484.0
579408.3,4207484.0
579408.4,4207484.0
579408.44,4207484.0
579408.5,4207484.0
579408.56,4207484.0
579408.6,4207484.0
579408.7,4207484.0
579408.75,4207484.0
579408.8,4207484.0
579408.9,4207484.0
579408.94,4207484.0
579409.0,4207484.0
579409.06,4207484.0
579409.1,4207484.0
579409.2,4207484.0
579409.25,4207484.0
579409.3,4207484.0
579409.4,4207484.0
579409.44,4207484.0
579409.5,4207484.0
579409.56,4207484.0
579409.6,4207484.0
579409.7,4207484.0
579409.75,4207484.0
579409.8,4207484.0
579409.9,4207484.0
579409.94,4207484.0
579410.0,4207484.0
579410.06,4207484.0
579410.1,4207484.0
579410.2,4207484.0
579410.25,4207484.0
579410.3,4207484.0
579410.4,4207484.0
579410.44,4207484.0
579410.5,4207484.0
579410.56,4207484.0
579410.6,4207484.0
579410.7,4207484.0
579410.75,4207484.0
579410.8,4207484.0
579410.9,4207484.0
579410.94,4207484.0
579411.0,4207484.0
579411.06,4207484.0
579411.1,4207484.0
579411.2,4207484.0
579411.25,4207484.0
579411.3,4207484.0
579411.4,4207484.0
579411.44,4207484.0
579411.5,4207484.0
579411.56,4207484.0
579411.6,4207484.0
579411.7,4207484.0
579411.75,4207484.0
579411.7,4207483.5
579411.6,4207483.5
579411.56,4207483.5
579411.5,4207483.5
579411.44,4207483.5
579411.4,4207483.5
579411.4,4207483.0
579411.3,4207483.0
579411.25,4207483.0
579411.2,4207483.0
579411.1,4207483.0
579411.06,4207483.0
579411.0,4207483.0
579411.0,4207482.5
579410.94,4207482.5
579410.9,4207482.5
579410.8,4207482.5
579410.75,4207482.5
579410.75,4207482.0
579410.7,4207482.0
579410.6,4207482.0
579410.56,4207482.0
579410.5,4207482.0
579410.5,4207481.5
579410.44,4207481.5
579410.4,4207481.5
579410.3,4207481.5
579410.25,4207481.5
579410.25,4207481.0
579410.2,4207481.0
579410.1,4207481.0
579410.1,4207480.5
579410.06,4207480.5
579410.0,4207480.5
579410.06,4207480.0
579410.06,4207479.5
579410.1,4207479.5
579410.2,4207479.5
579410.2,4207479.0
579410.25,4207479.0
579410.25,4207478.5
579410.3,4207478.5
579410.3,4207478.0
579410.4,4207478.0
579410.4,4207477.5
579410.44,4207477.5
579410.44,4207477.0
579410.44,4207476.5
579410.44,4207476.0
579410.5,4207476.0
579410.5,4207475.5
579410.5,4207475.0
579410.44,4207475.0
579410.44,4207474.5
579410.44,4207474.0
579410.5,4207474.0
579410.5,4207473.5
579410.5,4207473.0
579410.56,4207473.0
579410.6,4207473.0
579410.6,4207472.5
579410.7,4207472.5
579410.75,4207472.5
579410.75,4207472.0
579410.8,4207472.0
579410.9,4207472.0
579410.9,4207471.5
579410.94,4207471.5
579411.0,4207471.5
579411.06,4207471.5
579411.1,4207471.5
579411.1,4207471.0
579411.2,4207471.0
579411.25,4207471.0
579411.3,4207471.0
579411.4,4207471.0
579411.4,4207470.5
579411.44,4207470.5
579411.5,4207470.5
579411.56,4207470.5
579411.6,4207470.5
579411.7,4207470.5
579411.75,4207470.5
579411.8,4207470.5
579411.8,4207470.0
579411.9,4207470.0
579411.94,4207470.0
579412.0,4207470.0
579412.06,4207470.0
579412.1,4207470.0
579412.2,4207470.0
579412.25,4207470.0
579412.3,4207470.0
579412.4,4207470.0
579412.4,4207469.5
579412.44,4207469.5
579412.5,4207469.5
579412.56,4207469.5
579412.6,4207469.5
579412.7,4207469.5
579412.75,4207469.5
579412.8,4207469.5
579412.9,4207469.5
579412.94,4207469.5
579413.0,4207469.5
579413.06,4207469.5
579413.1,4207469.5
579413.1,4207469.0
579413.2,4207469.0
579413.25,4207469.0
579413.3,4207469.0
579413.4,4207469.0
579413.44,4207469.0
579413.5,4207469.0
579413.56,4207469.0
579413.6,4207469.0
579413.7,4207469.0
579413.75,4207469.0
579413.8,4207469.0
579413.9,4207469.0
579413.94,4207469.0
579414.0,4207469.0
579414.06,4207469.0
579414.06,4207468.5
579414.1,4207468.5
579414.2,4207468.5
579414.25,4207468.5
579414.3,4207468.5
579414.4,4207468.5
579414.44,4207468.5
579414.5,4207468.5
579414.56,4207468.5
579414.6,4207468.5
579414.7,4207468.5
579414.75,4207468.5
579414.8,4207468.5
579414.9,4207468.5
579414.94,4207468.5
579414.94,4207468.0
579415.0,4207468.0
579415.06,4207468.0
579415.1,4207468.0
579415.2,4207468.0
579415.25,4207468.0
579415.3,4207468.0
579415.4,4207468.0
579415.44,4207468.0
579415.5,4207468.0
579415.56,4207468.0
579415.6,4207468.0
579415.7,4207468.0
579415.75,4207468.0
579415.8,4207468.0
579415.9,4207468.0
579415.94,4207468.0
579415.94,4207467.5
579416.0,4207467.5
579416.06,4207467.5
579416.1,4207467.5
579416.2,4207467.5
579416.25,4207467.5
579416.3,4207467.5
579416.4,4207467.5
579416.44,4207467.5
579416.5,4207467.5
579416.56,4207467.5
579416.6,4207467.5
579416.7,4207467.5
579416.75,4207467.5
579416.8,4207467.5
579416.9,4207467.5
579416.9,4207467.0
579416.94,4207467.0
579417.0,4207467.0
579417.06,4207467.0
579417.1,4207467.0
579417.2,4207467.0
579417.25,4207467.0
579417.3,4207467.0
579417.4,4207467.0
579417.44,4207467.0
579417.5,4207467.0
579417.56,4207467.0
579417.6,4207467.0
579417.7,4207467.0
579417.75,4207467.0
579417.8,4207467.0
579417.9,4207467.0
579417.94,4207467.0
579417.94,4207466.5
579418.0,4207466.5
579418.06,4207466.5
579418.1,4207466.5
579418.2,4207466.5
579418.25,4207466.5
579418.3,4207466.5
579418.4,4207466.5
579418.44,4207466.5
579418.5,4207466.5
579418.56,4207466.5
579418.6,4207466.5
579418.7,4207466.5
579418.75,4207466.5
579418.8,4207466.5
579418.9,4207466.5
579418.94,4207466.5
579419.0,4207466.5
579419.06,4207466.5
579419.1,4207466.5
579419.2,4207466.5
579419.25,4207466.5
579419.3,4207466.5
579419.4,4207466.5
579419.44,4207466.5
579419.5,4207466.5
579419.56,4207466.5
579419.6,4207466.5
579419.7,4207466.5
579419.75,4207466.5
579419.8,4207466.5
579419.9,4207466.5
579419.94,4207466.5
579420.0,4207466.5
579420.0,4207466.0
579420.06,4207466.0
579420.1,4207466.0
579420.2,4207466.0
579420.25,4207466.0
579420.3,4207466.0
579420.4,4207466.0
579420.44,4207466.0
579420.5,4207466.0
579420.56,4207466.0
579420.6,4207466.0
579420.7,4207466.0
579420.75,4207466.0
579420.8,4207466.0
579420.9,4207466.0
579420.94,4207466.0
579421.0,4207466.0
579421.06,4207466.0
579421.1,4207466.0
579421.2,4207466.0
579421.25,4207466.0
579421.3,4207466.0
579421.4,4207466.0
579421.44,4207466.0
579421.5,4207466.0
579421.56,4207466.0
579421.6,4207466.0
579421.7,4207466.0
579421.75,4207466.0
579421.8,4207466.0
579421.8,4207465.5
579421.9,4207465.5
579421.94,4207465.5
579422.0,4207465.5
579422.06,4207465.5
579422.1,4207465.5
579422.2,4207465.5
579422.25,4207465.5
579422.3,4207465.5
579422.4,4207465.5
579422.44,4207465.5
579422.5,4207465.5
579422.56,4207465.5
579422.6,4207465.5
579422.7,4207465.5
579422.75,4207465.5
579422.8,4207465.5
579422.9,4207465.5
579422.94,4207465.5
579423.0,4207465.5
579423.06,4207465.5
579423.1,4207465.5
579423.2,4207465.5
579423.25,4207465.5
579423.3,4207465.5
579423.4,4207465.5
579423.44,4207465.5
579423.5,4207465.5
579423.56,4207465.5
579423.6,4207465.5
579423.6,4207465.0
579423.7,4207465.0
579423.75,4207465.0
579423.8,4207465.0
579423.9,4207465.0
579423.94,4207465.0
579424.0,4207465.0
579424.06,4207465.0
579424.1,4207465.0
579424.2,4207465.0
579424.25,4207465.0
579424.3,4207465.0
579424.4,4207465.0
579424.44,4207465.0
579424.5,4207465.0
579424.56,4207465.0
579424.6,4207465.0
579424.7,4207465.0
579424.75,4207465.0
579424.8,4207465.0
579424.9,4207465.0
579424.94,4207465.0
579425.0,4207465.0
579425.0,4207464.5
579425.06,4207464.5
579425.1,4207464.5
579425.2,4207464.5
579425.25,4207464.5
579425.3,4207464.5
579425.4,4207464.5
579425.44,4207464.5
579425.5,4207464.5
579425.56,4207464.5
579425.6,4207464.5
579425.7,4207464.5
579425.75,4207464.5
579425.8,4207464.5
579425.9,4207464.5
579425.94,4207464.5
579426.0,4207464.5
579426.06,4207464.5
579426.1,4207464.5
579426.2,4207464.5
579426.2,4207464.0
579426.25,4207464.0
579426.3,4207464.0
579426.4,4207464.0
579426.44,4207464.0
579426.5,4207464.0
579426.56,4207464.0
579426.6,4207464.0
579426.7,4207464.0
579426.75,4207464.0
579426.8,4207464.0
579426.9,4207464.0
579426.94,4207464.0
579427.0,4207464.0
579427.06,4207464.0
579427.1,4207464.0
579427.2,4207464.0
579427.2,4207463.5
579427.25,4207463.5
579427.3,4207463.5
579427.4,4207463.5
579427.44,4207463.5
579427.5,4207463.5
579427.56,4207463.5
579427.6,4207463.5
579427.7,4207463.5
579427.75,4207463.5
579427.8,4207463.5
579427.9,4207463.5
579427.94,4207463.5
579428.0,4207463.5
579428.06,4207463.5
579428.06,4207463.0
579428.1,4207463.0
579428.2,4207463.0
579428.25,4207463.0
579428.3,4207463.0
579428.4,4207463.0
579428.44,4207463.0
579428.5,4207463.0
579428.56,4207463.0
579428.6,4207463.0
579428.7,4207463.0
579428.75,4207463.0
579428.8,4207463.0
579428.8,4207462.5
579428.9,4207462.5
579428.94,4207462.5
579429.0,4207462.5
579429.06,4207462.5
579429.1,4207462.5
579429.2,4207462.5
579429.25,4207462.5
579429.3,4207462.5
579429.4,4207462.5
579429.44,4207462.5
579429.5,4207462.5
579429.5,4207462.0
579429.56,4207462.0
579429.6,4207462.0
579429.7,4207462.0
579429.75,4207462.0
579429.8,4207462.0
579429.9,4207462.0
579429.94,4207462.0
579430.0,4207462.0
579430.06,4207462.0
579430.06,4207461.5
579430.1,4207461.5
579430.2,4207461.5
579430.25,4207461.5
579430.3,4207461.5
579430.4,4207461.5
579430.44,4207461.5
579430.5,4207461.5
579430.5,4207461.0
579430.56,4207461.0
579430.6,4207461.0
579430.7,4207461.0
579430.75,4207461.0
579430.8,4207461.0
579430.9,4207461.0
579430.9,4207460.5
579430.94,4207460.5
579431.0,4207460.5
579431.06,4207460.5
579431.1,4207460.5
579431.2,4207460.5
579431.25,4207460.5
579431.25,4207460.0
579431.3,4207460.0
579431.4,4207460.0
579431.44,4207460.0
579431.5,4207460.0
579431.56,4207460.0
579431.6,4207460.0
579431.7,4207460.0
579431.7,4207459.5
579431.75,4207459.5
579431.8,4207459.5
579431.9,4207459.5
579431.94,4207459.5
579432.0,4207459.5
579432.06,4207459.5
579432.1,4207459.5
579432.2,4207459.5
579432.25,4207459.5
579432.25,4207459.0
579432.3,4207459.0
579432.4,4207459.0
579432.44,4207459.0
579432.5,4207459.0
579432.56,4207459.0
579432.6,4207459.0
579432.7,4207459.0
579432.75,4207459.0
579432.8,4207459.0
579432.9,4207459.0
579432.94,4207459.0
579433.0,4207459.0
579433.06,4207459.0
579433.06,4207458.5
579433.1,4207458.5
579433.2,4207458.5
579433.25,4207458.5
579433.3,4207458.5
579433.4,4207458.5
579433.4,4207458.0
579433.4,4207457.5
579433.3,4207457.5
579433.3,4207457.0
579433.25,4207457.0
579433.2,4207457.0
579433.2,4207456.5
579433.1,4207456.5
579433.06,4207456.5
579433.0,4207456.5
579432.94,4207456.5
579432.94,4207456.0
579432.9,4207456.0
579432.8,4207456.0
579432.75,4207456.0
579432.7,4207456.0
579432.6,4207456.0
579432.56,4207456.0
579432.56,4207455.5
579432.5,4207455.5
579432.44,4207455.5
579432.4,4207455.5
579432.3,4207455.5
579432.25,4207455.5
579432.2,4207455.5
579432.1,4207455.5
579432.1,4207455.0
579432.06,4207455.0
579432.0,4207455.0
579431.94,4207455.0
579431.9,4207455.0
579431.8,4207455.0
579431.75,4207455.0
579431.7,4207455.0
579431.7,4207454.5
579431.6,4207454.5
579431.56,4207454.5
579431.5,4207454.5
579431.44,4207454.5
579431.4,4207454.5
579431.3,4207454.5
579431.25,4207454.5
579431.2,4207454.5
579431.2,4207454.0
579431.1,4207454.0
579431.06,4207454.0
579431.0,4207454.0
579430.94,4207454.0
579430.9,4207454.0
579430.8,4207454.0
579430.75,4207454.0
579430.7,4207454.0
579430.7,4207453.5
579430.6,4207453.5
579430.56,4207453.5
579430.5,4207453.5
579430.44,4207453.5
579430.4,4207453.5
579430.3,4207453.5
579430.25,4207453.5
579430.2,4207453.5
579430.1,4207453.5
579430.06,4207453.5
579430.0,4207453.5
579430.0,4207453.0
579429.94,4207453.0
579429.9,4207453.0
579429.8,4207453.0
579429.75,4207453.0
579429.7,4207453.0
579429.6,4207453.0
579429.56,4207453.0
579429.5,4207453.0
579429.44,4207453.0
579429.4,4207453.0
579429.3,4207453.0
579429.25,4207453.0
579429.2,4207453.0
579429.2,4207452.5
579429.1,4207452.5
579429.06,4207452.5
579429.0,4207452.5
579428.94,4207452.5
579428.9,4207452.5
579428.8,4207452.5
579428.75,4207452.5
579428.7,4207452.5
579428.6,4207452.5
579428.56,4207452.5
579428.5,4207452.5
579428.44,4207452.5
579428.4,4207452.5
579428.4,4207452.0
579428.3,4207452.0
579428.25,4207452.0
579428.2,4207452.0
579428.1,4207452.0
579428.06,4207452.0
579428.0,4207452.0
579427.94,4207452.0
579427.9,4207452.0
579427.8,4207452.0
579427.75,4207452.0
579427.7,4207452.0
579427.6,4207452.0
579427.6,4207451.5
579427.56,4207451.5
579427.5,4207451.5
579427.44,4207451.5
579427.4,4207451.5
579427.3,4207451.5
579427.25,4207451.5
579427.2,4207451.5
579427.1,4207451.5
579427.06,4207451.5
579427.06,4207451.0
579427.0,4207451.0
579426.94,4207451.0
579426.9,4207451.0
579426.8,4207451.0
579426.75,4207451.0
579426.7,4207451.0
579426.6,4207451.0
579426.56,4207451.0
579426.5,4207451.0
579426.44,4207451.0
579426.44,4207450.5
579426.4,4207450.5
579426.3,4207450.5
579426.25,4207450.5
579426.2,4207450.5
579426.1,4207450.5
579426.06,4207450.5
579426.0,4207450.5
579425.94,4207450.5
579425.9,4207450.5
579425.8,4207450.5
579425.8,4207450.0
579425.75,4207450.0
579425.7,4207450.0
579425.6,4207450.0
579425.56,4207450.0
579425.5,4207450.0
579425.44,4207450.0
579425.4,4207450.0
579425.3,4207450.0
579425.25,4207450.0
579425.2,4207450.0
579425.1,4207450.0
579425.1,4207449.5
579425.06,4207449.5
579425.0,4207449.5
579424.94,4207449.5
579424.9,4207449.5
579424.8,4207449.5
579424.75,4207449.5
579424.7,4207449.5
579424.6,4207449.5
579424.56,4207449.5
579424.5,4207449.5
579424.44,4207449.5
579424.44,4207449.0
579424.4,4207449.0
579424.3,4207449.0
579424.25,4207449.0
579424.2,4207449.0
579424.1,4207449.0
579424.06,4207449.0
579424.0,4207449.0
579423.94,4207449.0
579423.9,4207449.0
579423.8,4207449.0
579423.8,4207448.5
579423.75,4207448.5
579423.7,4207448.5
579423.6,4207448.5
579423.56,4207448.5
579423.5,4207448.5
579423.44,4207448.5
579423.4,4207448.5
579423.3,4207448.5
579423.25,4207448.5
579423.25,4207448.0
579423.2,4207448.0
579423.1,4207448.0
579423.06,4207448.0
579423.0,4207448.0
579422.94,4207448.0
579422.9,4207448.0
579422.8,4207448.0
579422.75,4207448.0
579422.7,4207448.0
579422.7,4207447.5
579422.6,4207447.5
579422.56,4207447.5
579422.5,4207447.5
579422.44,4207447.5
579422.4,4207447.5
579422.3,4207447.5
579422.25,4207447.5
579422.2,4207447.5
579422.1,4207447.5
579422.1,4207447.0
579422.06,4207447.0
579422.0,4207447.0
579421.94,4207447.0
579421.9,4207447.0
579421.8,4207447.0
579421.75,4207447.0
579421.7,4207447.0
579421.6,4207447.0
579421.6,4207446.5
579421.56,4207446.5
579421.5,4207446.5
579421.44,4207446.5
579421.4,4207446.5
579421.3,4207446.5
579421.25,4207446.5
579421.2,4207446.5
579421.1,4207446.5
579421.1,4207446.0
579421.06,4207446.0
579421.0,4207446.0
579420.94,4207446.0
579420.9,4207446.0
579420.8,4207446.0
579420.75,4207446.0
579420.7,4207446.0
579420.6,4207446.0
579420.6,4207445.5
579420.56,4207445.5
579420.5,4207445.5
579420.44,4207445.5
579420.4,4207445.5
579420.3,4207445.5
579420.25,4207445.5
579420.2,4207445.5
579420.2,4207445.0
579420.1,4207445.0
579420.06,4207445.0
579420.0,4207445.0
579419.94,4207445.0
579419.9,4207445.0
579419.8,4207445.0
579419.75,4207445.0
579419.75,4207444.5
579419.7,4207444.5
579419.6,4207444.5
579419.56,4207444.5
579419.5,4207444.5
579419.44,4207444.5
579419.4,4207444.5
579419.3,4207444.5
579419.3,4207444.0
579419.25,4207444.0
579419.2,4207444.0
579419.1,4207444.0
579419.06,4207444.0
579419.0,4207444.0
579418.94,4207444.0
579418.94,4207443.5
579418.9,4207443.5
579418.8,4207443.5
579418.75,4207443.5
579418.7,4207443.5
579418.6,4207443.5
579418.56,4207443.5
579418.5,4207443.0
579418.44,4207443.0
579418.4,4207443.0
579418.3,4207443.0
579418.25,4207443.0
579418.2,4207443.0
579418.1,4207443.0
579418.1,4207442.5
579418.06,4207442.5
579418.0,4207442.5
579417.94,4207442.5
579417.9,4207442.5
579417.8,4207442.5
579417.75,4207442.5
579417.75,4207442.0
579417.7,4207442.0
579417.6,4207442.0
579417.56,4207442.0
579417.5,4207442.0
579417.44,4207442.0
579417.44,4207441.5
579417.4,4207441.5
579417.3,4207441.5
579417.25,4207441.5
579417.2,4207441.5
579417.1,4207441.5
579417.06,4207441.5
579417.06,4207441.0
579417.0,4207441.0
579416.94,4207441.0
579416.9,4207441.0
579416.8,4207441.0
579416.75,4207441.0
579416.75,4207440.5
579416.7,4207440.5
579416.6,4207440.5
579416.56,4207440.5
579416.5,4207440.5
579416.44,4207440.5
579416.4,4207440.5
579416.4,4207440.0
579416.3,4207440.0
579416.25,4207440.0
579416.2,4207440.0
579416.1,4207440.0
579416.06,4207440.0
579416.06,4207439.5
579416.0,4207439.5
579415.94,4207439.5
579415.9,4207439.5
579415.8,4207439.5
579415.8,4207439.0
579415.75,4207439.0
579415.7,4207439.0
579415.6,4207439.0
579415.56,4207439.0
579415.56,4207438.5
579415.5,4207438.5
579415.44,4207438.5
579415.4,4207438.5
579415.3,4207438.5
579415.3,4207438.0
579415.25,4207438.0
579415.2,4207438.0
579415.1,4207438.0
579415.06,4207438.0
579415.06,4207437.5
579415.0,4207437.5
579414.94,4207437.5
579414.9,4207437.5
579414.8,4207437.5
579414.8,4207437.0
579414.75,4207437.0
579414.7,4207437.0
579414.6,4207437.0
579414.56,4207437.0
579414.56,4207436.5
579414.5,4207436.5
579414.44,4207436.5
579414.4,4207436.5
579414.4,4207436.0
579414.3,4207436.0
579414.25,4207436.0
579414.2,4207436.0
579414.1,4207435.5
579414.06,4207435.5
579414.0,4207435.5
579413.94,4207435.5
579413.94,4207435.0
579413.9,4207435.0
579413.8,4207435.0
579413.75,4207435.0
579413.75,4207434.5
579413.7,4207434.5
579413.6,4207434.5
579413.56,4207434.5
579413.56,4207434.0
579413.5,4207434.0
579413.44,4207434.0
579413.4,4207434.0
579413.4,4207433.5
579413.3,4207433.5
579413.25,4207433.5
579413.2,4207433.5
579413.2,4207433.0
579413.1,4207433.0
579413.06,4207433.0
579413.0,4207433.0
579413.0,4207432.5
579412.94,4207432.5
579412.9,4207432.5
579412.8,4207432.5
579412.8,4207432.0
579412.75,4207432.0
579412.7,4207432.0
579412.7,4207431.5
579412.6,4207431.5
579412.56,4207431.5
579412.5,4207431.5
579412.5,4207431.0
579412.44,4207431.0
579412.4,4207431.0
579412.3,4207430.5
579412.25,4207430.5
579412.2,4207430.5
579412.2,4207430.0
579412.1,4207430.0
579412.06,4207430.0
579412.06,4207429.5
579412.0,4207429.5
579411.94,4207429.5
579411.9,4207429.5
579411.9,4207429.0
579411.8,4207429.0
579411.75,4207429.0
579411.75,4207428.5
579411.7,4207428.5
579411.6,4207428.5
579411.6,4207428.0
579411.56,4207428.0
579411.5,4207428.0
579411.5,4207427.5
579411.44,4207427.5
579411.4,4207427.5
579411.4,4207427.0
579411.3,4207427.0
579411.25,4207427.0
579411.25,4207426.5
579411.2,4207426.5
579411.1,4207426.5
579411.1,4207426.0
579411.06,4207426.0
579411.06,4207425.5
579411.0,4207425.5
579410.94,4207425.5
579410.94,4207425.0
579410.9,4207425.0
579410.9,4207424.5
579410.8,4207424.5
579410.8,4207424.0
579410.8,4207423.5
579410.75,4207423.5
579410.75,4207423.0
579410.7,4207423.0
579410.7,4207422.5
579410.7,4207422.0
579410.7,4207421.5
579410.7,4207421.0
579410.7,4207420.5
579410.7,4207420.0
579410.75,4207420.0
579410.75,4207419.5
579410.8,4207419.0
579410.8,4207418.5
579410.9,4207418.5
579410.9,4207418.0
579410.94,4207418.0
579410.94,4207417.5
579411.0,4207417.5
579411.0,4207417.0
579411.06,4207417.0
579411.1,4207417.0
579411.1,4207416.5
579411.2,4207416.5
579411.2,4207416.0
579411.25,4207416.0
579411.3,4207416.0
579411.3,4207415.5
579411.4,4207415.5
579411.44,4207415.5
579411.44,4207415.0
579411.5,4207415.0
579411.56,4207415.0
579411.56,4207414.5
579411.6,4207414.5
579411.7,4207414.0
579411.75,4207414.0
579411.8,4207414.0
579411.8,4207413.5
579411.9,4207413.5
579411.94,4207413.5
579412.0,4207413.0
579412.06,4207413.0
579412.1,4207413.0
579412.1,4207412.5
579412.2,4207412.5
579412.25,4207412.5
579412.3,4207412.0
579412.4,4207412.0
579412.44,4207412.0
579412.44,4207411.5
579412.5,4207411.5
579412.56,4207411.5
579412.6,4207411.5
579412.6,4207411.0
579412.7,4207411.0
579412.75,4207411.0
579412.8,4207411.0
579412.8,4207410.5
579412.9,4207410.5
579412.94,4207410.5
579413.0,4207410.5
579413.0,4207410.0
579413.06,4207410.0
579413.1,4207410.0
579413.2,4207410.0
579413.25,4207409.5
579413.3,4207409.5
579413.4,4207409.5
579413.4,4207409.0
579413.44,4207409.0
579413.5,4207409.0
579413.56,4207409.0
579413.6,4207408.5
579413.7,4207408.5
579413.75,4207408.5
579413.8,4207408.5
579413.8,4207408.0
579413.9,4207408.0
579413.94,4207408.0
579414.0,4207408.0
579414.06,4207408.0
579414.06,4207407.5
579414.1,4207407.5
579414.2,4207407.5
579414.25,4207407.5
579414.3,4207407.5
579414.3,4207407.0
579414.4,4207407.0
579414.44,4207407.0
579414.5,4207407.0
579414.56,4207406.5
579414.6,4207406.5
579414.7,4207406.5
579414.75,4207406.5
579414.8,4207406.0
579414.9,4207406.0
579414.94,4207406.0
579415.0,4207406.0
579415.06,4207405.5
579415.1,4207405.5
579415.2,4207405.5
579415.25,4207405.5
579415.3,4207405.0
579415.4,4207405.0
579415.44,4207405.0
579415.5,4207405.0
579415.56,4207405.0
579415.56,4207404.5
579415.6,4207404.5
579415.7,4207404.5
579415.75,4207404.5
579415.8,4207404.5
579415.8,4207404.0
579415.9,4207404.0
579415.94,4207404.0
579416.0,4207404.0
579416.06,4207404.0
579416.06,4207403.5
579416.1,4207403.5
579416.2,4207403.5
579416.25,4207403.5
579416.3,4207403.5
579416.4,4207403.0
579416.44,4207403.0
579416.5,4207403.0
579416.56,4207403.0
579416.6,4207403.0
579416.6,4207402.5
579416.7,4207402.5
579416.75,4207402.5
579416.8,4207402.5
579416.9,4207402.5
579416.94,4207402.0
579417.0,4207402.0
579417.06,4207402.0
579417.1,4207402.0
579417.2,4207402.0
579417.2,4207401.5
579417.25,4207401.5
579417.3,4207401.5
579417.4,4207401.5
579417.44,4207401.5
579417.44,4207401.0
579417.5,4207401.0
579417.56,4207401.0
579417.6,4207401.0
579417.7,4207401.0
579417.75,4207401.0
579417.75,4207400.5
579417.8,4207400.5
579417.9,4207400.5
579417.94,4207400.5
579418.0,4207400.5
579418.0,4207400.0
579418.06,4207400.0
579418.1,4207400.0
579418.2,4207400.0
579418.25,4207400.0
579418.3,4207400.0
579418.3,4207399.5
579418.4,4207399.5
579418.44,4207399.5
579418.5,4207399.5
579418.56,4207399.5
579418.6,4207399.0
579418.7,4207399.0
579418.75,4207399.0
579418.8,4207399.0
579418.9,4207399.0
579418.9,4207398.5
579418.94,4207398.5
579419.0,4207398.5
579419.06,4207398.5
579419.1,4207398.5
579419.2,4207398.5
579419.2,4207398.0
579419.25,4207398.0
579419.3,4207398.0
579419.4,4207398.0
579419.44,4207398.0
579419.5,4207397.5
579419.56,4207397.5
579419.6,4207397.5
579419.7,4207397.5
579419.75,4207397.5
579419.75,4207397.0
579419.8,4207397.0
579419.9,4207397.0
579419.94,4207397.0
579420.0,4207397.0
579420.06,4207397.0
579420.06,4207396.5
579420.1,4207396.5
579420.2,4207396.5
579420.25,4207396.5
579420.3,4207396.5
579420.4,4207396.5
579420.4,4207396.0
579420.44,4207396.0
579420.5,4207396.0
579420.56,4207396.0
579420.6,4207396.0
579420.7,4207396.0
579420.7,4207395.5
579420.75,4207395.5
579420.8,4207395.5
579420.9,4207395.5
579420.94,4207395.5
579421.0,4207395.5
579421.0,4207395.0
579421.06,4207395.0
579421.1,4207395.0
579421.2,4207395.0
579421.25,4207395.0
579421.3,4207395.0
579421.4,4207394.5
579421.44,4207394.5
579421.5,4207394.5
579421.56,4207394.5
579421.6,4207394.5
579421.7,4207394.0
579421.75,4207394.0
579421.8,4207394.0
579421.9,4207394.0
579421.94,4207394.0
579422.0,4207393.5
579422.06,4207393.5
579422.1,4207393.5
579422.2,4207393.5
579422.25,4207393.5
579422.25,4207393.0
579422.3,4207393.0
579422.4,4207393.0
579422.44,4207393.0
579422.5,4207393.0
579422.56,4207393.0
579422.6,4207392.5
579422.7,4207392.5
579422.75,4207392.5
579422.8,4207392.5
579422.9,4207392.5
579422.94,4207392.0
579423.0,4207392.0
579423.06,4207392.0
579423.1,4207392.0
579423.2,4207392.0
579423.25,4207392.0
579423.25,4207391.5
579423.3,4207391.5
579423.4,4207391.5
579423.44,4207391.5
579423.5,4207391.5
579423.56,4207391.5
579423.6,4207391.0
579423.7,4207391.0
579423.75,4207391.0
579423.8,4207391.0
579423.9,4207391.0
579423.9,4207390.5
579423.94,4207390.5
579424.0,4207390.5
579424.06,4207390.5
579424.1,4207390.5
579424.2,4207390.5
579424.2,4207390.0
579424.25,4207390.0
579424.3,4207390.0
579424.4,4207390.0
579424.44,4207390.0
579424.5,4207390.0
579424.56,4207389.5
579424.6,4207389.5
579424.7,4207389.5
579424.75,4207389.5
579424.8,4207389.5
579424.9,4207389.5
579424.9,4207389.0
579424.94,4207389.0
579425.0,4207389.0
579425.06,4207389.0
579425.1,4207389.0
579425.2,4207389.0
579425.25,4207388.5
579425.3,4207388.5
579425.4,4207388.5
579425.44,4207388.5
579425.5,4207388.5
579425.56,4207388.0
579425.6,4207388.0
579425.7,4207388.0
579425.75,4207388.0
579425.8,4207388.0
579425.9,4207388.0
579425.9,4207387.5
579425.94,4207387.5
579426.0,4207387.5
579426.06,4207387.5
579426.1,4207387.5
579426.2,4207387.5
579426.2,4207387.0
579426.25,4207387.0
579426.3,4207387.0
579426.4,4207387.0
579426.44,4207387.0
579426.5,4207387.0
579426.56,4207386.5
579426.6,4207386.5
579426.7,4207386.5
579426.75,4207386.5
579426.8,4207386.5
579426.9,4207386.0
579426.94,4207386.0
579427.0,4207386.0
579427.06,4207386.0
579427.1,4207386.0
579427.2,4207386.0
579427.2,4207385.5
579427.25,4207385.5
579427.3,4207385.5
579427.4,4207385.5
579427.44,4207385.5
579427.5,4207385.5
579427.56,4207385.0
579427.6,4207385.0
579427.7,4207385.0
579427.75,4207385.0
579427.8,4207385.0
579427.9,4207385.0
579427.9,4207384.5
579427.94,4207384.5
579428.0,4207384.5
579428.06,4207384.5
579428.1,4207384.5
579428.2,4207384.0
579428.25,4207384.0
579428.3,4207384.0
579428.4,4207384.0
579428.44,4207384.0
579428.5,4207384.0
579428.56,4207383.5
579428.6,4207383.5
579428.7,4207383.5
579428.75,4207383.5
579428.8,4207383.5
579428.9,4207383.5
579428.9,4207383.0
579428.94,4207383.0
579429.0,4207383.0
579429.06,4207383.0
579429.1,4207383.0
579429.2,4207383.0
579429.2,4207382.5
579429.25,4207382.5
579429.3,4207382.5
579429.4,4207382.5
579429.44,4207382.5
579429.5,4207382.5
579429.56,4207382.0
579429.6,4207382.0
579429.7,4207382.0
579429.75,4207382.0
579429.8,4207382.0
579429.9,4207382.0
579429.9,4207381.5
579429.94,4207381.5
579430.0,4207381.5
579430.06,4207381.5
579430.1,4207381.5
579430.2,4207381.5
579430.2,4207381.0
579430.25,4207381.0
579430.3,4207381.0
579430.4,4207381.0
579430.44,4207381.0
579430.5,4207381.0
579430.56,4207380.5
579430.6,4207380.5
579430.7,4207380.5
579430.75,4207380.5
579430.8,4207380.5
579430.9,4207380.0
579430.94,4207380.0
579431.0,4207380.0
579431.06,4207380.0
579431.1,4207380.0
579431.2,4207380.0
579431.2,4207379.5
579431.25,4207379.5
579431.3,4207379.5
579431.4,4207379.5
579431.44,4207379.5
579431.5,4207379.5
579431.5,4207379.0
579431.56,4207379.0
579431.6,4207379.0
579431.7,4207379.0
579431.75,4207379.0
579431.8,4207379.0
579431.9,4207378.5
579431.94,4207378.5
579432.0,4207378.5
579432.06,4207378.5
579432.1,4207378.5
579432.2,4207378.0
579432.25,4207378.0
579432.3,4207378.0
579432.4,4207378.0
579432.44,4207378.0
579432.5,4207378.0
579432.5,4207377.5
579432.56,4207377.5
579432.6,4207377.5
579432.7,4207377.5
579432.75,4207377.5
579432.8,4207377.5
579432.9,4207377.0
579432.94,4207377.0
579433.0,4207377.0
579433.06,4207377.0
579433.1,4207377.0
579433.2,4207376.5
579433.25,4207376.5
579433.3,4207376.5
579433.4,4207376.5
579433.44,4207376.5
579433.5,4207376.5
579433.5,4207376.0
579433.56,4207376.0
579433.6,4207376.0
579433.7,4207376.0
579433.75,4207376.0
579433.8,4207376.0
579433.9,4207375.5
579433.94,4207375.5
579434.0,4207375.5
579434.06,4207375.5
579434.1,4207375.5
579434.2,4207375.0
579434.25,4207375.0
579434.3,4207375.0
579434.4,4207375.0
579434.44,4207375.0
579434.5,4207374.5
579434.56,4207374.5
579434.6,4207374.5
579434.7,4207374.5
579434.75,4207374.5
579434.8,4207374.5
579434.8,4207374.0
579434.9,4207374.0
579434.94,4207374.0
579435.0,4207374.0
579435.06,4207374.0
579435.1,4207374.0
579435.1,4207373.5
579435.2,4207373.5
579435.25,4207373.5
579435.3,4207373.5
579435.4,4207373.5
579435.44,4207373.5
579435.5,4207373.0
579435.56,4207373.0
579435.6,4207373.0
579435.7,4207373.0
579435.75,4207373.0
579435.8,4207372.5
579435.9,4207372.5
579435.94,4207372.5
579436.0,4207372.5
579436.06,4207372.5
579436.1,4207372.0
579436.2,4207372.0
579436.25,4207372.0
579436.3,4207372.0
579436.4,4207372.0
579436.44,4207372.0
579436.44,4207371.5
579436.5,4207371.5
579436.56,4207371.5
579436.6,4207371.5
579436.7,4207371.5
579436.75,4207371.5
579436.8,4207371.0
579436.9,4207371.0
579436.94,4207371.0
579437.0,4207371.0
579437.06,4207371.0
579437.1,4207370.5
579437.2,4207370.5
579437.25,4207370.5
579437.3,4207370.5
579437.4,4207370.5
579437.44,4207370.5
579437.44,4207370.0
579437.5,4207370.0
579437.56,4207370.0
579437.6,4207370.0
579437.7,4207370.0
579437.75,4207370.0
579437.8,4207369.5
579437.9,4207369.5
579437.94,4207369.5
579438.0,4207369.5
579438.06,4207369.5
579438.1,4207369.0
579438.2,4207369.0
579438.25,4207369.0
579438.3,4207369.0
579438.4,4207369.0
579438.44,4207369.0
579438.44,4207368.5
579438.5,4207368.5
579438.56,4207368.5
579438.6,4207368.5
579438.7,4207368.5
579438.75,4207368.0
579438.8,4207368.0
579438.9,4207368.0
579438.94,4207368.0
579439.0,4207368.0
579439.06,4207368.0
579439.1,4207367.5
579439.2,4207367.5
579439.25,4207367.5
579439.3,4207367.5
579439.4,4207367.5
579439.44,4207367.0
579439.5,4207367.0
579439.56,4207367.0
579439.6,4207367.0
579439.7,4207367.0
579439.75,4207366.5
579439.8,4207366.5
579439.9,4207366.5
579439.94,4207366.5
579440.0,4207366.5
579440.06,4207366.0
579440.1,4207366.0
579440.2,4207366.0
579440.25,4207366.0
579440.3,4207366.0
579440.4,4207366.0
579440.44,4207365.5
579440.5,4207365.5
579440.56,4207365.5
579440.6,4207365.5
579440.7,4207365.5
579440.75,4207365.0
579440.8,4207365.0
579440.9,4207365.0
579440.94,4207365.0
579441.0,4207365.0
579441.06,4207364.5
579441.1,4207364.5
579441.2,4207364.5
579441.25,4207364.5
579441.3,4207364.5
579441.4,4207364.0
579441.44,4207364.0
579441.5,4207364.0
579441.56,4207364.0
579441.6,4207364.0
579441.7,4207363.5
579441.75,4207363.5
579441.8,4207363.5
579441.9,4207363.5
579441.94,4207363.5
579442.0,4207363.5
579442.06,4207363.0
579442.1,4207363.0
579442.2,4207363.0
579442.25,4207363.0
579442.3,4207363.0
579442.4,4207362.5
579442.44,4207362.5
579442.5,4207362.5
579442.56,4207362.5
579442.6,4207362.5
579442.7,4207362.0
579442.75,4207362.0
579442.8,4207362.0
579442.9,4207362.0
579442.94,4207362.0
579443.0,4207362.0
579443.0,4207361.5
579443.06,4207361.5
579443.1,4207361.5
579443.2,4207361.5
579443.25,4207361.5
579443.3,4207361.5
579443.4,4207361.0
579443.44,4207361.0
579443.5,4207361.0
579443.56,4207361.0
579443.6,4207361.0
579443.7,4207360.5
579443.75,4207360.5
579443.8,4207360.5
579443.9,4207360.5
579443.94,4207360.5
579444.0,4207360.0
579444.06,4207360.0
579444.1,4207360.0
579444.2,4207360.0
579444.25,4207360.0
579444.3,4207359.5
579444.4,4207359.5
579444.44,4207359.5
579444.5,4207359.5
579444.56,4207359.5
579444.6,4207359.5
579444.6,4207359.0
579444.7,4207359.0
579444.75,4207359.0
579444.8,4207359.0
579444.9,4207359.0
579444.94,4207359.0
579445.0,4207358.5
579445.06,4207358.5
579445.1,4207358.5
579445.2,4207358.5
579445.25,4207358.5
579445.3,4207358.0
579445.4,4207358.0
579445.44,4207358.0
579445.5,4207358.0
579445.56,4207358.0
579445.6,4207357.5
579445.7,4207357.5
579445.75,4207357.5
579445.8,4207357.5
579445.9,4207357.5
579445.94,4207357.0
579446.0,4207357.0
579446.06,4207357.0
579446.1,4207357.0
579446.2,4207357.0
579446.25,4207356.5
579446.3,4207356.5
579446.4,4207356.5
579446.44,4207356.5
579446.5,4207356.5
579446.56,4207356.0
579446.6,4207356.0
579446.7,4207356.0
579446.75,4207356.0
579446.8,4207356.0
579446.9,4207356.0
579446.9,4207355.5
579446.94,4207355.5
579447.0,4207355.5
579447.06,4207355.5
579447.1,4207355.5
579447.2,4207355.0
579447.25,4207355.0
579447.3,4207355.0
579447.4,4207355.0
579447.44,4207355.0
579447.5,4207355.0
579447.56,4207354.5
579447.6,4207354.5
579447.7,4207354.5
579447.75,4207354.5
579447.8,4207354.5
579447.9,4207354.0
579447.94,4207354.0
579448.0,4207354.0
579448.06,4207354.0
579448.1,4207354.0
579448.2,4207353.5
579448.25,4207353.5
579448.3,4207353.5
579448.4,4207353.5
579448.44,4207353.5
579448.44,4207353.0
579448.5,4207353.0
579448.56,4207353.0
579448.6,4207353.0
579448.7,4207353.0
579448.75,4207352.5
579448.8,4207352.5
579448.9,4207352.5
579448.94,4207352.5
579449.0,4207352.5
579449.06,4207352.5
579449.1,4207352.0
579449.2,4207352.0
579449.25,4207352.0
579449.3,4207352.0
579449.4,4207352.0
579449.4,4207351.5
579449.44,4207351.5
579449.5,4207351.5
579449.56,4207351.5
579449.6,4207351.5
579449.7,4207351.0
579449.75,4207351.0
579449.8,4207351.0
579449.9,4207351.0
579449.94,4207351.0
579450.0,4207350.5
579450.06,4207350.5
579450.1,4207350.5
579450.2,4207350.5
579450.25,4207350.5
579450.3,4207350.5
579450.3,4207350.0
579450.4,4207350.0
579450.44,4207350.0
579450.5,4207350.0
579450.56,4207350.0
579450.6,4207349.5
579450.7,4207349.5
579450.75,4207349.5
579450.8,4207349.5
579450.9,4207349.5
579450.94,4207349.0
579451.0,4207349.0
579451.06,4207349.0
579451.1,4207349.0
579451.2,4207349.0
579451.25,4207348.5
579451.3,4207348.5
579451.4,4207348.5
579451.44,4207348.5
579451.5,4207348.5
579451.56,4207348.0
579451.6,4207348.0
579451.7,4207348.0
579451.75,4207348.0
579451.8,4207348.0
579451.9,4207347.5
579451.94,4207347.5
579452.0,4207347.5
579452.06,4207347.5
579452.1,4207347.5
579452.2,4207347.0
579452.25,4207347.0
579452.3,4207347.0
579452.4,4207347.0
579452.44,4207347.0
579452.5,4207346.5
579452.56,4207346.5
579452.6,4207346.5
579452.7,4207346.5
579452.75,4207346.0
579452.8,4207346.0
579452.9,4207346.0
579452.94,4207346.0
579453.0,4207346.0
579453.06,4207345.5
579453.1,4207345.5
579453.2,4207345.5
579453.25,4207345.5
579453.3,4207345.5
579453.4,4207345.0
579453.44,4207345.0
579453.5,4207345.0
579453.56,4207345.0
579453.6,4207345.0
579453.7,4207344.5
579453.75,4207344.5
579453.8,4207344.5
579453.9,4207344.5
579453.94,4207344.5
579454.0,4207344.0
579454.06,4207344.0
579454.1,4207344.0
579454.2,4207344.0
579454.25,4207344.0
579454.3,4207343.5
579454.4,4207343.5
579454.44,4207343.5
579454.5,4207343.5
579454.56,4207343.0
579454.6,4207343.0
579454.7,4207343.0
579454.75,4207343.0
579454.8,4207343.0
579454.9,4207343.0
579454.9,4207342.5
579454.94,4207342.5
579455.0,4207342.5
579455.06,4207342.5
579455.1,4207342.5
579455.2,4207342.0
579455.25,4207342.0
579455.3,4207342.0
579455.4,4207342.0
579455.44,4207342.0
579455.5,4207341.5
579455.56,4207341.5
579455.6,4207341.5
579455.7,4207341.5
579455.75,4207341.0
579455.8,4207341.0
579455.9,4207341.0
579455.94,4207341.0
579456.0,4207341.0
579456.06,4207341.0
579456.06,4207340.5
579456.1,4207340.5
579456.2,4207340.5
579456.25,4207340.5
579456.3,4207340.5
579456.4,4207340.5
579456.44,4207340.0
579456.5,4207340.0
579456.56,4207340.0
579456.6,4207340.0
579456.7,4207339.5
579456.75,4207339.5
579456.8,4207339.5
579456.9,4207339.5
579456.94,4207339.5
579457.0,4207339.0
579457.06,4207339.0
579457.1,4207339.0
579457.2,4207339.0
579457.25,4207339.0
579457.3,4207338.5
579457.4,4207338.5
579457.44,4207338.5
579457.5,4207338.5
579457.56,4207338.0
579457.6,4207338.0
579457.7,4207338.0
579457.75,4207338.0
579457.8,4207338.0
579457.9,4207338.0
579457.94,4207337.5
579458.0,4207337.5
579458.06,4207337.5
579458.1,4207337.5
579458.2,4207337.0
579458.25,4207337.0
579458.3,4207337.0
579458.4,4207337.0
579458.44,4207337.0
579458.5,4207336.5
579458.56,4207336.5
579458.6,4207336.5
579458.7,4207336.5
579458.75,4207336.5
579458.8,4207336.0
579458.9,4207336.0
579458.94,4207336.0
579459.0,4207336.0
579459.06,4207336.0
579459.1,4207335.5
579459.2,4207335.5
579459.25,4207335.5
579459.3,4207335.5
579459.4,4207335.0
579459.44,4207335.0
579459.5,4207335.0
579459.56,4207335.0
579459.6,4207335.0
579459.7,4207334.5
579459.75,4207334.5
579459.8,4207334.5
579459.9,4207334.5
579459.94,4207334.5
579460.0,4207334.0
579460.06,4207334.0
579460.1,4207334.0
579460.2,4207334.0
579460.25,4207334.0
579460.3,4207333.5
579460.4,4207333.5
579460.44,4207333.5
579460.5,4207333.5
579460.56,4207333.0
579460.6,4207333.0
579460.7,4207333.0
579460.75,4207333.0
579460.8,4207333.0
579460.9,4207332.5
579460.94,4207332.5
579461.0,4207332.5
579461.06,4207332.5
579461.1,4207332.5
579461.2,4207332.0
579461.25,4207332.0
579461.3,4207332.0
579461.4,4207332.0
579461.44,4207331.5
579461.5,4207331.5
579461.56,4207331.5
579461.6,4207331.5
579461.7,4207331.5
579461.75,4207331.0
579461.8,4207331.0
579461.9,4207331.0
579461.94,4207331.0
579462.0,4207331.0
579462.06,4207330.5
579462.1,4207330.5
579462.2,4207330.5
579462.25,4207330.5
579462.3,4207330.5
579462.4,4207330.0
579462.44,4207330.0
579462.5,4207330.0
579462.56,4207330.0
579462.6,4207329.5
579462.7,4207329.5
579462.75,4207329.5
579462.8,4207329.5
579462.9,4207329.5
579462.94,4207329.0
579463.0,4207329.0
579463.06,4207329.0
579463.1,4207329.0
579463.2,4207329.0
579463.25,4207328.5
579463.3,4207328.5
579463.4,4207328.5
579463.44,4207328.5
579463.5,4207328.0
579463.56,4207328.0
579463.6,4207328.0
579463.7,4207328.0
579463.75,4207328.0
579463.8,4207327.5
579463.9,4207327.5
579463.94,4207327.5
579464.0,4207327.5
579464.06,4207327.5
579464.1,4207327.0
579464.2,4207327.0
579464.25,4207327.0
579464.3,4207327.0
579464.4,4207327.0
579464.44,4207326.5
579464.5,4207326.5
579464.56,4207326.5
579464.6,4207326.5
579464.7,4207326.5
579464.75,4207326.0
579464.8,4207326.0
579464.9,4207326.0
579464.94,4207326.0
579465.0,4207325.5
579465.06,4207325.5
579465.1,4207325.5
579465.2,4207325.5
579465.25,4207325.5
579465.3,4207325.0
579465.4,4207325.0
579465.44,4207325.0
579465.5,4207325.0
579465.56,4207325.0
579465.6,4207324.5
579465.7,4207324.5
579465.75,4207324.5
579465.8,4207324.5
579465.9,4207324.5
579465.94,4207324.0
579466.0,4207324.0
579466.06,4207324.0
579466.1,4207324.0
579466.2,4207323.5
579466.25,4207323.5
579466.3,4207323.5
579466.4,4207323.5
579466.44,4207323.5
579466.5,4207323.0
579466.56,4207323.0
579466.6,4207323.0
579466.7,4207323.0
579466.75,4207323.0
579466.8,4207322.5
579466.9,4207322.5
579466.94,4207322.5
579467.0,4207322.5
579467.06,4207322.5
579467.1,4207322.0
579467.2,4207322.0
579467.25,4207322.0
579467.3,4207322.0
579467.4,4207321.5
579467.44,4207321.5
579467.5,4207321.5
579467.56,4207321.5
579467.6,4207321.5
579467.7,4207321.0
579467.75,4207321.0
579467.8,4207321.0
579467.9,4207321.0
579467.94,4207320.5
579468.0,4207320.5
579468.1,4207320.5
579468.2,4207320.5
579468.25,4207320.5
579468.3,4207320.0
579468.4,4207320.0
579468.44,4207320.0
579468.5,4207320.0
579468.56,4207319.5
579468.6,4207319.5
579468.7,4207319.5
579468.75,4207319.5
579468.8,4207319.5
579468.9,4207319.0
579468.94,4207319.0
579469.0,4207319.0
579469.06,4207319.0
579469.1,4207318.5
579469.2,4207318.5
579469.3,4207318.5
579469.4,4207318.5
579469.44,4207318.5
579469.5,4207318.0
579469.56,4207318.0
579469.6,4207318.0
579469.7,4207318.0
579469.75,4207317.5
579469.8,4207317.5
579469.9,4207317.5
579469.94,4207317.5
579470.0,4207317.5
579470.06,4207317.0
579470.1,4207317.0
579470.2,4207317.0
579470.25,4207317.0
579470.3,4207316.5
579470.4,4207316.5
579470.44,4207316.5
579470.56,4207316.5
579470.6,4207316.5
579470.7,4207316.0
579470.75,4207316.0
579470.8,4207316.0
579470.9,4207316.0
579470.94,4207315.5
579471.0,4207315.5
579471.06,4207315.5
579471.2,4207315.5
579471.25,4207315.0
579471.3,4207315.0
579471.4,4207315.0
579471.44,4207315.0
579471.5,4207315.0
579471.56,4207314.5
579471.6,4207314.5
579471.75,4207314.5
579471.8,4207314.5
579471.9,4207314.0
579471.94,4207314.0
579472.0,4207314.0
579472.06,4207314.0
579472.1,4207313.5
579472.2,4207313.5
579472.3,4207313.5
579472.4,4207313.5
579472.44,4207313.5
579472.5,4207313.0
579472.56,4207313.0
579472.6,4207313.0
579472.7,4207313.0
579472.75,4207312.5
579472.9,4207312.5
579472.94,4207312.5
579473.0,4207312.5
579473.06,4207312.0
579473.1,4207312.0
579473.2,4207312.0
579473.25,4207312.0
579473.3,4207311.5
579473.44,4207311.5
579473.5,4207311.5
579473.56,4207311.5
579473.6,4207311.5
579473.7,4207311.0
579473.75,4207311.0
579473.8,4207311.0
579473.9,4207311.0
579474.0,4207310.5
579474.06,4207310.5
579474.1,4207310.5
579474.2,4207310.5
579474.25,4207310.0
579474.3,4207310.0
579474.44,4207310.0
579474.5,4207310.0
579474.56,4207309.5
579474.6,4207309.5
579474.7,4207309.5
579474.75,4207309.5
579474.9,4207309.0
579474.94,4207309.0
579475.0,4207309.0
579475.06,4207309.0
579475.1,4207308.5
579475.25,4207308.5
579475.3,4207308.5
579475.4,4207308.5
579475.44,4207308.0
579475.5,4207308.0
579475.6,4207308.0
579475.7,4207308.0
579475.75,4207308.0
579475.8,4207307.5
579475.9,4207307.5
579475.94,4207307.5
579476.06,4207307.5
579476.1,4207307.0
579476.2,4207307.0
579476.25,4207307.0
579476.3,4207307.0
579476.44,4207306.5
579476.5,4207306.5
579476.56,4207306.5
579476.6,4207306.5
579476.7,4207306.0
579476.8,4207306.0
579476.9,4207306.0
579476.94,4207306.0
579477.0,4207305.5
579477.06,4207305.5
579477.1,4207305.5
579477.25,4207305.5
579477.3,4207305.0
579477.4,4207305.0
579477.44,4207305.0
579477.5,4207305.0
579477.6,4207304.5
579477.7,4207304.5
579477.75,4207304.5
579477.8,4207304.5
579477.9,4207304.0
579478.0,4207304.0
579478.06,4207304.0
579478.1,4207304.0
579478.2,4207303.5
579478.25,4207303.5
579478.4,4207303.5
579478.44,4207303.5
579478.5,4207303.0
579478.56,4207303.0
579478.7,4207303.0
579478.75,4207302.5
579478.8,4207302.5
579478.9,4207302.5
579479.0,4207302.5
579479.06,4207302.0
579479.1,4207302.0
579479.2,4207302.0
579479.3,4207302.0
579479.4,4207301.5
579479.44,4207301.5
579479.5,4207301.5
579479.56,4207301.5
579479.7,4207301.0
579479.75,4207301.0
579479.8,4207301.0
579479.9,4207301.0
579480.0,4207300.5
579480.06,4207300.5
579480.1,4207300.5
579480.2,4207300.0
579480.3,4207300.0
579480.4,4207300.0
579480.44,4207300.0
579480.5,4207299.5
579480.6,4207299.5
579481.06,4207299.0
579481.2,4207298.5
579481.25,4207298.5
579481.3,4207298.5
579481.4,4207298.0
579481.5,4207298.0
579481.56,4207298.0
579481.6,4207298.0
579481.7,4207297.5
579481.8,4207297.5
579481.9,4207297.5
579481.94,4207297.5
579482.06,4207297.0
579482.1,4207297.0
579482.2,4207297.0
579482.25,4207297.0
579482.4,4207296.5
579482.44,4207296.5
579482.5,4207296.5
579482.6,4207296.0
579482.7,4207296.0
579482.75,4207296.0
579482.8,4207296.0
579482.94,4207295.5
579483.0,4207295.5
579483.06,4207295.5
579483.2,4207295.0
579483.25,4207295.0
579483.3,4207295.0
579483.44,4207295.0
579483.5,4207294.5
579483.56,4207294.5
579483.7,4207294.5
579483.75,4207294.0
579483.8,4207294.0
579483.94,4207294.0
579484.0,4207294.0
579484.06,4207293.5
579484.2,4207293.5
579484.25,4207293.5
579484.3,4207293.5
579484.44,4207293.0
579484.5,4207293.0
579484.6,4207293.0
579484.7,4207292.5
579484.75,4207292.5
579484.9,4207292.5
579484.94,4207292.5
579485.0,4207292.0
579485.1,4207292.0
579485.2,4207292.0
579485.25,4207291.5
579485.4,4207291.5
579485.44,4207291.5
579485.5,4207291.5
579485.6,4207291.0
579485.7,4207291.0
579485.75,4207291.0
579485.9,4207290.5
579485.94,4207290.5
579486.0,4207290.5
579486.1,4207290.5
579486.2,4207290.0
579486.25,4207290.0
579486.4,4207290.0
579486.44,4207289.5
579486.5,4207289.5
579486.6,4207289.5
579486.7,4207289.5
579486.75,4207289.0
579486.9,4207289.0
579486.94,4207289.0
579487.06,4207288.5
579487.1,4207288.5
579487.2,4207288.5
579487.3,4207288.0
579487.4,4207288.0
579487.5,4207288.0
579487.56,4207288.0
579487.6,4207287.5
579487.75,4207287.5
579487.8,4207287.5
579487.94,4207287.0
579488.0,4207287.0
579488.1,4207287.0
579488.2,4207287.0
579488.25,4207286.5
579488.4,4207286.5
579488.44,4207286.5
579488.56,4207286.0
579488.6,4207286.0
579488.7,4207286.0
579488.8,4207285.5
579488.9,4207285.5
579489.0,4207285.5
579489.06,4207285.5
579489.1,4207285.0
579489.25,4207285.0
579489.3,4207285.0
579489.44,4207284.5
579489.5,4207284.5
579489.6,4207284.5
579489.7,4207284.0
579489.75,4207284.0
579489.9,4207284.0
579489.94,4207284.0
579490.06,4207283.5
579490.1,4207283.5
579490.2,4207283.5
579490.3,4207283.0
579490.4,4207283.0
579490.5,4207283.0
579490.56,4207282.5
579490.6,4207282.5
579490.75,4207282.5
579490.8,4207282.5
579490.94,4207282.0
579491.0,4207282.0
579491.1,4207282.0
579491.25,4207281.5
579491.3,4207281.5
579491.44,4207281.5
579491.5,4207281.0
579491.6,4207281.0
579491.7,4207281.0
579491.8,4207280.5
579491.9,4207280.5
579492.0,4207280.5
579492.06,4207280.5
579492.2,4207280.0
579492.25,4207280.0
579492.4,4207280.0
579492.44,4207279.5
579492.56,4207279.5
579492.6,4207279.5
579492.75,4207279.0
579492.8,4207279.0
579492.94,4207279.0
579493.0,4207278.5
579493.1,4207278.5
579493.2,4207278.5
579493.3,4207278.5
579493.4,4207278.0
579493.5,4207278.0
579493.56,4207278.0
579493.7,4207277.5
579493.75,4207277.5
579493.9,4207277.5
579493.94,4207277.0
579494.06,4207277.0
579494.1,4207277.0
579494.25,4207276.5
579494.4,4207276.5
579494.44,4207276.5
579494.56,4207276.0
579494.6,4207276.0
579494.75,4207276.0
579494.8,4207276.0
579494.94,4207275.5
579495.0,4207275.5
579495.1,4207275.5
579495.25,4207275.0
579495.3,4207275.0
579495.44,4207275.0
579495.5,4207274.5
579495.6,4207274.5
579495.75,4207274.5
579495.8,4207274.0
579495.94,4207274.0
579496.0,4207274.0
579496.1,4207273.5
579496.25,4207273.5
579496.3,4207273.5
579496.44,4207273.0
579496.5,4207273.0
579496.6,4207273.0
579496.75,4207272.5
579496.8,4207272.5
579496.94,4207272.5
579497.0,4207272.5
579497.1,4207272.0
579497.25,4207272.0
579497.3,4207272.0
579497.44,4207271.5
579497.5,4207271.5
579497.6,4207271.5
579497.75,4207271.0
579497.8,4207271.0
579497.94,4207271.0
579498.06,4207270.5
579498.1,4207270.5
579498.25,4207270.5
579498.3,4207270.0
579498.44,4207270.0
579498.56,4207270.0
579498.6,4207269.5
579498.75,4207269.5
579498.8,4207269.5
579498.94,4207269.0
579499.06,4207269.0
579499.1,4207269.0
579499.25,4207268.5
579499.4,4207268.5
579499.44,4207268.5
579499.56,4207268.0
579499.7,4207268.0
579499.75,4207268.0
579499.9,4207267.5
579500.0,4207267.5
579500.06,4207267.5
579500.2,4207267.0
579500.3,4207267.0
579500.4,4207267.0
579500.5,4207266.5
579500.6,4207266.5
579500.7,4207266.5
579500.8,4207266.0
579500.94,4207266.0
579501.0,4207266.0
579501.1,4207265.5
579501.25,4207265.5
579501.4,4207265.5
579501.44,4207265.5
579501.56,4207265.0
579501.7,4207265.0
579501.75,4207265.0
579501.9,4207264.5
579502.0,4207264.5
579502.06,4207264.5
579502.2,4207264.0
579502.3,4207264.0
579502.4,4207264.0
579502.5,4207263.5
579502.6,4207263.5
579502.7,4207263.5
579502.8,4207263.0
579502.94,4207263.0
579503.0,4207263.0
579503.1,4207262.5
579503.25,4207262.5
579503.3,4207262.5
579503.44,4207262.0
579503.56,4207262.0
579503.7,4207262.0
579503.75,4207261.5
579503.9,4207261.5
579504.0,4207261.0
579504.1,4207261.0
579504.2,4207261.0
579504.3,4207260.5
579504.44,4207260.5
579504.56,4207260.5
579504.6,4207260.0
579504.75,4207260.0
579504.9,4207260.0
579505.0,4207259.5
579505.06,4207259.5
579505.2,4207259.5
579505.3,4207259.0
579505.44,4207259.0
579505.5,4207259.0
579505.6,4207258.5
579505.75,4207258.5
579505.9,4207258.5
579505.94,4207258.0
579506.06,4207258.0
579506.2,4207258.0
579506.3,4207257.5
579506.4,4207257.5
579506.5,4207257.5
579506.6,4207257.0
579506.75,4207257.0
579506.8,4207257.0
579506.94,4207256.5
579507.06,4207256.5
579507.2,4207256.5
579507.25,4207256.0
579507.4,4207256.0
579507.5,4207256.0
579507.56,4207255.5
579507.7,4207255.5
579507.8,4207255.5
579507.94,4207255.0
579508.06,4207255.0
579508.2,4207254.5
579508.25,4207254.5
579508.4,4207254.5
579508.5,4207254.0
579508.6,4207254.0
579508.75,4207254.0
579508.8,4207253.5
579508.94,4207253.5
579509.06,4207253.5
579509.2,4207253.0
579509.3,4207253.0
579509.44,4207253.0
579509.5,4207252.5
579509.6,4207252.5
579509.75,4207252.0
579509.9,4207252.0
579510.0,4207252.0
579510.06,4207251.5
579510.2,4207251.5
579510.3,4207251.5
579510.44,4207251.0
579510.56,4207251.0
579510.7,4207251.0
579510.75,4207250.5
579510.9,4207250.5
579511.0,4207250.5
579511.1,4207250.0
579511.25,4207250.0
579511.3,4207249.5
579511.44,4207249.5
579511.56,4207249.5
579511.7,4207249.0
579511.8,4207249.0
579511.94,4207249.0
579512.0,4207248.5
579512.1,4207248.5
579512.25,4207248.5
579512.4,4207248.0
579512.5,4207248.0
579512.6,4207247.5
579512.75,4207247.5
579512.9,4207247.5
579513.0,4207247.0
579513.1,4207247.0
579513.2,4207247.0
579513.3,4207246.5
579513.44,4207246.5
579513.56,4207246.0
579513.7,4207246.0
579513.8,4207246.0
579513.94,4207245.5
579514.06,4207245.5
579514.2,4207245.5
579514.3,4207245.0
579514.44,4207245.0
579514.56,4207244.5
579514.7,4207244.5
579514.75,4207244.5
579514.9,4207244.0
579515.0,4207244.0
579515.1,4207244.0
579515.25,4207243.5
579515.4,4207243.5
579515.5,4207243.0
579515.6,4207243.0
579515.75,4207243.0
579515.9,4207242.5
579516.0,4207242.5
579516.1,4207242.0
579516.25,4207242.0
579516.3,4207242.0
579516.44,4207241.5
579516.56,4207241.5
579516.7,4207241.5
579516.8,4207241.0
579516.94,4207241.0
579517.06,4207240.5
579517.2,4207240.5
579517.3,4207240.5
579517.44,4207240.0
579517.56,4207240.0
579517.7,4207239.5
579517.8,4207239.5
579517.94,4207239.5
579518.06,4207239.0
579518.2,4207239.0
579518.3,4207238.5
579518.44,4207238.5
579518.56,4207238.5
579518.7,4207238.0
579518.8,4207238.0
579518.94,4207238.0
579519.06,4207237.5
579519.2,4207237.5
579519.3,4207237.0
579519.44,4207237.0
579519.56,4207237.0
579519.7,4207236.5
579519.8,4207236.5
579519.94,4207236.0
579520.06,4207236.0
579520.2,4207236.0
579520.3,4207235.5
579520.44,4207235.5
579520.56,4207235.0
579520.7,4207235.0
579520.8,4207235.0
579520.94,4207234.5
579521.06,4207234.5
579521.2,4207234.0
579521.3,4207234.0
579521.44,4207234.0
579521.56,4207233.5
579521.7,4207233.5
579521.8,4207233.0
579521.94,4207233.0
579522.1,4207233.0
579522.25,4207232.5
579522.4,4207232.5
579522.5,4207232.0
579522.6,4207232.0
579522.75,4207231.5
579522.9,4207231.5
579523.0,4207231.5
579523.1,4207231.0
579523.25,4207231.0
579523.4,4207230.5
579523.5,4207230.5
579523.7,4207230.5
579523.8,4207230.0
579523.94,4207230.0
579524.06,4207229.5
579524.2,4207229.5
579524.3,4207229.5
579524.44,4207229.0
579524.56,4207229.0
579524.7,4207228.5
579524.8,4207228.5
579524.94,4207228.0
579525.06,4207228.0
579525.2,4207228.0
579525.4,4207227.5
579525.5,4207227.5
579525.6,4207227.0
579525.75,4207227.0
579525.9,4207227.0
579526.0,4207226.5
579526.1,4207226.5
579526.25,4207226.0
579526.4,4207226.0
579526.56,4207226.0
579526.7,4207225.5
579526.8,4207225.5
579526.94,4207225.0
579527.06,4207225.0
579527.2,4207224.5
579527.4,4207224.5
579527.5,4207224.5
579527.6,4207224.0
579527.75,4207224.0
579527.9,4207223.5
579528.0,4207223.5
579528.1,4207223.0
579528.3,4207223.0
579528.44,4207223.0
579528.56,4207222.5
579528.7,4207222.5
579528.8,4207222.0
579528.94,4207222.0
579529.06,4207222.0
579529.25,4207221.5
579529.4,4207221.5
579529.5,4207221.0
579529.6,4207221.0
579529.75,4207220.5
579529.9,4207220.5
579530.06,4207220.5
579530.2,4207220.0
579530.3,4207220.0
579530.44,4207219.5
579530.56,4207219.5
579530.7,4207219.0
579530.8,4207219.0
579531.0,4207219.0
579531.1,4207218.5
579531.25,4207218.5
579531.4,4207218.0
579531.5,4207218.0
579531.6,4207218.0
579531.8,4207217.5
579531.94,4207217.5
579532.06,4207217.0
579532.2,4207217.0
579532.3,4207216.5
579532.44,4207216.5
579532.56,4207216.5
579532.75,4207216.0
579532.9,4207216.0
579533.0,4207215.5
579533.1,4207215.5
579533.25,4207215.0
579533.4,4207215.0
579533.5,4207215.0
579533.7,4207214.5
579533.8,4207214.5
579533.94,4207214.0
579534.06,4207214.0
579534.2,4207214.0
579534.3,4207213.5
579534.5,4207213.5
579534.6,4207213.0
579534.75,4207213.0
579534.9,4207212.5
579535.0,4207212.5
579535.1,4207212.5
579535.25,4207212.0
579535.44,4207212.0
579535.56,4207211.5
579535.7,4207211.5
579535.8,4207211.0
579535.94,4207211.0
579536.06,4207211.0
579536.25,4207210.5
579536.4,4207210.5
579536.5,4207210.0
579536.6,4207210.0
579536.75,4207210.0
579536.9,4207209.5
579537.0,4207209.5
579537.2,4207209.0
579537.3,4207209.0
579537.44,4207208.5
579537.56,4207208.5
579537.7,4207208.5
579537.8,4207208.0
579538.0,4207208.0
579538.1,4207207.5
579538.25,4207207.5
579538.4,4207207.5
579538.5,4207207.0
579538.6,4207207.0
579538.75,4207206.5
579538.94,4207206.5
579539.06,4207206.0
579539.2,4207206.0
579539.3,4207206.0
579539.44,4207205.5
579539.56,4207205.5
579539.7,4207205.0
579539.9,4207205.0
579540.0,4207204.5
579540.1,4207204.5
579540.25,4207204.5
579540.4,4207204.0
579540.5,4207204.0
579540.7,4207203.5
579540.8,4207203.5
579540.94,4207203.5
579541.06,4207203.0
579541.2,4207203.0
579541.3,4207202.5
579541.44,4207202.5
579541.6,4207202.0
579541.75,4207202.0
579541.9,4207202.0
579542.0,4207201.5
579542.1,4207201.5
579542.25,4207201.0
579542.44,4207201.0
579542.56,4207201.0
579542.7,4207200.5
579542.8,4207200.5
579542.94,4207200.0
579543.06,4207200.0
579543.2,4207199.5
579543.4,4207199.5
579543.6,4207199.0
579543.75,4207199.0
579543.9,4207198.5
579544.0,4207198.5
579544.2,4207198.0
579544.3,4207198.0
579544.44,4207198.0
579544.56,4207197.5
579544.7,4207197.5
579544.8,4207197.0
579544.94,4207197.0
579545.1,4207197.0
579545.25,4207196.5
579545.4,4207196.5
579545.5,4207196.0
579545.6,4207196.0
579545.75,4207195.5
579545.94,4207195.5
579546.06,4207195.5
579546.2,4207195.0
579546.3,4207195.0
579546.44,4207194.5
579546.56,4207194.5
579546.7,4207194.5
579546.9,4207194.0
579547.0,4207194.0
579547.1,4207193.5
579547.25,4207193.5
579547.4,4207193.0
579547.5,4207193.0
579547.6,4207193.0
579547.8,4207192.5
579547.94,4207192.5
579548.06,4207192.0
579548.2,4207192.0
579548.3,4207191.5
579548.44,4207191.5
579548.6,4207191.5
579548.75,4207191.0
579548.9,4207191.0
579549.0,4207190.5
579549.1,4207190.5
579549.25,4207190.5
579549.44,4207190.0
579549.56,4207190.0
579549.7,4207189.5
579549.8,4207189.5
579549.94,4207189.0
579550.06,4207189.0
579550.2,4207189.0
579550.4,4207188.5
579550.5,4207188.5
579550.6,4207188.0
579550.75,4207188.0
579550.9,4207187.5
579551.0,4207187.5
579551.2,4207187.5
579551.3,4207187.0
579551.44,4207187.0
579551.56,4207186.5
579551.7,4207186.5
579551.8,4207186.0
579552.0,4207186.0
579552.1,4207186.0
579552.25,4207185.5
579552.4,4207185.5
579552.5,4207185.0
579552.6,4207185.0
579552.8,4207184.5
579552.94,4207184.5
579553.06,4207184.5
579553.2,4207184.0
579553.3,4207184.0
579553.44,4207183.5
579553.6,4207183.5
579553.75,4207183.0
579553.9,4207183.0
579554.0,4207183.0
579554.1,4207182.5
579554.25,4207182.5
579554.4,4207182.0
579554.56,4207182.0
579554.7,4207182.0
579554.8,4207181.5
579554.94,4207181.5
579555.06,4207181.0
579555.2,4207181.0
579555.4,4207180.5
579555.5,4207180.5
579555.6,4207180.5
579555.75,4207180.0
579555.9,4207180.0
579556.0,4207179.5
579556.2,4207179.5
579556.3,4207179.0
579556.44,4207179.0
579556.56,4207179.0
579556.7,4207178.5
579556.8,4207178.5
579557.0,4207178.0
579557.1,4207178.0
579557.25,4207177.5
579557.4,4207177.5
579557.5,4207177.5
579557.6,4207177.0
579557.8,4207177.0
579557.94,4207176.5
579558.06,4207176.5
579558.2,4207176.0
579558.3,4207176.0
579558.44,4207176.0
579558.6,4207175.5
579558.75,4207175.5
579558.9,4207175.0
579559.0,4207175.0
579559.1,4207174.5
579559.25,4207174.5
579559.4,4207174.5
579559.56,4207174.0
579559.7,4207174.0
579559.8,4207173.5
579559.94,4207173.5
579560.06,4207173.0
579560.2,4207173.0
579560.4,4207173.0
579560.5,4207172.5
579560.6,4207172.5
579560.75,4207172.0
579560.9,4207172.0
579561.0,4207172.0
579561.2,4207171.5
579561.3,4207171.5
579561.44,4207171.0
579561.56,4207171.0
579561.7,4207170.5
579561.8,4207170.5
579562.0,4207170.5
579562.1,4207170.0
579562.25,4207170.0
579562.4,4207169.5
579562.5,4207169.5
579562.6,4207169.0
579562.8,4207169.0
579562.94,4207169.0
579563.06,4207168.5
579563.2,4207168.5
579563.3,4207168.0
579563.44,4207168.0
579563.6,4207167.5
579563.75,4207167.5
579563.9,4207167.5
579564.0,4207167.0
579564.1,4207167.0
579564.25,4207166.5
579564.44,4207166.5
579564.56,4207166.0
579564.7,4207166.0
579564.8,4207166.0
579565.94,4207164.0
579566.06,4207164.0
579566.2,4207163.5
579566.3,4207163.5
579566.44,4207163.0
579566.56,4207163.0
579566.75,4207163.0
579566.9,4207162.5
579568.6,4207159.5
579568.75,4207159.5
579568.9,4207159.5
579569.0,4207159.0
579569.2,4207159.0
579569.3,4207158.5
579569.44,4207158.5
579569.56,4207158.0
579569.7,4207158.0
579569.9,4207158.0
579570.0,4207157.5
579570.1,4207157.5
579570.25,4207157.0
579570.4,4207157.0
579570.5,4207156.5
579570.7,4207156.5
579570.8,4207156.5
579570.94,4207156.0
579571.06,4207156.0
579571.2,4207155.5
579571.3,4207155.5
579571.5,4207155.0
579571.6,4207155.0
579571.75,4207155.0
579571.9,4207154.5
579572.0,4207154.5
579572.1,4207154.0
579572.3,4207154.0
579572.44,4207153.5
579572.56,4207153.5
579572.7,4207153.5
579572.8,4207153.0
579572.94,4207153.0
579573.1,4207152.5
579573.25,4207152.5
579573.4,4207152.0
579573.5,4207152.0
579573.6,4207152.0
579573.8,4207151.5
579573.94,4207151.5
579574.06,4207151.0
579574.2,4207151.0
579574.3,4207150.5
579574.44,4207150.5
579574.6,4207150.5
579574.75,4207150.0
579574.9,4207150.0
579575.0,4207149.5
579575.1,4207149.5
579575.25,4207149.0
579575.44,4207149.0
579575.56,4207149.0
579575.7,4207148.5
579575.8,4207148.5
579575.94,4207148.0
579576.06,4207148.0
579576.25,4207147.5
579576.4,4207147.5
579576.5,4207147.5
579576.6,4207147.0
579576.75,4207147.0
579576.9,4207146.5
579577.06,4207146.5
579577.2,4207146.0
579577.3,4207146.0
579577.44,4207145.5
579577.56,4207145.5
579577.7,4207145.5
579577.9,4207145.0
579578.0,4207145.0
579578.1,4207144.5
579578.25,4207144.5
579578.4,4207144.0
579578.5,4207144.0
579578.7,4207144.0
579578.8,4207143.5
579578.94,4207143.5
579579.06,4207143.0
579579.2,4207143.0
579579.3,4207142.5
579579.5,4207142.5
579579.6,4207142.5
579579.75,4207142.0
579579.9,4207142.0
579580.0,4207141.5
579580.1,4207141.5
579580.25,4207141.0
579580.44,4207141.0
579580.56,4207141.0
579580.7,4207140.5
579580.8,4207140.5
579580.94,4207140.0
579581.06,4207140.0
579581.25,4207139.5
579581.4,4207139.5
579581.5,4207139.5
579581.6,4207139.0
579581.75,4207139.0
579581.9,4207138.5
579582.06,4207138.5
579582.2,4207138.0
579582.3,4207138.0
579582.44,4207138.0
579582.56,4207137.5
579582.7,4207137.5
579582.8,4207137.0
579583.0,4207137.0
579583.1,4207136.5
579583.25,4207136.5
579583.4,4207136.5
579583.5,4207136.0
579583.6,4207136.0
579583.8,4207135.5
579583.94,4207135.5
579584.06,4207135.0
579584.2,4207135.0
579584.3,4207134.5
579584.44,4207134.5
579584.6,4207134.5
579584.75,4207134.0
579584.9,4207134.0
579585.0,4207133.5
579585.1,4207133.5
579585.25,4207133.0
579585.44,4207133.0
579585.56,4207133.0
579585.7,4207132.5
579585.8,4207132.5
579585.94,4207132.0
579586.06,4207132.0
579586.2,4207131.5
579586.4,4207131.5
579586.5,4207131.5
579586.6,4207131.0
579586.75,4207131.0
579586.9,4207130.5
579587.0,4207130.5
579587.2,4207130.0
579587.3,4207130.0
579587.44,4207130.0
579587.56,4207129.5
579587.7,4207129.5
579587.8,4207129.0
579588.0,4207129.0
579588.1,4207128.5
579588.25,4207128.5
579588.4,4207128.5
579588.5,4207128.0
579588.6,4207128.0
579588.75,4207127.5
579588.94,4207127.5
579589.06,4207127.0
579589.2,4207127.0
579589.3,4207127.0
579589.44,4207126.5
579589.56,4207126.5
579589.75,4207126.0
579589.9,4207126.0
579590.0,4207125.5
579590.1,4207125.5
579590.25,4207125.5
579590.4,4207125.0
579590.56,4207125.0
579590.7,4207124.5
579590.8,4207124.5
579590.94,4207124.0
579591.06,4207124.0
579591.2,4207124.0
579591.4,4207123.5
579591.5,4207123.5
579591.6,4207123.0
579591.75,4207123.0
579591.9,4207122.5
579592.06,4207122.5
579592.2,4207122.5
579592.3,4207122.0
579592.44,4207122.0
579592.56,4207121.5
579592.7,4207121.5
579592.9,4207121.0
579593.0,4207121.0
579593.1,4207121.0
579593.25,4207120.5
579593.4,4207120.5
579593.56,4207120.0
579593.7,4207120.0
579593.8,4207120.0
579593.94,4207119.5
579594.06,4207119.5
579594.2,4207119.0
579594.4,4207119.0
579594.5,4207118.5
579594.6,4207118.5
579594.75,4207118.5
579594.9,4207118.0
579595.06,4207118.0
579595.2,4207117.5
579595.3,4207117.5
579595.44,4207117.0
579595.56,4207117.0
579595.7,4207117.0
579595.9,4207116.5
579596.0,4207116.5
579596.1,4207116.0
579596.25,4207116.0
579596.4,4207115.5
579596.56,4207115.5
579596.7,4207115.5
579596.8,4207115.0
579596.94,4207115.0
579597.06,4207114.5
579597.2,4207114.5
579597.4,4207114.5
579597.5,4207114.0
579597.6,4207114.0
579597.75,4207113.5
579597.9,4207113.5
579598.06,4207113.0
579598.2,4207113.0
579598.3,4207113.0
579598.44,4207112.5
579598.56,4207112.5
579598.7,4207112.0
579598.9,4207112.0
579599.0,4207111.5
579599.1,4207111.5
579599.25,4207111.5
579599.4,4207111.0
579599.56,4207111.0
579599.7,4207110.5
579599.8,4207110.5
579599.94,4207110.0
579600.06,4207110.0
579600.2,4207110.0
579600.4,4207109.5
579600.5,4207109.5
579600.6,4207109.0
579600.75,4207109.0
579600.9,4207109.0
579601.06,4207108.5
579601.2,4207108.5
579601.3,4207108.0
579601.44,4207108.0
579601.56,4207107.5
579601.7,4207107.5
579601.9,4207107.5
579602.0,4207107.0
579602.1,4207107.0
579602.25,4207106.5
579602.4,4207106.5
579602.56,4207106.0
579602.7,4207106.0
579602.8,4207106.0
579602.94,4207105.5
579603.06,4207105.5
579603.2,4207105.0
579603.4,4207105.0
579603.5,4207104.5
579603.6,4207104.5
579603.75,4207104.5
579603.9,4207104.0
579604.06,4207104.0
579604.2,4207103.5
579604.3,4207103.5
579604.44,4207103.5
579604.56,4207103.0
579604.75,4207103.0
579604.9,4207102.5
579605.0,4207102.5
579605.1,4207102.0
579605.25,4207102.0
579605.44,4207102.0
579605.56,4207101.5
579605.7,4207101.5
579605.8,4207101.0
579606.0,4207101.0
579607.06,4207099.5
579607.25,4207099.0
579607.4,4207099.0
579607.5,4207099.0
579607.6,4207098.5
579607.75,4207098.5
579607.94,4207098.0
579608.06,4207098.0
579608.2,4207097.5
579608.3,4207097.5
579608.5,4207097.5
579608.6,4207097.0
579608.75,4207097.0
579608.9,4207096.5
579609.0,4207096.5
579609.2,4207096.5
579609.3,4207096.0
579609.44,4207096.0
579609.56,4207095.5
579609.75,4207095.5
579609.9,4207095.5
579610.0,4207095.0
579610.1,4207095.0
579610.25,4207094.5
579610.44,4207094.5
579610.56,4207094.5
579610.7,4207094.0
579610.8,4207094.0
579611.0,4207093.5
579611.1,4207093.5
579611.25,4207093.0
579611.4,4207093.0
579611.5,4207093.0
579611.7,4207092.5
579611.8,4207092.5
579611.94,4207092.0
579612.06,4207092.0
579612.25,4207092.0
579612.4,4207091.5
579612.5,4207091.5
579612.6,4207091.0
579612.8,4207091.0
579612.94,4207091.0
579613.06,4207090.5
579613.2,4207090.5
579613.3,4207090.0
579613.5,4207090.0
579613.6,4207089.5
579613.75,4207089.5
579613.9,4207089.5
579614.06,4207089.0
579614.2,4207089.0
579614.3,4207088.5
579614.44,4207088.5
579614.56,4207088.5
579614.75,4207088.0
579614.9,4207088.0
579615.0,4207087.5
579615.1,4207087.5
579615.3,4207087.5
579615.44,4207087.0
579615.56,4207087.0
579615.7,4207086.5
579615.8,4207086.5
579616.0,4207086.5
579616.1,4207086.0
579616.25,4207086.0
579616.4,4207085.5
579616.56,4207085.5
579616.7,4207085.0
579616.8,4207085.0
579616.94,4207085.0
579617.06,4207084.5
579617.25,4207084.5
579617.4,4207084.0
579617.5,4207084.0
579617.6,4207084.0
579617.8,4207083.5
579617.94,4207083.5
579618.06,4207083.0
579618.2,4207083.0
579618.3,4207083.0
579618.5,4207082.5
579618.6,4207082.5
579618.75,4207082.0
579618.9,4207082.0
579619.06,4207082.0
579619.2,4207081.5
579619.3,4207081.5
579619.44,4207081.0
579619.6,4207081.0
579619.75,4207080.5
579619.9,4207080.5
579620.0,4207080.5
579620.2,4207080.0
579620.3,4207080.0
579620.44,4207079.5
579620.56,4207079.5
579620.75,4207079.5
579620.9,4207079.0
579621.0,4207079.0
579621.1,4207078.5
579621.3,4207078.5
579621.44,4207078.5
579621.56,4207078.0
579621.7,4207078.0
579621.8,4207077.5
579622.0,4207077.5
579622.1,4207077.5
579622.25,4207077.0
579622.4,4207077.0
579622.56,4207076.5
579622.7,4207076.5
579622.8,4207076.5
579622.94,4207076.0
579623.1,4207076.0
579623.25,4207075.5
579623.4,4207075.5
579623.5,4207075.5
579623.7,4207075.0
579623.8,4207075.0
579623.94,4207074.5
579624.06,4207074.5
579624.2,4207074.5
579624.4,4207074.0
579624.5,4207074.0
579624.6,4207073.5
579624.75,4207073.5
579624.94,4207073.5
579625.06,4207073.0
579625.2,4207073.0
579625.3,4207072.5
579625.5,4207072.5
579625.6,4207072.5
579625.75,4207072.0
579625.9,4207072.0
579626.0,4207072.0
579626.2,4207071.5
579626.3,4207071.5
579626.44,4207071.0
579626.56,4207071.0
579626.75,4207071.0
579626.9,4207070.5
579627.0,4207070.5
579627.1,4207070.0
579627.25,4207070.0
579627.44,4207070.0
579627.56,4207069.5
579627.7,4207069.5
579627.8,4207069.0
579628.0,4207069.0
579628.1,4207069.0
579628.25,4207068.5
579628.4,4207068.5
579628.56,4207068.0
579628.7,4207068.0
579628.8,4207068.0
579628.94,4207067.5
579629.06,4207067.5
579629.25,4207067.0
579629.4,4207067.0
579629.5,4207067.0
579629.6,4207066.5
579629.8,4207066.5
579629.94,4207066.0
579630.06,4207066.0
579630.2,4207066.0
579630.3,4207065.5
579630.5,4207065.5
579630.6,4207065.5
579630.75,4207065.0
579630.9,4207065.0
579632.7,4207062.5
579632.9,4207062.0
579633.0,4207062.0
579633.1,4207061.5
579633.25,4207061.5
579633.4,4207061.5
579635.2,4207059.0
579635.4,4207058.5
579635.5,4207058.5
579635.6,4207058.0
579635.75,4207058.0
579635.94,4207058.0
579636.06,4207057.5
579636.2,4207057.5
579636.3,4207057.0
579636.44,4207057.0
579636.6,4207057.0
579636.75,4207056.5
579636.9,4207056.5
579637.0,4207056.0
579637.2,4207056.0
579637.3,4207056.0
579637.44,4207055.5
579637.56,4207055.5
579637.75,4207055.0
579637.9,4207055.0
579638.0,4207055.0
579638.1,4207054.5
579638.25,4207054.5
579638.44,4207054.0
579638.56,4207054.0
579638.7,4207054.0
579638.8,4207053.5
579639.0,4207053.5
579639.1,4207053.0
579639.25,4207053.0
579639.4,4207053.0
579639.5,4207052.5
579639.7,4207052.5
579639.8,4207052.0
579639.94,4207052.0
579640.06,4207052.0
579640.25,4207051.5
579640.4,4207051.5
579640.5,4207051.0
579640.6,4207051.0
579640.75,4207051.0
579640.94,4207050.5
579641.06,4207050.5
579641.2,4207050.0
579641.3,4207050.0
579641.5,4207050.0
579641.6,4207049.5
579641.75,4207049.5
579641.9,4207049.0
579642.06,4207049.0
579642.2,4207049.0
579642.3,4207048.5
579642.44,4207048.5
579642.56,4207048.0
579642.75,4207048.0
579642.9,4207048.0
579643.0,4207047.5
579643.1,4207047.5
579643.3,4207047.0
579643.44,4207047.0
579643.56,4207047.0
579643.7,4207046.5
579643.8,4207046.5
579644.0,4207046.0
579644.1,4207046.0
579644.25,4207046.0
579644.4,4207045.5
579644.56,4207045.5
579644.7,4207045.0
579644.8,4207045.0
579644.94,4207045.0
579645.06,4207044.5
579645.25,4207044.5
579645.4,4207044.0
579645.5,4207044.0
579645.6,4207044.0
579645.8,4207043.5
579645.94,4207043.5
579646.06,4207043.0
579646.2,4207043.0
579646.3,4207043.0
579646.5,4207042.5
579646.6,4207042.5
579646.75,4207042.0
579646.9,4207042.0
579647.06,4207042.0
579647.2,4207041.5
579647.3,4207041.5
579647.44,4207041.0
579647.6,4207041.0
579647.75,4207041.0
579647.9,4207040.5
579648.0,4207040.5
579648.1,4207040.0
579648.3,4207040.0
579648.44,4207040.0
579648.56,4207039.5
579648.7,4207039.5
579648.9,4207039.0
579649.0,4207039.0
579649.1,4207039.0
579649.25,4207038.5
579649.4,4207038.5
579649.56,4207038.0
579649.7,4207038.0
579649.8,4207038.0
579649.94,4207037.5
579650.1,4207037.5
579650.25,4207037.0
579650.4,4207037.0
579650.5,4207037.0
579650.6,4207036.5
579650.8,4207036.5
579650.94,4207036.0
579651.06,4207036.0
579651.2,4207036.0
579651.4,4207035.5
579651.5,4207035.5
579651.6,4207035.0
579651.75,4207035.0
579651.9,4207035.0
579652.06,4207034.5
579652.2,4207034.5
579652.3,4207034.0
579652.5,4207034.0
579652.6,4207034.0
579652.75,4207033.5
579652.9,4207033.5
579653.06,4207033.0
579653.2,4207033.0
579653.3,4207032.5
579653.44,4207032.5
579653.6,4207032.5
579653.75,4207032.0
579653.9,4207032.0
579654.0,4207031.5
579654.2,4207031.5
579654.3,4207031.0
579654.44,4207031.0
579654.6,4207031.0
579654.75,4207030.5
579654.9,4207030.5
579655.0,4207030.0
579655.2,4207030.0
579655.3,4207030.0
579655.44,4207029.5
579655.56,4207029.5
579655.75,4207029.0
579655.9,4207029.0
579656.0,4207028.5
579656.1,4207028.5
579656.3,4207028.5
579656.44,4207028.0
579656.56,4207028.0
579656.75,4207027.5
579656.9,4207027.5
579657.0,4207027.0
579657.1,4207027.0
579657.3,4207027.0
579657.44,4207026.5
579657.56,4207026.5
579657.7,4207026.0
579657.9,4207026.0
579658.0,4207025.5
579658.1,4207025.5
579658.25,4207025.5
579658.44,4207025.0
579658.56,4207025.0
579658.7,4207024.5
579658.8,4207024.5
579659.0,4207024.5
579659.1,4207024.0
579659.25,4207024.0
579659.44,4207023.5
579659.56,4207023.5
579659.7,4207023.0
579659.8,4207023.0
579660.0,4207023.0
579660.1,4207022.5
579660.25,4207022.5
579660.4,4207022.0
579660.56,4207022.0
579660.7,4207021.5
579660.8,4207021.5
579660.94,4207021.5
579661.1,4207021.0
579661.25,4207021.0
579661.4,4207020.5
579661.56,4207020.5
579661.7,4207020.5
579661.8,4207020.0
579661.94,4207020.0
579662.1,4207019.5
579662.25,4207019.5
579662.4,4207019.0
579662.5,4207019.0
579662.7,4207019.0
579662.8,4207018.5
579662.94,4207018.5
579663.06,4207018.0
579663.25,4207018.0
579663.4,4207017.5
579663.5,4207017.5
579663.7,4207017.5
579663.8,4207017.0
579663.94,4207017.0
579664.06,4207016.5
579664.25,4207016.5
579664.4,4207016.5
579664.5,4207016.0
579664.6,4207016.0
579664.8,4207015.5
579664.94,4207015.5
579665.06,4207015.0
579665.2,4207015.0
579665.4,4207015.0
579665.5,4207014.5
579665.6,4207014.5
579665.8,4207014.0
579665.94,4207014.0
579666.06,4207013.5
579666.2,4207013.5
579666.4,4207013.5
579666.5,4207013.0
579666.6,4207013.0
579666.75,4207012.5
579666.94,4207012.5
579667.06,4207012.5
579667.2,4207012.0
579667.3,4207012.0
579667.5,4207011.5
579667.6,4207011.5
579667.75,4207011.0
579667.94,4207011.0
579668.06,4207011.0
579668.2,4207010.5
579668.3,4207010.5
579668.5,4207010.0
579668.6,4207010.0
579668.75,4207009.5
579668.9,4207009.5
579669.06,4207009.5
579669.2,4207009.0
579669.3,4207009.0
579669.44,4207008.5
579669.6,4207008.5
579669.75,4207008.0
579669.9,4207008.0
579670.06,4207008.0
579670.2,4207007.5
579670.3,4207007.5
579670.44,4207007.0
579670.6,4207007.0
579670.75,4207006.5
579670.9,4207006.5
579671.0,4207006.5
579671.2,4207006.0
579671.3,4207006.0
579671.44,4207005.5
579671.56,4207005.5
579671.75,4207005.0
579671.9,4207005.0
579672.0,4207005.0
579672.2,4207004.5
579672.3,4207004.5
579672.44,4207004.0
579672.56,4207004.0
579672.75,4207004.0
579672.9,4207003.5
579673.0,4207003.5
579673.1,4207003.0
579673.3,4207003.0
579673.44,4207002.5
579673.56,4207002.5
579673.7,4207002.5
579673.9,4207002.0
579674.0,4207002.0
579674.1,4207001.5
579674.3,4207001.5
579674.44,4207001.0
579674.56,4207001.0
579674.7,4207001.0
579674.9,4207000.5
579675.0,4207000.5
579675.1,4207000.0
579675.25,4207000.0
579675.44,4206999.5
579675.56,4206999.5
579675.7,4206999.5
579675.9,4206999.0
579676.0,4206999.0
579676.1,4206998.5
579676.25,4206998.5
579676.44,4206998.0
579676.56,4206998.0
579676.7,4206998.0
579676.8,4206997.5
579677.0,4206997.5
579677.1,4206997.0
579677.25,4206997.0
579677.4,4206996.5
579677.56,4206996.5
579677.7,4206996.5
579677.8,4206996.0
579678.0,4206996.0
579678.1,4206995.5
579678.25,4206995.5
579678.4,4206995.0
579678.56,4206995.0
579678.7,4206995.0
579678.8,4206994.5
579678.94,4206994.5
579679.1,4206994.0
579679.25,4206994.0
579679.4,4206994.0
579679.5,4206993.5
579679.7,4206993.5
579679.8,4206993.0
579679.94,4206993.0
579680.1,4206992.5
579680.25,4206992.5
579680.4,4206992.5
579680.5,4206992.0
579680.7,4206992.0
579680.8,4206991.5
579680.94,4206991.5
579681.06,4206991.0
579681.25,4206991.0
579681.4,4206991.0
579681.5,4206990.5
579681.6,4206990.5
579681.8,4206990.0
579681.94,4206990.0
579682.06,4206989.5
579682.25,4206989.5
579682.4,4206989.5
579682.5,4206989.0
579682.6,4206989.0
579682.8,4206988.5
579682.94,4206988.5
579683.06,4206988.0
579683.2,4206988.0
579683.4,4206988.0
579683.5,4206987.5
579683.6,4206987.5
579683.75,4206987.0
579683.94,4206987.0
579684.06,4206987.0
579684.2,4206986.5
579684.4,4206986.5
579684.5,4206986.0
579684.6,4206986.0
579684.75,4206985.5
579684.94,4206985.5
579685.06,4206985.5
579685.2,4206985.0
579685.3,4206985.0
579685.5,4206984.5
579685.6,4206984.5
579685.75,4206984.0
579685.9,4206984.0
579686.06,4206984.0
579686.2,4206983.5
579686.3,4206983.5
579686.44,4206983.0
579686.6,4206983.0
579686.75,4206982.5
579686.9,4206982.5
579687.06,4206982.5
579687.2,4206982.0
579687.3,4206982.0
579687.44,4206981.5
579687.6,4206981.5
579687.75,4206981.5
579687.9,4206981.0
579688.0,4206981.0
579688.2,4206980.5
579688.3,4206980.5
579688.44,4206980.0
579688.56,4206980.0
579688.75,4206980.0
579688.9,4206979.5
579689.0,4206979.5
579689.1,4206979.0
579689.3,4206979.0
579689.44,4206978.5
579689.56,4206978.5
579689.75,4206978.5
579689.9,4206978.0
579690.0,4206978.0
579690.1,4206977.5
579690.3,4206977.5
579690.44,4206977.0
579690.56,4206977.0
579690.7,4206977.0
579690.9,4206976.5
579691.0,4206976.5
579691.1,4206976.0
579691.25,4206976.0
579691.44,4206976.0
579691.56,4206975.5
579691.7,4206975.5
579691.9,4206975.0
579692.0,4206975.0
579692.1,4206974.5
579692.25,4206974.5
579692.44,4206974.5
579692.56,4206974.0
579692.7,4206974.0
579692.8,4206973.5
579693.0,4206973.5
579693.1,4206973.0
579693.25,4206973.0
579693.4,4206973.0
579693.56,4206972.5
579693.7,4206972.5
579693.8,4206972.0
579693.94,4206972.0
579694.1,4206971.5
579694.25,4206971.5
579694.4,4206971.5
579694.56,4206971.0
579694.7,4206971.0
579694.8,4206970.5
579694.94,4206970.5
579695.1,4206970.5
579695.25,4206970.0
579695.4,4206970.0
579695.5,4206969.5
579695.7,4206969.5
579695.8,4206969.0
579695.94,4206969.0
579696.1,4206969.0
579696.25,4206968.5
579696.4,4206968.5
579696.5,4206968.0
579696.7,4206968.0
579696.8,4206968.0
579696.94,4206967.5
579697.1,4206967.5
579697.25,4206967.0
579697.4,4206967.0
579697.5,4206966.5
579697.7,4206966.5
579697.8,4206966.5
579697.94,4206966.0
579698.1,4206966.0
579698.25,4206965.5
579698.4,4206965.5
579698.5,4206965.0
579698.7,4206965.0
579698.8,4206965.0
579698.94,4206964.5
579699.06,4206964.5
579699.25,4206964.0
579699.4,4206964.0
579699.5,4206964.0
579699.7,4206963.5
579699.8,4206963.5
579699.94,4206963.0
579700.06,4206963.0
579700.25,4206962.5
579700.4,4206962.5
579700.5,4206962.5
579700.7,4206962.0
579700.8,4206962.0
579700.94,4206961.5
579701.06,4206961.5
579701.25,4206961.5
579701.4,4206961.0
579701.5,4206961.0
579701.7,4206960.5
579701.8,4206960.5
579701.94,4206960.0
579702.06,4206960.0
579702.25,4206960.0
579702.4,4206959.5
579702.5,4206959.5
579702.7,4206959.0
579702.8,4206959.0
579702.94,4206959.0
579703.06,4206958.5
579703.25,4206958.5
579703.4,4206958.0
579703.5,4206958.0
579703.7,4206957.5
579703.8,4206957.5
579703.94,4206957.5
579704.06,4206957.0
579704.25,4206957.0
579704.4,4206956.5
579704.5,4206956.5
579704.6,4206956.0
579704.8,4206956.0
579704.94,4206956.0
579705.06,4206955.5
579705.25,4206955.5
579705.4,4206955.0
579705.5,4206955.0
579705.6,4206955.0
579705.8,4206954.5
579705.94,4206954.5
579706.06,4206954.0
579706.25,4206954.0
579706.4,4206953.5
579706.5,4206953.5
579706.6,4206953.5
579706.8,4206953.0
579706.94,4206953.0
579707.06,4206952.5
579707.25,4206952.5
579707.4,4206952.5
579707.5,4206952.0
579707.6,4206952.0
579707.8,4206951.5
579707.94,4206951.5
579708.06,4206951.0
579708.25,4206951.0
579708.4,4206951.0
579708.5,4206950.5
579708.6,4206950.5
579708.8,4206950.0
579708.94,4206950.0
579709.06,4206949.5
579709.25,4206949.5
579709.4,4206949.5
579709.5,4206949.0
579709.6,4206949.0
579709.8,4206948.5
579709.94,4206948.5
579710.06,4206948.5
579710.25,4206948.0
579710.4,4206948.0
579710.5,4206947.5
579710.7,4206947.5
579710.8,4206947.0
579710.94,4206947.0
579711.06,4206947.0
579711.25,4206946.5
579711.4,4206946.5
579711.5,4206946.0
579711.7,4206946.0
579711.8,4206946.0
579711.94,4206945.5
579712.1,4206945.5
579712.25,4206945.0
579712.4,4206945.0
579712.56,4206944.5
579712.7,4206944.5
579712.8,4206944.5
579712.94,4206944.0
579713.1,4206944.0
579713.25,4206943.5
579713.4,4206943.5
579713.56,4206943.5
579713.7,4206943.0
579713.8,4206943.0
579714.0,4206942.5
579714.1,4206942.5
579714.25,4206942.0
579714.44,4206942.0
579714.56,4206942.0
579714.7,4206941.5
579714.8,4206941.5
579715.0,4206941.0
579715.1,4206941.0
579715.25,4206940.5
579715.44,4206940.5
579715.56,4206940.5
579715.7,4206940.0
579715.9,4206940.0
579716.0,4206939.5
579716.1,4206939.5
579716.3,4206939.5
579716.44,4206939.0
579716.56,4206939.0
579716.7,4206938.5
579716.9,4206938.5
579717.0,4206938.0
579717.1,4206938.0
579717.3,4206938.0
579717.44,4206937.5
579718.56,4206936.0
579718.75,4206935.5
579718.9,4206935.5
579719.0,4206935.5
579719.2,4206935.0
579719.3,4206935.0
579719.44,4206934.5
579719.6,4206934.5
579719.75,4206934.5
579719.9,4206934.0
579720.06,4206934.0
579720.2,4206933.5
579720.3,4206933.5
579720.5,4206933.0
579720.6,4206933.0
579720.75,4206933.0
579720.9,4206932.5
579721.06,4206932.5
579721.2,4206932.0
579721.3,4206932.0
579721.5,4206931.5
579721.6,4206931.5
579721.75,4206931.5
579721.94,4206931.0
579722.06,4206931.0
579722.2,4206930.5
579722.4,4206930.5
579722.5,4206930.5
579722.6,4206930.0
579722.75,4206930.0
579722.94,4206929.5
579723.06,4206929.5
579723.2,4206929.0
579723.4,4206929.0
579723.5,4206929.0
579723.6,4206928.5
579723.8,4206928.5
579723.94,4206928.0
579724.06,4206928.0
579724.25,4206928.0
579724.4,4206927.5
579724.5,4206927.5
579724.6,4206927.0
579724.8,4206927.0
579724.94,4206926.5
579725.06,4206926.5
579725.25,4206926.5
579725.4,4206926.0
579725.5,4206926.0
579725.7,4206925.5
579725.8,4206925.5
579725.94,4206925.0
579726.1,4206925.0
579726.25,4206925.0
579726.4,4206924.5
579726.56,4206924.5
579726.7,4206924.0
579726.8,4206924.0
579727.0,4206924.0
579727.1,4206923.5
579727.25,4206923.5
579727.44,4206923.0
579727.56,4206923.0
579727.7,4206922.5
579727.9,4206922.5
579728.0,4206922.5
579728.1,4206922.0
579728.25,4206922.0
579728.44,4206921.5
579728.56,4206921.5
579728.7,4206921.0
579728.9,4206921.0
579729.0,4206921.0
579729.1,4206920.5
579729.3,4206920.5
579729.44,4206920.0
579729.56,4206920.0
579729.75,4206919.5
579729.9,4206919.5
579730.0,4206919.5
579730.2,4206919.0
579730.3,4206919.0
579730.44,4206918.5
579730.6,4206918.5
579730.75,4206918.5
579730.9,4206918.0
579731.06,4206918.0
579731.2,4206917.5
579731.3,4206917.5
579731.44,4206917.0
579731.6,4206917.0
579731.75,4206917.0
579731.9,4206916.5
579732.06,4206916.5
579732.2,4206916.0
579732.3,4206916.0
579732.5,4206915.5
579732.6,4206915.5
579732.75,4206915.5
579732.94,4206915.0
579733.06,4206915.0
579733.2,4206914.5
579733.4,4206914.5
579733.5,4206914.5
579733.6,4206914.0
579733.8,4206914.0
579733.94,4206913.5
579734.06,4206913.5
579734.25,4206913.0
579734.4,4206913.0
579734.5,4206913.0
579734.7,4206912.5
579734.8,4206912.5
579734.94,4206912.0
579735.06,4206912.0
579735.25,4206911.5
579735.4,4206911.5
579735.5,4206911.5
579735.7,4206911.0
579735.8,4206911.0
579735.94,4206910.5
579736.1,4206910.5
579736.25,4206910.0
579736.4,4206910.0
579736.56,4206910.0
579736.7,4206909.5
579736.8,4206909.5
579737.0,4206909.0
579737.1,4206909.0
579737.25,4206909.0
579737.44,4206908.5
579737.56,4206908.5
579737.7,4206908.0
579737.9,4206908.0
579738.0,4206907.5
579738.1,4206907.5
579738.25,4206907.5
579738.44,4206907.0
579738.56,4206907.0
579738.7,4206906.5
579738.9,4206906.5
579739.0,4206906.0
579739.1,4206906.0
579739.3,4206906.0
579739.44,4206905.5
579739.6,4206905.5
579739.75,4206905.0
579739.9,4206905.0
579740.06,4206904.5
579740.2,4206904.5
579740.3,4206904.5
579740.5,4206904.0
579740.6,4206904.0
579740.75,4206903.5
579740.94,4206903.5
579741.06,4206903.0
579741.25,4206903.0
579741.4,4206903.0
579741.5,4206902.5
579741.7,4206902.5
579741.8,4206902.0
579741.94,4206902.0
579742.1,4206902.0
579742.25,4206901.5
579742.4,4206901.5
579742.56,4206901.0
579742.7,4206901.0
579742.9,4206900.5
579743.0,4206900.5
579743.1,4206900.5
579743.3,4206900.0
579743.44,4206900.0
579743.75,4206899.5
579743.9,4206899.0
579744.0,4206899.0
579744.2,4206899.0
579744.3,4206898.5
579744.44,4206898.5
579744.6,4206898.0
579744.75,4206898.0
579744.94,4206897.5
579745.06,4206897.5
579745.2,4206897.5
579745.4,4206897.0
579745.5,4206897.0
579745.6,4206896.5
579745.8,4206896.5
579745.94,4206896.0
579746.06,4206896.0
579746.25,4206896.0
579746.4,4206895.5
579746.56,4206895.5
579746.7,4206895.0
579746.8,4206895.0
579747.0,4206894.5
579747.1,4206894.5
579747.25,4206894.5
579747.44,4206894.0
579747.56,4206894.0
579747.7,4206893.5
579747.9,4206893.5
579748.0,4206893.0
579748.2,4206893.0
579748.3,4206893.0
579748.44,4206892.5
579748.6,4206892.5
579748.75,4206892.0
579748.9,4206892.0
579749.06,4206891.5
579749.2,4206891.5
579749.3,4206891.5
579749.5,4206891.0
579749.6,4206891.0
579749.8,4206890.5
579749.94,4206890.5
579750.06,4206890.0
579750.25,4206890.0
579750.4,4206890.0
579750.5,4206889.5
579750.7,4206889.5
579750.8,4206889.0
579750.94,4206889.0
579751.1,4206889.0
579751.25,4206888.5
579751.44,4206888.5
579751.56,4206888.0
579751.7,4206888.0
579751.9,4206887.5
579752.0,4206887.5
579752.1,4206887.5
579752.3,4206887.0
579752.44,4206887.0
579752.56,4206886.5
579752.75,4206886.5
579752.9,4206886.0
579753.0,4206886.0
579753.2,4206886.0
579753.3,4206885.5
579753.5,4206885.5
579753.6,4206885.0
579753.75,4206885.0
579753.94,4206884.5
579754.06,4206884.5
579754.25,4206884.5
579754.4,4206884.0
579754.56,4206884.0
579754.7,4206883.5
579754.9,4206883.5
579755.0,4206883.0
579755.1,4206883.0
579755.3,4206882.5
579755.44,4206882.5
579755.6,4206882.5
579755.75,4206882.0
579755.94,4206882.0
579756.06,4206881.5
579756.25,4206881.5
579756.4,4206881.0
579756.56,4206881.0
579756.7,4206880.5
579756.9,4206880.5
579757.0,4206880.5
579757.2,4206880.0
579757.3,4206880.0
579757.5,4206879.5
579757.6,4206879.5
579757.75,4206879.0
579757.94,4206879.0
579758.06,4206878.5
579758.25,4206878.5
579758.4,4206878.5
579758.56,4206878.0
579758.7,4206878.0
579758.9,4206877.5
579759.0,4206877.5
579759.2,4206877.0
579759.3,4206877.0
579759.5,4206876.5
579759.6,4206876.5
579759.8,4206876.5
579759.94,4206876.0
579760.1,4206876.0
579760.25,4206875.5
579760.44,4206875.5
579760.56,4206875.0
579760.7,4206875.0
579760.9,4206875.0
579761.0,4206874.5
579761.2,4206874.5
579761.3,4206874.0
579761.5,4206874.0
579761.6,4206873.5
579761.8,4206873.5
579761.94,4206873.0
579762.1,4206873.0
579762.25,4206873.0
579762.44,4206872.5
579762.56,4206872.5
579762.75,4206872.0
579762.9,4206872.0
579763.06,4206871.5
579763.2,4206871.5
579763.3,4206871.0
579763.5,4206871.0
579763.6,4206871.0
579763.8,4206870.5
579763.94,4206870.5
579764.1,4206870.0
579764.25,4206870.0
579764.44,4206869.5
579764.56,4206869.5
579764.75,4206869.0
579764.9,4206869.0
579765.06,4206869.0
579765.2,4206868.5
579765.4,4206868.5
579765.5,4206868.0
579765.7,4206868.0
579765.8,4206867.5
579765.94,4206867.5
579766.1,4206867.0
579766.25,4206867.0
579766.44,4206867.0
579766.56,4206866.5
579766.75,4206866.5
579766.9,4206866.0
579767.06,4206866.0
579767.2,4206865.5
579767.4,4206865.5
579767.5,4206865.5
579767.7,4206865.0
579767.8,4206865.0
579768.0,4206864.5
579768.1,4206864.5
579768.3,4206864.0
579768.44,4206864.0
579769.5,4206862.5
579769.7,4206862.0
579769.8,4206862.0
579770.0,4206861.5
579770.1,4206861.5
579770.3,4206861.0
579770.44,4206861.0
579770.6,4206861.0
579770.75,4206860.5
579770.94,4206860.5
579771.06,4206860.0
579771.25,4206860.0
579771.4,4206859.5
579771.56,4206859.5
579771.7,4206859.0
579772.0,4206859.0
579772.2,4206858.5
579772.3,4206858.5
579772.5,4206858.0
579772.6,4206858.0
579772.8,4206857.5
579772.94,4206857.5
579773.1,4206857.0
579773.25,4206857.0
579773.44,4206856.5
579773.56,4206856.5
579773.75,4206856.5
579773.9,4206856.0
579774.06,4206856.0
579774.2,4206855.5
579774.4,4206855.5
579774.5,4206855.0
579774.7,4206855.0
579774.8,4206854.5
579775.0,4206854.5
579775.1,4206854.5
579775.3,4206854.0
579775.44,4206854.0
579775.56,4206853.5
579775.75,4206853.5
579775.9,4206853.0
579776.06,4206853.0
579776.2,4206852.5
579776.4,4206852.5
579776.5,4206852.0
579776.7,4206852.0
579776.8,4206852.0
579777.0,4206851.5
579777.1,4206851.5
579777.3,4206851.0
579777.44,4206851.0
579777.6,4206850.5
579777.75,4206850.5
579777.94,4206850.0
579778.06,4206850.0
579778.25,4206849.5
579778.4,4206849.5
579778.56,4206849.5
579778.7,4206849.0
579778.9,4206849.0
579779.0,4206848.5
579779.2,4206848.5
579779.3,4206848.0
579779.5,4206848.0
579779.6,4206847.5
579779.8,4206847.5
579779.94,4206847.5
579780.1,4206847.0
579780.25,4206847.0
579780.44,4206846.5
579780.56,4206846.5
579780.75,4206846.0
579780.9,4206846.0
579781.06,4206845.5
579781.2,4206845.5
579781.4,4206845.0
579781.5,4206845.0
579781.7,4206845.0
579781.8,4206844.5
579782.0,4206844.5
579782.1,4206844.0
579782.3,4206844.0
579782.44,4206843.5
579782.6,4206843.5
579782.75,4206843.0
579782.94,4206843.0
579783.06,4206843.0
579783.2,4206842.5
579783.4,4206842.5
579783.5,4206842.0
579783.7,4206842.0
579783.8,4206841.5
579784.0,4206841.5
579784.1,4206841.0
579784.25,4206841.0
579784.44,4206841.0
579784.56,4206840.5
579784.7,4206840.5
579784.9,4206840.0
579785.0,4206840.0
579785.1,4206839.5
579785.3,4206839.5
579785.44,4206839.0
579785.56,4206839.0
579785.75,4206839.0
579785.9,4206838.5
579786.0,4206838.5
579786.2,4206838.0
579786.3,4206838.0
579786.44,4206837.5
579786.6,4206837.5
579786.75,4206837.5
579786.94,4206837.0
579787.06,4206837.0
579787.2,4206836.5
579787.4,4206836.5
579787.5,4206836.0
579787.6,4206836.0
579787.8,4206836.0
579787.94,4206835.5
579788.06,4206835.5
579788.25,4206835.0
579788.4,4206835.0
579788.5,4206834.5
579788.7,4206834.5
579788.8,4206834.0
579788.94,4206834.0
579789.1,4206834.0
579789.25,4206833.5
579789.4,4206833.5
579789.56,4206833.0
579789.7,4206833.0
579789.8,4206832.5
579790.0,4206832.5
579790.1,4206832.5
579790.25,4206832.0
579790.44,4206832.0
579790.56,4206831.5
579790.7,4206831.5
579790.9,4206831.0
579791.0,4206831.0
579791.1,4206831.0
579791.3,4206830.5
579791.44,4206830.5
579791.56,4206830.0
579791.75,4206830.0
579791.9,4206829.5
579792.0,4206829.5
579792.2,4206829.0
579792.3,4206829.0
579792.44,4206829.0
579792.6,4206828.5
579792.75,4206828.5
579792.9,4206828.0
579793.06,4206828.0
579793.2,4206827.5
579793.3,4206827.5
579793.5,4206827.5
579795.4,4206824.5
579795.5,4206824.0
579795.7,4206824.0
579795.8,4206824.0
579797.56,4206821.0
579797.7,4206821.0
579797.9,4206821.0
579798.0,4206820.5
579798.1,4206820.5
579798.3,4206820.0
579798.44,4206820.0
579798.56,4206819.5
579798.7,4206819.5
579798.9,4206819.5
579799.0,4206819.0
579799.1,4206819.0
579799.25,4206818.5
579799.44,4206818.5
579799.56,4206818.0
579799.7,4206818.0
579799.8,4206818.0
579800.0,4206817.5
579800.1,4206817.5
579800.25,4206817.0
579800.4,4206817.0
579800.56,4206816.5
579800.7,4206816.5
579800.8,4206816.5
579800.94,4206816.0
579801.06,4206816.0
579801.25,4206815.5
579801.4,4206815.5
579801.5,4206815.0
579801.6,4206815.0
579801.8,4206815.0
579801.94,4206814.5
579802.06,4206814.5
579802.2,4206814.0
579802.4,4206814.0
579802.5,4206813.5
579802.6,4206813.5
579802.75,4206813.5
579802.94,4206813.0
579803.06,4206813.0
579803.2,4206812.5
579803.3,4206812.5
579803.44,4206812.5
579803.6,4206812.0
579803.75,4206812.0
579803.9,4206811.5
579804.0,4206811.5
579804.2,4206811.0
579804.3,4206811.0
579804.44,4206811.0
579804.56,4206810.5
579804.75,4206810.5
579804.9,4206810.0
579805.0,4206810.0
579805.1,4206809.5
579805.3,4206809.5
579805.44,4206809.5
579805.56,4206809.0
579805.7,4206809.0
579805.8,4206808.5
579806.0,4206808.5
579806.1,4206808.0
579806.25,4206808.0
579806.4,4206808.0
579806.56,4206807.5
579806.7,4206807.5
579806.8,4206807.0
579806.94,4206807.0
579807.1,4206806.5
579807.25,4206806.5
579807.4,4206806.5
579807.5,4206806.0
579807.7,4206806.0
579807.8,4206805.5
579807.94,4206805.5
579808.06,4206805.0
579808.2,4206805.0
579808.4,4206805.0
579808.5,4206804.5
579808.6,4206804.5
579808.75,4206804.0
579808.94,4206804.0
579809.06,4206803.5
579809.2,4206803.5
579809.3,4206803.5
579809.5,4206803.0
579809.6,4206803.0
579809.75,4206802.5
579809.9,4206802.5
579810.06,4206802.5
579810.2,4206802.0
579810.3,4206802.0
579810.44,4206801.5
579810.56,4206801.5
579810.75,4206801.0
579810.9,4206801.0
579811.0,4206801.0
579811.1,4206800.5
579811.3,4206800.5
579811.44,4206800.0
579811.56,4206800.0
579811.7,4206799.5
579811.9,4206799.5
579812.0,4206799.5
579812.1,4206799.0
579812.25,4206799.0
579812.44,4206798.5
579812.56,4206798.5
579812.7,4206798.0
579812.8,4206798.0
579813.0,4206798.0
579813.1,4206797.5
579813.25,4206797.5
579813.4,4206797.0
579813.56,4206797.0
579813.7,4206796.5
579813.8,4206796.5
579813.94,4206796.0
579814.1,4206796.0
579814.25,4206796.0
579814.4,4206795.5
579814.5,4206795.5
579814.6,4206795.0
579814.8,4206795.0
579814.94,4206794.5
579815.06,4206794.5
579815.2,4206794.5
579815.4,4206794.0
579815.5,4206794.0
579815.6,4206793.5
579815.75,4206793.5
579815.94,4206793.0
579816.06,4206793.0
579816.2,4206792.5
579816.3,4206792.5
579816.5,4206792.5
579816.6,4206792.0
579816.75,4206792.0
579816.9,4206791.5
579817.06,4206791.5
579817.2,4206791.0
579817.3,4206791.0
579817.44,4206791.0
579817.6,4206790.5
579817.75,4206790.5
579817.9,4206790.0
579818.0,4206790.0
579818.2,4206789.5
579818.3,4206789.5
579818.44,4206789.0
579819.56,4206787.5
579819.7,4206787.5
579819.9,4206787.0
579820.0,4206787.0
579820.1,4206786.5
579820.25,4206786.5
579820.44,4206786.0
579820.56,4206786.0
579820.7,4206785.5
579820.8,4206785.5
579821.0,4206785.5
579821.1,4206785.0
579821.25,4206785.0
579821.4,4206784.5
579821.56,4206784.5
579821.7,4206784.0
579821.8,4206784.0
579821.94,4206784.0
579822.1,4206783.5
579822.25,4206783.5
579822.4,4206783.0
579822.5,4206783.0
579822.7,4206782.5
579822.8,4206782.5
579822.94,4206782.0
579823.06,4206782.0
579823.25,4206782.0
579823.4,4206781.5
579823.5,4206781.5
579823.6,4206781.0
579823.8,4206781.0
579823.94,4206780.5
579824.06,4206780.5
579824.2,4206780.5
579824.4,4206780.0
579824.5,4206780.0
579824.6,4206779.5
579824.75,4206779.5
579824.94,4206779.0
579825.06,4206779.0
579825.2,4206778.5
579825.3,4206778.5
579825.5,4206778.5
579825.6,4206778.0
579825.75,4206778.0
579825.9,4206777.5
579826.06,4206777.5
579826.2,4206777.0
579826.3,4206777.0
579826.44,4206777.0
579826.6,4206776.5
579826.75,4206776.5
579826.9,4206776.0
579827.0,4206776.0
579827.2,4206775.5
579827.3,4206775.5
579827.44,4206775.0
579827.6,4206775.0
579827.75,4206775.0
579827.9,4206774.5
579828.06,4206774.5
579828.2,4206774.0
579828.3,4206774.0
579828.44,4206773.5
579828.6,4206773.5
579828.75,4206773.0
579828.9,4206773.0
579829.06,4206772.5
579829.2,4206772.5
579829.3,4206772.5
579829.5,4206772.0
579829.6,4206772.0
579829.75,4206771.5
579829.9,4206771.5
579830.06,4206771.0
579830.2,4206771.0
579830.3,4206770.5
579830.5,4206770.5
579830.6,4206770.0
579830.75,4206770.0
579830.94,4206770.0
579831.06,4206769.5
579831.2,4206769.5
579831.3,4206769.0
579831.5,4206769.0
579831.6,4206768.5
579831.75,4206768.5
579831.94,4206768.0
579832.06,4206768.0
579832.2,4206768.0
579832.4,4206767.5
579832.5,4206767.5
579832.6,4206767.0
579832.75,4206767.0
579832.94,4206766.5
579833.06,4206766.5
579833.2,4206766.0
579833.4,4206766.0
579833.5,4206765.5
579833.6,4206765.5
579833.8,4206765.5
579833.94,4206765.0
579834.06,4206765.0
579834.2,4206764.5
579834.4,4206764.5
579834.5,4206764.0
579834.6,4206764.0
579834.8,4206763.5
579834.94,4206763.5
579835.06,4206763.5
579835.25,4206763.0
579835.4,4206763.0
579835.5,4206762.5
579835.6,4206762.5
579835.8,4206762.0
579835.94,4206762.0
579836.06,4206761.5
579836.25,4206761.5
579836.4,4206761.0
579836.5,4206761.0
579836.7,4206761.0
579836.8,4206760.5
579836.94,4206760.5
579837.06,4206760.0
579837.25,4206760.0
579837.4,4206759.5
579837.5,4206759.5
579837.7,4206759.0
579837.8,4206759.0
579837.94,4206759.0
579838.1,4206758.5
579838.25,4206758.5
579838.4,4206758.0
579838.5,4206758.0
579838.7,4206757.5
579838.8,4206757.5
579838.94,4206757.0
579839.1,4206757.0
579839.25,4206756.5
579839.4,4206756.5
579839.56,4206756.5
579839.7,4206756.0
579839.8,4206756.0
579839.94,4206755.5
579840.1,4206755.5
579840.25,4206755.0
579840.4,4206755.0
579840.56,4206754.5
579840.7,4206754.5
579840.8,4206754.0
579841.0,4206754.0
579841.1,4206754.0
579841.25,4206753.5
579841.44,4206753.5
579841.56,4206753.0
579841.75,4206753.0
579841.9,4206752.5
579842.0,4206752.5
579842.2,4206752.0
579842.3,4206752.0
579842.44,4206751.5
579842.6,4206751.5
579842.75,4206751.0
579842.9,4206751.0
579843.06,4206751.0
579843.2,4206750.5
579843.4,4206750.5
579843.5,4206750.0
579843.94,4206749.5
579844.06,4206749.0
579844.25,4206749.0
579844.4,4206748.5
579844.5,4206748.5
579844.7,4206748.0
579844.8,4206748.0
579844.94,4206748.0
579845.1,4206747.5
579845.25,4206747.5
579845.44,4206747.0
579845.56,4206747.0
579845.7,4206746.5
579845.9,4206746.5
579846.0,4206746.0
579846.1,4206746.0
579846.3,4206745.5
579846.44,4206745.5
579846.56,4206745.0
579846.75,4206745.0
579846.9,4206744.5
579847.06,4206744.5
579847.2,4206744.5
579847.3,4206744.0
579847.5,4206744.0
579847.6,4206743.5
579847.75,4206743.5
579847.94,4206743.0
579848.06,4206743.0
579848.2,4206742.5
579848.4,4206742.5
579848.5,4206742.0
579848.6,4206742.0
579848.8,4206741.5
579848.94,4206741.5
579849.1,4206741.5
579849.25,4206741.0
579849.4,4206741.0
579849.56,4206740.5
579849.7,4206740.5
579849.8,4206740.0
579850.0,4206740.0
579850.1,4206739.5
579850.25,4206739.5
579850.44,4206739.0
579850.56,4206739.0
579850.75,4206738.5
579850.9,4206738.5
579851.0,4206738.5
579851.2,4206738.0
579851.3,4206738.0
579851.44,4206737.5
579851.6,4206737.5
579851.75,4206737.0
579851.9,4206737.0
579852.06,4206736.5
579852.2,4206736.5
579852.3,4206736.0
579852.5,4206736.0
579852.6,4206735.5
579852.8,4206735.5
579852.94,4206735.0
579853.06,4206735.0
579853.25,4206735.0
579853.4,4206734.5
579853.5,4206734.5
579853.7,4206734.0
579853.8,4206734.0
579853.94,4206733.5
579854.1,4206733.5
579854.25,4206733.0
579854.44,4206733.0
579854.56,4206732.5
579854.7,4206732.5
579854.8,4206732.0
579855.0,4206732.0
579855.1,4206732.0
579855.25,4206731.5
579855.44,4206731.5
579855.56,4206731.0
579855.7,4206731.0
579855.8,4206730.5
579856.0,4206730.5
579856.1,4206730.0
579856.25,4206730.0
579856.44,4206729.5
579856.56,4206729.5
579856.7,4206729.0
579856.8,4206729.0
579857.0,4206729.0
579857.1,4206728.5
579857.25,4206728.5
579857.44,4206728.0
579857.56,4206728.0
579857.7,4206727.5
579857.8,4206727.5
579858.0,4206727.0
579858.1,4206727.0
579858.25,4206726.5
579858.44,4206726.5
579858.56,4206726.5
579858.7,4206726.0
579858.8,4206726.0
579859.0,4206725.5
579859.1,4206725.5
579859.25,4206725.0
579859.44,4206725.0
579859.56,4206724.5
579859.7,4206724.5
579859.8,4206724.0
579860.0,4206724.0
579860.1,4206723.5
579860.25,4206723.5
579860.4,4206723.5
579860.56,4206723.0
579860.7,4206723.0
579860.8,4206722.5
579861.0,4206722.5
579861.1,4206722.0
579861.25,4206722.0
579861.4,4206721.5
579861.56,4206721.5
579861.7,4206721.0
579861.8,4206721.0
579862.0,4206720.5
579862.1,4206720.5
579862.25,4206720.5
579862.4,4206720.0
579862.56,4206720.0
579862.7,4206719.5
579862.8,4206719.5
579863.0,4206719.0
579863.1,4206719.0
579863.25,4206718.5
579863.4,4206718.5
579863.56,4206718.0
579863.7,4206718.0
579863.8,4206717.5
579864.0,4206717.5
579864.1,4206717.5
579864.25,4206717.0
579864.4,4206717.0
579864.56,4206716.5
579864.7,4206716.5
579864.8,4206716.0
579865.0,4206716.0
579865.1,4206715.5
579865.7,4206714.5
579865.8,4206714.5
579865.94,4206714.5
579866.1,4206714.0
579866.25,4206714.0
579866.4,4206713.5
579866.56,4206713.5
579866.7,4206713.0
579866.8,4206713.0
579866.94,4206712.5
579868.56,4206710.0
579868.7,4206710.0
579868.8,4206709.5
579868.94,4206709.5
579869.06,4206709.0
579869.25,4206709.0
579869.4,4206709.0
579869.5,4206708.5
579869.6,4206708.5
579869.75,4206708.0
579869.94,4206708.0
579870.06,4206707.5
579870.2,4206707.5
579870.3,4206707.0
579870.44,4206707.0
579870.6,4206706.5
579870.75,4206706.5
579870.9,4206706.5
579871.0,4206706.0
579871.1,4206706.0
579871.25,4206705.5
579871.44,4206705.5
579871.56,4206705.0
579871.7,4206705.0
579871.8,4206704.5
579871.94,4206704.5
579872.1,4206704.0
579872.25,4206704.0
579872.4,4206704.0
579872.5,4206703.5
579872.6,4206703.5
579872.8,4206703.0
579872.94,4206703.0
579873.06,4206702.5
579873.2,4206702.5
579873.3,4206702.0
579873.5,4206702.0
579873.6,4206701.5
579873.75,4206701.5
579873.9,4206701.5
579874.0,4206701.0
579874.2,4206701.0
579874.3,4206700.5
579874.44,4206700.5
579874.56,4206700.0
579874.7,4206700.0
579874.9,4206699.5
579875.0,4206699.5
579875.1,4206699.0
579875.25,4206699.0
579875.4,4206699.0
579875.56,4206698.5
579875.7,4206698.5
579875.8,4206698.0
579875.94,4206698.0
579876.06,4206697.5
579876.25,4206697.5
579876.4,4206697.0
579876.5,4206697.0
579876.6,4206696.5
579876.75,4206696.5
579876.94,4206696.5
579877.06,4206696.0
579877.2,4206696.0
579877.3,4206695.5
579877.44,4206695.5
579877.6,4206695.0
579877.75,4206695.0
579877.9,4206694.5
579878.0,4206694.5
579878.1,4206694.0
579878.25,4206694.0
579878.44,4206694.0
579878.56,4206693.5
579878.7,4206693.5
579878.8,4206693.0
579878.94,4206693.0
579879.1,4206692.5
579879.25,4206692.5
579879.4,4206692.0
579879.5,4206692.0
579879.6,4206691.5
579879.8,4206691.5
579879.94,4206691.5
579880.06,4206691.0
579880.2,4206691.0
579880.3,4206690.5
579880.5,4206690.5
579880.6,4206690.0
579880.75,4206690.0
579880.9,4206689.5
579882.25,4206687.5
579882.4,4206687.0
579882.56,4206687.0
579882.7,4206686.5
579882.8,4206686.5
579882.94,4206686.0
579883.06,4206686.0
579883.25,4206686.0
579883.4,4206685.5
579883.5,4206685.5
579883.6,4206685.0
579883.75,4206685.0
579883.94,4206684.5
579884.06,4206684.5
579884.2,4206684.0
579884.3,4206684.0
579884.5,4206683.5
579884.6,4206683.5
579884.75,4206683.0
579884.9,4206683.0
579885.0,4206683.0
579885.2,4206682.5
579885.3,4206682.5
579885.44,4206682.0
579885.56,4206682.0
579885.7,4206681.5
579885.9,4206681.5
579886.0,4206681.0
579886.1,4206681.0
579886.25,4206680.5
579886.4,4206680.5
579886.56,4206680.0
579886.7,4206680.0
579886.8,4206679.5
579886.94,4206679.5
579887.06,4206679.5
579887.25,4206679.0
579887.4,4206679.0
579887.5,4206678.5
579887.6,4206678.5
579887.75,4206678.0
579887.94,4206678.0
579888.06,4206677.5
579888.2,4206677.5
579888.3,4206677.0
579888.5,4206677.0
579888.6,4206676.5
579888.75,4206676.5
579888.9,4206676.5
579889.0,4206676.0
579889.2,4206676.0
579889.3,4206675.5
579889.44,4206675.5
579889.56,4206675.0
579889.7,4206675.0
579889.9,4206674.5
579890.0,4206674.5
579890.1,4206674.0
579890.25,4206674.0
579890.4,4206673.5
579890.56,4206673.5
579890.7,4206673.5
579890.8,4206673.0
579890.94,4206673.0
579891.06,4206672.5
579891.25,4206672.5
579891.4,4206672.0
579891.5,4206672.0
579891.6,4206671.5
579891.75,4206671.5
579891.94,4206671.0
579892.06,4206671.0
579892.2,4206670.5
579892.3,4206670.5
579892.5,4206670.5
579892.6,4206670.0
579892.75,4206670.0
579892.9,4206669.5
579893.0,4206669.5
579893.2,4206669.0
579893.3,4206669.0
579893.44,4206668.5
579893.56,4206668.5
579893.7,4206668.0
579893.9,4206668.0
579894.0,4206667.5
579894.1,4206667.5
579894.25,4206667.0
579894.4,4206667.0
579894.56,4206667.0
579894.7,4206666.5
579894.8,4206666.5
579894.94,4206666.0
579895.06,4206666.0
579895.25,4206665.5
579895.4,4206665.5
579895.5,4206665.0
579895.6,4206665.0
579895.75,4206664.5
579895.9,4206664.5
579896.0,4206664.5
579896.1,4206664.0
579896.25,4206664.0
579896.44,4206663.5
579896.56,4206663.5
579896.7,4206663.0
579896.8,4206663.0
579896.94,4206662.5
579897.06,4206662.5
579897.2,4206662.0
579897.3,4206662.0
579897.44,4206662.0
579897.56,4206661.5
579897.7,4206661.5
579897.8,4206661.0
579897.94,4206661.0
579898.06,4206660.5
579898.25,4206660.5
579898.4,4206660.0
579898.5,4206660.0
579898.6,4206660.0
579898.75,4206659.5
579898.9,4206659.5
579899.0,4206659.0
579899.1,4206659.0
579899.25,4206658.5
579899.4,4206658.5
579899.5,4206658.0
579899.6,4206658.0
579899.75,4206658.0
579899.9,4206657.5
579900.06,4206657.5
579900.2,4206657.0
579900.3,4206657.0
579900.44,4206656.5
579900.56,4206656.5
579900.7,4206656.0
579900.8,4206656.0
579900.94,4206655.5
579901.06,4206655.5
579901.2,4206655.5
579901.3,4206655.0
579901.44,4206655.0
579901.56,4206654.5
579901.75,4206654.5
579901.9,4206654.0
579902.0,4206654.0
579902.1,4206653.5
579902.25,4206653.5
579902.4,4206653.5
579902.5,4206653.0
579902.6,4206653.0
579902.75,4206652.5
579902.9,4206652.5
579903.0,4206652.0
579903.1,4206652.0
579903.25,4206651.5
579903.4,4206651.5
579903.56,4206651.5
579903.7,4206651.0
579903.8,4206651.0
579903.94,4206650.5
579904.06,4206650.5
579904.2,4206650.0
579904.3,4206650.0
579904.44,4206649.5
579904.56,4206649.5
579904.7,4206649.0
579904.8,4206649.0
579904.94,4206649.0
579905.06,4206648.5
579905.25,4206648.5
579905.4,4206648.0
579905.5,4206648.0
579905.6,4206647.5
579905.75,4206647.5
579905.9,4206647.0
579906.0,4206647.0
579906.1,4206647.0
579906.25,4206646.5
579906.4,4206646.5
579906.5,4206646.0
579906.6,4206646.0
579906.75,4206645.5
579906.9,4206645.5
579907.06,4206645.0
579907.2,4206645.0
579907.3,4206644.5
579907.44,4206644.5
579907.56,4206644.5
579907.7,4206644.0
579907.8,4206644.0
579907.94,4206643.5
579908.06,4206643.5
579908.2,4206643.0
579908.3,4206643.0
579908.44,4206642.5
579908.56,4206642.5
579908.7,4206642.5
579908.8,4206642.0
579908.94,4206642.0
579909.06,4206641.5
579909.2,4206641.5
579909.3,4206641.0
579909.44,4206641.0
579909.56,4206641.0
579909.7,4206640.5
579909.8,4206640.5
579909.94,4206640.0
579910.06,4206640.0
579910.2,4206639.5
579910.3,4206639.5
579910.44,4206639.5
579910.56,4206639.0
579910.7,4206639.0
579910.8,4206638.5
579910.94,4206638.5
579911.06,4206638.0
579911.2,4206638.0
579911.25,4206637.5
579911.4,4206637.5
579911.5,4206637.5
579911.6,4206637.0
579911.75,4206637.0
579911.9,4206636.5
579912.0,4206636.5
579912.1,4206636.0
579912.25,4206636.0
579912.4,4206636.0
579912.5,4206635.5
579912.6,4206635.5
579912.75,4206635.0
579912.9,4206635.0
579913.0,4206634.5
579913.1,4206634.5
579913.25,4206634.5
579913.4,4206634.0
579913.5,4206634.0
579913.6,4206633.5
579913.75,4206633.5
579913.9,4206633.0
579914.0,4206633.0
579914.1,4206633.0
579914.25,4206632.5
579914.4,4206632.5
579914.5,4206632.0
579914.6,4206632.0
579914.7,4206631.5
579914.8,4206631.5
579914.94,4206631.0
579915.06,4206631.0
579915.2,4206631.0
579915.3,4206630.5
579915.44,4206630.5
579915.56,4206630.0
579915.7,4206630.0
579915.8,4206629.5
579915.94,4206629.5
579916.06,4206629.5
579916.2,4206629.0
579916.3,4206629.0
579916.44,4206628.5
579916.56,4206628.5
579916.7,4206628.0
579916.8,4206628.0
579916.94,4206628.0
579917.06,4206627.5
579917.2,4206627.5
579917.3,4206627.0
579917.44,4206627.0
579917.56,4206626.5
579917.7,4206626.5
579917.8,4206626.0
579917.94,4206626.0
579918.06,4206626.0
579918.2,4206625.5
579918.3,4206625.5
579918.44,4206625.0
579918.8,4206624.5
579918.94,4206624.5
579919.06,4206624.0
579919.2,4206624.0
579919.3,4206623.5
579919.44,4206623.5
579919.56,4206623.0
579919.7,4206623.0
579919.8,4206622.5
579919.94,4206622.5
579920.06,4206622.5
579920.2,4206622.0
579920.3,4206622.0
579920.44,4206621.5
579920.56,4206621.5
579920.7,4206621.0
579920.8,4206621.0
579920.94,4206621.0
579921.06,4206620.5
579921.2,4206620.5
579921.3,4206620.0
579921.44,4206620.0
579921.56,4206619.5
579921.7,4206619.5
579921.8,4206619.0
579921.94,4206619.0
579922.06,4206619.0
579922.2,4206618.5
579922.3,4206618.5
579922.44,4206618.0
579922.56,4206618.0
579922.7,4206617.5
579922.8,4206617.5
579923.0,4206617.0
579923.1,4206617.0
579923.25,4206617.0
579923.4,4206616.5
579923.5,4206616.5
579923.6,4206616.0
579923.75,4206616.0
579923.9,4206615.5
579924.0,4206615.5
579924.1,4206615.0
579924.25,4206615.0
579924.4,4206615.0
579924.5,4206614.5
579924.6,4206614.5
579924.75,4206614.0
579924.9,4206614.0
579925.0,4206613.5
579925.1,4206613.5
579925.25,4206613.0
579925.4,4206613.0
579925.5,4206613.0
579925.6,4206612.5
579925.75,4206612.5
579925.9,4206612.0
579926.0,4206612.0
579926.1,4206611.5
579926.25,4206611.5
579926.4,4206611.0
579926.5,4206611.0
579926.6,4206611.0
579926.75,4206610.5
579926.9,4206610.5
579927.0,4206610.0
579927.1,4206610.0
579927.25,4206609.5
579927.4,4206609.5
579927.5,4206609.0
579927.6,4206609.0
579927.75,4206609.0
579927.9,4206608.5
579928.0,4206608.5
579928.1,4206608.0
579928.25,4206608.0
579928.4,4206607.5
579928.5,4206607.5
579928.6,4206607.0
579928.75,4206607.0
579928.9,4206607.0
579929.0,4206606.5
579929.1,4206606.5
579929.25,4206606.0
579929.4,4206606.0
579929.5,4206605.5
579929.6,4206605.5
579929.8,4206605.0
579929.94,4206605.0
579930.06,4206605.0
579930.2,4206604.5
579930.3,4206604.5
579930.44,4206604.0
579930.56,4206604.0
579930.7,4206603.5
579930.8,4206603.5
579930.94,4206603.0
579931.06,4206603.0
579931.2,4206603.0
579931.3,4206602.5
579931.44,4206602.5
579931.56,4206602.0
579931.7,4206602.0
579931.8,4206601.5
579931.94,4206601.5
579932.06,4206601.0
579932.2,4206601.0
579932.3,4206601.0
579932.44,4206600.5
579932.56,4206600.5
579932.7,4206600.0
579932.8,4206600.0
579932.94,4206599.5
579933.06,4206599.5
579933.2,4206599.0
579933.3,4206599.0
579933.44,4206599.0
579933.6,4206598.5
579933.75,4206598.5
579933.9,4206598.0
579934.0,4206598.0
579934.1,4206597.5
579934.25,4206597.5
579934.4,4206597.0
579934.5,4206597.0
579934.6,4206596.5
579934.75,4206596.5
579934.9,4206596.0
579935.06,4206596.0
579935.2,4206596.0
579935.3,4206595.5
579935.44,4206595.5
579935.56,4206595.0
579935.7,4206595.0
579935.8,4206594.5
579935.94,4206594.5
579936.06,4206594.0
579936.2,4206594.0
579936.3,4206593.5
579936.44,4206593.5
579936.6,4206593.5
579936.75,4206593.0
579936.9,4206593.0
579937.0,4206592.5
579937.1,4206592.5
579937.25,4206592.0
579937.4,4206592.0
579937.5,4206591.5
579937.6,4206591.5
579937.75,4206591.0
579937.9,4206591.0
579938.0,4206590.5
579938.2,4206590.5
579938.3,4206590.5
579938.44,4206590.0
579938.56,4206590.0
579938.7,4206589.5
579938.8,4206589.5
579938.94,4206589.0
579939.06,4206589.0
579939.2,4206588.5
579939.3,4206588.5
579939.44,4206588.0
579939.6,4206588.0
579939.75,4206587.5
579939.9,4206587.5
579940.0,4206587.5
579940.1,4206587.0
579940.25,4206587.0
579940.4,4206586.5
579940.5,4206586.5
579940.6,4206586.0
579940.75,4206586.0
579940.9,4206585.5
579941.0,4206585.5
579941.2,4206585.0
579941.3,4206585.0
579941.44,4206585.0
579941.56,4206584.5
579941.7,4206584.5
579941.8,4206584.0
579941.94,4206584.0
579942.06,4206583.5
579942.2,4206583.5
579942.3,4206583.0
579942.44,4206583.0
579942.56,4206582.5
579942.75,4206582.5
579942.9,4206582.0
579943.0,4206582.0
579943.1,4206582.0
579943.25,4206581.5
579943.4,4206581.5
579943.5,4206581.0
579943.6,4206581.0
579943.75,4206580.5
579943.9,4206580.5
579944.0,4206580.0
579944.2,4206580.0
579944.3,4206579.5
579944.44,4206579.5
579944.56,4206579.5
579944.7,4206579.0
579944.8,4206579.0
579944.94,4206578.5
579945.06,4206578.5
579945.2,4206578.0
579945.3,4206578.0
579945.44,4206577.5
579945.56,4206577.5
579945.75,4206577.0
579945.9,4206577.0
579946.0,4206576.5
579946.1,4206576.5
579946.25,4206576.5
579946.4,4206576.0
579946.5,4206576.0
579946.6,4206575.5
579946.75,4206575.5
579946.9,4206575.0
579947.0,4206575.0
579947.2,4206574.5
579947.3,4206574.5
579947.44,4206574.0
579947.56,4206574.0
579947.7,4206573.5
579947.8,4206573.5
579947.94,4206573.5
579948.06,4206573.0
579948.2,4206573.0
579948.3,4206572.5
579948.44,4206572.5
579948.6,4206572.0
579948.75,4206572.0
579948.9,4206571.5
579949.0,4206571.5
579949.1,4206571.0
579949.25,4206571.0
579949.4,4206570.5
579949.5,4206570.5
579949.6,4206570.5
579949.75,4206570.0
579949.94,4206570.0
579950.06,4206569.5
579950.2,4206569.5
579950.3,4206569.0
579950.44,4206569.0
579950.56,4206568.5
579950.7,4206568.5
579950.8,4206568.0
579950.94,4206568.0
579951.06,4206568.0
579951.2,4206567.5
579951.4,4206567.5
579951.5,4206567.0
579951.6,4206567.0
579951.75,4206566.5
579951.9,4206566.5
579952.0,4206566.0
579952.1,4206566.0
579952.25,4206565.5
579952.4,4206565.5
579952.5,4206565.0
579952.6,4206565.0
579952.8,4206565.0
579952.94,4206564.5
579953.06,4206564.5
579953.2,4206564.0
579953.3,4206564.0
579953.44,4206563.5
579953.56,4206563.5
579953.7,4206563.0
579953.8,4206563.0
579953.94,4206562.5
579954.06,4206562.5
579954.25,4206562.0
579954.4,4206562.0
579954.5,4206562.0
579954.6,4206561.5
579954.75,4206561.5
579954.9,4206561.0
579955.0,4206561.0
579955.1,4206560.5
579955.25,4206560.5
579955.4,4206560.0
579955.5,4206560.0
579955.7,4206559.5
579955.8,4206559.5
579955.94,4206559.0
579956.06,4206559.0
579956.2,4206559.0
579956.3,4206558.5
579956.44,4206558.5
579956.56,4206558.0
579956.7,4206558.0
579956.8,4206557.5
579956.94,4206557.5
579957.1,4206557.0
579957.25,4206557.0
579957.4,4206556.5
579957.5,4206556.5
579957.6,4206556.0
579957.75,4206556.0
579957.9,4206556.0
579958.0,4206555.5
579958.1,4206555.5
579958.25,4206555.0
579958.4,4206555.0
579958.5,4206554.5
579958.6,4206554.5
579958.75,4206554.0
579958.9,4206554.0
579959.0,4206554.0
579959.1,4206553.5
579959.25,4206553.5
579959.4,4206553.0
579959.5,4206553.0
579959.6,4206552.5
579959.75,4206552.5
579959.9,4206552.0
579960.0,4206552.0
579960.1,4206551.5
579960.25,4206551.5
579960.4,4206551.5
579960.5,4206551.0
579960.6,4206551.0
579960.75,4206550.5
579960.9,4206550.5
579961.0,4206550.0
579961.1,4206550.0
579961.25,4206549.5
579961.4,4206549.5
579961.5,4206549.5
579961.6,4206549.0
579961.75,4206549.0
579961.9,4206548.5
579962.0,4206548.5
579962.1,4206548.0
579962.25,4206548.0
579962.3,4206547.5
579962.44,4206547.5
579962.56,4206547.5
579962.7,4206547.0
579962.8,4206547.0
579962.94,4206546.5
579963.06,4206546.5
579963.2,4206546.0
579963.3,4206546.0
579963.44,4206545.5
579963.56,4206545.5
579963.7,4206545.5
579963.8,4206545.0
579963.94,4206545.0
579964.06,4206544.5
579964.2,4206544.5
579964.3,4206544.0
579964.44,4206544.0
579964.56,4206543.5
579964.7,4206543.5
579964.8,4206543.5
579964.94,4206543.0
579965.06,4206543.0
579965.2,4206542.5
579965.3,4206542.5
579965.44,4206542.0
579965.56,4206542.0
579965.7,4206541.5
579965.8,4206541.5
579965.94,4206541.5
579966.06,4206541.0
579966.2,4206541.0
579966.3,4206540.5
579966.44,4206540.5
579966.56,4206540.0
579966.6,4206540.0
579966.75,4206539.5
579966.9,4206539.5
579967.0,4206539.5
579967.1,4206539.0
579967.25,4206539.0
579967.4,4206538.5
579967.5,4206538.5
579967.6,4206538.0
579967.75,4206538.0
579967.9,4206537.5
579968.5,4206536.5
579968.6,4206536.5
579968.75,4206536.0
579968.9,4206536.0
579969.0,4206535.5
579969.1,4206535.5
579969.25,4206535.5
579969.4,4206535.0
579969.5,4206535.0
579969.6,4206534.5
579969.75,4206534.5
579969.9,4206534.0
579970.0,4206534.0
579970.1,4206533.5
579970.25,4206533.5
579970.4,4206533.5
579970.5,4206533.0
579970.6,4206533.0
579970.75,4206532.5
579970.8,4206532.5
579970.94,4206532.0
579971.06,4206532.0
579971.2,4206531.5
579971.3,4206531.5
579971.44,4206531.5
579971.56,4206531.0
579971.7,4206531.0
579971.8,4206530.5
579971.94,4206530.5
579972.06,4206530.0
579972.2,4206530.0
579972.3,4206529.5
579972.4,4206529.5
579972.5,4206529.5
579972.6,4206529.0
579972.75,4206529.0
579972.9,4206528.5
579973.0,4206528.5
579973.1,4206528.0
579973.25,4206528.0
579973.4,4206527.5
579973.5,4206527.5
579973.6,4206527.5
579973.75,4206527.0
579973.9,4206527.0
579973.94,4206526.5
579974.06,4206526.5
579974.2,4206526.0
579974.3,4206526.0
579974.44,4206526.0
579974.56,4206525.5
579974.7,4206525.5
579974.8,4206525.0
579974.94,4206525.0
579975.06,4206524.5
579975.2,4206524.5
579975.3,4206524.0
579975.4,4206524.0
579975.5,4206524.0
579975.6,4206523.5
579975.75,4206523.5
579975.9,4206523.0
579976.0,4206523.0
579976.1,4206522.5
579976.25,4206522.5
579976.4,4206522.5
579976.5,4206522.0
579976.6,4206522.0
579976.75,4206521.5
579976.9,4206521.5
579976.94,4206521.0
579977.06,4206521.0
579977.2,4206520.5
579977.3,4206520.5
579977.44,4206520.5
579977.56,4206520.0
579977.7,4206520.0
579977.8,4206519.5
579977.94,4206519.5
579978.06,4206519.0
579978.2,4206519.0
579978.3,4206518.5
579978.4,4206518.5
579978.5,4206518.5
579978.6,4206518.0
579978.75,4206518.0
579978.9,4206517.5
579979.0,4206517.5
579979.1,4206517.0
579979.25,4206517.0
579979.4,4206517.0
579979.5,4206516.5
579979.6,4206516.5
579979.75,4206516.0
579979.9,4206516.0
579979.94,4206515.5
579980.06,4206515.5
579980.2,4206515.0
579980.3,4206515.0
579980.44,4206515.0
579980.56,4206514.5
579980.7,4206514.5
579980.8,4206514.0
579980.94,4206514.0
579981.75,4206512.5
579981.9,4206512.0
579982.0,4206512.0
579982.1,4206511.5
579982.25,4206511.5
579982.4,4206511.5
579982.5,4206511.0
579982.6,4206511.0
579982.75,4206510.5
579982.9,4206510.5
579982.94,4206510.0
579983.06,4206510.0
579983.2,4206509.5
579983.3,4206509.5
579983.44,4206509.5
579983.56,4206509.0
579983.7,4206509.0
579983.8,4206508.5
579983.94,4206508.5
579984.06,4206508.0
579984.2,4206508.0
579984.3,4206507.5
579984.44,4206507.5
579984.56,4206507.5
579984.7,4206507.0
579984.8,4206507.0
579984.94,4206506.5
579985.06,4206506.5
579985.2,4206506.0
579985.25,4206506.0
579985.4,4206506.0
579985.5,4206505.5
579985.6,4206505.5
579985.75,4206505.0
579985.9,4206505.0
579986.0,4206504.5
579986.1,4206504.5
579986.25,4206504.0
579986.4,4206504.0
579986.5,4206504.0
579986.6,4206503.5
579986.75,4206503.5
579986.9,4206503.0
579987.0,4206503.0
579987.1,4206502.5
579987.25,4206502.5
579987.4,4206502.0
579987.5,4206502.0
579987.6,4206502.0
579987.75,4206501.5
579987.9,4206501.5
579987.94,4206501.0
579988.06,4206501.0
579988.2,4206500.5
579988.3,4206500.5
579988.44,4206500.5
579988.56,4206500.0
579988.7,4206500.0
579988.8,4206499.5
579988.94,4206499.5
579989.06,4206499.0
579989.2,4206499.0
579989.3,4206498.5
579989.44,4206498.5
579989.56,4206498.5
579989.7,4206498.0
579989.8,4206498.0
579989.94,4206497.5
579990.06,4206497.5
579990.2,4206497.0
579990.3,4206497.0
579990.44,4206496.5
579990.56,4206496.5
579990.7,4206496.5
579990.8,4206496.0
579990.94,4206496.0
579991.06,4206495.5
579991.2,4206495.5
579991.25,4206495.0
579991.4,4206495.0
579991.5,4206494.5
579991.6,4206494.5
579991.75,4206494.5
579991.9,4206494.0
579992.0,4206494.0
579992.1,4206493.5
579992.25,4206493.5
579992.4,4206493.0
579992.5,4206493.0
579992.6,4206493.0
579992.75,4206492.5
579992.9,4206492.5
579993.0,4206492.0
579993.1,4206492.0
579993.25,4206491.5
579993.4,4206491.5
579993.5,4206491.0
579993.6,4206491.0
579993.75,4206491.0
579993.9,4206490.5
579994.0,4206490.5
579994.1,4206490.0
579994.25,4206490.0
579994.4,4206489.5
579994.5,4206489.5
579994.56,4206489.0
579994.7,4206489.0
579994.8,4206489.0
579994.94,4206488.5
579995.06,4206488.5
579995.2,4206488.0
579995.3,4206488.0
579995.44,4206487.5
579995.56,4206487.5
579995.7,4206487.5
579995.8,4206487.0
579995.94,4206487.0
579996.06,4206486.5
579996.2,4206486.5
579996.3,4206486.0
579996.44,4206486.0
579996.56,4206485.5
579996.7,4206485.5
579996.8,4206485.5
579996.94,4206485.0
579997.06,4206485.0
579997.2,4206484.5
579997.3,4206484.5
579997.44,4206484.0
579997.56,4206484.0
579997.7,4206483.5
579997.8,4206483.5
579997.94,4206483.5
579998.06,4206483.0
579998.2,4206483.0
579998.3,4206482.5
579998.44,4206482.5
579998.56,4206482.0
579998.7,4206482.0
579998.8,4206481.5
579998.94,4206481.5
579999.06,4206481.5
579999.2,4206481.0
579999.3,4206481.0
579999.44,4206480.5
579999.56,4206480.5
579999.7,4206480.0
579999.8,4206480.0
579999.94,4206479.5
580000.06,4206479.5
580000.2,4206479.5
580000.3,4206479.0
580000.44,4206479.0
580000.56,4206478.5
580000.7,4206478.5
580000.8,4206478.0
580000.94,4206478.0
580001.06,4206477.5
580001.2,4206477.5
580001.3,4206477.5
580001.44,4206477.0
580001.56,4206477.0
580001.7,4206476.5
580001.8,4206476.5
580001.94,4206476.0
580002.06,4206476.0
580002.2,4206475.5
580002.3,4206475.5
580002.44,4206475.5
580002.56,4206475.0
580002.7,4206475.0
580002.8,4206474.5
580002.94,4206474.5
580003.06,4206474.0
580003.2,4206474.0
580003.3,4206473.5
580003.44,4206473.5
580003.56,4206473.5
580003.7,4206473.0
580003.8,4206473.0
580003.94,4206472.5
580004.06,4206472.5
580004.2,4206472.0
580004.3,4206472.0
580004.44,4206471.5
580004.56,4206471.5
580004.7,4206471.5
580004.8,4206471.0
580004.94,4206471.0
580005.06,4206470.5
580005.2,4206470.5
580005.3,4206470.0
580005.44,4206470.0
580005.56,4206469.5
580005.7,4206469.5
580005.8,4206469.0
580005.94,4206469.0
580006.06,4206469.0
580006.2,4206468.5
580006.3,4206468.5
580006.44,4206468.0
580006.56,4206468.0
580006.7,4206467.5
580006.8,4206467.5
580006.94,4206467.0
580007.06,4206467.0
580007.2,4206467.0
580007.3,4206466.5
580007.44,4206466.5
580007.56,4206466.0
580007.7,4206466.0
580007.8,4206465.5
580007.94,4206465.5
580008.06,4206465.0
580008.2,4206465.0
580008.3,4206464.5
580008.44,4206464.5
580008.56,4206464.5
580008.7,4206464.0
580008.8,4206464.0
580008.94,4206463.5
580009.06,4206463.5
580009.25,4206463.0
580009.4,4206463.0
580009.5,4206462.5
580009.6,4206462.5
580009.75,4206462.5
580009.9,4206462.0
580010.0,4206462.0
580010.1,4206461.5
580010.25,4206461.5
580010.4,4206461.0
580010.5,4206461.0
580010.6,4206460.5
580010.75,4206460.5
580010.9,4206460.0
580011.0,4206460.0
580011.1,4206460.0
580011.25,4206459.5
580011.4,4206459.5
580011.5,4206459.0
580011.6,4206459.0
580011.75,4206458.5
580011.9,4206458.5
580012.0,4206458.0
580012.2,4206458.0
580012.3,4206458.0
580012.44,4206457.5
580012.56,4206457.5
580012.7,4206457.0
580012.8,4206457.0
580012.94,4206456.5
580013.06,4206456.5
580013.2,4206456.0
580013.3,4206456.0
580013.44,4206455.5
580013.56,4206455.5
580013.7,4206455.5
580013.8,4206455.0
580013.94,4206455.0
580014.06,4206454.5
580014.2,4206454.5
580014.3,4206454.0
580014.44,4206454.0
580014.56,4206453.5
580014.7,4206453.5
580014.8,4206453.5
580014.94,4206453.0
580015.1,4206453.0
580015.25,4206452.5
580015.4,4206452.5
580015.5,4206452.0
580015.6,4206452.0
580015.75,4206451.5
580015.9,4206451.5
580016.0,4206451.0
580016.1,4206451.0
580016.25,4206451.0
580016.4,4206450.5
580016.5,4206450.5
580016.6,4206450.0
580016.75,4206450.0
580016.9,4206449.5
580017.0,4206449.5
580017.1,4206449.0
580017.25,4206449.0
580017.4,4206449.0
580017.5,4206448.5
580017.6,4206448.5
580017.75,4206448.0
580017.9,4206448.0
580018.06,4206447.5
580018.2,4206447.5
580018.3,4206447.0
580018.44,4206447.0
580018.56,4206446.5
580018.7,4206446.5
580018.8,4206446.5
580018.94,4206446.0
580019.06,4206446.0
580019.2,4206445.5
580019.3,4206445.5
580019.44,4206445.0
580019.56,4206445.0
580019.7,4206444.5
580019.8,4206444.5
580019.94,4206444.0
580020.06,4206444.0
580020.2,4206444.0
580020.3,4206443.5
580020.44,4206443.5
580020.56,4206443.0
580020.7,4206443.0
580020.8,4206442.5
580021.0,4206442.5
580021.1,4206442.0
580021.25,4206442.0
580021.4,4206442.0
580021.5,4206441.5
580021.6,4206441.5
580021.75,4206441.0
580021.9,4206441.0
580022.0,4206440.5
580022.1,4206440.5
580022.25,4206440.0
580022.4,4206440.0
580022.5,4206439.5
580022.6,4206439.5
580022.8,4206439.5
580022.94,4206439.0
580023.06,4206439.0
580023.2,4206438.5
580023.3,4206438.5
580023.44,4206438.0
580023.56,4206438.0
580023.7,4206437.5
580023.8,4206437.5
580023.94,4206437.0
580024.06,4206437.0
580024.2,4206436.5
580024.4,4206436.5
580024.5,4206436.5
580024.6,4206436.0
580024.75,4206436.0
580024.9,4206435.5
580025.0,4206435.5
580025.1,4206435.0
580025.25,4206435.0
580025.4,4206434.5
580025.5,4206434.5
580025.6,4206434.0
580025.75,4206434.0
580025.94,4206434.0
580026.06,4206433.5
580026.2,4206433.5
580026.3,4206433.0
580026.44,4206433.0
580026.56,4206432.5
580026.7,4206432.5
580026.8,4206432.0
580026.94,4206432.0
580027.06,4206431.5
580027.2,4206431.5
580027.3,4206431.5
580027.5,4206431.0
580027.6,4206431.0
580027.75,4206430.5
580027.9,4206430.5
580028.0,4206430.0
580028.1,4206430.0
580028.25,4206429.5
580028.4,4206429.5
580028.5,4206429.0
580028.6,4206429.0
580028.75,4206429.0
580028.9,4206428.5
580029.06,4206428.5
580029.2,4206428.0
580029.3,4206428.0
580029.44,4206427.5
580029.56,4206427.5
580029.7,4206427.0
580029.8,4206427.0
580029.94,4206426.5
580030.06,4206426.5
580030.2,4206426.0
580030.3,4206426.0
580030.44,4206426.0
580030.6,4206425.5
580030.75,4206425.5
580030.9,4206425.0
580031.0,4206425.0
580031.25,4206424.5
580031.4,4206424.0
580031.5,4206424.0
580031.6,4206423.5
580031.75,4206423.5
580031.9,4206423.5
580032.0,4206423.0
580032.2,4206423.0
580032.3,4206422.5
580032.44,4206422.5
580032.56,4206422.0
580032.7,4206422.0
580032.8,4206421.5
580032.94,4206421.5
580033.06,4206421.0
580033.2,4206421.0
580033.3,4206421.0
580033.44,4206420.5
580033.56,4206420.5
580033.75,4206420.0
580033.9,4206420.0
580034.0,4206419.5
580034.1,4206419.5
580034.25,4206419.0
580034.4,4206419.0
580034.5,4206418.5
580034.6,4206418.5
580034.75,4206418.0
580034.94,4206418.0
580035.06,4206418.0
580035.2,4206417.5
580035.3,4206417.5
580035.44,4206417.0
580035.56,4206417.0
580035.7,4206416.5
580035.9,4206416.5
580036.0,4206416.0
580036.1,4206416.0
580036.25,4206415.5
580036.4,4206415.5
580036.5,4206415.0
580036.6,4206415.0
580036.8,4206414.5
580036.94,4206414.5
580037.06,4206414.0
580037.2,4206414.0
580037.3,4206414.0
580037.44,4206413.5
580037.6,4206413.5
580037.75,4206413.0
580037.9,4206413.0
580038.0,4206412.5
580038.1,4206412.5
580038.25,4206412.0
580038.4,4206412.0
580038.56,4206411.5
580038.7,4206411.5
580038.8,4206411.0
580038.94,4206411.0
580039.06,4206410.5
580039.2,4206410.5
580039.3,4206410.0
580039.5,4206410.0
580039.6,4206410.0
580039.75,4206409.5
580039.9,4206409.5
580040.0,4206409.0
580040.1,4206409.0
580040.25,4206408.5
580040.44,4206408.5
580040.56,4206408.0
580040.7,4206408.0
580040.8,4206407.5
580040.94,4206407.5
580041.06,4206407.0
580041.2,4206407.0
580041.4,4206406.5
580041.5,4206406.5
580041.6,4206406.0
580041.75,4206406.0
580041.9,4206406.0
580042.0,4206405.5
580042.1,4206405.5
580042.3,4206405.0
580042.44,4206405.0
580042.56,4206404.5
580042.7,4206404.5
580042.8,4206404.0
580042.94,4206404.0
580043.1,4206403.5
580043.25,4206403.5
580043.4,4206403.0
580043.5,4206403.0
580043.6,4206402.5
580043.75,4206402.5
580043.9,4206402.0
580044.06,4206402.0
580044.2,4206402.0
580044.3,4206401.5
580044.44,4206401.5
580044.56,4206401.0
580044.7,4206401.0
580044.8,4206400.5
580045.0,4206400.5
580045.1,4206400.0
580045.25,4206400.0
580045.4,4206399.5
580045.5,4206399.5
580045.6,4206399.0
580045.75,4206399.0
580045.94,4206398.5
580046.06,4206398.5
580046.2,4206398.0
580046.3,4206398.0
580046.44,4206398.0
580046.56,4206397.5
580046.7,4206397.5
580046.9,4206397.0
580047.0,4206397.0
580047.1,4206396.5
580047.25,4206396.5
580047.4,4206396.0
580047.5,4206396.0
580047.7,4206395.5
580047.8,4206395.5
580047.94,4206395.0
580048.06,4206395.0
580048.2,4206394.5
580048.3,4206394.5
580048.5,4206394.0
580048.6,4206394.0
580048.75,4206393.5
580048.9,4206393.5
580049.0,4206393.0
580049.2,4206393.0
580049.3,4206393.0
580049.44,4206392.5
580049.56,4206392.5
580049.7,4206392.0
580049.8,4206392.0
580050.0,4206391.5
580050.1,4206391.5
580050.25,4206391.0
580050.4,4206391.0
580050.5,4206390.5
580050.6,4206390.5
580050.8,4206390.0
580050.94,4206390.0
580051.06,4206389.5
580051.2,4206389.5
580051.3,4206389.0
580051.44,4206389.0
580051.6,4206388.5
580051.75,4206388.5
580051.9,4206388.0
580052.0,4206388.0
580052.1,4206388.0
580052.3,4206387.5
580052.44,4206387.5
580052.56,4206387.0
580052.7,4206387.0
580052.8,4206386.5
580052.94,4206386.5
580053.1,4206386.0
580053.25,4206386.0
580053.4,4206385.5
580053.5,4206385.5
580053.6,4206385.0
580053.75,4206385.0
580053.94,4206384.5
580054.06,4206384.5
580054.2,4206384.0
580054.3,4206384.0
580054.44,4206383.5
580054.6,4206383.5
580054.75,4206383.0
580054.9,4206383.0
580055.0,4206382.5
580055.1,4206382.5
580055.25,4206382.5
580055.44,4206382.0
580055.56,4206382.0
580055.7,4206381.5
580055.8,4206381.5
580055.94,4206381.0
580056.06,4206381.0
580056.25,4206380.5
580056.4,4206380.5
580056.5,4206380.0
580056.6,4206380.0
580056.75,4206379.5
580056.94,4206379.5
580057.06,4206379.0
580057.2,4206379.0
580057.3,4206378.5
580057.44,4206378.5
580057.56,4206378.0
580057.75,4206378.0
580057.9,4206377.5
580058.0,4206377.5
580058.1,4206377.5
580058.25,4206377.0
580058.4,4206377.0
580058.56,4206376.5
580058.7,4206376.5
580058.8,4206376.0
580058.94,4206376.0
580059.06,4206375.5
580059.2,4206375.5
580059.4,4206375.0
580059.5,4206375.0
580059.6,4206374.5
580059.75,4206374.5
580059.9,4206374.0
580060.06,4206374.0
580060.2,4206373.5
580060.3,4206373.5
580060.44,4206373.0
580060.56,4206373.0
580060.75,4206372.5
580060.9,4206372.5
580061.0,4206372.0
580061.1,4206372.0
580061.3,4206372.0
580061.44,4206371.5
580061.56,4206371.5
580061.7,4206371.0
580061.8,4206371.0
580062.0,4206370.5
580062.1,4206370.5
580062.25,4206370.0
580062.4,4206370.0
580062.56,4206369.5
580062.7,4206369.5
580062.8,4206369.0
580062.94,4206369.0
580063.06,4206368.5
580063.25,4206368.5
580063.4,4206368.0
580063.5,4206368.0
580063.6,4206367.5
580063.8,4206367.5
580063.94,4206367.0
580064.06,4206367.0
580064.2,4206366.5
580064.3,4206366.5
580064.5,4206366.0
580064.6,4206366.0
580064.75,4206365.5
580064.9,4206365.5
580065.06,4206365.0
580065.2,4206365.0
580065.3,4206365.0
580065.44,4206364.5
580065.56,4206364.5
580065.75,4206364.0
580065.9,4206364.0
580066.0,4206363.5
580066.1,4206363.5
580066.3,4206363.0
580066.44,4206363.0
580066.56,4206362.5
580066.7,4206362.5
580066.8,4206362.0
580067.0,4206362.0
580067.1,4206361.5
580067.25,4206361.5
580067.4,4206361.0
580067.56,4206361.0
580067.7,4206360.5
580067.8,4206360.5
580067.94,4206360.0
580068.1,4206360.0
580068.25,4206359.5
580068.4,4206359.5
580068.5,4206359.0
580068.6,4206359.0
580068.8,4206358.5
580068.94,4206358.5
580069.06,4206358.0
580069.2,4206358.0
580069.4,4206358.0
580069.5,4206357.5
580069.6,4206357.5
580069.75,4206357.0
580069.9,4206357.0
580070.06,4206356.5
580070.2,4206356.5
580070.3,4206356.0
580070.44,4206356.0
580070.6,4206355.5
580070.75,4206355.5
580070.9,4206355.0
580071.0,4206355.0
580071.1,4206354.5
580071.3,4206354.5
580071.44,4206354.0
580071.56,4206354.0
580071.7,4206353.5
580071.9,4206353.5
580072.0,4206353.0
580072.1,4206353.0
580072.25,4206352.5
580072.4,4206352.5
580072.56,4206352.0
580072.7,4206352.0
580072.8,4206351.5
580072.94,4206351.5
580073.1,4206351.5
580073.25,4206351.0
580073.4,4206351.0
580073.5,4206350.5
580073.7,4206350.5
580073.8,4206350.0
580073.94,4206350.0
580074.1,4206349.5
580074.25,4206349.5
580074.4,4206349.0
580074.5,4206349.0
580074.7,4206348.5
580074.8,4206348.5
580074.94,4206348.0
580075.1,4206348.0
580075.25,4206347.5
580075.4,4206347.5
580075.56,4206347.0
580075.7,4206347.0
580075.8,4206346.5
580075.94,4206346.5
580076.1,4206346.0
580076.25,4206346.0
580076.4,4206345.5
580076.56,4206345.5
580076.7,4206345.0
580076.8,4206345.0
580077.0,4206344.5
580077.1,4206344.5
580077.25,4206344.0
580077.4,4206344.0
580077.56,4206343.5
580077.7,4206343.5
580077.8,4206343.0
580078.0,4206343.0
580078.1,4206342.5
580078.25,4206342.5
580078.44,4206342.0
580078.56,4206342.0
580078.7,4206341.5
580078.8,4206341.5
580079.0,4206341.0
580079.1,4206341.0
580079.25,4206340.5
580079.44,4206340.5
580079.56,4206340.0
580079.7,4206340.0
580079.9,4206339.5
580080.0,4206339.5
580080.1,4206339.0
580080.25,4206339.0
580080.44,4206338.5
580080.56,4206338.5
580080.7,4206338.5
580080.9,4206338.0
580081.0,4206338.0
580081.1,4206337.5
580081.3,4206337.5
580081.44,4206337.0
580081.56,4206337.0
580081.7,4206336.5
580081.9,4206336.5
580082.0,4206336.0
580082.1,4206336.0
580082.3,4206335.5
580082.44,4206335.5
580082.56,4206335.0
580082.7,4206335.0
580082.9,4206334.5
580083.0,4206334.5
580083.1,4206334.0
580083.3,4206334.0
580083.44,4206333.5
580083.56,4206333.5
580083.75,4206333.0
580083.9,4206333.0
580084.0,4206332.5
580084.1,4206332.5
580084.3,4206332.0
580084.44,4206332.0
580084.56,4206331.5
580084.75,4206331.5
580084.9,4206331.0
580085.0,4206331.0
580085.1,4206330.5
580085.3,4206330.5
580085.44,4206330.0
580085.56,4206330.0
580085.7,4206329.5
580085.8,4206329.5
580086.0,4206329.5
580086.1,4206329.0
580086.25,4206329.0
580086.4,4206328.5
580086.5,4206328.5
580086.7,4206328.0
580086.8,4206328.0
580086.94,4206327.5
580087.06,4206327.5
580087.2,4206327.0
580087.4,4206327.0
580087.5,4206326.5
580087.6,4206326.5
580087.75,4206326.0
580087.9,4206326.0
580088.06,4206326.0
580088.2,4206325.5
580088.3,4206325.5
580088.44,4206325.0
580088.56,4206325.0
580088.75,4206324.5
580088.9,4206324.5
580089.0,4206324.0
580089.1,4206324.0
580089.25,4206323.5
580089.44,4206323.5
580089.56,4206323.0
580089.7,4206323.0
580089.8,4206322.5
580089.94,4206322.5
580090.06,4206322.5
580090.25,4206322.0
580090.4,4206322.0
580090.5,4206321.5
580090.6,4206321.5
580090.75,4206321.0
580090.94,4206321.0
580091.06,4206320.5
580091.2,4206320.5
580091.3,4206320.0
580091.44,4206320.0
580091.6,4206319.5
580091.75,4206319.5
580091.9,4206319.0
580092.0,4206319.0
580092.1,4206319.0
580092.3,4206318.5
580092.44,4206318.5
580092.56,4206318.0
580092.7,4206318.0
580092.8,4206317.5
580093.0,4206317.5
580093.1,4206317.0
580093.25,4206317.0
580093.4,4206316.5
580093.5,4206316.5
580093.7,4206316.0
580093.8,4206316.0
580093.94,4206315.5
580094.06,4206315.5
580094.2,4206315.5
580094.3,4206315.0
580094.44,4206315.0
580094.56,4206314.5
580094.7,4206314.5
580094.8,4206314.0
580095.0,4206314.0
580095.1,4206314.0
580095.25,4206313.5
580095.4,4206313.5
580095.5,4206313.0
580095.6,4206313.0
580095.75,4206312.5
580095.9,4206312.5
580096.0,4206312.0
580096.1,4206312.0
580096.25,4206312.0
580096.4,4206311.5
580096.56,4206311.5
580096.7,4206311.0
580096.8,4206311.0
580096.94,4206310.5
580097.06,4206310.5
580097.2,4206310.0
580097.3,4206310.0
580097.44,4206310.0
580097.56,4206309.5
580097.7,4206309.5
580097.8,4206309.0
580097.94,4206309.0
580098.06,4206308.5
580098.25,4206308.5
580098.4,4206308.5
580098.5,4206308.0
580098.6,4206308.0
580098.75,4206307.5
580098.8,4206307.5
580098.94,4206307.0
580099.06,4206307.0
580099.2,4206307.0
580099.3,4206306.5
580099.44,4206306.5
580099.56,4206306.0
580099.7,4206306.0
580099.8,4206306.0
580099.94,4206305.5
580100.06,4206305.5
580100.2,4206305.0
580100.3,4206305.0
580100.44,4206305.0
580100.56,4206304.5
580100.7,4206304.5
580100.8,4206304.0
580100.94,4206304.0
580101.06,4206303.5
580101.2,4206303.5
580101.3,4206303.5
580101.44,4206303.0
580101.56,4206303.0
580101.7,4206302.5
580101.8,4206302.5
580101.94,4206302.5
580102.06,4206302.0
580102.2,4206302.0
580102.3,4206301.5
580102.44,4206301.5
580102.56,4206301.5
580102.7,4206301.0
580102.8,4206301.0
580102.94,4206300.5
580103.06,4206300.5
580103.2,4206300.0
580103.3,4206300.0
580103.44,4206300.0
580103.56,4206299.5
580103.7,4206299.5
580103.8,4206299.0
580103.94,4206299.0
580104.06,4206299.0
580104.2,4206298.5
580104.3,4206298.5
580104.44,4206298.0
580104.56,4206298.0
580104.7,4206298.0
580104.8,4206297.5
580104.94,4206297.5
580105.06,4206297.0
580105.2,4206297.0
580105.3,4206296.5
580105.44,4206296.5
580105.56,4206296.5
580105.7,4206296.0
580105.8,4206296.0
580105.94,4206295.5
580106.06,4206295.5
580106.2,4206295.5
580106.3,4206295.0
580106.44,4206295.0
580106.56,4206294.5
580106.7,4206294.5
580106.8,4206294.0
580106.94,4206294.0
580107.06,4206294.0
580107.1,4206293.5
580107.25,4206293.5
580107.4,4206293.5
580107.5,4206293.0
580107.6,4206293.0
580107.75,4206292.5
580107.8,4206292.5
580107.94,4206292.5
580108.06,4206292.0
580108.2,4206292.0
580108.3,4206291.5
580108.44,4206291.5
580108.5,4206291.5
580108.6,4206291.0
580108.75,4206291.0
580108.9,4206291.0
580109.0,4206290.5
580109.1,4206290.5
580109.2,4206290.0
580109.3,4206290.0
580109.44,4206290.0
580109.56,4206289.5
580109.7,4206289.5
580109.8,4206289.5
580109.9,4206289.0
580110.0,4206289.0
580110.1,4206288.5
580110.25,4206288.5
580110.4,4206288.5
580110.5,4206288.0
580110.6,4206288.0
580110.7,4206288.0
580110.8,4206287.5
580110.94,4206287.5
580111.06,4206287.0
580111.2,4206287.0
580111.3,4206287.0
580111.4,4206286.5
580111.5,4206286.5
580111.6,4206286.5
580111.75,4206286.0
580111.9,4206286.0
580112.0,4206285.5
580112.06,4206285.5
580112.2,4206285.5
580112.3,4206285.0
580112.44,4206285.0
580112.56,4206285.0
580112.7,4206284.5
580112.75,4206284.5
580112.9,4206284.0
580113.0,4206284.0
580113.1,4206284.0
580113.25,4206283.5
580113.4,4206283.5
580113.44,4206283.0
580113.56,4206283.0
580113.7,4206283.0
580113.8,4206282.5
580113.94,4206282.5
580114.06,4206282.5
580114.1,4206282.0
580114.25,4206282.0
580114.4,4206281.5
580114.5,4206281.5
580114.6,4206281.5
580114.75,4206281.0
580114.8,4206281.0
580114.94,4206281.0
580115.06,4206280.5
580115.2,4206280.5
580115.3,4206280.0
580115.44,4206280.0
580115.56,4206280.0
580115.6,4206279.5
580115.75,4206279.5
580115.9,4206279.5
580116.0,4206279.0
580116.06,4206279.0
580116.2,4206279.0
580116.3,4206278.5
580116.4,4206278.5
580116.5,4206278.0
580116.6,4206278.0
580116.75,4206278.0
580116.8,4206277.5
580116.94,4206277.5
580117.06,4206277.5
580117.1,4206277.0
580117.25,4206277.0
580117.4,4206277.0
580117.5,4206276.5
580117.56,4206276.5
580117.7,4206276.5
580117.8,4206276.0
580117.9,4206276.0
580118.0,4206276.0
580118.1,4206275.5
580118.25,4206275.5
580118.3,4206275.5
580118.44,4206275.0
580118.9,4206274.5
580119.0,4206274.0
580119.06,4206274.0
580119.2,4206274.0
580119.3,4206273.5
580119.44,4206273.5
580119.5,4206273.5
580119.6,4206273.0
580119.75,4206273.0
580119.8,4206273.0
580119.94,4206272.5
580120.06,4206272.5
580120.2,4206272.5
580120.25,4206272.0
580120.4,4206272.0
580120.5,4206272.0
580120.56,4206271.5
580120.7,4206271.5
580120.8,4206271.5
580120.94,4206271.0
580121.0,4206271.0
580121.1,4206271.0
580121.25,4206270.5
580121.4,4206270.5
580121.44,4206270.0
580121.56,4206270.0
580121.7,4206270.0
580121.75,4206269.5
580121.9,4206269.5
580122.0,4206269.5
580122.1,4206269.0
580122.2,4206269.0
580122.3,4206269.0
580122.44,4206268.5
580122.5,4206268.5
580122.6,4206268.5
580122.75,4206268.0
580122.9,4206268.0
580122.94,4206268.0
580123.06,4206267.5
580123.2,4206267.5
580123.25,4206267.5
580123.4,4206267.0
580123.5,4206267.0
580123.6,4206266.5
580123.7,4206266.5
580123.8,4206266.5
580123.94,4206266.0
580124.06,4206266.0
580124.1,4206266.0
580124.25,4206265.5
580124.4,4206265.5
580124.44,4206265.5
580124.56,4206265.0
580124.6,4206265.0
580124.75,4206265.0
580124.9,4206264.5
580124.94,4206264.5
580125.06,4206264.5
580125.1,4206264.5
580125.25,4206264.0
580125.3,4206264.0
580125.44,4206264.0
580125.56,4206263.5
580125.6,4206263.5
580125.75,4206263.5
580125.8,4206263.0
580125.94,4206263.0
580126.0,4206263.0
580126.1,4206262.5
580126.25,4206262.5
580126.3,4206262.5
580126.44,4206262.0
580126.5,4206262.0
580126.6,4206262.0
580126.7,4206261.5
580126.8,4206261.5
580126.94,4206261.5
580127.0,4206261.5
580127.1,4206261.0
580127.2,4206261.0
580127.3,4206261.0
580127.4,4206260.5
580127.5,4206260.5
580127.6,4206260.5
580127.7,4206260.0
580127.8,4206260.0
580127.9,4206260.0
580128.0,4206259.5
580128.1,4206259.5
580128.2,4206259.5
580128.3,4206259.0
580128.4,4206259.0
580128.5,4206259.0
580128.56,4206258.5
580128.7,4206258.5
580128.8,4206258.5
580128.9,4206258.5
580129.0,4206258.0
580129.06,4206258.0
580129.2,4206258.0
580129.25,4206257.5
580129.4,4206257.5
580129.5,4206257.5
580129.56,4206257.0
580129.7,4206257.0
580129.75,4206257.0
580129.9,4206256.5
580129.94,4206256.5
580130.06,4206256.5
580130.2,4206256.0
580130.25,4206256.0
580130.4,4206256.0
580130.44,4206255.5
580130.56,4206255.5
580130.6,4206255.5
580130.75,4206255.0
580130.9,4206255.0
580130.94,4206255.0
580131.06,4206255.0
580131.1,4206254.5
580131.25,4206254.5
580131.3,4206254.5
580131.44,4206254.0
580131.56,4206254.0
580131.6,4206254.0
580131.75,4206253.5
580131.8,4206253.5
580131.94,4206253.5
580132.0,4206253.0
580132.1,4206253.0
580132.2,4206253.0
580132.3,4206253.0
580132.4,4206252.5
580132.5,4206252.5
580132.56,4206252.5
580132.6,4206252.0
580132.75,4206252.0
580132.8,4206252.0
580132.94,4206251.5
580133.0,4206251.5
580133.1,4206251.5
580133.2,4206251.5
580133.3,4206251.0
580133.4,4206251.0
580133.44,4206251.0
580133.56,4206250.5
580133.6,4206250.5
580133.75,4206250.5
580133.8,4206250.5
580133.94,4206250.0
580134.0,4206250.0
580134.06,4206250.0
580134.2,4206249.5
580134.25,4206249.5
580134.4,4206249.5
580134.44,4206249.0
580134.56,4206249.0
580134.6,4206249.0
580134.75,4206249.0
580134.8,4206248.5
580134.9,4206248.5
580135.0,4206248.5
580135.06,4206248.0
580135.2,4206248.0
580135.25,4206248.0
580135.4,4206248.0
580135.44,4206247.5
580135.5,4206247.5
580135.6,4206247.5
580135.7,4206247.0
580135.8,4206247.0
580135.9,4206247.0
580136.0,4206247.0
580136.06,4206246.5
580136.2,4206246.5
580136.25,4206246.5
580136.3,4206246.0
580136.44,4206246.0
580136.5,4206246.0
580136.6,4206245.5
580136.7,4206245.5
580136.8,4206245.5
580136.9,4206245.5
580136.94,4206245.0
580137.06,4206245.0
580137.1,4206245.0
580137.25,4206244.5
580137.3,4206244.5
580137.44,4206244.5
580137.5,4206244.5
580137.6,4206244.0
580137.7,4206244.0
580137.75,4206244.0
580137.9,4206243.5
580137.94,4206243.5
580138.06,4206243.5
580138.1,4206243.0
580138.25,4206243.0
580138.3,4206243.0
580138.4,4206243.0
580138.5,4206242.5
580138.56,4206242.5
580138.7,4206242.5
580138.75,4206242.0
580138.9,4206242.0
580138.94,4206242.0
580139.0,4206242.0
580139.1,4206241.5
580139.2,4206241.5
580139.3,4206241.5
580139.4,4206241.0
580139.5,4206241.0
580139.56,4206241.0
580139.7,4206241.0
580141.2,4206238.5
580141.25,4206238.0
580141.3,4206238.0
580141.44,4206238.0
580141.5,4206237.5
580141.56,4206237.5
580143.56,4206234.5
580143.6,4206234.0
580143.75,4206234.0
580143.8,4206234.0
580143.9,4206234.0
580144.0,4206233.5
580144.06,4206233.5
580144.2,4206233.5
580144.25,4206233.0
580144.3,4206233.0
580144.44,4206233.0
580144.5,4206233.0
580144.56,4206232.5
580144.7,4206232.5
580144.75,4206232.5
580144.8,4206232.0
580144.94,4206232.0
580145.0,4206232.0
580145.06,4206232.0
580145.1,4206231.5
580145.25,4206231.5
580145.3,4206231.5
580145.4,4206231.5
580145.5,4206231.0
580145.56,4206231.0
580145.6,4206231.0
580145.7,4206230.5
580145.8,4206230.5
580145.9,4206230.5
580145.94,4206230.5
580146.06,4206230.0
580146.1,4206230.0
580146.2,4206230.0
580146.3,4206230.0
580146.4,4206229.5
580146.44,4206229.5
580146.5,4206229.5
580146.6,4206229.5
580146.7,4206229.0
580146.75,4206229.0
580146.9,4206229.0
580146.94,4206228.5
580147.0,4206228.5
580147.06,4206228.5
580147.2,4206228.5
580147.25,4206228.0
580147.3,4206228.0
580147.44,4206228.0
580147.5,4206228.0
580147.56,4206227.5
580147.6,4206227.5
580147.75,4206227.5
580147.8,4206227.5
580147.9,4206227.0
580148.0,4206227.0
580148.06,4206227.0
580148.1,4206226.5
580148.2,4206226.5
580148.3,4206226.5
580148.4,4206226.5
580148.44,4206226.0
580148.56,4206226.0
580148.6,4206226.0
580148.7,4206226.0
580148.8,4206225.5
580148.9,4206225.5
580148.94,4206225.5
580149.0,4206225.0
580149.1,4206225.0
580149.2,4206225.0
580149.25,4206225.0
580149.4,4206224.5
580149.44,4206224.5
580149.5,4206224.5
580149.56,4206224.5
580149.7,4206224.0
580149.75,4206224.0
580149.8,4206224.0
580149.94,4206224.0
580150.0,4206223.5
580150.06,4206223.5
580150.1,4206223.5
580150.25,4206223.0
580150.3,4206223.0
580150.4,4206223.0
580150.5,4206223.0
580150.56,4206222.5
580150.6,4206222.5
580150.7,4206222.5
580150.8,4206222.5
580150.9,4206222.0
580150.94,4206222.0
580151.06,4206222.0
580151.1,4206222.0
580151.2,4206221.5
580151.3,4206221.5
580151.4,4206221.5
580151.44,4206221.0
580151.5,4206221.0
580151.6,4206221.0
580151.7,4206221.0
580151.75,4206220.5
580151.9,4206220.5
580151.94,4206220.5
580152.0,4206220.5
580152.06,4206220.0
580152.2,4206220.0
580152.25,4206220.0
580152.3,4206219.5
580152.44,4206219.5
580152.5,4206219.5
580152.56,4206219.5
580152.6,4206219.0
580152.75,4206219.0
580152.8,4206219.0
580152.9,4206219.0
580153.0,4206218.5
580153.06,4206218.5
580153.1,4206218.5
580153.2,4206218.5
580153.3,4206218.0
580153.4,4206218.0
580153.44,4206218.0
580153.56,4206217.5
580153.6,4206217.5
580153.7,4206217.5
580153.75,4206217.5
580153.9,4206217.0
580153.94,4206217.0
580154.0,4206217.0
580154.1,4206217.0
580154.2,4206216.5
580154.25,4206216.5
580154.4,4206216.5
580154.44,4206216.5
580154.5,4206216.0
580154.56,4206216.0
580154.7,4206216.0
580154.75,4206215.5
580154.8,4206215.5
580154.94,4206215.5
580155.0,4206215.5
580155.06,4206215.0
580155.1,4206215.0
580155.25,4206215.0
580155.3,4206215.0
580155.4,4206214.5
580155.5,4206214.5
580155.56,4206214.5
580155.6,4206214.0
580155.7,4206214.0
580155.8,4206214.0
580155.9,4206214.0
580155.94,4206213.5
580156.75,4206212.5
580156.8,4206212.5
580156.9,4206212.0
580156.94,4206212.0
580157.0,4206212.0
580157.1,4206212.0
580157.2,4206211.5
580157.25,4206211.5
580157.3,4206211.5
580157.4,4206211.5
580157.5,4206211.0
580157.56,4206211.0
580157.6,4206211.0
580157.7,4206211.0
580157.75,4206210.5
580157.9,4206210.5
580157.94,4206210.5
580158.0,4206210.5
580158.06,4206210.0
580158.1,4206210.0
580158.25,4206210.0
580158.3,4206210.0
580158.4,4206209.5
580158.44,4206209.5
580158.5,4206209.5
580158.6,4206209.5
580158.7,4206209.0
580158.75,4206209.0
580158.8,4206209.0
580158.9,4206208.5
580159.0,4206208.5
580159.06,4206208.5
580159.1,4206208.5
580159.2,4206208.0
580159.25,4206208.0
580159.4,4206208.0
580159.44,4206208.0
580159.5,4206207.5
580159.56,4206207.5
580159.6,4206207.5
580159.75,4206207.5
580159.8,4206207.0
580159.9,4206207.0
580159.94,4206207.0
580160.0,4206207.0
580160.1,4206206.5
580160.2,4206206.5
580160.25,4206206.5
580160.3,4206206.5
580160.4,4206206.0
580160.44,4206206.0
580160.5,4206206.0
580160.6,4206206.0
580160.7,4206205.5
580160.75,4206205.5
580160.8,4206205.5
580160.9,4206205.5
580160.94,4206205.0
580161.06,4206205.0
580161.1,4206205.0
580161.2,4206205.0
580161.25,4206204.5
580161.3,4206204.5
580161.4,4206204.5
580161.5,4206204.5
580161.56,4206204.0
580161.6,4206204.0
580161.7,4206204.0
580161.75,4206204.0
580161.8,4206203.5
580161.94,4206203.5
580162.0,4206203.5
580162.06,4206203.5
580162.1,4206203.5
580162.2,4206203.0
580162.25,4206203.0
580162.3,4206203.0
580162.44,4206203.0
580162.5,4206202.5
580162.56,4206202.5
580162.6,4206202.5
580162.7,4206202.5
580162.75,4206202.0
580162.9,4206202.0
580162.94,4206202.0
580163.0,4206202.0
580163.06,4206201.5
580163.1,4206201.5
580163.2,4206201.5
580163.3,4206201.5
580163.4,4206201.0
580163.44,4206201.0
580163.5,4206201.0
580163.56,4206201.0
580163.6,4206200.5
580163.7,4206200.5
580163.8,4206200.5
580163.9,4206200.5
580163.94,4206200.0
580164.0,4206200.0
580164.06,4206200.0
580164.1,4206200.0
580164.2,4206199.5
580164.25,4206199.5
580164.4,4206199.5
580164.44,4206199.5
580164.5,4206199.0
580164.56,4206199.0
580164.6,4206199.0
580164.7,4206199.0
580164.75,4206198.5
580164.8,4206198.5
580164.94,4206198.5
580165.0,4206198.5
580165.06,4206198.0
580165.1,4206198.0
580165.2,4206198.0
580165.25,4206198.0
580165.3,4206197.5
580165.4,4206197.5
580165.5,4206197.5
580165.56,4206197.5
580165.6,4206197.5
580165.7,4206197.0
580165.75,4206197.0
580165.8,4206197.0
580165.9,4206197.0
580165.94,4206196.5
580166.06,4206196.5
580166.1,4206196.5
580166.2,4206196.5
580166.25,4206196.0
580166.3,4206196.0
580166.4,4206196.0
580166.44,4206196.0
580166.5,4206195.5
580166.6,4206195.5
580166.7,4206195.5
580166.75,4206195.5
580166.8,4206195.0
580166.9,4206195.0
580166.94,4206195.0
580167.0,4206195.0
580167.1,4206194.5
580167.2,4206194.5
580167.25,4206194.5
580167.3,4206194.5
580167.4,4206194.5
580167.44,4206194.0
580167.5,4206194.0
580167.56,4206194.0
580167.6,4206194.0
580167.7,4206193.5
580167.75,4206193.5
580167.8,4206193.5
580167.9,4206193.5
580167.94,4206193.0
580168.0,4206193.0
580168.06,4206193.0
580168.2,4206193.0
580168.25,4206193.0
580168.3,4206192.5
580168.4,4206192.5
580168.44,4206192.5
580168.5,4206192.5
580168.56,4206192.0
580168.6,4206192.0
580168.7,4206192.0
580168.75,4206192.0
580168.8,4206192.0
580168.9,4206191.5
580168.94,4206191.5
580169.0,4206191.5
580169.06,4206191.5
580169.1,4206191.0
580169.2,4206191.0
580169.25,4206191.0
580169.4,4206191.0
580169.44,4206190.5
580169.5,4206190.5
580169.56,4206190.5
580169.6,4206190.5
580169.7,4206190.5
580169.75,4206190.0
580169.8,4206190.0
580169.9,4206190.0
580169.94,4206190.0
580170.0,4206189.5
580170.06,4206189.5
580170.1,4206189.5
580170.2,4206189.5
580170.25,4206189.5
580170.3,4206189.0
580170.4,4206189.0
580170.5,4206189.0
580170.56,4206189.0
580170.6,4206188.5
580170.7,4206188.5
580170.75,4206188.5
580170.8,4206188.5
580170.9,4206188.0
580170.94,4206188.0
580171.0,4206188.0
580171.06,4206188.0
580171.1,4206188.0
580171.2,4206187.5
580171.25,4206187.5
580171.3,4206187.5
580171.4,4206187.5
580171.44,4206187.0
580171.5,4206187.0
580171.56,4206187.0
580171.7,4206187.0
580171.75,4206187.0
580171.8,4206186.5
580171.9,4206186.5
580171.94,4206186.5
580172.0,4206186.5
580172.06,4206186.0
580172.1,4206186.0
580172.2,4206186.0
580172.25,4206186.0
580172.3,4206186.0
580172.4,4206185.5
580172.44,4206185.5
580172.5,4206185.5
580172.56,4206185.5
580172.6,4206185.0
580172.7,4206185.0
580172.75,4206185.0
580172.9,4206185.0
580172.94,4206184.5
580173.0,4206184.5
580173.06,4206184.5
580173.1,4206184.5
580173.2,4206184.5
580173.25,4206184.0
580173.3,4206184.0
580173.4,4206184.0
580173.44,4206184.0
580173.5,4206183.5
580173.56,4206183.5
580173.6,4206183.5
580173.7,4206183.5
580173.75,4206183.5
580173.8,4206183.0
580173.9,4206183.0
580174.0,4206183.0
580174.06,4206183.0
580174.1,4206182.5
580174.2,4206182.5
580174.25,4206182.5
580174.3,4206182.5
580174.4,4206182.0
580174.44,4206182.0
580174.5,4206182.0
580174.56,4206182.0
580174.6,4206182.0
580174.7,4206181.5
580174.75,4206181.5
580174.8,4206181.5
580174.9,4206181.5
580174.94,4206181.0
580175.0,4206181.0
580175.06,4206181.0
580175.2,4206181.0
580175.25,4206181.0
580175.3,4206180.5
580175.4,4206180.5
580175.44,4206180.5
580175.5,4206180.5
580175.56,4206180.0
580175.6,4206180.0
580175.7,4206180.0
580175.75,4206180.0
580175.8,4206179.5
580175.9,4206179.5
580175.94,4206179.5
580176.0,4206179.5
580176.06,4206179.5
580176.1,4206179.0
580176.2,4206179.0
580176.3,4206179.0
580176.4,4206179.0
580176.44,4206178.5
580176.5,4206178.5
580176.56,4206178.5
580176.6,4206178.5
580176.7,4206178.5
580176.75,4206178.0
580176.8,4206178.0
580176.9,4206178.0
580176.94,4206178.0
580177.0,4206177.5
580177.06,4206177.5
580177.1,4206177.5
580177.2,4206177.5
580177.25,4206177.5
580177.3,4206177.0
580177.4,4206177.0
580177.5,4206177.0
580177.56,4206177.0
580177.6,4206176.5
580177.7,4206176.5
580177.75,4206176.5
580177.8,4206176.5
580177.9,4206176.0
580177.94,4206176.0
580178.0,4206176.0
580178.06,4206176.0
580178.1,4206176.0
580178.2,4206175.5
580178.25,4206175.5
580178.3,4206175.5
580178.4,4206175.5
580178.44,4206175.5
580178.5,4206175.0
580178.56,4206175.0
580178.6,4206175.0
580178.7,4206175.0
580178.75,4206174.5
580178.8,4206174.5
580178.9,4206174.5
580178.94,4206174.5
580179.0,4206174.5
580179.06,4206174.0
580179.1,4206174.0
580179.2,4206174.0
580179.25,4206174.0
580179.3,4206173.5
580179.4,4206173.5
580179.44,4206173.5
580179.5,4206173.5
580179.56,4206173.5
580179.6,4206173.0
580179.7,4206173.0
580179.75,4206173.0
580179.8,4206173.0
580179.9,4206172.5
580179.94,4206172.5
580180.0,4206172.5
580180.06,4206172.5
580180.1,4206172.5
580180.2,4206172.0
580180.25,4206172.0
580180.3,4206172.0
580180.4,4206172.0
580180.44,4206172.0
580180.5,4206171.5
580180.6,4206171.5
580180.7,4206171.5
580180.75,4206171.5
580180.8,4206171.0
580180.9,4206171.0
580180.94,4206171.0
580181.0,4206171.0
580181.06,4206171.0
580181.1,4206170.5
580181.2,4206170.5
580181.25,4206170.5
580181.3,4206170.5
580181.4,4206170.0
580181.44,4206170.0
580181.5,4206170.0
580181.56,4206170.0
580181.6,4206170.0
580181.7,4206169.5
580181.75,4206169.5
580181.8,4206169.5
580181.9,4206169.5
580181.94,4206169.0
580182.0,4206169.0
580182.06,4206169.0
580182.1,4206169.0
580182.2,4206169.0
580182.25,4206168.5
580182.3,4206168.5
580182.4,4206168.5
580182.44,4206168.5
580182.5,4206168.5
580182.56,4206168.0
580182.6,4206168.0
580182.7,4206168.0
580182.75,4206168.0
580182.8,4206167.5
580182.9,4206167.5
580182.94,4206167.5
580183.0,4206167.5
580183.06,4206167.5
580183.1,4206167.0
580183.2,4206167.0
580183.25,4206167.0
580183.3,4206167.0
580183.4,4206166.5
580183.44,4206166.5
580183.5,4206166.5
580183.56,4206166.5
580183.6,4206166.5
580183.7,4206166.0
580183.75,4206166.0
580183.8,4206166.0
580183.9,4206166.0
580183.94,4206165.5
580184.0,4206165.5
580184.06,4206165.5
580184.1,4206165.5
580184.2,4206165.5
580184.25,4206165.0
580184.3,4206165.0
580184.4,4206165.0
580184.44,4206165.0
580184.5,4206164.5
580184.6,4206164.5
580184.7,4206164.5
580184.75,4206164.5
580184.8,4206164.5
580184.9,4206164.0
580184.94,4206164.0
580185.0,4206164.0
580185.06,4206164.0
580185.1,4206163.5
580185.2,4206163.5
580185.25,4206163.5
580185.3,4206163.5
580185.4,4206163.0
580185.44,4206163.0
580185.5,4206163.0
580185.56,4206163.0
580185.6,4206163.0
580185.7,4206162.5
580185.75,4206162.5
580185.8,4206162.5
580185.9,4206162.5
580185.94,4206162.5
580186.0,4206162.0
580186.06,4206162.0
580186.1,4206162.0
580186.2,4206162.0
580186.25,4206161.5
580186.3,4206161.5
580186.4,4206161.5
580186.44,4206161.5
580186.5,4206161.5
580186.56,4206161.0
580186.6,4206161.0
580186.7,4206161.0
580186.75,4206161.0
580186.8,4206160.5
580186.9,4206160.5
580186.94,4206160.5
580187.0,4206160.5
580187.06,4206160.5
580187.1,4206160.0
580187.2,4206160.0
580187.25,4206160.0
580187.3,4206160.0
580187.4,4206160.0
580187.44,4206159.5
580187.5,4206159.5
580187.56,4206159.5
580187.6,4206159.5
580187.7,4206159.0
580187.75,4206159.0
580187.8,4206159.0
580187.9,4206159.0
580187.94,4206159.0
580188.0,4206158.5
580188.06,4206158.5
580188.1,4206158.5
580188.2,4206158.5
580188.25,4206158.0
580188.3,4206158.0
580188.4,4206158.0
580188.44,4206158.0
580188.5,4206158.0
580188.56,4206157.5
580188.6,4206157.5
580188.7,4206157.5
580188.75,4206157.5
580188.8,4206157.5
580188.9,4206157.0
580188.94,4206157.0
580189.0,4206157.0
580189.06,4206157.0
580189.1,4206157.0
580189.2,4206156.5
580189.25,4206156.5
580189.3,4206156.5
580189.4,4206156.0
580189.44,4206156.0
580189.5,4206156.0
580189.56,4206156.0
580189.6,4206156.0
580189.7,4206155.5
580189.75,4206155.5
580189.8,4206155.5
580189.9,4206155.5
580189.94,4206155.5
580190.0,4206155.0
580190.06,4206155.0
580190.1,4206155.0
580190.2,4206155.0
580190.25,4206155.0
580190.25,4206154.5
580190.3,4206154.5
580190.4,4206154.5
580190.44,4206154.5
580190.5,4206154.5
580190.56,4206154.0
580190.6,4206154.0
580190.7,4206154.0
580190.75,4206154.0
580190.8,4206153.5
580190.9,4206153.5
580190.94,4206153.5
580191.0,4206153.5
580191.06,4206153.5
580191.1,4206153.0
580191.2,4206153.0
580191.25,4206153.0
580191.3,4206153.0
580191.4,4206152.5
580191.44,4206152.5
580191.5,4206152.5
580191.56,4206152.5
580191.6,4206152.5
580191.7,4206152.0
580191.75,4206152.0
580191.8,4206152.0
580191.9,4206152.0
580191.94,4206151.5
580192.0,4206151.5
580192.06,4206151.5
580192.1,4206151.5
580192.2,4206151.0
580192.25,4206151.0
580192.3,4206151.0
580192.4,4206151.0
580192.44,4206151.0
580192.5,4206150.5
580192.56,4206150.5
580192.6,4206150.5
580192.7,4206150.5
580192.75,4206150.0
580192.8,4206150.0
580192.9,4206150.0
580192.94,4206150.0
580193.0,4206149.5
580193.06,4206149.5
580193.5,4206149.0
580193.56,4206148.5
580193.6,4206148.5
580193.7,4206148.5
580193.75,4206148.5
580193.75,4206148.0
580193.8,4206148.0
580193.9,4206148.0
580193.94,4206148.0
580194.0,4206148.0
580194.06,4206147.5
580194.1,4206147.5
580194.2,4206147.5
580194.25,4206147.5
580194.3,4206147.0
580194.4,4206147.0
580194.44,4206147.0
580194.5,4206147.0
580194.56,4206147.0
580194.6,4206146.5
580194.7,4206146.5
580194.75,4206146.5
580194.8,4206146.5
580194.9,4206146.0
580194.94,4206146.0
580195.0,4206146.0
580195.06,4206146.0
580195.1,4206145.5
580195.2,4206145.5
580195.25,4206145.5
580195.3,4206145.5
580195.4,4206145.5
580195.44,4206145.0
580195.5,4206145.0
580195.56,4206145.0
580195.6,4206145.0
580195.7,4206144.5
580195.75,4206144.5
580195.8,4206144.5
580195.9,4206144.5
580195.94,4206144.0
580196.0,4206144.0
580196.06,4206144.0
580196.1,4206144.0
580196.2,4206144.0
580196.25,4206143.5
580196.3,4206143.5
580196.4,4206143.5
580196.44,4206143.5
580196.5,4206143.0
580196.56,4206143.0
580196.6,4206143.0
580196.7,4206143.0
580196.75,4206142.5
580196.8,4206142.5
580196.9,4206142.5
580196.94,4206142.5
580197.0,4206142.5
580197.06,4206142.0
580197.1,4206142.0
580197.2,4206142.0
580197.25,4206142.0
580197.3,4206141.5
580197.4,4206141.5
580197.44,4206141.5
580197.5,4206141.5
580197.56,4206141.0
580197.6,4206141.0
580197.7,4206141.0
580197.75,4206141.0
580197.8,4206141.0
580197.9,4206140.5
580197.94,4206140.5
580198.0,4206140.5
580198.06,4206140.5
580198.1,4206140.0
580198.2,4206140.0
580198.25,4206140.0
580198.3,4206140.0
580198.4,4206139.5
580198.44,4206139.5
580198.5,4206139.5
580198.56,4206139.5
580198.6,4206139.5
580198.7,4206139.0
580198.75,4206139.0
580198.8,4206139.0
580198.9,4206139.0
580198.94,4206138.5
580199.0,4206138.5
580199.06,4206138.5
580199.1,4206138.5
580199.1,4206138.0
580199.2,4206138.0
580199.25,4206138.0
580199.3,4206138.0
580199.4,4206138.0
580199.44,4206137.5
580199.5,4206137.5
580199.56,4206137.5
580199.6,4206137.5
580199.7,4206137.0
580199.75,4206137.0
580199.8,4206137.0
580199.9,4206137.0
580199.94,4206137.0
580199.94,4206136.5
580200.0,4206136.5
580200.06,4206136.5
580200.1,4206136.5
580200.2,4206136.5
580200.25,4206136.0
580200.3,4206136.0
580200.4,4206136.0
580200.44,4206136.0
580200.5,4206135.5
580200.56,4206135.5
580200.6,4206135.5
580200.7,4206135.5
580200.75,4206135.5
580200.75,4206135.0
580200.8,4206135.0
580200.9,4206135.0
580200.94,4206135.0
580201.0,4206135.0
580201.06,4206134.5
580201.1,4206134.5
580201.2,4206134.5
580201.25,4206134.5
580201.3,4206134.0
580201.4,4206134.0
580201.44,4206134.0
580201.5,4206134.0
580201.56,4206133.5
580201.6,4206133.5
580201.7,4206133.5
580201.75,4206133.5
580201.8,4206133.0
580201.9,4206133.0
580201.94,4206133.0
580202.0,4206133.0
580202.06,4206133.0
580202.1,4206132.5
580202.2,4206132.5
580202.25,4206132.5
580202.3,4206132.5
580202.4,4206132.0
580202.44,4206132.0
580202.5,4206132.0
580202.56,4206132.0
580202.6,4206131.5
580202.7,4206131.5
580202.75,4206131.5
580202.8,4206131.0
580202.9,4206131.0
580202.94,4206131.0
580203.0,4206131.0
580203.06,4206131.0
580203.1,4206130.5
580203.2,4206130.5
580203.25,4206130.5
580203.3,4206130.5
580203.4,4206130.0
580203.44,4206130.0
580203.5,4206130.0
580203.56,4206130.0
580203.6,4206129.5
580203.7,4206129.5
580203.75,4206129.5
580203.8,4206129.5
580203.9,4206129.0
580203.94,4206129.0
580204.0,4206129.0
580204.06,4206129.0
580204.1,4206128.5
580204.2,4206128.5
580204.25,4206128.5
580204.3,4206128.5
580204.4,4206128.5
580204.44,4206128.0
580204.5,4206128.0
580204.56,4206128.0
580204.6,4206128.0
580204.7,4206127.5
580204.75,4206127.5
580204.8,4206127.5
580204.9,4206127.5
580204.94,4206127.0
580205.0,4206127.0
580205.06,4206127.0
580205.1,4206127.0
580205.2,4206126.5
580205.25,4206126.5
580205.3,4206126.5
580205.4,4206126.5
580205.44,4206126.5
580205.44,4206126.0
580205.5,4206126.0
580205.56,4206126.0
580205.6,4206126.0
580205.7,4206126.0
580205.75,4206125.5
580205.8,4206125.5
580205.9,4206125.5
580205.94,4206125.0
580206.0,4206125.0
580206.06,4206125.0
580206.1,4206125.0
580206.2,4206124.5
580206.25,4206124.5
580206.3,4206124.5
580206.4,4206124.5
580206.44,4206124.5
580206.44,4206124.0
580206.5,4206124.0
580206.56,4206124.0
580206.6,4206124.0
580206.7,4206124.0
580206.75,4206123.5
580206.8,4206123.5
580206.9,4206123.5
580206.94,4206123.5
580207.0,4206123.0
580207.06,4206123.0
580207.1,4206123.0
580207.2,4206123.0
580207.25,4206122.5
580207.3,4206122.5
580207.4,4206122.5
580207.44,4206122.5
580207.5,4206122.0
580207.56,4206122.0
580207.6,4206122.0
580207.7,4206122.0
580207.75,4206121.5
580207.8,4206121.5
580207.9,4206121.5
580207.94,4206121.5
580208.0,4206121.0
580208.06,4206121.0
580208.1,4206121.0
580208.2,4206121.0
580208.25,4206120.5
580208.3,4206120.5
580208.4,4206120.5
580208.44,4206120.5
580208.5,4206120.0
580208.56,4206120.0
580208.6,4206120.0
580208.7,4206120.0
580208.75,4206120.0
580208.8,4206119.5
580208.9,4206119.5
580208.94,4206119.5
580209.0,4206119.5
580209.06,4206119.0
580209.1,4206119.0
580209.2,4206119.0
580209.25,4206118.5
580209.3,4206118.5
580209.4,4206118.5
580209.44,4206118.5
580209.5,4206118.5
580209.5,4206118.0
580209.56,4206118.0
580209.6,4206118.0
580209.7,4206118.0
580209.75,4206118.0
580209.8,4206117.5
580209.9,4206117.5
580209.94,4206117.5
580210.0,4206117.5
580210.06,4206117.0
580210.1,4206117.0
580210.2,4206117.0
580210.25,4206117.0
580210.3,4206116.5
580210.4,4206116.5
580210.44,4206116.5
580210.5,4206116.5
580210.5,4206116.0
580210.56,4206116.0
580210.6,4206116.0
580210.7,4206116.0
580210.75,4206116.0
580210.8,4206115.5
580210.9,4206115.5
580210.94,4206115.5
580211.0,4206115.5
580211.06,4206115.0
580211.1,4206115.0
580211.2,4206115.0
580211.25,4206115.0
580211.3,4206114.5
580211.4,4206114.5
580211.44,4206114.5
580211.5,4206114.5
580211.56,4206114.5
580211.56,4206114.0
580211.6,4206114.0
580211.7,4206114.0
580211.75,4206114.0
580211.8,4206114.0
580211.9,4206113.5
580211.94,4206113.5
580212.0,4206113.5
580212.06,4206113.0
580212.1,4206113.0
580212.2,4206113.0
580212.25,4206113.0
580212.3,4206112.5
580212.4,4206112.5
580212.44,4206112.5
580212.5,4206112.5
580212.56,4206112.5
580212.6,4206112.0
580212.7,4206112.0
580212.75,4206112.0
580212.8,4206112.0
580212.9,4206111.5
580212.94,4206111.5
580213.0,4206111.5
580213.06,4206111.5
580213.1,4206111.0
580213.2,4206111.0
580213.25,4206111.0
580213.3,4206111.0
580213.3,4206110.5
580213.4,4206110.5
580213.44,4206110.5
580213.5,4206110.5
580213.56,4206110.5
580213.6,4206110.0
580213.7,4206110.0
580213.75,4206110.0
580213.8,4206110.0
580213.9,4206109.5
580213.94,4206109.5
580214.0,4206109.5
580214.06,4206109.5
580214.1,4206109.0
580214.2,4206109.0
580214.25,4206109.0
580214.3,4206109.0
580214.4,4206108.5
580214.44,4206108.5
580214.5,4206108.5
580214.56,4206108.5
580214.6,4206108.5
580214.7,4206108.0
580214.75,4206108.0
580214.8,4206108.0
580214.9,4206107.5
580214.94,4206107.5
580215.0,4206107.5
580215.06,4206107.5
580215.1,4206107.0
580215.2,4206107.0
580215.25,4206107.0
580215.3,4206107.0
580215.4,4206107.0
580215.4,4206106.5
580215.44,4206106.5
580215.5,4206106.5
580215.56,4206106.5
580215.6,4206106.5
580215.7,4206106.0
580215.75,4206106.0
580215.8,4206106.0
580215.9,4206106.0
580215.94,4206105.5
580216.0,4206105.5
580216.06,4206105.5
580216.1,4206105.0
580216.2,4206105.0
580216.25,4206105.0
580216.3,4206105.0
580216.4,4206105.0
580216.44,4206104.5
580216.5,4206104.5
580216.56,4206104.5
580216.6,4206104.5
580216.7,4206104.0
580216.75,4206104.0
580216.8,4206104.0
580216.9,4206104.0
580216.94,4206103.5
580217.0,4206103.5
580217.06,4206103.5
580217.1,4206103.5
580217.2,4206103.0
580217.25,4206103.0
580217.3,4206103.0
580217.4,4206103.0
580217.44,4206102.5
580217.5,4206102.5
580217.56,4206102.5
580217.6,4206102.5
580217.7,4206102.0
580217.75,4206102.0
580217.8,4206102.0
580217.9,4206102.0
580217.94,4206102.0
580217.94,4206101.5
580218.0,4206101.5
580218.06,4206101.5
580218.1,4206101.5
580218.2,4206101.0
580218.25,4206101.0
580218.3,4206101.0
580218.4,4206101.0
580218.44,4206100.5
580218.5,4206100.5
580218.56,4206100.5
580218.6,4206100.5
580218.7,4206100.5
580218.7,4206100.0
580218.75,4206100.0
580218.8,4206100.0
580218.9,4206100.0
580218.94,4206100.0
580219.0,4206099.5
580219.06,4206099.5
580219.1,4206099.5
580219.2,4206099.0
580219.25,4206099.0
580219.3,4206099.0
580219.4,4206099.0
580219.44,4206099.0
580219.44,4206098.5
580219.5,4206098.5
580219.56,4206098.5
580219.6,4206098.5
580219.7,4206098.5
580219.75,4206098.0
580219.8,4206098.0
580219.9,4206098.0
580219.94,4206098.0
580220.0,4206097.5
580220.06,4206097.5
580220.1,4206097.5
580220.2,4206097.5
580220.2,4206097.0
580220.25,4206097.0
580220.3,4206097.0
580220.4,4206097.0
580220.44,4206097.0
580220.5,4206096.5
580220.56,4206096.5
580220.6,4206096.5
580220.7,4206096.5
580220.75,4206096.0
580220.8,4206096.0
580220.9,4206096.0
580220.94,4206096.0
580221.0,4206095.5
580221.06,4206095.5
580221.1,4206095.5
580221.2,4206095.5
580221.25,4206095.0
580221.3,4206095.0
580221.4,4206095.0
580221.44,4206095.0
580221.5,4206094.5
580221.56,4206094.5
580221.6,4206094.5
580221.7,4206094.5
580221.75,4206094.0
580221.8,4206094.0
580221.9,4206094.0
580221.94,4206094.0
580222.0,4206094.0
580222.06,4206093.5
580222.1,4206093.5
580222.2,4206093.5
580222.25,4206093.0
580222.3,4206093.0
580222.4,4206093.0
580222.44,4206093.0
580222.5,4206092.5
580222.56,4206092.5
580222.6,4206092.5
580222.7,4206092.5
580222.75,4206092.5
580222.8,4206092.0
580222.9,4206092.0
580222.94,4206092.0
580223.0,4206092.0
580223.06,4206091.5
580223.1,4206091.5
580223.2,4206091.5
580223.25,4206091.0
580223.3,4206091.0
580223.4,4206091.0
580223.44,4206091.0
580223.5,4206091.0
580223.56,4206090.5
580223.6,4206090.5
580223.7,4206090.5
580223.75,4206090.5
580223.8,4206090.0
580223.9,4206090.0
580223.94,4206090.0
580224.0,4206090.0
580224.06,4206089.5
580224.1,4206089.5
580224.2,4206089.5
580224.25,4206089.5
580224.3,4206089.0
580224.4,4206089.0
580224.44,4206089.0
580224.5,4206089.0
580224.56,4206088.5
580224.6,4206088.5
580224.7,4206088.5
580224.75,4206088.5
580224.8,4206088.0
580224.9,4206088.0
580224.94,4206088.0
580225.0,4206088.0
580225.06,4206087.5
580225.1,4206087.5
580225.2,4206087.5
580225.25,4206087.5
580225.3,4206087.0
580225.4,4206087.0
580225.44,4206087.0
580225.5,4206087.0
580225.56,4206087.0
580225.6,4206086.5
580225.7,4206086.5
580225.75,4206086.5
580225.8,4206086.0
580225.9,4206086.0
580225.94,4206086.0
580226.0,4206086.0
580226.06,4206086.0
580226.1,4206085.5
580226.2,4206085.5
580226.25,4206085.5
580226.3,4206085.5
580226.4,4206085.0
580226.44,4206085.0
580226.5,4206085.0
580226.56,4206085.0
580226.56,4206084.5
580226.6,4206084.5
580226.7,4206084.5
580226.75,4206084.5
580226.8,4206084.5
580226.9,4206084.0
580226.94,4206084.0
580227.0,4206084.0
580227.06,4206084.0
580227.1,4206083.5
580227.2,4206083.5
580227.25,4206083.5
580227.3,4206083.5
580227.4,4206083.0
580227.44,4206083.0
580227.5,4206083.0
580227.56,4206083.0
580227.6,4206082.5
580227.7,4206082.5
580227.75,4206082.5
580227.8,4206082.5
580227.9,4206082.5
580227.94,4206082.0
580228.0,4206082.0
580228.06,4206082.0
580228.1,4206081.5
580228.2,4206081.5
580228.25,4206081.5
580228.3,4206081.5
580228.4,4206081.5
580228.44,4206081.0
580228.5,4206081.0
580228.56,4206081.0
580228.6,4206081.0
580228.7,4206080.5
580228.75,4206080.5
580228.8,4206080.5
580228.9,4206080.5
580228.9,4206080.0
580228.94,4206080.0
580229.0,4206080.0
580229.06,4206080.0
580229.1,4206080.0
580229.2,4206079.5
580229.25,4206079.5
580229.3,4206079.5
580229.4,4206079.5
580229.44,4206079.0
580229.5,4206079.0
580229.56,4206079.0
580229.6,4206079.0
580229.7,4206078.5
580229.75,4206078.5
580229.8,4206078.5
580229.9,4206078.5
580229.94,4206078.0
580230.0,4206078.0
580230.06,4206078.0
580230.1,4206078.0
580230.2,4206078.0
580230.25,4206077.5
580230.3,4206077.5
580230.4,4206077.5
580230.44,4206077.0
580230.5,4206077.0
580230.56,4206077.0
580230.6,4206077.0
580230.7,4206077.0
580230.75,4206076.5
580230.8,4206076.5
580230.9,4206076.5
580230.94,4206076.0
580231.0,4206076.0
580231.06,4206076.0
580231.1,4206076.0
580231.2,4206076.0
580231.2,4206075.5
580231.25,4206075.5
580231.3,4206075.5
580231.4,4206075.5
580231.44,4206075.5
580231.5,4206075.0
580231.56,4206075.0
580231.6,4206075.0
580231.7,4206075.0
580231.7,4206074.5
580231.75,4206074.5
580231.8,4206074.5
580231.9,4206074.5
580231.94,4206074.5
580232.0,4206074.0
580232.06,4206074.0
580232.1,4206074.0
580232.2,4206074.0
580232.25,4206073.5
580232.3,4206073.5
580232.4,4206073.5
580232.44,4206073.5
580232.5,4206073.0
580232.56,4206073.0
580232.6,4206073.0
580232.7,4206073.0
580232.75,4206072.5
580232.8,4206072.5
580232.9,4206072.5
580232.94,4206072.5
580233.0,4206072.5
580233.06,4206072.0
580233.1,4206072.0
580233.2,4206072.0
580233.25,4206071.5
580233.3,4206071.5
580233.4,4206071.5
580233.44,4206071.5
580233.5,4206071.5
580233.5,4206071.0
580233.56,4206071.0
580233.6,4206071.0
580233.7,4206071.0
580233.75,4206071.0
580233.8,4206070.5
580233.9,4206070.5
580233.94,4206070.5
580234.0,4206070.5
580234.0,4206070.0
580234.06,4206070.0
580234.1,4206070.0
580234.2,4206070.0
580234.25,4206070.0
580234.3,4206069.5
580234.4,4206069.5
580234.44,4206069.5
580234.5,4206069.5
580234.5,4206069.0
580234.56,4206069.0
580234.6,4206069.0
580234.7,4206069.0
580234.75,4206069.0
580234.8,4206068.5
580234.9,4206068.5
580234.94,4206068.5
580235.0,4206068.5
580235.06,4206068.0
580235.1,4206068.0
580235.2,4206068.0
580235.25,4206068.0
580235.3,4206067.5
580235.4,4206067.5
580235.44,4206067.5
580235.5,4206067.5
580235.56,4206067.0
580235.6,4206067.0
580235.7,4206067.0
580235.75,4206067.0
580235.8,4206066.5
580235.9,4206066.5
580235.94,4206066.5
580236.0,4206066.5
580236.06,4206066.0
580236.1,4206066.0
580236.2,4206066.0
580236.25,4206066.0
580236.3,4206065.5
580236.4,4206065.5
580236.44,4206065.5
580236.5,4206065.5
580236.56,4206065.0
580236.6,4206065.0
580236.7,4206065.0
580236.75,4206065.0
580236.8,4206065.0
580236.9,4206064.5
580236.94,4206064.5
580237.0,4206064.5
580237.06,4206064.0
580237.1,4206064.0
580237.2,4206064.0
580237.25,4206064.0
580237.3,4206064.0
580237.4,4206063.5
580237.44,4206063.5
580237.5,4206063.5
580237.56,4206063.0
580237.6,4206063.0
580237.7,4206063.0
580237.75,4206063.0
580237.8,4206063.0
580237.9,4206062.5
580237.94,4206062.5
580238.0,4206062.5
580238.06,4206062.0
580238.1,4206062.0
580238.2,4206062.0
580238.25,4206062.0
580238.3,4206062.0
580238.4,4206061.5
580238.44,4206061.5
580238.5,4206061.5
580238.56,4206061.5
580238.6,4206061.0
580238.7,4206061.0
580238.75,4206061.0
580238.8,4206061.0
580238.9,4206060.5
580238.94,4206060.5
580239.0,4206060.5
580239.06,4206060.5
580239.1,4206060.0
580239.2,4206060.0
580239.25,4206060.0
580239.3,4206060.0
580239.4,4206059.5
580239.44,4206059.5
580239.5,4206059.5
580239.56,4206059.5
580239.6,4206059.0
580239.7,4206059.0
580239.75,4206059.0
580239.8,4206059.0
580239.9,4206058.5
580239.94,4206058.5
580240.0,4206058.5
580240.06,4206058.5
580240.1,4206058.0
580240.2,4206058.0
580240.25,4206058.0
580240.3,4206058.0
580240.4,4206058.0
580240.4,4206057.5
580240.44,4206057.5
580240.5,4206057.5
580240.56,4206057.5
580240.6,4206057.0
580240.7,4206057.0
580240.75,4206057.0
580240.8,4206057.0
580240.9,4206057.0
580240.9,4206056.5
580240.94,4206056.5
580241.0,4206056.5
580241.06,4206056.5
580241.1,4206056.0
580241.2,4206056.0
580241.25,4206056.0
580241.3,4206056.0
580241.4,4206056.0
580241.4,4206055.5
580241.44,4206055.5
580241.5,4206055.5
580241.56,4206055.5
580241.6,4206055.0
580241.7,4206055.0
580241.75,4206055.0
580241.8,4206055.0
580241.9,4206055.0
580241.9,4206054.5
580241.94,4206054.5
580242.0,4206054.5
580242.06,4206054.5
580242.1,4206054.0
580242.2,4206054.0
580242.25,4206054.0
580242.3,4206054.0
580242.4,4206054.0
580242.4,4206053.5
580242.44,4206053.5
580242.5,4206053.5
580242.56,4206053.5
580242.6,4206053.5
580242.7,4206053.0
580242.75,4206053.0
580242.8,4206053.0
580242.9,4206053.0
580242.9,4206052.5
580242.94,4206052.5
580243.0,4206052.5
580243.06,4206052.5
580243.1,4206052.5
580243.2,4206052.0
580243.25,4206052.0
580243.3,4206052.0
580243.4,4206051.5
580243.44,4206051.5
580243.5,4206051.5
580243.56,4206051.5
580243.6,4206051.5
580243.7,4206051.0
580243.75,4206051.0
580243.8,4206051.0
580243.9,4206050.5
580243.94,4206050.5
580244.0,4206050.5
580244.06,4206050.5
580244.1,4206050.0
580244.2,4206050.0
580244.25,4206050.0
580244.3,4206050.0
580244.4,4206049.5
580244.44,4206049.5
580244.5,4206049.5
580244.56,4206049.5
580244.6,4206049.0
580244.7,4206049.0
580244.75,4206049.0
580244.8,4206049.0
580244.9,4206048.5
580244.94,4206048.5
580245.0,4206048.5
580245.06,4206048.5
580245.1,4206048.0
580245.2,4206048.0
580245.25,4206048.0
580245.3,4206048.0
580245.4,4206047.5
580245.44,4206047.5
580245.5,4206047.5
580245.56,4206047.5
580245.6,4206047.0
580245.7,4206047.0
580245.75,4206047.0
580245.8,4206047.0
580245.9,4206046.5
580245.94,4206046.5
580246.0,4206046.5
580246.06,4206046.5
580246.1,4206046.0
580246.2,4206046.0
580246.25,4206046.0
580246.3,4206046.0
580246.4,4206045.5
580246.44,4206045.5
580246.5,4206045.5
580246.56,4206045.5
580246.6,4206045.0
580246.7,4206045.0
580246.75,4206045.0
580246.8,4206044.5
580246.9,4206044.5
580246.94,4206044.5
580247.0,4206044.5
580247.06,4206044.5
580247.1,4206044.0
580247.2,4206044.0
580247.25,4206044.0
580247.3,4206043.5
580247.4,4206043.5
580247.44,4206043.5
580247.5,4206043.5
580247.56,4206043.5
580247.6,4206043.0
580247.7,4206043.0
580247.75,4206043.0
580247.8,4206042.5
580247.9,4206042.5
580247.94,4206042.5
580248.0,4206042.5
580248.06,4206042.5
580248.06,4206042.0
580248.1,4206042.0
580248.2,4206042.0
580248.25,4206042.0
580248.3,4206041.5
580248.4,4206041.5
580248.44,4206041.5
580248.5,4206041.5
580248.56,4206041.5
580248.56,4206041.0
580248.6,4206041.0
580248.7,4206041.0
580248.75,4206041.0
580248.8,4206040.5
580248.9,4206040.5
580248.94,4206040.5
580249.0,4206040.5
580249.06,4206040.0
580249.1,4206040.0
580249.2,4206040.0
580249.25,4206040.0
580249.3,4206039.5
580249.4,4206039.5
580249.44,4206039.5
580249.5,4206039.5
580249.5,4206039.0
580249.56,4206039.0
580249.6,4206039.0
580249.7,4206039.0
580249.75,4206039.0
580249.8,4206038.5
580249.9,4206038.5
580249.94,4206038.5
580250.0,4206038.5
580250.0,4206038.0
580250.06,4206038.0
580250.1,4206038.0
580250.2,4206038.0
580250.25,4206038.0
580250.3,4206037.5
580250.4,4206037.5
580250.44,4206037.5
580250.5,4206037.0
580250.56,4206037.0
580250.6,4206037.0
580250.7,4206037.0
580250.75,4206037.0
580250.8,4206036.5
580250.9,4206036.5
580250.94,4206036.5
580251.0,4206036.0
580251.06,4206036.0
580251.1,4206036.0
580251.2,4206036.0
580251.25,4206036.0
580251.3,4206035.5
580251.4,4206035.5
580251.44,4206035.5
580251.5,4206035.0
580251.56,4206035.0
580251.6,4206035.0
580251.7,4206035.0
580251.75,4206034.5
580251.8,4206034.5
580251.9,4206034.5
580251.94,4206034.5
580252.0,4206034.0
580252.06,4206034.0
580252.1,4206034.0
580252.2,4206034.0
580252.25,4206033.5
580252.3,4206033.5
580252.4,4206033.5
580252.44,4206033.5
580252.5,4206033.0
580252.56,4206033.0
580252.6,4206033.0
580252.7,4206033.0
580252.75,4206032.5
580252.8,4206032.5
580252.9,4206032.5
580252.94,4206032.5
580253.0,4206032.0
580253.06,4206032.0
580253.1,4206032.0
580253.2,4206032.0
580253.25,4206031.5
580253.3,4206031.5
580253.4,4206031.5
580253.44,4206031.0
580253.5,4206031.0
578803.5,4200232.0
578803.5,4200232.5
578803.56,4200232.5
578803.56,4200233.0
578803.6,4200233.0
578803.7,4200233.0
578803.7,4200233.5
578803.75,4200233.5
578803.8,4200233.5
578803.8,4200234.0
578803.9,4200234.0
578803.9,4200234.5
578803.94,4200234.5
578804.0,4200234.5
578804.0,4200235.0
578804.06,4200235.0
578804.1,4200235.0
578804.1,4200235.5
578804.2,4200235.5
578804.25,4200235.5
578804.25,4200236.0
578804.3,4200236.0
578804.4,4200236.0
578804.4,4200236.5
578804.44,4200236.5
578804.5,4200236.5
578804.56,4200236.5
578804.56,4200237.0
578804.6,4200237.0
578804.7,4200237.0
578804.7,4200237.5
578804.75,4200237.5
578804.8,4200237.5
578804.8,4200238.0
578804.9,4200238.0
578804.94,4200238.0
578805.0,4200238.0
578805.0,4200238.5
578805.06,4200238.5
578805.1,4200238.5
578805.1,4200239.0
578805.2,4200239.0
578805.25,4200239.0
578805.3,4200239.0
578805.3,4200239.5
578805.4,4200239.5
578805.44,4200239.5
578805.44,4200240.0
578805.5,4200240.0
578805.56,4200240.0
578805.6,4200240.0
578805.6,4200240.5
578805.7,4200240.5
578805.75,4200240.5
578805.75,4200241.0
578805.8,4200241.0
578805.9,4200241.0
578805.94,4200241.0
578805.94,4200241.5
578806.0,4200241.5
578806.06,4200241.5
578806.06,4200242.0
578806.1,4200242.0
578806.2,4200242.0
578806.25,4200242.0
578806.25,4200242.5
578806.3,4200242.5
578806.4,4200242.5
578806.4,4200243.0
578806.44,4200243.0
578806.5,4200243.0
578806.56,4200243.0
578806.56,4200243.5
578806.6,4200243.5
578806.7,4200243.5
578806.7,4200244.0
578806.75,4200244.0
578806.8,4200244.0
578806.9,4200244.5
578806.94,4200244.5
578807.0,4200244.5
578807.0,4200245.0
578807.06,4200245.0
578807.1,4200245.0
578807.1,4200245.5
578807.2,4200245.5
578807.25,4200245.5
578807.25,4200246.0
578807.3,4200246.0
578807.4,4200246.0
578807.44,4200246.5
578807.5,4200246.5
578807.56,4200247.0
578807.6,4200247.0
578807.6,4200247.5
578807.7,4200247.5
578807.75,4200247.5
578807.75,4200248.0
578807.8,4200248.0
578807.9,4200248.0
578807.9,4200248.5
578807.94,4200248.5
578808.0,4200248.5
578808.0,4200249.0
578808.06,4200249.0
578808.1,4200249.0
578808.1,4200249.5
578808.2,4200249.5
578808.25,4200249.5
578808.25,4200250.0
578808.3,4200250.0
578808.4,4200250.0
578808.4,4200250.5
578808.44,4200250.5
578808.5,4200250.5
578808.5,4200251.0
578808.56,4200251.0
578808.6,4200251.0
578808.6,4200251.5
578808.7,4200251.5
578808.75,4200251.5
578808.75,4200252.0
578808.8,4200252.0
578808.9,4200252.5
578808.94,4200252.5
578809.0,4200253.0
578809.06,4200253.0
578809.06,4200253.5
578809.1,4200253.5
578809.2,4200253.5
578809.2,4200254.0
578809.25,4200254.0
578809.3,4200254.0
578809.3,4200254.5
578809.4,4200254.5
578809.44,4200254.5
578809.44,4200255.0
578809.5,4200255.0
578809.5,4200255.5
578809.56,4200255.5
578809.6,4200255.5
578809.6,4200256.0
578809.7,4200256.0
578809.75,4200256.5
578809.8,4200256.5
578809.8,4200257.0
578809.9,4200257.0
578809.94,4200257.0
578809.94,4200257.5
578810.0,4200257.5
578810.0,4200258.0
578810.06,4200258.0
578810.1,4200258.0
578810.1,4200258.5
578810.2,4200258.5
578810.25,4200258.5
578810.25,4200259.0
578810.3,4200259.0
578810.3,4200259.5
578810.4,4200259.5
578810.44,4200259.5
578810.44,4200260.0
578810.5,4200260.0
578810.5,4200260.5
578810.56,4200260.5
578810.6,4200260.5
578810.6,4200261.0
578810.7,4200261.0
578810.75,4200261.0
578810.75,4200261.5
578810.8,4200261.5
578810.8,4200262.0
578810.9,4200262.0
578810.94,4200262.0
578810.94,4200262.5
578811.0,4200262.5
578811.06,4200262.5
578811.06,4200263.0
578811.1,4200263.0
578811.1,4200263.5
578811.2,4200263.5
578811.25,4200263.5
578811.25,4200264.0
578811.3,4200264.0
578811.4,4200264.5
578811.44,4200264.5
578811.44,4200265.0
578811.5,4200265.0
578811.56,4200265.0
578811.56,4200265.5
578811.6,4200265.5
578811.7,4200266.0
578811.75,4200266.0
578811.75,4200266.5
578811.8,4200266.5
578811.9,4200266.5
578811.9,4200267.0
578811.94,4200267.0
578811.94,4200267.5
578812.0,4200267.5
578812.06,4200267.5
578812.06,4200268.0
578812.1,4200268.0
578812.2,4200268.5
578812.25,4200268.5
578812.25,4200269.0
578812.3,4200269.0
578812.4,4200269.0
578812.4,4200269.5
578812.44,4200269.5
578812.44,4200270.0
578812.5,4200270.0
578812.56,4200270.0
578812.56,4200270.5
578812.6,4200270.5
578812.7,4200270.5
578812.7,4200271.0
578812.75,4200271.0
578812.8,4200271.0
578812.8,4200271.5
578812.9,4200271.5
578812.94,4200271.5
578812.94,4200272.0
578813.0,4200272.0
578813.06,4200272.5
578813.1,4200272.5
578813.1,4200273.0
578813.2,4200273.0
578813.25,4200273.0
578813.25,4200273.5
578813.3,4200273.5
578813.4,4200273.5
578813.4,4200274.0
578813.44,4200274.0
578813.5,4200274.0
578813.5,4200274.5
578813.56,4200274.5
578813.6,4200275.0
578813.7,4200275.0
578813.7,4200275.5
578813.75,4200275.5
578813.8,4200275.5
578813.8,4200276.0
578813.9,4200276.0
578813.94,4200276.0
578813.94,4200276.5
578814.0,4200276.5
578814.06,4200276.5
578814.06,4200277.0
578814.1,4200277.0
578814.2,4200277.0
578814.2,4200277.5
578814.25,4200277.5
578814.3,4200277.5
578814.3,4200278.0
578814.4,4200278.0
578814.44,4200278.0
578814.44,4200278.5
578814.5,4200278.5
578814.56,4200278.5
578814.6,4200279.0
578814.7,4200279.0
578814.75,4200279.5
578814.8,4200279.5
578814.9,4200279.5
578814.9,4200280.0
578814.94,4200280.0
578815.0,4200280.0
578815.0,4200280.5
578815.06,4200280.5
578815.1,4200280.5
578815.1,4200281.0
578815.2,4200281.0
578815.25,4200281.0
578815.25,4200281.5
578815.3,4200281.5
578815.4,4200281.5
578815.4,4200282.0
578815.44,4200282.0
578815.5,4200282.0
578815.56,4200282.5
578815.6,4200282.5
578815.7,4200283.0
578815.75,4200283.0
578815.8,4200283.0
578815.8,4200283.5
578815.9,4200283.5
578815.94,4200283.5
578815.94,4200284.0
578816.0,4200284.0
578816.06,4200284.0
578816.06,4200284.5
578816.1,4200284.5
578816.2,4200284.5
578816.2,4200285.0
578816.25,4200285.0
578816.3,4200285.0
578816.4,4200285.0
578816.4,4200285.5
578816.44,4200285.5
578816.5,4200285.5
578816.5,4200286.0
578816.56,4200286.0
578816.6,4200286.0
578816.7,4200286.5
578816.75,4200286.5
578816.8,4200286.5
578816.8,4200287.0
578816.9,4200287.0
578816.94,4200287.0
578817.0,4200287.5
578817.06,4200287.5
578817.1,4200287.5
578817.1,4200288.0
578817.2,4200288.0
578817.25,4200288.0
578817.25,4200288.5
578817.3,4200288.5
578817.4,4200288.5
578817.44,4200288.5
578817.44,4200289.0
578817.5,4200289.0
578817.56,4200289.0
578817.56,4200289.5
578817.6,4200289.5
578817.7,4200289.5
578817.75,4200289.5
578817.75,4200290.0
578817.8,4200290.0
578817.9,4200290.0
578817.9,4200290.5
578817.94,4200290.5
578818.0,4200290.5
578818.06,4200291.0
578818.1,4200291.0
578818.2,4200291.0
578818.2,4200291.5
578818.25,4200291.5
578818.3,4200291.5
578818.3,4200292.0
578818.4,4200292.0
578818.44,4200292.0
578818.5,4200292.0
578818.5,4200292.5
578818.56,4200292.5
578818.6,4200292.5
578818.6,4200293.0
578818.7,4200293.0
578818.75,4200293.0
578818.8,4200293.0
578818.8,4200293.5
578818.9,4200293.5
578818.94,4200293.5
578818.94,4200294.0
578819.0,4200294.0
578819.06,4200294.0
578819.1,4200294.5
578819.2,4200294.5
578819.25,4200294.5
578819.25,4200295.0
578819.3,4200295.0
578819.4,4200295.0
578819.4,4200295.5
578819.44,4200295.5
578819.5,4200295.5
578819.56,4200295.5
578819.56,4200296.0
578819.6,4200296.0
578819.7,4200296.0
578819.7,4200296.5
578819.75,4200296.5
578819.8,4200296.5
578819.9,4200296.5
578819.9,4200297.0
578819.94,4200297.0
578820.0,4200297.0
578820.0,4200297.5
578820.06,4200297.5
578820.1,4200297.5
578820.2,4200298.0
578820.25,4200298.0
578820.3,4200298.0
578820.3,4200298.5
578820.4,4200298.5
578820.44,4200298.5
578820.44,4200299.0
578820.5,4200299.0
578820.56,4200299.0
578820.6,4200299.0
578820.6,4200299.5
578820.7,4200299.5
578820.75,4200299.5
578820.75,4200300.0
578820.8,4200300.0
578820.9,4200300.0
578820.94,4200300.0
578820.94,4200300.5
578821.0,4200300.5
578821.06,4200300.5
578821.06,4200301.0
578821.1,4200301.0
578821.2,4200301.0
578821.25,4200301.5
578821.3,4200301.5
578821.4,4200301.5
578821.4,4200302.0
578821.44,4200302.0
578821.5,4200302.0
578821.5,4200302.5
578821.56,4200302.5
578821.6,4200302.5
578821.7,4200303.0
578821.75,4200303.0
578821.8,4200303.0
578821.8,4200303.5
578821.9,4200303.5
578821.94,4200303.5
578821.94,4200304.0
578822.0,4200304.0
578822.06,4200304.0
578822.06,4200304.5
578822.1,4200304.5
578822.2,4200304.5
578822.25,4200305.0
578822.3,4200305.0
578822.4,4200305.0
578822.4,4200305.5
578822.44,4200305.5
578822.5,4200305.5
578822.5,4200306.0
578822.56,4200306.0
578822.6,4200306.0
578822.6,4200306.5
578822.7,4200306.5
578822.75,4200306.5
578822.8,4200307.0
578822.9,4200307.0
578822.94,4200307.0
578822.94,4200307.5
578823.0,4200307.5
578823.06,4200307.5
578823.06,4200308.0
578823.1,4200308.0
578823.2,4200308.0
578823.2,4200308.5
578823.25,4200308.5
578823.3,4200308.5
578823.3,4200309.0
578823.4,4200309.0
578823.44,4200309.0
578823.5,4200309.5
578823.56,4200309.5
578823.6,4200309.5
578823.6,4200310.0
578823.7,4200310.0
578823.75,4200310.0
578823.75,4200310.5
578823.8,4200310.5
578823.9,4200310.5
578823.9,4200311.0
578823.94,4200311.0
578824.0,4200311.0
578824.0,4200311.5
578824.06,4200311.5
578824.1,4200311.5
578824.1,4200312.0
578824.2,4200312.0
578824.25,4200312.0
578824.25,4200312.5
578824.3,4200312.5
578824.3,4200313.0
578824.4,4200313.0
578824.44,4200313.0
578824.44,4200313.5
578824.5,4200313.5
578824.5,4200314.0
578824.56,4200314.0
578824.6,4200314.5
578824.7,4200314.5
578824.7,4200315.0
578824.75,4200315.0
578824.75,4200315.5
578824.8,4200315.5
578824.9,4200315.5
578824.9,4200316.0
578824.94,4200316.0
578824.94,4200316.5
578825.0,4200316.5
578825.06,4200316.5
578825.06,4200317.0
578825.1,4200317.0
578825.1,4200317.5
578825.2,4200317.5
578825.25,4200317.5
578825.25,4200318.0
578825.3,4200318.0
578825.3,4200318.5
578825.4,4200318.5
578825.44,4200319.0
578825.5,4200319.0
578825.5,4200319.5
578825.56,4200319.5
578825.56,4200320.0
578825.6,4200320.0
578825.7,4200320.0
578825.7,4200320.5
578825.75,4200320.5
578825.75,4200321.0
578825.75,4200321.5
578825.8,4200321.5
578825.8,4200322.0
578825.8,4200322.5
578825.9,4200322.5
578825.9,4200323.0
578825.9,4200323.5
578825.94,4200323.5
578825.94,4200324.0
578826.0,4200324.5
578826.0,4200325.0
578826.06,4200325.0
578826.06,4200325.5
578826.06,4200326.0
578826.1,4200326.0
578826.1,4200326.5
578826.1,4200327.0
578826.2,4200327.0
578826.2,4200327.5
578826.25,4200328.0
578826.25,4200328.5
578826.3,4200328.5
578826.25,4200329.0
578826.25,4200329.5
578826.25,4200330.0
578826.25,4200330.5
578826.25,4200331.0
578826.25,4200331.5
578826.2,4200331.5
578826.2,4200332.0
578826.2,4200332.5
578826.2,4200333.0
578826.2,4200333.5
578826.2,4200334.0
578826.1,4200334.0
578826.1,4200334.5
578826.1,4200335.0
578826.1,4200335.5
578826.1,4200336.0
578826.1,4200336.5
578826.06,4200336.5
578826.06,4200337.0
578826.06,4200337.5
578826.06,4200338.0
578826.0,4200338.0
578826.0,4200338.5
578826.0,4200339.0
578826.0,4200339.5
578825.94,4200339.5
578825.94,4200340.0
578825.94,4200340.5
578825.94,4200341.0
578825.9,4200341.0
578825.9,4200341.5
578825.9,4200342.0
578825.8,4200342.0
578825.8,4200342.5
578825.8,4200343.0
578825.8,4200343.5
578825.75,4200343.5
578825.75,4200344.0
578825.75,4200344.5
578825.7,4200345.0
578825.7,4200345.5
578825.7,4200346.0
578825.6,4200346.0
578825.6,4200346.5
578825.56,4200347.0
578825.56,4200347.5
578825.5,4200347.5
578825.5,4200348.0
578825.5,4200348.5
578825.44,4200348.5
578825.44,4200349.0
578825.44,4200349.5
578825.4,4200349.5
578825.4,4200350.0
578825.4,4200350.5
578825.3,4200350.5
578825.3,4200351.0
578825.25,4200351.0
578825.25,4200351.5
578825.25,4200352.0
578825.2,4200352.0
578825.2,4200352.5
578825.2,4200353.0
578825.1,4200353.0
578825.1,4200353.5
578825.1,4200354.0
578825.06,4200354.0
578825.06,4200354.5
578825.0,4200354.5
578825.0,4200355.0
578825.0,4200355.5
578824.94,4200355.5
578824.94,4200356.0
578824.9,4200356.0
578824.9,4200356.5
578824.9,4200357.0
578824.8,4200357.0
578824.8,4200357.5
578824.75,4200357.5
578824.75,4200358.0
578824.7,4200358.0
578824.7,4200358.5
578824.7,4200359.0
578824.6,4200359.0
578824.6,4200359.5
578824.56,4200359.5
578824.56,4200360.0
578824.5,4200360.0
578824.5,4200360.5
578824.5,4200361.0
578824.44,4200361.0
578824.44,4200361.5
578824.4,4200361.5
578824.4,4200362.0
578824.3,4200362.0
578824.3,4200362.5
578824.25,4200362.5
578824.25,4200363.0
578824.25,4200363.5
578824.2,4200363.5
578824.2,4200364.0
578824.1,4200364.0
578824.1,4200364.5
578824.06,4200364.5
578824.06,4200365.0
578824.0,4200365.0
578824.0,4200365.5
578824.0,4200366.0
578823.94,4200366.0
578823.94,4200366.5
578823.9,4200366.5
578823.9,4200367.0
578823.8,4200367.0
578823.8,4200367.5
578823.75,4200367.5
578823.75,4200368.0
578823.7,4200368.5
578823.7,4200369.0
578823.6,4200369.0
578823.6,4200369.5
578823.56,4200369.5
578823.56,4200370.0
578823.56,4200370.5
578823.5,4200370.5
578823.5,4200371.0
578823.5,4200371.5
578823.44,4200371.5
578823.44,4200372.0
578823.4,4200372.0
578823.4,4200372.5
578823.4,4200373.0
578823.3,4200373.0
578823.3,4200373.5
578823.3,4200374.0
578823.25,4200374.0
578823.25,4200374.5
578823.2,4200374.5
578823.2,4200375.0
578823.2,4200375.5
578823.1,4200375.5
578823.1,4200376.0
578823.06,4200376.5
578823.06,4200377.0
578823.0,4200377.0
578823.0,4200377.5
578823.0,4200378.0
578823.0,4200378.5
578822.94,4200378.5
578822.94,4200379.0
578822.94,4200379.5
578822.9,4200379.5
578822.9,4200380.0
578822.9,4200380.5
578822.8,4200380.5
578822.8,4200381.0
578822.8,4200381.5
578822.8,4200382.0
578822.75,4200382.0
578822.75,4200382.5
578822.75,4200383.0
578822.7,4200383.0
578822.7,4200383.5
578822.7,4200384.0
578822.6,4200384.0
578822.6,4200384.5
578822.6,4200385.0
578822.56,4200385.0
578822.56,4200385.5
578822.56,4200386.0
578822.56,4200386.5
578822.5,4200386.5
578822.5,4200387.0
578822.5,4200387.5
578822.44,4200387.5
578822.44,4200388.0
578822.44,4200388.5
578822.4,4200388.5
578822.4,4200389.0
578822.4,4200389.5
578822.4,4200390.0
578822.3,4200390.0
578822.3,4200390.5
578822.3,4200391.0
578822.25,4200391.0
578822.25,4200391.5
578822.25,4200392.0
578822.25,4200392.5
578822.2,4200392.5
578822.2,4200393.0
578822.2,4200393.5
578822.1,4200393.5
578822.1,4200394.0
578822.1,4200394.5
578822.1,4200395.0
578822.06,4200395.0
578822.06,4200395.5
578822.06,4200396.0
578822.06,4200396.5
578822.0,4200396.5
578822.0,4200397.0
578822.0,4200397.5
578821.94,4200397.5
578821.94,4200398.0
578821.94,4200398.5
578821.94,4200399.0
578821.9,4200399.0
578821.9,4200399.5
578821.9,4200400.0
578821.9,4200400.5
578821.8,4200401.0
578821.8,4200401.5
578821.8,4200402.0
578821.8,4200402.5
578821.75,4200402.5
578821.75,4200403.0
578821.75,4200403.5
578821.75,4200404.0
578821.7,4200404.0
578821.7,4200404.5
578821.7,4200405.0
578821.7,4200405.5
578821.6,4200405.5
578821.6,4200406.0
578821.6,4200406.5
578821.6,4200407.0
578821.56,4200407.0
578821.56,4200407.5
578821.56,4200408.0
578821.56,4200408.5
578821.5,4200408.5
578821.5,4200409.0
578821.5,4200409.5
578821.5,4200410.0
578821.44,4200410.0
578821.44,4200410.5
578821.44,4200411.0
578821.44,4200411.5
578821.4,4200411.5
578821.4,4200412.0
578821.4,4200412.5
578821.4,4200413.0
578821.4,4200413.5
578821.3,4200413.5
578821.3,4200414.0
578821.3,4200414.5
578821.3,4200415.0
578821.25,4200415.0
578821.25,4200415.5
578821.25,4200416.0
578821.25,4200416.5
578821.2,4200416.5
578821.2,4200417.0
578821.2,4200417.5
578821.2,4200418.0
578821.2,4200418.5
578821.1,4200418.5
578821.1,4200419.0
578821.1,4200419.5
578821.1,4200420.0
578821.06,4200420.0
578821.06,4200420.5
578821.06,4200421.0
578821.06,4200421.5
578821.06,4200422.0
578821.0,4200422.0
578821.0,4200422.5
578821.0,4200423.0
578821.0,4200423.5
578820.94,4200423.5
578820.94,4200424.0
578820.94,4200424.5
578820.94,4200425.0
578820.9,4200425.0
578820.9,4200425.5
578820.9,4200426.0
578820.9,4200426.5
578820.8,4200426.5
578820.8,4200427.0
578820.8,4200427.5
578820.75,4200427.5
578820.75,4200428.0
578820.75,4200428.5
578820.7,4200428.5
578820.7,4200429.0
578820.7,4200429.5
578820.7,4200430.0
578820.6,4200430.0
578820.6,4200430.5
578820.56,4200431.0
578820.56,4200431.5
578820.5,4200431.5
578820.5,4200432.0
578820.5,4200432.5
578820.44,4200432.5
578820.44,4200433.0
578820.44,4200433.5
578820.4,4200433.5
578820.4,4200434.0
578820.4,4200434.5
578820.3,4200434.5
578820.3,4200435.0
578820.3,4200435.5
578820.25,4200435.5
578820.25,4200436.0
578820.2,4200436.0
578820.2,4200436.5
578820.2,4200437.0
578820.1,4200437.0
578820.1,4200437.5
578820.1,4200438.0
578820.06,4200438.0
578820.06,4200438.5
578820.0,4200438.5
578820.0,4200439.0
578820.0,4200439.5
578819.94,4200439.5
578819.94,4200440.0
578819.9,4200440.5
578819.9,4200441.0
578819.8,4200441.0
578819.8,4200441.5
578819.8,4200442.0
578819.75,4200442.0
578819.75,4200442.5
578819.7,4200442.5
578819.7,4200443.0
578819.7,4200443.5
578819.6,4200443.5
578819.6,4200444.0
578819.56,4200444.0
578819.56,4200444.5
578819.56,4200445.0
578819.5,4200445.0
578819.5,4200445.5
578819.44,4200445.5
578819.44,4200446.0
578819.4,4200446.0
578819.4,4200446.5
578819.4,4200447.0
578819.3,4200447.0
578819.3,4200447.5
578819.25,4200447.5
578819.25,4200448.0
578819.2,4200448.0
578819.2,4200448.5
578819.1,4200448.5
578819.1,4200449.0
578819.06,4200449.0
578819.06,4200449.5
578819.06,4200450.0
578819.0,4200450.0
578819.0,4200450.5
578818.94,4200450.5
578818.94,4200451.0
578818.9,4200451.0
578818.9,4200451.5
578818.8,4200451.5
578818.8,4200452.0
578818.75,4200452.0
578818.75,4200452.5
578818.7,4200452.5
578818.7,4200453.0
578818.6,4200453.0
578818.6,4200453.5
578818.56,4200453.5
578818.56,4200454.0
578818.5,4200454.0
578818.5,4200454.5
578818.44,4200454.5
578818.44,4200455.0
578818.4,4200455.0
578818.4,4200455.5
578818.3,4200455.5
578818.3,4200456.0
578818.25,4200456.0
578818.25,4200456.5
578818.2,4200456.5
578818.2,4200457.0
578818.1,4200457.0
578818.1,4200457.5
578818.06,4200457.5
578818.06,4200458.0
578818.0,4200458.0
578817.94,4200458.0
578817.94,4200458.5
578817.9,4200458.5
578817.9,4200459.0
578817.8,4200459.0
578817.8,4200459.5
578817.75,4200459.5
578817.7,4200459.5
578817.7,4200460.0
578817.6,4200460.0
578817.6,4200460.5
578817.56,4200460.5
578817.5,4200460.5
578817.5,4200461.0
578817.44,4200461.0
578817.44,4200461.5
578817.4,4200461.5
578817.4,4200462.0
578817.3,4200462.0
578817.25,4200462.0
578817.25,4200462.5
578817.2,4200462.5
578817.2,4200463.0
578817.1,4200463.0
578817.06,4200463.0
578817.06,4200463.5
578817.0,4200463.5
578817.0,4200464.0
578816.94,4200464.0
578816.9,4200464.5
578816.8,4200464.5
578816.8,4200465.0
578816.75,4200465.0
578816.75,4200465.5
578816.7,4200465.5
578816.6,4200465.5
578816.6,4200466.0
578816.56,4200466.0
578816.56,4200466.5
578816.5,4200466.5
578816.44,4200466.5
578816.44,4200467.0
578816.4,4200467.0
578816.4,4200467.5
578816.3,4200467.5
578816.3,4200468.0
578816.25,4200468.0
578816.2,4200468.0
578816.2,4200468.5
578816.1,4200468.5
578816.1,4200469.0
578816.06,4200469.0
578816.0,4200469.0
578816.0,4200469.5
578815.94,4200469.5
578815.94,4200470.0
578815.9,4200470.0
578815.9,4200470.5
578815.8,4200470.5
578815.75,4200470.5
578815.75,4200471.0
578815.7,4200471.0
578815.7,4200471.5
578815.6,4200471.5
578815.56,4200471.5
578815.56,4200472.0
578815.5,4200472.0
578815.5,4200472.5
578815.44,4200472.5
578815.4,4200473.0
578815.3,4200473.0
578815.3,4200473.5
578815.25,4200473.5
578815.25,4200474.0
578815.2,4200474.0
578815.1,4200474.0
578815.1,4200474.5
578815.06,4200474.5
578815.06,4200475.0
578815.0,4200475.0
578814.94,4200475.5
578814.9,4200475.5
578814.9,4200476.0
578814.8,4200476.0
578814.8,4200476.5
578814.75,4200476.5
578814.7,4200476.5
578814.7,4200477.0
578814.6,4200477.0
578814.6,4200477.5
578814.56,4200477.5
578814.5,4200477.5
578814.5,4200478.0
578814.44,4200478.0
578814.44,4200478.5
578814.4,4200478.5
578814.4,4200479.0
578814.3,4200479.0
578814.25,4200479.0
578814.25,4200479.5
578814.2,4200479.5
578814.2,4200480.0
578814.1,4200480.0
578814.06,4200480.0
578814.06,4200480.5
578814.0,4200480.5
578814.0,4200481.0
578813.94,4200481.0
578813.94,4200481.5
578813.9,4200481.5
578813.8,4200481.5
578813.8,4200482.0
578813.75,4200482.0
578813.75,4200482.5
578813.7,4200482.5
578813.6,4200482.5
578813.6,4200483.0
578813.56,4200483.0
578813.56,4200483.5
578813.5,4200483.5
578813.44,4200483.5
578813.44,4200484.0
578813.4,4200484.0
578813.4,4200484.5
578813.3,4200484.5
578813.3,4200485.0
578813.25,4200485.0
578813.2,4200485.0
578813.2,4200485.5
578813.1,4200485.5
578813.1,4200486.0
578813.06,4200486.0
578813.0,4200486.0
578813.0,4200486.5
578812.94,4200486.5
578812.94,4200487.0
578812.9,4200487.0
578812.9,4200487.5
578812.8,4200487.5
578812.75,4200487.5
578812.75,4200488.0
578812.7,4200488.0
578812.7,4200488.5
578812.6,4200488.5
578812.56,4200488.5
578812.56,4200489.0
578812.5,4200489.0
578812.5,4200489.5
578812.44,4200489.5
578812.4,4200490.0
578812.3,4200490.0
578812.3,4200490.5
578812.25,4200490.5
578812.25,4200491.0
578812.2,4200491.0
578812.1,4200491.0
