fault_name,cell_i,cell_j,area_3d,cx,cy,cz,bbox_xmin,bbox_xmax,bbox_ymin,bbox_ymax,bbox_zmin,bbox_zmax,strike_deg,dip_deg
F01,47,20,29040.019303979156,570481.1875,4200219.0,3768.717529296875,570387.5,570550.0,4200086.0,4200275.0,3745.55859375,3790.920166015625,154.90448,78.11438
F01,47,21,52219.21315910309,570453.1875,4200424.5,3722.42578125,570387.5,570550.0,4200275.0,4200575.0,3678.508544921875,3764.426513671875,157.42743,76.31199
F01,47,22,51924.16156298444,570447.6875,4200721.5,3652.627685546875,570387.5,570550.0,4200575.0,4200875.0,3611.458251953125,3696.78759765625,163.18994,75.90786
F01,47,23,50845.32653609564,570466.75,4200991.0,3587.326416015625,570387.5,570550.0,4200875.0,4201175.0,3537.27734375,3620.758056640625,173.31747,75.46577
F01,47,24,50449.59190156724,570475.25,4201337.0,3494.5927734375,570387.5,570550.0,4201175.0,4201475.0,3457.598388671875,3540.441650390625,2.5176392,75.15425
F01,47,25,49575.44273682931,570459.25,4201605.5,3435.339599609375,570387.5,570550.0,4201475.0,4201775.0,3403.12109375,3461.80517578125,173.29944,79.53183
F01,47,26,49823.11756540077,570479.75,4201914.0,3376.355224609375,570387.5,570550.0,4201775.0,4202075.0,3340.689453125,3405.955078125,179.6781,78.0143
F01,47,27,49746.836175526405,570475.6875,4202234.5,3308.65380859375,570387.5,570550.0,4202075.0,4202375.0,3278.75537109375,3343.28662109375,178.43695,78.60198
F01,47,28,49854.61196222124,570467.125,4202492.5,3261.426025390625,570387.5,570550.0,4202375.0,4202675.0,3215.728515625,3286.281005859375,158.24133,78.57818
F01,47,29,50188.487098732105,570477.0625,4202851.5,3188.34375,570387.5,570550.0,4202675.0,4202975.0,3151.998291015625,3235.1865234375,154.23065,76.35359
F01,47,30,50352.654802889454,570472.375,4203137.0,3125.58447265625,570387.5,570550.0,4202975.0,4203275.0,3081.790283203125,3167.938720703125,150.31458,75.691895
F01,47,31,50801.32566368462,570475.125,4203408.0,3061.040771484375,570387.5,570550.0,4203275.0,4203575.0,3008.0537109375,3106.096923828125,152.68884,73.65899
F01,47,32,50504.623424081285,570490.875,4203746.5,2975.583251953125,570387.5,570550.0,4203575.0,4203875.0,2932.989990234375,3026.1357421875,158.06201,74.79083
F01,47,33,50470.116857326066,570476.0625,4204013.5,2906.688232421875,570387.5,570550.0,4203875.0,4204175.0,2858.644775390625,2948.95654296875,160.23395,74.95628
F01,47,34,50397.05686226929,570484.375,4204350.5,2823.050048828125,570387.5,570550.0,4204175.0,4204475.0,2784.516357421875,2872.147705078125,162.86572,75.34241
F01,47,35,50936.04260057828,570469.375,4204609.5,2751.743408203125,570387.5,570550.0,4204475.0,4204775.0,2696.914306640625,2795.13525390625,168.784,73.28894
F01,47,36,51948.86433415118,570473.75,4204927.5,2648.3603515625,570387.5,570550.0,4204775.0,4205075.0,2588.98779296875,2706.682373046875,179.5285,70.01401
F01,47,37,53184.81021262379,570488.8125,4205232.5,2524.1865234375,570387.5,570550.0,4205075.0,4205375.0,2461.39794921875,2597.399169921875,5.4409485,66.532555
F01,47,38,53159.029418624435,570473.75,4205520.0,2402.130859375,570387.5,570550.0,4205375.0,4205675.0,2331.085205078125,2466.479736328125,178.68958,66.77695
F01,47,39,54517.047680297386,570479.0,4205830.0,2258.130859375,570387.5,570550.0,4205675.0,4205975.0,2180.510498046875,2336.256591796875,175.67877,63.667393
F01,47,40,56588.162114629435,570479.25,4206142.0,2087.249267578125,570387.5,570550.0,4205975.0,4206275.0,2004.3350830078125,2187.527099609375,175.41797,59.556152
F01,47,41,57661.10244039295,570494.9375,4206446.5,1899.288330078125,570387.5,570550.0,4206275.0,4206575.0,1816.5069580078125,2011.767333984375,179.81366,57.40282
F01,47,42,56622.84449906446,570481.875,4206712.5,1737.5177001953125,570387.5,570550.0,4206575.0,4206875.0,1639.2908935546875,1821.3253173828125,2.9175415,59.408627
F01,47,43,56341.02048278852,570487.875,4207032.0,1550.588623046875,570387.5,570550.0,4206875.0,4207175.0,1466.5858154296875,1644.6224365234375,2.609665,59.96551
F01,47,44,56228.66153471821,570468.625,4207337.0,1374.9293212890625,570387.5,570550.0,4207175.0,4207475.0,1295.3663330078125,1470.1192626953125,0.8309326,60.115128
F01,47,45,56623.90289799692,570457.375,4207588.5,1229.5032958984375,570387.5,570550.0,4207475.0,4207775.0,1112.9012451171875,1296.8177490234375,3.6267242,59.741913
F01,47,46,13658.650728376753,570492.875,4207823.0,1117.1470947265625,570387.5,570550.0,4207775.0,4207915.0,1110.3900146484375,1128.277587890625,100.95874,86.27809
F01,48,20,37858.716699518445,570710.4375,4200223.5,3780.47265625,570550.0,570850.0,4200120.0,4200275.0,3764.426513671875,3792.60009765625,170.05234,79.42501
F01,48,21,92181.57122217769,570686.9375,4200444.0,3733.5205078125,570550.0,570850.0,4200275.0,4200575.0,3696.78759765625,3774.1044921875,169.57812,77.64539
F01,48,22,92992.13033931961,570672.0625,4200727.0,3665.75634765625,570550.0,570850.0,4200575.0,4200875.0,3620.758056640625,3712.578369140625,167.27032,75.4371
F01,48,23,93903.4616727572,570675.9375,4201012.0,3590.595703125,570550.0,570850.0,4200875.0,4201175.0,3537.274169921875,3639.528564453125,167.63467,73.58835
F01,48,24,93091.53988194892,570694.125,4201332.5,3502.42822265625,570550.0,570850.0,4201175.0,4201475.0,3461.80517578125,3555.0966796875,167.6947,75.491005
F01,48,25,91651.80670836518,570685.4375,4201652.0,3435.32763671875,570550.0,570850.0,4201475.0,4201775.0,3405.955078125,3476.230224609375,161.85562,79.14026
F01,48,26,92395.41091709913,570683.5,4201915.0,3383.940673828125,570550.0,570850.0,4201775.0,4202075.0,3340.805908203125,3425.584228515625,159.92096,77.13307
F01,48,27,92017.00379844714,570667.625,4202209.5,3321.32666015625,570550.0,570850.0,4202075.0,4202375.0,3286.281005859375,3365.04150390625,160.58606,78.57847
F01,48,28,91314.98925594683,570692.9375,4202511.0,3270.962158203125,570550.0,570850.0,4202375.0,4202675.0,3235.1865234375,3300.611572265625,163.30981,80.18697
F01,48,29,92257.07964860338,570731.375,4202857.5,3210.029296875,570550.0,570850.0,4202675.0,4202975.0,3167.938720703125,3250.90576171875,159.46121,77.46846
F01,48,30,92181.76910581489,570719.3125,4203142.5,3149.60498046875,570550.0,570850.0,4202975.0,4203275.0,3106.096923828125,3195.56884765625,158.00497,77.416046
F01,48,31,93356.10218571406,570697.5625,4203438.5,3079.99755859375,570550.0,570850.0,4203275.0,4203575.0,3026.1357421875,3130.864501953125,158.3153,74.52235
F01,48,32,93841.34007402521,570679.0625,4203724.0,3002.546630859375,570550.0,570850.0,4203575.0,4203875.0,2948.95654296875,3061.28662109375,156.45941,73.89083
F01,48,33,93423.40767480648,570687.1875,4204057.0,2915.5830078125,570550.0,570850.0,4203875.0,4204175.0,2872.147705078125,2981.357177734375,159.59619,74.50777
F01,48,34,94050.9222013473,570678.5625,4204310.5,2846.17919921875,570550.0,570850.0,4204175.0,4204475.0,2795.13525390625,2899.10205078125,168.14264,73.72464
F01,48,35,94090.53937459883,570681.625,4204641.5,2748.8349609375,570550.0,570850.0,4204475.0,4204775.0,2705.12158203125,2803.81103515625,178.39172,73.230644
F01,48,36,96785.72642172672,570675.5,4204949.5,2641.619873046875,570550.0,570850.0,4204775.0,4205075.0,2584.133544921875,2710.423828125,174.15485,68.697334
F01,48,37,97363.89110025452,570671.9375,4205213.0,2535.696044921875,570550.0,570850.0,4205075.0,4205375.0,2462.81494140625,2603.73779296875,172.16064,67.554054
F01,48,38,97726.49232314533,570706.125,4205565.5,2392.685791015625,570550.0,570850.0,4205375.0,4205675.0,2336.256591796875,2481.337890625,170.9852,67.15071
F01,48,39,100671.21098608854,570700.75,4205832.5,2268.115478515625,570550.0,570850.0,4205675.0,4205975.0,2187.527099609375,2356.271240234375,172.33038,63.55255
F01,48,40,104614.10134473657,570677.375,4206143.0,2097.110595703125,570550.0,570850.0,4205975.0,4206275.0,2011.16943359375,2207.10888671875,173.71753,59.36755
F01,48,41,108996.7641832305,570665.8125,4206418.5,1922.49560546875,570550.0,570850.0,4206275.0,4206575.0,1814.09326171875,2030.75,174.22302,56.017426
F01,48,42,104941.4528879505,570679.6875,4206740.0,1718.478271484375,570550.0,570850.0,4206575.0,4206875.0,1637.0374755859375,1827.2503662109375,179.59082,59.138718
F01,48,43,103900.96575269895,570665.1875,4207040.0,1543.105712890625,570550.0,570850.0,4206875.0,4207175.0,1463.9736328125,1639.2908935546875,0.41500854,60.069435
F01,48,44,103708.06649704896,570654.25,4207338.5,1372.210205078125,570550.0,570850.0,4207175.0,4207475.0,1285.7552490234375,1466.5858154296875,2.7958374,60.342606
F01,48,45,104777.81485624085,570663.875,4207614.0,1209.2149658203125,570550.0,570850.0,4207475.0,4207775.0,1107.800048828125,1297.66552734375,179.98273,58.914997
F01,48,46,72867.61062324188,570709.1875,4207900.0,1114.4849853515625,570550.0,570850.0,4207775.0,4208075.0,1107.900634765625,1139.163818359375,111.73859,88.39922
F01,48,47,2167.6672140652554,570811.625,4208096.0,1115.1192626953125,570773.25,570850.0,4208075.0,4208130.0,1114.7593994140625,1115.41650390625,139.28482,89.668
F01,49,20,14341.479720992646,570923.125,4200245.0,3784.96875,570850.0,571136.75,4200182.5,4200275.0,3774.1044921875,3795.97998046875,162.30862,78.3412
F01,49,21,92521.48094920452,571032.4375,4200416.0,3759.688720703125,570850.0,571150.0,4200275.0,4200575.0,3712.578369140625,3797.60009765625,157.91272,77.38627
F01,49,22,92750.75723091382,571006.0,4200729.5,3688.385498046875,570850.0,571150.0,4200575.0,4200875.0,3639.528564453125,3735.022216796875,159.98203,76.03843
F01,49,23,93662.67608044962,571013.625,4201038.0,3613.581298828125,570850.0,571150.0,4200875.0,4201175.0,3555.0966796875,3667.41552734375,155.7663,74.281296
F01,49,24,94175.90687196293,570999.9375,4201354.5,3529.652099609375,570850.0,571150.0,4201175.0,4201475.0,3476.230224609375,3597.755126953125,146.00183,73.2553
F01,49,25,92453.72119077921,571028.125,4201639.5,3472.30419921875,570850.0,571150.0,4201475.0,4201775.0,3425.584228515625,3527.419677734375,143.3732,76.65525
F01,49,26,92324.91344064994,570994.875,4201938.5,3410.4990234375,570850.0,571150.0,4201775.0,4202075.0,3365.04150390625,3460.81201171875,149.5993,77.02992
F01,49,27,92728.18906490898,571009.5625,4202252.5,3347.830078125,570850.0,571150.0,4202075.0,4202375.0,3300.611572265625,3401.58056640625,146.9751,76.06952
F01,49,28,92224.45182487724,570991.375,4202523.5,3294.299072265625,570850.0,571150.0,4202375.0,4202675.0,3250.90576171875,3343.01025390625,141.76038,77.43013
F01,49,29,92265.29426323173,570996.25,4202843.0,3238.271240234375,570850.0,571150.0,4202675.0,4202975.0,3195.56884765625,3288.955078125,145.32312,77.33995
F01,49,30,92738.74478834763,570980.0,4203147.0,3173.54833984375,570850.0,571150.0,4202975.0,4203275.0,3130.864501953125,3232.10302734375,149.51202,75.98364
F01,49,31,92917.84897087133,570965.875,4203434.5,3108.9345703125,570850.0,571150.0,4203275.0,4203575.0,3061.28662109375,3168.090087890625,150.11035,75.54357
F01,49,32,93960.92953774707,571028.375,4203703.0,3051.797607421875,570850.0,571150.0,4203575.0,4203875.0,2981.357177734375,3100.877197265625,152.73578,73.33303
F01,49,33,94781.99936218665,570979.3125,4204032.5,2954.868896484375,570850.0,571150.0,4203875.0,4204175.0,2899.10205078125,3025.68896484375,153.75403,72.43844
F01,49,34,95004.71734584219,571045.0,4204329.5,2872.43212890625,570850.0,571150.0,4204175.0,4204475.0,2803.81103515625,2936.23046875,160.09613,71.27408
F01,49,35,95142.48172669849,571010.25,4204651.0,2767.650146484375,570850.0,571150.0,4204475.0,4204775.0,2706.41748046875,2840.63818359375,154.67224,71.31625
F01,49,36,95954.00152978464,571002.8125,4204935.0,2675.3173828125,570850.0,571150.0,4204775.0,4205075.0,2603.73779296875,2751.67041015625,153.82721,69.6184
F01,49,37,97965.51498204141,571015.3125,4205252.0,2565.207275390625,570850.0,571150.0,4205075.0,4205375.0,2481.337890625,2652.66552734375,150.06491,66.74307
F01,49,38,100117.51170529262,571001.6875,4205525.5,2452.181640625,570850.0,571150.0,4205375.0,4205675.0,2356.271240234375,2550.707275390625,152.29797,63.942684
F01,49,39,102709.2934366065,571002.25,4205835.5,2306.504638671875,570850.0,571150.0,4205675.0,4205975.0,2207.10888671875,2418.365234375,157.21378,61.32668
F01,49,40,105884.29351730458,571019.1875,4206131.0,2148.170654296875,570850.0,571150.0,4205975.0,4206275.0,2030.75,2264.7880859375,159.93787,58.26796
F01,49,41,109668.40802410775,571003.875,4206419.5,1970.6109619140625,570850.0,571150.0,4206275.0,4206575.0,1827.2503662109375,2093.00390625,159.07373,55.42078
F01,49,42,111652.3213854324,571008.1875,4206722.5,1774.826904296875,570850.0,571150.0,4206575.0,4206875.0,1638.0230712890625,1914.498046875,154.91223,54.110588
F01,49,43,107284.47182145988,571013.9375,4207026.0,1582.46044921875,570850.0,571150.0,4206875.0,4207175.0,1463.845458984375,1712.9881591796875,161.54224,56.648037
F01,49,44,105646.89340578325,571014.0625,4207355.0,1382.838134765625,570850.0,571150.0,4207175.0,4207475.0,1283.6053466796875,1512.578857421875,161.702,58.408894
F01,49,45,100809.79845279365,570991.3125,4207622.5,1242.5079345703125,570850.0,571150.0,4207475.0,4207775.0,1139.163818359375,1341.578369140625,153.03845,63.132393
F01,49,46,94941.85066772951,571013.9375,4207919.0,1136.47314453125,570850.0,571150.0,4207775.0,4208075.0,1109.8399658203125,1213.163330078125,148.40659,73.219505
F01,49,47,49074.47375671029,571022.125,4208177.5,1114.4964599609375,570850.0,571150.0,4208075.0,4208345.0,1112.934814453125,1115.5570068359375,141.40842,89.45926
F01,50,21,75336.082358613,571310.5625,4200448.5,3768.307373046875,571150.0,571450.0,4200279.5,4200575.0,3735.022216796875,3796.985107421875,172.99997,79.31423
F01,50,22,92449.1255248207,571326.0,4200721.5,3712.1064453125,571150.0,571450.0,4200575.0,4200875.0,3667.41552734375,3748.5849609375,166.26843,77.03786
F01,50,23,92272.45291100035,571326.3125,4201044.5,3640.1552734375,571150.0,571450.0,4200875.0,4201175.0,3597.755126953125,3684.791748046875,161.92065,77.282394
F01,50,24,92449.14044557237,571342.625,4201350.5,3585.352294921875,571150.0,571450.0,4201175.0,4201475.0,3527.41943359375,3624.015380859375,146.25864,78.13382
F01,50,25,94145.83765758712,571307.6875,4201629.0,3521.04296875,571150.0,571450.0,4201475.0,4201775.0,3460.81201171875,3576.298828125,141.27277,73.53534
F01,50,26,93025.35602899182,571318.75,4201912.0,3459.07373046875,571150.0,571450.0,4201775.0,4202075.0,3401.58056640625,3514.081298828125,142.89911,75.354195
F01,50,27,92675.27205823705,571323.3125,4202261.0,3387.873046875,571150.0,571450.0,4202075.0,4202375.0,3343.01025390625,3444.821533203125,147.78333,76.153305
F01,50,28,92314.43346379971,571339.0625,4202550.5,3330.220703125,571150.0,571450.0,4202375.0,4202675.0,3288.955078125,3378.95166015625,151.27368,77.00991
F01,50,29,91855.55139497634,571327.875,4202836.0,3273.56982421875,571150.0,571450.0,4202675.0,4202975.0,3232.10302734375,3316.25048828125,157.87225,78.225395
F01,50,30,92124.61028875322,571345.0625,4203150.5,3215.567626953125,571150.0,571450.0,4202975.0,4203275.0,3168.090087890625,3255.686767578125,154.0069,78.223045
F01,50,31,92948.74533534609,571315.1875,4203413.5,3157.658203125,571150.0,571450.0,4203275.0,4203575.0,3100.877197265625,3201.570556640625,152.00867,75.73038
F01,50,32,93135.74167652408,571278.25,4203689.5,3089.377197265625,571150.0,571450.0,4203575.0,4203875.0,3025.68896484375,3136.728515625,152.3974,75.11762
F01,50,33,94946.16899954452,571326.25,4204041.0,3005.44873046875,571150.0,571450.0,4203875.0,4204175.0,2936.23046875,3067.915771484375,152.422,71.83621
F01,50,34,95466.77155570233,571293.375,4204320.0,2911.094482421875,571150.0,571450.0,4204175.0,4204475.0,2840.63818359375,2983.964599609375,154.77661,70.33844
F01,50,35,94740.83885535163,571349.75,4204659.5,2823.6396484375,571150.0,571450.0,4204475.0,4204775.0,2751.67041015625,2886.450439453125,147.67657,72.452255
F01,50,36,96888.07202358231,571334.375,4204902.0,2744.52587890625,571150.0,571450.0,4204775.0,4205075.0,2652.66552734375,2807.09912109375,153.43115,68.07379
F01,50,37,96440.3012204649,571341.375,4205253.0,2618.91259765625,571150.0,571450.0,4205075.0,4205375.0,2550.707275390625,2700.39208984375,158.63184,68.75264
F01,50,38,98203.00810014736,571316.625,4205502.5,2519.082275390625,571150.0,571450.0,4205375.0,4205675.0,2418.365234375,2586.094970703125,162.8244,66.649445
F01,50,39,100894.30656497861,571333.1875,4205817.5,2384.345947265625,571150.0,571450.0,4205675.0,4205975.0,2264.7880859375,2464.497802734375,158.61887,63.588093
F01,50,40,106032.55388584241,571332.0625,4206115.0,2233.816650390625,571150.0,571450.0,4205975.0,4206275.0,2093.00390625,2329.585693359375,155.17426,58.6857
F01,50,41,108981.02965627848,571331.625,4206424.5,2053.377685546875,571150.0,571450.0,4206275.0,4206575.0,1914.498046875,2174.3955078125,156.35785,55.900402
F01,50,42,111564.07163269904,571339.5625,4206732.0,1852.211181640625,571150.0,571450.0,4206575.0,4206875.0,1712.9881591796875,1991.4951171875,163.36725,53.51702
F01,50,43,108748.30704341276,571347.75,4207013.5,1667.6383056640625,571150.0,571450.0,4206875.0,4207175.0,1512.578857421875,1779.0831298828125,157.63278,57.108658
F01,50,44,106641.6544611813,571334.5625,4207330.5,1475.30419921875,571150.0,571450.0,4207175.0,4207475.0,1341.578369140625,1601.3223876953125,154.20233,57.434376
F01,50,45,102321.64258497904,571330.75,4207625.0,1312.1829833984375,571150.0,571450.0,4207475.0,4207775.0,1213.163330078125,1420.33251953125,162.59454,60.91678
F01,50,46,98226.16730664762,571273.9375,4207990.5,1143.17333984375,571150.0,571450.0,4207775.0,4208075.0,1112.6142578125,1252.3203125,173.81348,68.5727
F01,50,47,89513.28573624691,571278.6875,4208207.0,1114.465576171875,571150.0,571450.0,4208075.0,4208375.0,1112.662353515625,1126.2242431640625,89.677734,89.59228
F01,50,48,24195.081342518042,571321.0625,4208444.5,1114.704833984375,571191.875,571450.0,4208375.0,4208560.0,1113.9046630859375,1115.697509765625,146.36755,89.646904
F01,51,21,40972.92822236748,571600.625,4200519.0,3765.6591796875,571450.0,571750.0,4200381.0,4200575.0,3748.5849609375,3782.22509765625,160.82391,79.951904
F01,51,22,91926.79718738225,571605.375,4200702.0,3732.954345703125,571450.0,571750.0,4200575.0,4200875.0,3684.791748046875,3766.81884765625,159.34433,78.44259
F01,51,23,92212.18405170274,571604.4375,4201011.0,3671.850830078125,571450.0,571750.0,4200875.0,4201175.0,3624.015380859375,3713.914306640625,150.53851,77.46658
F01,51,24,91852.68469179492,571627.0625,4201337.0,3618.44970703125,571450.0,571750.0,4201175.0,4201475.0,3576.298828125,3656.765625,141.15494,78.99396
F01,51,25,92590.64750023671,571580.3125,4201598.5,3570.081787109375,571450.0,571750.0,4201475.0,4201775.0,3514.081298828125,3614.503173828125,145.63553,76.477844
F01,51,26,93409.50644573112,571622.875,4201958.5,3497.448486328125,571450.0,571750.0,4201775.0,4202075.0,3444.834228515625,3556.468017578125,146.55106,74.89794
F01,51,27,93289.21441565239,571602.5625,4202238.0,3430.83544921875,571450.0,571750.0,4202075.0,4202375.0,3378.95166015625,3490.702392578125,149.05627,74.84809
F01,51,28,92893.3430793915,571619.9375,4202545.0,3362.81884765625,571450.0,571750.0,4202375.0,4202675.0,3316.25048828125,3419.612548828125,151.09247,75.59588
F01,51,29,92431.0322022509,571596.75,4202827.5,3299.853759765625,571450.0,571750.0,4202675.0,4202975.0,3255.686767578125,3350.174072265625,152.785,76.9403
F01,51,30,92127.00430330407,571614.75,4203138.0,3238.9501953125,571450.0,571750.0,4202975.0,4203275.0,3201.570556640625,3286.373779296875,157.68921,77.84382
F01,51,31,91959.60762673966,571593.3125,4203416.0,3181.46044921875,571450.0,571750.0,4203275.0,4203575.0,3136.728515625,3220.5927734375,163.95682,78.13309
F01,51,32,92928.98204632037,571609.1875,4203729.0,3113.467529296875,571450.0,571750.0,4203575.0,4203875.0,3067.916748046875,3157.72265625,164.81085,75.938866
F01,51,33,93577.78499047927,571599.5,4204040.5,3030.789794921875,571450.0,571750.0,4203875.0,4204175.0,2983.964599609375,3083.4677734375,171.41162,74.10287
F01,51,34,94375.32294219942,571615.625,4204331.0,2946.821533203125,571450.0,571750.0,4204175.0,4204475.0,2886.4365234375,2999.006591796875,165.46295,73.06054
F01,51,35,93935.30965932099,571581.4375,4204637.5,2856.265869140625,571450.0,571750.0,4204475.0,4204775.0,2807.09912109375,2914.52197265625,164.54529,73.512375
F01,51,36,95306.52510944068,571591.6875,4204923.5,2769.0400390625,571450.0,571750.0,4204775.0,4205075.0,2700.39208984375,2828.41064453125,164.83041,70.70393
F01,51,37,96957.80751557388,571623.9375,4205243.5,2657.51220703125,571450.0,571750.0,4205075.0,4205375.0,2586.094970703125,2732.864990234375,161.54367,68.700935
F01,51,38,98209.22405320883,571612.9375,4205538.5,2538.466064453125,571450.0,571750.0,4205375.0,4205675.0,2464.497802734375,2626.870849609375,162.707,66.26335
F01,51,39,100207.71307979166,571617.875,4205835.5,2407.709716796875,571450.0,571750.0,4205675.0,4205975.0,2329.585693359375,2501.2490234375,167.23343,64.07171
F01,51,40,100059.7052181562,571611.125,4206102.0,2282.098388671875,571450.0,571750.0,4205975.0,4206275.0,2174.3955078125,2361.52587890625,166.83264,64.7142
F01,51,41,104513.50595781661,571627.0625,4206423.0,2123.575927734375,571450.0,571750.0,4206275.0,4206575.0,1991.4951171875,2223.531494140625,159.51614,59.92479
F01,51,42,111523.70662142789,571615.875,4206709.0,1951.2684326171875,571450.0,571750.0,4206575.0,4206875.0,1779.0831298828125,2068.447265625,152.81854,53.963654
F01,51,43,111582.39422563907,571611.875,4207039.0,1738.755859375,571450.0,571750.0,4206875.0,4207175.0,1601.3223876953125,1893.621826171875,151.39355,54.07081
F01,51,44,111066.92582954362,571618.0,4207347.5,1537.5845947265625,571450.0,571750.0,4207175.0,4207475.0,1420.33251953125,1693.222412109375,159.98688,54.410347
F01,51,45,110363.33013671217,571603.875,4207650.0,1331.6964111328125,571450.0,571750.0,4207475.0,4207775.0,1235.0654296875,1475.2581787109375,169.5899,55.75252
F01,51,46,103188.29991176933,571609.1875,4207942.0,1164.7718505859375,571450.0,571750.0,4207775.0,4208075.0,1107.800048828125,1264.8592529296875,1.1531677,65.38222
F01,51,47,90347.45016380805,571593.3125,4208268.5,1118.0157470703125,571450.0,571750.0,4208075.0,4208375.0,1112.9571533203125,1130.1866455078125,158.38104,87.372406
F01,51,48,81036.04941841378,571620.75,4208513.5,1114.456298828125,571450.0,571750.0,4208375.0,4208675.0,1113.09912109375,1116.2052001953125,20.25209,89.86645
F01,51,49,7231.5774548043955,571680.375,4208713.0,1114.781982421875,571610.4375,571750.0,4208675.0,4208775.0,1113.9022216796875,1115.8380126953125,159.14801,89.902336
F01,52,21,1250.0403173883806,571777.625,4200565.0,3772.510986328125,571750.0,571806.375,4200531.5,4200575.0,3766.81884765625,3773.478271484375,140.26154,81.05105
F01,52,22,69220.46047961692,571891.125,4200733.5,3760.696533203125,571750.0,572050.0,4200575.0,4200875.0,3713.914306640625,3774.364013671875,138.42078,77.557205
F01,52,23,94026.7931176468,571914.4375,4201000.5,3722.191162109375,571750.0,572050.0,4200875.0,4201175.0,3656.76123046875,3765.013427734375,127.00577,75.44929
F01,52,24,93428.11118036162,571891.75,4201320.0,3668.18701171875,571750.0,572050.0,4201175.0,4201475.0,3614.503173828125,3725.91259765625,123.39447,74.52573
F01,52,25,94430.69910232336,571889.8125,4201626.5,3615.728271484375,571750.0,572050.0,4201475.0,4201775.0,3556.45654296875,3682.53955078125,128.76791,72.98357
F01,52,26,95089.32004003506,571880.0,4201932.5,3549.264404296875,571750.0,572050.0,4201775.0,4202075.0,3490.702392578125,3630.665283203125,131.89359,71.33801
F01,52,27,96118.06182916237,571910.625,4202250.0,3486.400146484375,571750.0,572050.0,4202075.0,4202375.0,3419.612548828125,3569.1240234375,129.44043,70.14761
F01,52,28,95439.55769442304,571901.6875,4202528.5,3416.84521484375,571750.0,572050.0,4202375.0,4202675.0,3350.174072265625,3499.17724609375,135.05286,70.64441
F01,52,29,94791.90618417814,571914.5625,4202852.5,3346.907958984375,571750.0,572050.0,4202675.0,4202975.0,3286.373779296875,3418.525390625,131.58917,71.87847
F01,52,30,94442.71762389627,571906.6875,4203116.5,3286.533447265625,571750.0,572050.0,4202975.0,4203275.0,3220.5927734375,3356.437255859375,134.26456,72.271904
F01,52,31,95192.42722803692,571913.0625,4203446.5,3214.776123046875,571750.0,572050.0,4203275.0,4203575.0,3157.72265625,3287.294189453125,134.24118,71.41371
F01,52,32,95045.97982693695,571904.6875,4203726.0,3142.23974609375,571750.0,572050.0,4203575.0,4203875.0,3083.4677734375,3221.294677734375,146.02875,71.67655
F01,52,33,94905.01106808447,571892.4375,4204050.0,3050.65185546875,571750.0,572050.0,4203875.0,4204175.0,2999.006591796875,3128.435546875,150.3739,72.16937
F01,52,34,95365.56366155842,571899.0,4204333.0,2972.664306640625,571750.0,572050.0,4204175.0,4204475.0,2914.52197265625,3048.055419921875,148.03009,71.65375
F01,52,35,95464.40305562921,571894.125,4204647.0,2883.5263671875,571750.0,572050.0,4204475.0,4204775.0,2828.41064453125,2968.621826171875,147.93762,71.77304
F01,52,36,95772.06374070453,571891.4375,4204945.0,2794.561279296875,571750.0,572050.0,4204775.0,4205075.0,2732.827880859375,2878.928466796875,152.49869,70.054504
F01,52,37,96443.76621978045,571896.875,4205242.0,2695.545166015625,571750.0,572050.0,4205075.0,4205375.0,2626.870849609375,2780.88623046875,155.17657,69.14581
F01,52,38,98210.2140879857,571902.5,4205525.5,2589.901611328125,571750.0,572050.0,4205375.0,4205675.0,2501.2490234375,2674.972412109375,157.43951,66.39031
F01,52,39,100120.42624168971,571902.4375,4205834.5,2458.26025390625,571750.0,572050.0,4205675.0,4205975.0,2361.52587890625,2554.044677734375,155.90704,64.12883
F01,52,40,101493.04724673973,571898.5625,4206139.5,2317.435546875,571750.0,572050.0,4205975.0,4206275.0,2223.531494140625,2427.781494140625,154.25006,62.61307
F01,52,41,102986.78862217705,571894.25,4206408.0,2187.1923828125,571750.0,572050.0,4206275.0,4206575.0,2068.447265625,2291.661865234375,155.8906,60.69368
F01,52,42,105370.2496925694,571896.5625,4206714.5,2024.40283203125,571750.0,572050.0,4206575.0,4206875.0,1893.621826171875,2137.414306640625,157.07047,58.56603
F01,52,43,110768.99187527875,571894.875,4207027.5,1837.4749755859375,571750.0,572050.0,4206875.0,4207175.0,1693.222412109375,1971.88818359375,153.24109,54.77148
F01,52,44,117082.49069724168,571906.3125,4207346.5,1622.7027587890625,571750.0,572050.0,4207175.0,4207475.0,1475.2581787109375,1801.7203369140625,154.10046,50.726234
F01,52,45,114915.43510411432,571897.9375,4207636.0,1402.2569580078125,571750.0,572050.0,4207475.0,4207775.0,1264.8592529296875,1580.822021484375,158.31702,51.731285
F01,52,46,109991.24761468911,571906.5,4207933.0,1193.2279052734375,571750.0,572050.0,4207775.0,4208075.0,1112.2099609375,1334.24462890625,169.85406,56.717876
F01,52,47,90386.17711750387,571918.5625,4208199.5,1121.7919921875,571750.0,572050.0,4208075.0,4208375.0,1116.2073974609375,1130.506591796875,62.303406,89.59799
F01,52,48,90049.9988105821,571935.875,4208550.0,1116.671142578125,571750.0,572050.0,4208375.0,4208675.0,1113.2999267578125,1125.5010986328125,140.00137,88.62561
F01,52,49,62711.23633027295,571977.6875,4208789.5,1114.99658203125,571750.0,572050.0,4208675.0,4208975.0,1113.5357666015625,1116.0419921875,99.801056,89.91153
F01,52,50,207.6624911980384,572039.6875,4208980.5,1114.9063720703125,572029.0625,572050.0,4208975.0,4208990.0,1113.6165771484375,1115.978515625,150.65045,83.625305
F01,53,22,8232.668498908399,572114.875,4200851.5,3772.194580078125,572050.0,572195.125,4200763.0,4200875.0,3761.218017578125,3774.576416015625,140.32242,84.90723
F01,53,23,83073.16919457358,572178.9375,4201033.5,3761.435791015625,572050.0,572350.0,4200875.0,4201175.0,3725.91259765625,3775.35595703125,134.06628,83.29093
F01,53,24,94929.21553964274,572200.3125,4201323.0,3745.7734375,572050.0,572350.0,4201175.0,4201475.0,3682.53955078125,3781.6533203125,110.7829,76.068146
F01,53,25,95057.47954890621,572248.5,4201576.5,3726.917724609375,572050.0,572350.0,4201475.0,4201775.0,3630.665283203125,3777.7275390625,117.279236,70.883194
F01,53,26,96482.81178815813,572228.0625,4201943.0,3654.52734375,572050.0,572350.0,4201775.0,4202075.0,3569.1240234375,3726.736572265625,122.98416,69.08512
F01,53,27,96093.36404585157,572169.25,4202200.5,3577.518310546875,572050.0,572350.0,4202075.0,4202375.0,3499.17724609375,3657.197021484375,132.24655,69.47637
F01,53,28,96852.15275450371,572215.1875,4202562.5,3495.896240234375,572050.0,572350.0,4202375.0,4202675.0,3418.525390625,3580.1259765625,132.9972,68.43764
F01,53,29,95184.20508257234,572224.125,4202807.0,3439.69873046875,572050.0,572350.0,4202675.0,4202975.0,3356.437255859375,3505.2890625,129.74933,70.78238
F01,53,30,95421.59632547144,572213.5625,4203135.0,3357.409423828125,572050.0,572350.0,4202975.0,4203275.0,3287.294189453125,3430.24169921875,135.36682,70.83493
F01,53,31,96314.90884789066,572189.0,4203451.0,3289.61767578125,572050.0,572350.0,4203275.0,4203575.0,3221.294677734375,3356.31103515625,118.8501,70.94223
F01,53,32,99475.14521003442,572185.125,4203775.5,3200.56640625,572050.0,572350.0,4203575.0,4203875.0,3128.435546875,3325.855712890625,132.98907,64.794525
F01,53,33,97459.88200238645,572201.6875,4204015.5,3138.2578125,572050.0,572350.0,4203875.0,4204175.0,3048.055419921875,3226.191162109375,127.26871,67.1975
F01,53,34,98214.0608891472,572185.0625,4204327.5,3053.575927734375,572050.0,572350.0,4204175.0,4204475.0,2968.621826171875,3149.539794921875,126.783356,66.632866
F01,53,35,99062.81560513545,572188.0625,4204639.5,2964.81640625,572050.0,572350.0,4204475.0,4204775.0,2878.928466796875,3072.429443359375,131.13388,65.11698
F01,53,36,100222.91370889483,572175.5625,4204913.0,2876.19873046875,572050.0,572350.0,4204775.0,4205075.0,2780.88623046875,2982.64453125,131.03119,64.09009
F01,53,37,102958.63249461092,572178.6875,4205225.5,2775.10888671875,572050.0,572350.0,4205075.0,4205375.0,2674.972412109375,2891.4404296875,125.82483,61.446606
F01,53,38,107852.47604008052,572192.75,4205533.5,2670.6279296875,572050.0,572350.0,4205375.0,4205675.0,2554.044677734375,2819.05712890625,127.27188,56.173897
F01,53,39,109790.11943376424,572170.0625,4205825.5,2540.564453125,572050.0,572350.0,4205675.0,4205975.0,2427.781494140625,2710.679931640625,127.92563,54.738262
F01,53,40,109920.12984139739,572188.6875,4206125.5,2417.22705078125,572050.0,572350.0,4205975.0,4206275.0,2291.661865234375,2581.138427734375,131.0119,55.500973
F01,53,41,109079.60030227336,572169.875,4206414.5,2261.033935546875,572050.0,572350.0,4206275.0,4206575.0,2137.414306640625,2424.666748046875,146.39029,56.181812
F01,53,42,107337.75953792936,572177.1875,4206726.0,2081.281494140625,572050.0,572350.0,4206575.0,4206875.0,1971.88818359375,2226.3115234375,161.90686,57.93256
F01,53,43,107030.09184713142,572173.875,4207018.5,1909.62060546875,572050.0,572350.0,4206875.0,4207175.0,1787.448486328125,2012.80126953125,177.97449,59.90176
F01,53,44,117453.40714891879,572165.6875,4207314.5,1709.623046875,572050.0,572350.0,4207175.0,4207475.0,1545.758544921875,1836.3966064453125,9.361145,51.58501
F01,53,45,120076.35839647125,572183.625,4207626.5,1456.83642578125,572050.0,572350.0,4207475.0,4207775.0,1327.9803466796875,1618.22802734375,7.368637,49.952354
F01,53,46,115115.3403792401,572203.8125,4207914.5,1228.269775390625,572050.0,572350.0,4207775.0,4208075.0,1117.5999755859375,1346.081298828125,175.1933,54.072475
F01,53,47,90389.21464793429,572215.25,4208227.0,1128.1219482421875,572050.0,572350.0,4208075.0,4208375.0,1118.9556884765625,1139.704345703125,133.77472,88.387634
F01,53,48,90242.26937621848,572193.8125,4208511.5,1122.88671875,572050.0,572350.0,4208375.0,4208675.0,1116.0421142578125,1130.82666015625,154.8501,88.1392
F01,53,49,90031.9239826255,572213.5,4208817.0,1116.1217041015625,572050.0,572350.0,4208675.0,4208975.0,1113.642822265625,1120.2662353515625,143.73221,89.19398
F01,53,50,37566.443682945915,572248.6875,4209056.0,1114.567626953125,572050.0,572350.0,4208975.0,4209205.0,1113.330810546875,1116.1190185546875,114.50037,89.782364
F01,54,23,21349.510345162063,572435.5,4201145.0,3769.822509765625,572350.0,572583.9375,4200994.5,4201175.0,3759.885009765625,3775.67431640625,140.68152,84.72145
F01,54,24,89325.05123883575,572508.3125,4201286.0,3772.224365234375,572350.0,572650.0,4201175.0,4201475.0,3760.0615234375,3782.17578125,167.66602,88.74937
F01,54,25,92799.76350304495,572475.3125,4201672.0,3768.6435546875,572350.0,572650.0,4201475.0,4201775.0,3726.736572265625,3792.9873046875,117.9505,81.542595
F01,54,26,96856.92961458789,572515.0625,4201909.5,3748.540283203125,572350.0,572650.0,4201775.0,4202075.0,3657.197021484375,3797.6142578125,122.96481,69.65479
F01,54,27,97978.62240702818,572507.875,4202218.0,3674.94482421875,572350.0,572650.0,4202075.0,4202375.0,3580.1259765625,3759.737548828125,122.72916,66.64496
F01,54,28,99693.41152464079,572521.5625,4202525.5,3610.42529296875,572350.0,572650.0,4202375.0,4202675.0,3505.2890625,3694.468505859375,117.80322,64.42806
F01,54,29,101930.77177361252,572507.5,4202832.5,3539.9560546875,572350.0,572650.0,4202675.0,4202975.0,3430.24169921875,3637.484375,114.098175,61.92328
F01,54,30,103933.94551302808,572497.875,4203160.0,3458.584228515625,572350.0,572650.0,4202975.0,4203275.0,3356.30224609375,3579.703369140625,113.26434,59.510643
F01,54,31,100450.59552671335,572536.125,4203428.5,3424.25634765625,572350.0,572650.0,4203275.0,4203575.0,3325.855712890625,3514.576171875,109.24365,63.073856
F01,54,32,102134.05992910589,572549.6875,4203755.5,3353.4345703125,572350.0,572650.0,4203575.0,4203875.0,3226.191162109375,3446.02197265625,121.01175,61.56179
F01,54,33,102517.2215767851,572497.375,4203994.0,3261.4111328125,572350.0,572650.0,4203875.0,4204175.0,3149.539794921875,3368.2666015625,121.50174,61.112553
F01,54,34,99719.39900099322,572554.6875,4204348.0,3185.69775390625,572350.0,572650.0,4204175.0,4204475.0,3072.429443359375,3276.0546875,125.48273,64.06121
F01,54,35,99869.86370482104,572509.875,4204637.5,3081.584228515625,572350.0,572650.0,4204475.0,4204775.0,2982.64453125,3184.5888671875,130.47992,64.41253
F01,54,36,99007.49617666508,572505.4375,4204937.0,2989.47607421875,572350.0,572650.0,4204775.0,4205075.0,2891.4404296875,3088.768310546875,130.99481,65.48128
F01,54,37,97894.30232205256,572490.3125,4205225.0,2901.625,572350.0,572650.0,4205075.0,4205375.0,2819.05712890625,2997.095947265625,130.86795,68.03495
F01,54,38,99504.03516941669,572505.0,4205528.5,2813.455810546875,572350.0,572650.0,4205375.0,4205675.0,2710.679931640625,2903.34521484375,139.60532,65.95433
F01,54,39,102733.11159406255,572514.0625,4205789.5,2716.57080078125,572350.0,572650.0,4205675.0,4205975.0,2581.138427734375,2807.85205078125,145.42218,61.996647
F01,54,40,106230.6876580302,572499.75,4206116.0,2558.00634765625,572350.0,572650.0,4205975.0,4206275.0,2424.666748046875,2675.607177734375,152.4043,58.547558
F01,54,41,112002.30604967181,572511.6875,4206439.5,2366.64208984375,572350.0,572650.0,4206275.0,4206575.0,2226.3115234375,2509.568115234375,155.44586,54.095947
F01,54,42,114279.47636482997,572501.875,4206756.0,2145.5126953125,572350.0,572650.0,4206575.0,4206875.0,2012.80126953125,2320.444091796875,154.18909,52.026203
F01,54,43,119265.3708229014,572511.5625,4207010.5,1960.8525390625,572350.0,572650.0,4206875.0,4207175.0,1778.1724853515625,2114.78955078125,157.35803,49.346878
F01,54,44,120311.39460478583,572530.75,4207319.0,1719.0732421875,572350.0,572650.0,4207175.0,4207475.0,1532.2869873046875,1872.81396484375,158.22162,49.251175
F01,54,45,116794.65701978076,572509.8125,4207635.0,1466.138916015625,572350.0,572650.0,4207475.0,4207775.0,1318.702880859375,1633.4482421875,158.28467,51.01711
F01,54,46,111182.61333162089,572459.25,4207935.0,1237.3349609375,572350.0,572650.0,4207775.0,4208075.0,1138.3399658203125,1398.8275146484375,168.1087,54.978848
F01,54,47,90988.9721003354,572481.625,4208220.0,1139.0025634765625,572350.0,572650.0,4208075.0,4208375.0,1121.45849609375,1171.8873291015625,136.18628,84.052605
F01,54,48,90487.77584772822,572520.0,4208491.5,1126.827392578125,572350.0,572650.0,4208375.0,4208675.0,1120.2666015625,1137.6201171875,129.10867,88.50386
F01,54,49,90022.2160751579,572529.0,4208829.5,1120.3907470703125,572350.0,572650.0,4208675.0,4208975.0,1114.30419921875,1124.7677001953125,135.39758,88.72561
F01,54,50,86873.64238145537,572493.5625,4209158.0,1115.380615234375,572350.0,572650.0,4208975.0,4209275.0,1113.2379150390625,1120.09619140625,135.88373,89.31695
F01,54,51,15260.832315999462,572549.0625,4209329.5,1114.3822021484375,572447.6875,572650.0,4209275.0,4209420.0,1113.045166015625,1116.259521484375,141.6466,89.72408
F01,55,24,40198.94814179886,572771.6875,4201430.5,3770.966064453125,572650.0,572950.0,4201226.5,4201475.0,3762.405029296875,3776.7724609375,140.63904,87.54719
F01,55,25,90852.6934642513,572849.0625,4201562.0,3772.476318359375,572650.0,572950.0,4201475.0,4201775.0,3762.92431640625,3787.75,163.67548,88.58856
F01,55,26,91035.63174997456,572796.75,4202004.5,3792.5107421875,572650.0,572950.0,4201775.0,4202075.0,3759.737548828125,3797.828369140625,165.69757,88.00671
F01,55,27,95452.33167246419,572856.3125,4202159.5,3785.773681640625,572650.0,572950.0,4202075.0,4202375.0,3694.468505859375,3797.953125,121.000336,78.86283
F01,55,28,98784.22971633976,572836.9375,4202539.0,3739.591552734375,572650.0,572950.0,4202375.0,4202675.0,3637.484375,3784.95166015625,111.39346,67.13922
F01,55,29,98831.96641324251,572780.5625,4202861.5,3653.406005859375,572650.0,572950.0,4202675.0,4202975.0,3579.703369140625,3767.62353515625,120.3262,66.058235
F01,55,30,98268.96288173633,572817.0625,4203133.0,3596.90625,572650.0,572950.0,4202975.0,4203275.0,3514.575927734375,3686.48876953125,127.85797,66.24708
F01,55,31,96148.69766133855,572833.25,4203447.0,3525.746826171875,572650.0,572950.0,4203275.0,4203575.0,3446.02197265625,3604.076416015625,130.16815,70.129265
F01,55,32,96834.55799920188,572849.4375,4203767.0,3445.93359375,572650.0,572950.0,4203575.0,4203875.0,3368.2666015625,3527.978271484375,136.44867,68.92022
F01,55,33,96979.03891234024,572786.0625,4204022.5,3356.57763671875,572650.0,572950.0,4203875.0,4204175.0,3276.0546875,3447.76416015625,137.59912,68.4501
F01,55,34,98565.44543922065,572773.4375,4204360.5,3257.421630859375,572650.0,572950.0,4204175.0,4204475.0,3184.5888671875,3367.43310546875,131.17706,66.56106
F01,55,35,98565.524093091,572850.875,4204621.0,3204.5048828125,572650.0,572950.0,4204475.0,4204775.0,3088.768310546875,3279.1240234375,130.02203,66.54388
F01,55,36,99602.93218799919,572816.9375,4204929.0,3109.11767578125,572650.0,572950.0,4204775.0,4205075.0,2997.095947265625,3196.94287109375,123.981384,64.821014
F01,55,37,101553.85564901483,572834.8125,4205216.5,3030.88818359375,572650.0,572950.0,4205075.0,4205375.0,2903.34521484375,3119.56201171875,128.66064,62.1952
F01,55,38,101317.43175466257,572842.375,4205545.5,2922.44140625,572650.0,572950.0,4205375.0,4205675.0,2807.85205078125,3022.257080078125,134.40765,62.812607
F01,55,39,104204.3394190825,572834.5,4205810.0,2812.12548828125,572650.0,572950.0,4205675.0,4205975.0,2675.607177734375,2909.563232421875,143.18304,60.31734
F01,55,40,106407.74323013418,572827.5625,4206123.5,2656.400634765625,572650.0,572950.0,4205975.0,4206275.0,2509.568115234375,2774.211669921875,148.04718,58.333584
F01,55,41,112657.38517444806,572847.3125,4206407.0,2504.94091796875,572650.0,572950.0,4206275.0,4206575.0,2320.444091796875,2622.498291015625,146.60931,54.507725
F01,55,42,117506.89540731048,572839.4375,4206721.5,2296.32666015625,572650.0,572950.0,4206575.0,4206875.0,2114.78955078125,2447.798583984375,148.29053,51.170628
F01,55,43,129509.67610713941,572797.875,4206998.0,2076.235107421875,572650.0,572950.0,4206875.0,4207175.0,1872.81396484375,2250.0283203125,152.62057,46.797134
F01,55,44,128597.61928851093,572799.6875,4207304.5,1817.697998046875,572650.0,572950.0,4207175.0,4207475.0,1633.4482421875,2015.6033935546875,157.67188,46.353138
F01,55,45,120801.5672760801,572811.25,4207628.5,1559.239013671875,572650.0,572950.0,4207475.0,4207775.0,1398.8275146484375,1739.74609375,153.93036,52.099537
F01,55,46,122365.98575743423,572821.0,4207920.0,1347.3092041015625,572650.0,572950.0,4207775.0,4208075.0,1171.8873291015625,1539.0706787109375,151.22739,47.55319
F01,55,47,97027.79262099828,572826.5,4208223.0,1181.4224853515625,572650.0,572950.0,4208075.0,4208375.0,1137.6201171875,1287.526611328125,145.50412,71.15878
F01,55,48,90919.85618722577,572836.1875,4208518.5,1140.8316650390625,572650.0,572950.0,4208375.0,4208675.0,1123.96142578125,1162.7000732421875,148.63586,84.36184
F01,55,49,90138.56041367244,572840.4375,4208770.0,1126.0928955078125,572650.0,572950.0,4208675.0,4208975.0,1120.0982666015625,1131.466552734375,143.55304,88.943665
F01,55,50,90031.80484412974,572782.4375,4209167.5,1118.456787109375,572650.0,572950.0,4208975.0,4209275.0,1114.3284912109375,1124.322998046875,136.82455,88.54058
F01,55,51,73970.58715214251,572832.875,4209410.0,1115.8272705078125,572650.0,572950.0,4209275.0,4209575.0,1112.839111328125,1119.9351806640625,132.43558,89.09376
F01,55,52,2806.4143853583014,572908.4375,4209598.0,1114.57177734375,572866.25,572950.0,4209575.0,4209635.0,1112.7593994140625,1116.4000244140625,149.24554,88.09805
F01,56,24,187.41718378882368,572957.3125,4201469.5,3773.88671875,572950.0,572972.0,4201458.0,4201475.0,3773.28564453125,3774.197021484375,141.68771,86.17846
F01,56,25,60680.51250067545,573088.875,4201696.5,3771.8291015625,572950.0,573250.0,4201475.0,4201775.0,3764.925048828125,3777.87060546875,153.98227,89.377
F01,56,26,90719.00809696187,573152.875,4201862.0,3774.76513671875,572950.0,573250.0,4201775.0,4202075.0,3765.7841796875,3792.848388671875,150.91028,87.333435
F01,56,27,90414.38722725592,573120.3125,4202273.0,3793.34716796875,572950.0,573250.0,4202075.0,4202375.0,3776.459716796875,3798.226806640625,144.82315,88.16647
F01,56,28,90276.03879158096,573117.9375,4202509.5,3785.065673828125,572950.0,573250.0,4202375.0,4202675.0,3767.62353515625,3798.2919921875,142.39935,86.329796
F01,56,29,93916.91301497203,573066.25,4202834.5,3757.07177734375,572950.0,573250.0,4202675.0,4202975.0,3686.48876953125,3781.684814453125,125.51843,76.92461
F01,56,30,102243.89245368334,573121.625,4203108.5,3730.197998046875,572950.0,573250.0,4202975.0,4203275.0,3604.076416015625,3797.320068359375,113.76889,63.57755
F01,56,31,105705.25593175864,573090.0625,4203449.5,3635.516845703125,572950.0,573250.0,4203275.0,4203575.0,3527.937744140625,3766.629638671875,115.68518,57.95238
F01,56,32,106389.08442914611,573080.75,4203712.5,3559.662109375,572950.0,573250.0,4203575.0,4203875.0,3447.76416015625,3690.47900390625,114.38721,58.103783
F01,56,33,104158.59398094467,573125.3125,4204003.0,3497.7607421875,572950.0,573250.0,4203875.0,4204175.0,3367.43310546875,3602.6337890625,121.71747,59.706676
F01,56,34,102230.11154795044,573138.375,4204372.5,3392.5263671875,572950.0,573250.0,4204175.0,4204475.0,3279.10302734375,3504.822021484375,123.36719,61.423176
F01,56,35,101807.90766750617,573075.1875,4204638.0,3286.79541015625,572950.0,573250.0,4204475.0,4204775.0,3196.94287109375,3414.4990234375,119.81488,62.42795
F01,56,36,101953.44486770118,573132.625,4204916.5,3230.13720703125,572950.0,573250.0,4204775.0,4205075.0,3119.56201171875,3326.6142578125,128.63297,61.127094
F01,56,37,99073.52534737987,573103.8125,4205216.5,3120.470703125,572950.0,573250.0,4205075.0,4205375.0,3022.257080078125,3221.156494140625,135.44745,65.60587
F01,56,38,101185.67411887346,573104.8125,4205532.0,3009.166015625,572950.0,573250.0,4205375.0,4205675.0,2909.563232421875,3116.208740234375,142.31482,63.20669
F01,56,39,102330.04904724598,573111.5625,4205828.5,2898.8564453125,572950.0,573250.0,4205675.0,4205975.0,2774.211669921875,3005.9697265625,137.39508,61.45858
F01,56,40,107431.72035293646,573113.0625,4206155.0,2752.46240234375,572950.0,573250.0,4205975.0,4206275.0,2622.498291015625,2896.275146484375,138.38715,57.075424
F01,56,41,109893.26945856947,573084.1875,4206409.0,2615.23046875,572950.0,573250.0,4206275.0,4206575.0,2447.798583984375,2753.989990234375,135.24896,54.68331
F01,56,42,121828.7779259593,573106.8125,4206717.5,2470.8056640625,572950.0,573250.0,4206575.0,4206875.0,2250.0283203125,2626.32373046875,127.70563,48.053867
F01,56,43,133464.84732473796,573112.75,4207017.0,2286.790283203125,572950.0,573250.0,4206875.0,4207175.0,2015.6033935546875,2481.553466796875,129.95685,42.16381
F01,56,44,151647.928158305,573096.625,4207305.5,2051.296630859375,572950.0,573250.0,4207175.0,4207475.0,1739.74609375,2298.287353515625,128.59451,36.91027
F01,56,45,156024.7548658414,573107.0,4207612.5,1808.333251953125,572950.0,573250.0,4207475.0,4207775.0,1539.0706787109375,2074.515869140625,130.25177,36.859077
F01,56,46,139879.7989322328,573108.875,4207908.5,1531.2415771484375,572950.0,573250.0,4207775.0,4208075.0,1287.526611328125,1802.3653564453125,143.70862,39.653687
F01,56,47,120886.12439828893,573097.5625,4208225.5,1261.0234375,572950.0,573250.0,4208075.0,4208375.0,1153.10009765625,1456.72509765625,144.45377,49.349434
F01,56,48,93984.64100493194,573113.375,4208530.0,1160.373779296875,572950.0,573250.0,4208375.0,4208675.0,1128.1531982421875,1239.9447021484375,130.79489,81.29703
F01,56,49,90761.3319603803,573133.125,4208800.5,1135.4644775390625,572950.0,573250.0,4208675.0,4208975.0,1124.3209228515625,1158.6392822265625,143.2951,85.33027
F01,56,50,90018.57546660032,573116.75,4209156.5,1124.022216796875,572950.0,573250.0,4208975.0,4209275.0,1119.9285888671875,1128.54736328125,136.08759,88.836
F01,56,51,90043.85184149128,573077.4375,4209428.0,1118.7296142578125,572950.0,573250.0,4209275.0,4209575.0,1114.67138671875,1124.15673828125,141.82129,88.578995
F01,56,52,51418.67607530886,573144.125,4209678.5,1115.29736328125,572950.0,573250.0,4209575.0,4209850.0,1112.4737548828125,1118.927001953125,149.21222,89.20689
F01,57,25,4747.751398248529,573286.9375,4201746.5,3772.987548828125,573250.0,573360.8125,4201689.5,4201775.0,3769.970458984375,3774.545654296875,141.73706,86.185646
F01,57,26,76781.89871805819,573395.4375,4201970.5,3773.046630859375,573250.0,573550.0,4201775.0,4202075.0,3767.445068359375,3778.968994140625,161.56128,89.489876
F01,57,27,90598.00557341496,573425.875,4202187.5,3779.908935546875,573250.0,573550.0,4202075.0,4202375.0,3768.6455078125,3794.8828125,147.2677,86.87999
F01,57,28,90495.9836021777,573435.375,4202551.0,3793.32861328125,573250.0,573550.0,4202375.0,4202675.0,3781.52587890625,3798.624755859375,1.1329346,89.58312
F01,57,29,90179.68440427531,573477.3125,4202773.0,3788.58056640625,573250.0,573550.0,4202675.0,4202975.0,3774.753173828125,3798.630615234375,143.0025,86.12093
F01,57,30,91979.99926530599,573386.375,4203183.5,3781.672607421875,573250.0,573550.0,4202975.0,4203275.0,3766.629638671875,3800.0,151.0845,88.945404
F01,57,31,95334.34059125924,573423.625,4203413.5,3762.852294921875,573250.0,573550.0,4203275.0,4203575.0,3690.47900390625,3794.544921875,139.87994,78.49101
F01,57,32,96484.63046718406,573386.5,4203713.0,3691.64013671875,573250.0,573550.0,4203575.0,4203875.0,3602.6337890625,3758.365478515625,143.23059,70.35723
F01,57,33,99178.43091951303,573415.4375,4204040.5,3605.175537109375,573250.0,573550.0,4203875.0,4204175.0,3504.780517578125,3675.939697265625,135.15881,69.01907
F01,57,34,100253.75709775987,573352.5625,4204333.5,3494.51318359375,573250.0,573550.0,4204175.0,4204475.0,3414.4990234375,3603.864990234375,139.59033,65.43228
F01,57,35,99856.85275446315,573404.8125,4204623.5,3425.15869140625,573250.0,573550.0,4204475.0,4204775.0,3326.6142578125,3498.239990234375,130.73068,67.539566
F01,57,36,101637.84713499364,573389.625,4204932.0,3332.885986328125,573250.0,573550.0,4204775.0,4205075.0,3221.156494140625,3417.15380859375,129.01251,64.18903
F01,57,37,102704.47422924283,573406.8125,4205203.5,3241.724365234375,573250.0,573550.0,4205075.0,4205375.0,3116.208740234375,3340.895263671875,131.20895,61.46726
F01,57,38,102993.67444825168,573388.9375,4205534.5,3125.880126953125,573250.0,573550.0,4205375.0,4205675.0,3005.9697265625,3240.619140625,122.772644,60.66164
F01,57,39,109371.98751709421,573387.875,4205811.5,3033.53515625,573250.0,573550.0,4205675.0,4205975.0,2896.275146484375,3171.879638671875,124.83865,56.048393
F01,57,40,110986.17034519286,573392.875,4206136.5,2898.564208984375,573250.0,573550.0,4205975.0,4206275.0,2753.989990234375,3051.1552734375,128.93509,54.075287
F01,57,41,109440.11288255916,573407.125,4206439.0,2763.910888671875,573250.0,573550.0,4206275.0,4206575.0,2626.32373046875,2918.555419921875,132.78531,55.233276
F01,57,42,107765.96288148838,573397.375,4206742.5,2611.27978515625,573250.0,573550.0,4206575.0,4206875.0,2481.553466796875,2763.982177734375,145.9566,57.0364
F01,57,43,113621.25800848566,573378.6875,4207024.0,2447.1474609375,573250.0,573550.0,4206875.0,4207175.0,2298.287353515625,2593.087646484375,147.58435,54.99236
F01,57,44,120382.21100703388,573415.1875,4207311.5,2283.425048828125,573250.0,573550.0,4207175.0,4207475.0,2074.515869140625,2421.989990234375,146.02588,52.770573
F01,57,45,139290.24996930867,573423.1875,4207647.5,2047.0369873046875,573250.0,573550.0,4207475.0,4207775.0,1802.3653564453125,2241.08837890625,147.72098,44.18644
F01,57,46,159698.61933140265,573405.0625,4207924.5,1767.37060546875,573250.0,573550.0,4207775.0,4208075.0,1456.72509765625,2004.685546875,139.17593,35.110905
F01,57,47,150741.39841900178,573420.9375,4208237.0,1514.814697265625,573250.0,573550.0,4208075.0,4208375.0,1239.9447021484375,1780.3359375,119.98602,36.555355
F01,57,48,140373.71867639112,573421.4375,4208527.0,1334.4949951171875,573250.0,573550.0,4208375.0,4208675.0,1158.6585693359375,1581.960205078125,121.74408,39.070354
F01,57,49,107669.01461758469,573397.0625,4208840.0,1170.567626953125,573250.0,573550.0,4208675.0,4208975.0,1128.5472412109375,1362.031494140625,130.8847,66.07141
F01,57,50,90186.13533682685,573456.375,4209068.0,1133.2222900390625,573250.0,573550.0,4208975.0,4209275.0,1124.1561279296875,1151.766357421875,131.65308,87.10673
F01,57,51,90019.58852713168,573397.75,4209437.5,1123.77734375,573250.0,573550.0,4209275.0,4209575.0,1118.927734375,1128.3829345703125,135.51529,88.78379
F01,57,52,89762.47158688864,573365.3125,4209791.0,1116.6082763671875,573250.0,573550.0,4209575.0,4209875.0,1112.4405517578125,1123.9923095703125,143.91147,88.571396
F01,57,53,26357.576072762422,573447.4375,4209923.5,1114.9512939453125,573284.875,573550.0,4209875.0,4210065.0,1112.18798828125,1117.1170654296875,143.74258,88.91772
F01,58,26,15305.329473283757,573613.0,4202046.5,3771.641845703125,573550.0,573748.9375,4201921.5,4202075.0,3769.134033203125,3774.893798828125,145.10898,87.79498
F01,58,27,86706.92153839792,573707.5,4202231.0,3774.01171875,573550.0,573850.0,4202075.0,4202375.0,3768.66357421875,3781.525634765625,153.90924,88.73043
F01,58,28,90495.038178662,573719.5625,4202516.5,3784.066650390625,573550.0,573850.0,4202375.0,4202675.0,3771.50634765625,3798.13232421875,146.11343,87.1558
F01,58,29,90574.86947451172,573714.0,4202824.5,3790.276611328125,573550.0,573850.0,4202675.0,4202975.0,3778.687744140625,3798.969482421875,137.94366,88.2445
F01,58,30,90097.42634554632,573692.5625,4203139.5,3781.9140625,573550.0,573850.0,4202975.0,4203275.0,3775.744140625,3793.54736328125,126.44815,87.948944
F01,58,31,91913.2326245698,573697.6875,4203448.5,3772.9228515625,573550.0,573850.0,4203275.0,4203575.0,3756.560302734375,3790.646728515625,149.96695,86.67097
F01,58,32,95020.52845876946,573717.375,4203697.5,3733.740478515625,573550.0,573850.0,4203575.0,4203875.0,3675.939697265625,3778.43994140625,165.0874,73.522514
F01,58,33,93896.38533806113,573701.25,4204053.5,3635.772705078125,573550.0,573850.0,4203875.0,4204175.0,3591.658447265625,3692.689697265625,170.9696,75.10455
F01,58,34,94313.22969596155,573724.3125,4204309.5,3563.363525390625,573550.0,573850.0,4204175.0,4204475.0,3496.12646484375,3609.89794921875,172.06229,73.88711
F01,58,35,94526.76010196375,573705.5,4204640.0,3473.060302734375,573550.0,573850.0,4204475.0,4204775.0,3417.15380859375,3524.546142578125,164.12637,74.141235
F01,58,36,92797.77878275416,573696.375,4204926.5,3401.761474609375,573550.0,573850.0,4204775.0,4205075.0,3340.895263671875,3449.51123046875,156.90369,76.75326
F01,58,37,96591.12564004306,573692.125,4205234.0,3318.334716796875,573550.0,573850.0,4205075.0,4205375.0,3240.619140625,3378.08251953125,148.53717,70.09848
F01,58,38,96384.33461593516,573704.0625,4205531.0,3233.4833984375,573550.0,573850.0,4205375.0,4205675.0,3171.879638671875,3301.658203125,144.02252,71.13188
F01,58,39,96088.78665511191,573744.75,4205828.0,3155.33935546875,573550.0,573850.0,4205675.0,4205975.0,3051.1552734375,3219.60888671875,149.38495,70.12248
F01,58,40,103012.67634834012,573693.0625,4206103.0,3044.46875,573550.0,573850.0,4205975.0,4206275.0,2918.555419921875,3133.44140625,146.13205,62.355804
F01,58,41,106069.16144206376,573705.9375,4206428.0,2897.0517578125,573550.0,573850.0,4206275.0,4206575.0,2763.982177734375,3010.9873046875,139.79303,58.8592
F01,58,42,109661.14116507569,573668.875,4206723.5,2739.25244140625,573550.0,573850.0,4206575.0,4206875.0,2593.087646484375,2898.41943359375,133.94159,54.46346
F01,58,43,116704.38423857819,573703.5,4207041.5,2594.7392578125,573550.0,573850.0,4206875.0,4207175.0,2421.989990234375,2767.752685546875,132.35928,50.320805
F01,58,44,124388.77691421402,573693.375,4207312.5,2426.64306640625,573550.0,573850.0,4207175.0,4207475.0,2230.172607421875,2609.71728515625,131.61975,46.905678
F01,58,45,128593.86198013712,573673.5625,4207634.5,2201.255859375,573550.0,573850.0,4207475.0,4207775.0,2004.685546875,2442.421142578125,132.09042,44.033512
F01,58,46,137941.7091036219,573705.0625,4207925.0,2034.4293212890625,573550.0,573850.0,4207775.0,4208075.0,1780.3359375,2247.48486328125,125.54614,41.448223
F01,58,47,137672.79697706783,573712.9375,4208229.5,1834.8221435546875,573550.0,573850.0,4208075.0,4208375.0,1581.960205078125,2062.78076171875,127.71533,40.59557
F01,58,48,135349.52071971283,573701.5,4208522.5,1607.0703125,573550.0,573850.0,4208375.0,4208675.0,1362.031494140625,1830.5291748046875,135.41806,41.398003
F01,58,49,129178.11298724693,573704.1875,4208817.5,1370.7740478515625,573550.0,573850.0,4208675.0,4208975.0,1151.766357421875,1562.35546875,144.23428,44.234173
F01,58,50,105939.33849349828,573717.25,4209119.5,1172.4095458984375,573550.0,573850.0,4208975.0,4209275.0,1128.3822021484375,1298.900634765625,143.61057,61.09559
F01,58,51,90075.78327199242,573748.9375,4209371.0,1132.380615234375,573550.0,573850.0,4209275.0,4209575.0,1123.9920654296875,1141.49169921875,131.16571,87.94119
F01,58,52,90027.50336309496,573683.25,4209727.5,1123.3692626953125,573550.0,573850.0,4209575.0,4209875.0,1117.117431640625,1128.2197265625,135.23029,88.594536
F01,58,53,82339.3092355533,573714.375,4210056.0,1116.796142578125,573550.0,573850.0,4209875.0,4210175.0,1112.041748046875,1123.8289794921875,142.33313,88.27721
F01,58,54,8426.399114064694,573777.0625,4210214.5,1114.19140625,573703.5,573850.0,4210175.0,4210280.0,1111.9022216796875,1116.8214111328125,145.55829,88.69182
F01,59,27,32016.042182316094,573967.125,4202329.0,3772.3671875,573850.0,574137.6875,4202153.0,4202375.0,3768.4228515625,3775.64111328125,141.80133,88.98662
F01,59,28,90606.51496515487,574040.75,4202515.5,3775.4609375,573850.0,574150.0,4202375.0,4202675.0,3768.075439453125,3786.607666015625,150.5589,88.36803
F01,59,29,90439.25419423687,574005.4375,4202842.0,3787.79296875,573850.0,574150.0,4202675.0,4202975.0,3774.366455078125,3799.023193359375,141.00919,87.26026
F01,59,30,90594.69872713581,574023.625,4203097.0,3790.579833984375,573850.0,574150.0,4202975.0,4203275.0,3780.474853515625,3799.308349609375,152.72308,88.644554
F01,59,31,90208.8998074302,573988.5625,4203463.0,3781.497314453125,573850.0,574150.0,4203275.0,4203575.0,3773.601806640625,3789.20458984375,116.00647,88.45867
F01,59,32,96139.54331031848,574003.5,4203717.5,3756.257568359375,573850.0,574150.0,4203575.0,4203875.0,3692.689697265625,3790.199951171875,160.03809,75.48856
F01,59,33,93780.3017170804,574012.8125,4204044.0,3670.41455078125,573850.0,574150.0,4203875.0,4204175.0,3609.89794921875,3734.575927734375,155.05457,73.2069
F01,59,34,95128.13925203192,574011.375,4204325.0,3590.47509765625,573850.0,574150.0,4204175.0,4204475.0,3524.546142578125,3647.40625,157.13776,72.29321
F01,59,35,94228.43064741523,574010.9375,4204637.5,3498.643798828125,573850.0,574150.0,4204475.0,4204775.0,3449.51123046875,3566.36181640625,164.3989,72.795876
F01,59,36,93075.71368490087,574010.75,4204954.5,3416.140869140625,573850.0,574150.0,4204775.0,4205075.0,3378.08251953125,3466.60009765625,170.89038,76.11417
F01,59,37,93975.33204599444,574006.9375,4205220.0,3344.59814453125,573850.0,574150.0,4205075.0,4205375.0,3301.187255859375,3392.0224609375,178.79114,74.83684
F01,59,38,93800.51680388533,574054.4375,4205549.5,3253.09326171875,573850.0,574150.0,4205375.0,4205675.0,3214.09375,3312.30810546875,177.42902,73.0754
F01,59,39,93579.40084326746,574005.75,4205824.5,3176.633056640625,573850.0,574150.0,4205675.0,4205975.0,3132.610595703125,3219.5341796875,177.25305,75.47545
F01,59,40,95840.4839645272,573993.1875,4206128.5,3079.698486328125,573850.0,574150.0,4205975.0,4206275.0,3010.9873046875,3142.74072265625,173.23499,69.38285
F01,59,41,95860.60227246542,573998.9375,4206429.5,2974.6650390625,573850.0,574150.0,4206275.0,4206575.0,2898.41943359375,3040.069580078125,159.86053,70.49093
F01,59,42,100214.24714985343,573984.9375,4206716.0,2871.296630859375,573850.0,574150.0,4206575.0,4206875.0,2767.752685546875,2945.783203125,155.8407,65.43642
F01,59,43,103034.47422744123,574010.0,4206988.5,2754.964599609375,573850.0,574150.0,4206875.0,4207175.0,2609.71728515625,2832.607666015625,152.65637,62.52406
F01,59,44,107955.47311496672,574004.5,4207330.0,2585.95263671875,573850.0,574150.0,4207175.0,4207475.0,2442.421142578125,2709.365478515625,145.80475,57.88603
F01,59,45,114852.95441848862,574001.6875,4207623.5,2410.16650390625,573850.0,574150.0,4207475.0,4207775.0,2247.48486328125,2561.3232421875,152.0387,52.878143
F01,59,46,112480.91914512141,574012.4375,4207920.5,2219.979248046875,573850.0,574150.0,4207775.0,4208075.0,2062.78076171875,2360.49169921875,151.3667,54.087093
F01,59,47,124043.03321645338,574004.5625,4208243.5,1985.7706298828125,573850.0,574150.0,4208075.0,4208375.0,1830.5291748046875,2170.7392578125,155.86365,48.705265
F01,59,48,128421.02647715034,574013.0625,4208528.0,1727.2862548828125,573850.0,574150.0,4208375.0,4208675.0,1562.35546875,1930.823486328125,166.92871,44.510773
F01,59,49,124810.84463238639,574005.875,4208831.0,1439.8433837890625,573850.0,574150.0,4208675.0,4208975.0,1289.6510009765625,1610.954833984375,171.11682,47.503536
F01,59,50,110239.96586159962,574003.5625,4209129.0,1214.216064453125,573850.0,574150.0,4208975.0,4209275.0,1133.036865234375,1348.19384765625,167.61963,58.34936
F01,59,51,90763.3970957279,574047.4375,4209388.0,1136.303466796875,573850.0,574150.0,4209275.0,4209575.0,1128.2169189453125,1154.0001220703125,145.95163,88.73594
F01,59,52,90108.88801083843,574068.375,4209658.0,1132.384033203125,573850.0,574150.0,4209575.0,4209875.0,1123.8226318359375,1139.7696533203125,134.8924,88.09484
F01,59,53,90043.22029118448,573953.3125,4210061.5,1121.010986328125,573850.0,574150.0,4209875.0,4210175.0,1115.699951171875,1128.0496826171875,136.80316,88.15141
F01,59,54,64861.832151848655,574029.25,4210336.0,1116.069580078125,573850.0,574150.0,4210175.0,4210475.0,1111.6431884765625,1123.5447998046875,138.17545,88.14719
F01,59,55,419.11886514564185,574136.625,4210482.5,1114.530517578125,574122.0625,574150.0,4210475.0,4210495.0,1111.6165771484375,1116.9619140625,149.2381,76.06901
F01,60,28,52568.01773270027,574291.5625,4202603.5,3772.30615234375,574150.0,574450.0,4202384.5,4202675.0,3767.711669921875,3778.626953125,64.10144,89.71925
F01,60,29,90643.07550116512,574316.25,4202847.5,3778.91796875,574150.0,574450.0,4202675.0,4202975.0,3767.487548828125,3790.889892578125,143.64233,86.73114
F01,60,30,90456.38877915817,574302.625,4203141.5,3787.805419921875,574150.0,574450.0,4202975.0,4203275.0,3777.22900390625,3799.42138671875,126.51364,88.27068
F01,60,31,90530.18485375172,574295.0,4203418.5,3788.981201171875,574150.0,574450.0,4203275.0,4203575.0,3783.054931640625,3799.647216796875,154.15857,89.34788
F01,60,32,91953.3656079151,574296.0,4203730.5,3769.015625,574150.0,574450.0,4203575.0,4203875.0,3734.575927734375,3790.199951171875,174.2269,81.22163
F01,60,33,94130.24654552112,574310.125,4203993.0,3708.876953125,574150.0,574450.0,4203875.0,4204175.0,3647.40625,3748.446533203125,177.0575,73.788475
F01,60,34,93824.82246700228,574311.5625,4204340.5,3611.3330078125,574150.0,574450.0,4204175.0,4204475.0,3566.36181640625,3665.35888671875,174.32031,75.1379
F01,60,35,95002.08118122365,574311.5,4204615.5,3528.216796875,574150.0,574450.0,4204475.0,4204775.0,3463.022216796875,3579.710693359375,172.72882,71.79759
F01,60,36,93387.0158139383,574314.0625,4204953.0,3434.79052734375,574150.0,574450.0,4204775.0,4205075.0,3388.01416015625,3489.84326171875,160.16202,74.98516
F01,60,37,93915.8566840292,574299.75,4205246.5,3355.664794921875,574150.0,574450.0,4205075.0,4205375.0,3312.30810546875,3415.5703125,157.33087,74.44749
F01,60,38,94257.40794288678,574296.4375,4205513.5,3282.387451171875,574150.0,574450.0,4205375.0,4205675.0,3215.848876953125,3334.19970703125,161.96375,72.35592
F01,60,39,93606.74061409762,574265.0,4205813.5,3195.769287109375,574150.0,574450.0,4205675.0,4205975.0,3142.74072265625,3250.607666015625,156.4458,74.615654
F01,60,40,95422.0049366226,574295.3125,4206126.5,3106.154541015625,574150.0,574450.0,4205975.0,4206275.0,3040.069580078125,3170.77001953125,159.4173,70.50526
F01,60,41,95215.42863374509,574308.25,4206429.5,3008.432373046875,574150.0,574450.0,4206275.0,4206575.0,2945.783203125,3074.477294921875,162.12085,70.96103
F01,60,42,95885.81344266364,574325.6875,4206768.5,2896.330322265625,574150.0,574450.0,4206575.0,4206875.0,2832.607666015625,2972.22509765625,163.16168,69.97043
F01,60,43,99305.10771332521,574280.3125,4206999.0,2795.53955078125,574150.0,574450.0,4206875.0,4207175.0,2709.365478515625,2871.208984375,169.03052,64.950165
F01,60,44,101280.27799768111,574276.3125,4207326.0,2647.740234375,574150.0,574450.0,4207175.0,4207475.0,2558.10791015625,2730.533935546875,177.9898,65.413246
F01,60,45,107583.95941881069,574294.375,4207609.5,2491.517822265625,574150.0,574450.0,4207475.0,4207775.0,2360.49169921875,2593.23193359375,175.2648,57.578396
F01,60,46,109900.43689963677,574303.8125,4207929.0,2291.15771484375,574150.0,574450.0,4207775.0,4208075.0,2170.7392578125,2412.4306640625,171.57178,56.784714
F01,60,47,114159.50183734603,574313.1875,4208223.5,2095.886962890625,574150.0,574450.0,4208075.0,4208375.0,1930.823486328125,2212.014892578125,166.13611,53.078045
F01,60,48,127727.3767074266,574307.5625,4208509.0,1862.76708984375,574150.0,574450.0,4208375.0,4208675.0,1610.954833984375,2021.6158447265625,151.68344,45.607216
F01,60,49,133748.69403039152,574308.625,4208819.5,1610.4271240234375,574150.0,574450.0,4208675.0,4208975.0,1348.19384765625,1794.656494140625,135.76398,43.56317
F01,60,50,135819.6922830386,574314.125,4209120.5,1398.2606201171875,574150.0,574450.0,4208975.0,4209275.0,1154.0001220703125,1602.59814453125,130.52408,42.32883
F01,60,51,114221.00668731208,574306.75,4209428.0,1205.24169921875,574150.0,574450.0,4209275.0,4209575.0,1127.4000244140625,1392.7901611328125,128.88586,52.36941
F01,60,52,92116.86882209397,574334.625,4209695.5,1143.545166015625,574150.0,574450.0,4209575.0,4209875.0,1127.8759765625,1192.1195068359375,127.91498,83.70443
F01,60,53,90123.26068890227,574336.4375,4209980.0,1131.041748046875,574150.0,574450.0,4209875.0,4210175.0,1123.5452880859375,1138.0477294921875,135.62231,88.2797
F01,60,54,90059.1589447881,574279.4375,4210356.5,1120.9615478515625,574150.0,574450.0,4210175.0,4210475.0,1116.0428466796875,1127.88232421875,142.74658,88.15665
F01,60,55,39917.2630195439,574336.9375,4210563.0,1116.216064453125,574150.0,574450.0,4210475.0,4210710.0,1111.330810546875,1121.7388916015625,147.44,87.8021
F01,61,28,2222.4703074598033,574475.25,4202655.5,3774.521240234375,574450.0,574525.8125,4202616.5,4202675.0,3772.450439453125,3775.590576171875,141.73761,86.17344
F01,61,29,70812.62748897252,574600.125,4202859.0,3772.149658203125,574450.0,574750.0,4202675.0,4202975.0,3767.000244140625,3781.612548828125,107.50589,89.01588
F01,61,30,90564.47875950222,574634.5625,4203109.0,3777.894287109375,574450.0,574750.0,4202975.0,4203275.0,3766.8994140625,3789.55908203125,140.23969,86.746704
F01,61,31,90575.37936630164,574576.0,4203482.0,3788.39453125,574450.0,574750.0,4203275.0,4203575.0,3780.366455078125,3799.8193359375,141.13824,89.11146
F01,61,32,92861.95252696675,574595.8125,4203732.0,3770.318359375,574450.0,574750.0,4203575.0,4203875.0,3729.485595703125,3799.98583984375,165.66873,79.86894
F01,61,33,94023.67488215475,574581.4375,4203997.0,3704.780029296875,574450.0,574750.0,4203875.0,4204175.0,3647.66015625,3751.575927734375,173.11627,73.90726
F01,61,34,93680.11137492652,574583.0,4204320.0,3617.336181640625,574450.0,574750.0,4204175.0,4204475.0,3566.8671875,3660.0869140625,172.36115,74.929085
F01,61,35,93104.73348431983,574589.5625,4204611.0,3537.148681640625,574450.0,574750.0,4204475.0,4204775.0,3489.84326171875,3582.476318359375,171.54431,75.155945
F01,61,36,93183.07110227208,574635.3125,4204918.0,3460.4462890625,574450.0,574750.0,4204775.0,4205075.0,3414.205322265625,3501.538330078125,173.83221,74.923805
F01,61,37,93319.53998142436,574618.4375,4205241.0,3372.68408203125,574450.0,574750.0,4205075.0,4205375.0,3334.19970703125,3417.846923828125,177.55994,75.12364
F01,61,38,93564.00341892039,574619.6875,4205531.5,3291.572509765625,574450.0,574750.0,4205375.0,4205675.0,3249.77734375,3338.78564453125,178.42838,73.92597
F01,61,39,93107.90386890473,574604.5,4205846.0,3206.064697265625,574450.0,574750.0,4205675.0,4205975.0,3169.742431640625,3252.061279296875,1.8191223,75.28785
F01,61,40,95365.2686163555,574597.3125,4206113.0,3125.349853515625,574450.0,574750.0,4205975.0,4206275.0,3062.833984375,3174.42138671875,6.72229,71.24099
F01,61,41,95680.70835112059,574602.25,4206418.5,3021.333984375,574450.0,574750.0,4206275.0,4206575.0,2957.0380859375,3078.52783203125,6.7996674,70.4583
F01,61,42,95726.18653894516,574605.1875,4206737.5,2911.6689453125,574450.0,574750.0,4206575.0,4206875.0,2842.572509765625,2975.154296875,8.111267,71.43841
F01,61,43,100738.91991780634,574608.6875,4207060.5,2773.96728515625,574450.0,574750.0,4206875.0,4207175.0,2717.062255859375,2871.098876953125,2.1932068,63.930077
F01,61,44,103280.66101128754,574600.25,4207329.0,2637.589599609375,574450.0,574750.0,4207175.0,4207475.0,2546.74072265625,2724.325439453125,177.74606,61.374046
F01,61,45,103902.10585352808,574591.5,4207624.5,2476.183349609375,574450.0,574750.0,4207475.0,4207775.0,2384.194580078125,2564.449951171875,177.262,61.335697
F01,61,46,104336.01509698326,574595.8125,4207911.5,2311.65283203125,574450.0,574750.0,4207775.0,4208075.0,2212.014892578125,2401.017822265625,178.74625,60.083717
F01,61,47,104798.10987268838,574593.0,4208212.5,2139.110595703125,574450.0,574750.0,4208075.0,4208375.0,2021.6158447265625,2226.651123046875,174.15335,59.27921
F01,61,48,109950.40766374109,574604.3125,4208516.0,1952.3192138671875,574450.0,574750.0,4208375.0,4208675.0,1794.656494140625,2050.343505859375,166.88101,56.6847
F01,61,49,110049.615856251,574590.3125,4208811.5,1759.4730224609375,574450.0,574750.0,4208675.0,4208975.0,1602.59814453125,1872.5355224609375,154.33173,55.63449
F01,61,50,114967.07022028137,574601.6875,4209126.0,1567.8033447265625,574450.0,574750.0,4208975.0,4209275.0,1392.7901611328125,1696.5439453125,147.88397,53.323353
F01,61,51,119086.97839396785,574595.0,4209411.0,1381.05029296875,574450.0,574750.0,4209275.0,4209575.0,1192.1195068359375,1533.4384765625,137.96576,50.283035
F01,61,52,108840.90305260822,574584.125,4209725.0,1217.7701416015625,574450.0,574750.0,4209575.0,4209875.0,1129.6199951171875,1379.917236328125,124.59384,56.014393
F01,61,53,95326.22760866176,574618.9375,4210024.0,1154.1143798828125,574450.0,574750.0,4209875.0,4210175.0,1127.886962890625,1243.2344970703125,124.773346,75.247894
F01,61,54,90222.72792028876,574644.1875,4210269.0,1131.83251953125,574450.0,574750.0,4210175.0,4210475.0,1121.7364501953125,1147.119873046875,133.08405,87.693085
F01,61,55,87653.11473332148,574583.25,4210682.5,1118.2415771484375,574450.0,574750.0,4210475.0,4210775.0,1111.2445068359375,1127.717041015625,141.04639,87.65008
F01,61,56,16971.625273145586,574647.0625,4210824.5,1114.9969482421875,574540.6875,574750.0,4210775.0,4210925.0,1111.045166015625,1119.9215087890625,144.02844,86.86469
F01,62,29,10473.021024266203,574804.8125,4202932.5,3773.6201171875,574750.0,574914.5625,4202848.0,4202975.0,3769.129150390625,3775.939453125,141.73163,86.177216
F01,62,30,83190.1583229069,574851.625,4203195.0,3775.662353515625,574750.0,575050.0,4202975.0,4203275.0,3766.3115234375,3783.361572265625,125.32861,87.95795
F01,62,31,90422.66542350396,574875.5,4203445.0,3782.337646484375,574750.0,575050.0,4203275.0,4203575.0,3766.96484375,3788.22802734375,146.61462,88.48215
F01,62,32,92685.42918466494,574888.25,4203747.0,3771.192626953125,574750.0,575050.0,4203575.0,4203875.0,3739.104736328125,3800.0,7.41539,82.40682
F01,62,33,93619.00502240073,574899.6875,4204037.5,3702.703369140625,574750.0,575050.0,4203875.0,4204175.0,3660.0869140625,3753.3515625,1.0381775,74.32833
F01,62,34,93208.97624381073,574909.9375,4204316.0,3629.242431640625,574750.0,575050.0,4204175.0,4204475.0,3582.476318359375,3669.71533203125,177.83032,75.45471
F01,62,35,93398.82124757096,574911.25,4204639.0,3543.293701171875,574750.0,575050.0,4204475.0,4204775.0,3501.538330078125,3591.159912109375,173.42926,75.08579
F01,62,36,94388.1102703686,574877.4375,4204901.0,3467.197509765625,574750.0,575050.0,4204775.0,4205075.0,3406.7431640625,3510.58984375,1.88797,72.36206
F01,62,37,93543.26422728808,574884.0625,4205268.0,3363.259765625,574750.0,575050.0,4205075.0,4205375.0,3322.13916015625,3416.53564453125,10.166565,75.52825
F01,62,38,95055.26805619057,574888.4375,4205551.5,3280.797607421875,574750.0,575050.0,4205375.0,4205675.0,3236.08154296875,3349.683349609375,10.352844,72.56434
F01,62,39,93034.27448612836,574869.5,4205816.0,3209.341552734375,574750.0,575050.0,4205675.0,4205975.0,3153.46337890625,3249.798828125,9.875549,75.75373
F01,62,40,97126.8172192581,574881.9375,4206121.5,3108.511962890625,574750.0,575050.0,4205975.0,4206275.0,3036.7919921875,3171.183837890625,9.735596,68.5322
F01,62,41,96870.96437117705,574873.1875,4206435.5,2994.031005859375,574750.0,575050.0,4206275.0,4206575.0,2917.01416015625,3062.833984375,17.059845,68.46127
F01,62,42,99120.4407872462,574892.625,4206700.5,2888.068603515625,574750.0,575050.0,4206575.0,4206875.0,2789.953369140625,2957.16015625,20.180298,66.27124
F01,62,43,101286.78350177145,574896.3125,4207022.5,2750.762939453125,574750.0,575050.0,4206875.0,4207175.0,2646.7470703125,2842.572509765625,26.53415,63.5502
F01,62,44,105198.22039324282,574879.9375,4207348.5,2595.000732421875,574750.0,575050.0,4207175.0,4207475.0,2490.79541015625,2717.77587890625,25.663712,59.814404
F01,62,45,107342.27151475126,574898.375,4207649.0,2427.141845703125,574750.0,575050.0,4207475.0,4207775.0,2315.36962890625,2564.17724609375,27.18811,57.5137
F01,62,46,107646.0597250818,574899.5,4207932.0,2263.397216796875,574750.0,575050.0,4207775.0,4208075.0,2144.050048828125,2402.883056640625,23.617798,56.916813
F01,62,47,102974.2475788269,574891.125,4208227.0,2107.490234375,574750.0,575050.0,4208075.0,4208375.0,2024.3763427734375,2212.102783203125,20.612854,62.76249
F01,62,48,103262.04121924195,574891.5,4208526.5,1952.8642578125,574750.0,575050.0,4208375.0,4208675.0,1863.234619140625,2050.004150390625,2.7225342,60.39537
F01,62,49,101261.10788977201,574896.0625,4208832.5,1794.5994873046875,574750.0,575050.0,4208675.0,4208975.0,1694.98291015625,1872.618896484375,167.93802,62.79192
F01,62,50,102721.39661552783,574887.6875,4209119.0,1658.9990234375,574750.0,575050.0,4208975.0,4209275.0,1533.4384765625,1751.0828857421875,147.29016,61.805183
F01,62,51,108010.17145024626,574903.5,4209418.0,1527.105712890625,574750.0,575050.0,4209275.0,4209575.0,1379.917236328125,1645.5711669921875,127.76373,57.02462
F01,62,52,111010.81783454522,574916.8125,4209715.5,1404.88232421875,574750.0,575050.0,4209575.0,4209875.0,1243.2344970703125,1533.9954833984375,130.01712,54.270462
F01,62,53,106240.64196165356,574900.0,4210017.0,1271.37109375,574750.0,575050.0,4209875.0,4210175.0,1147.0810546875,1400.97265625,126.72934,57.73857
F01,62,54,99430.30745836932,574897.8125,4210323.5,1181.1905517578125,574750.0,575050.0,4210175.0,4210475.0,1127.717041015625,1280.1044921875,122.76712,66.402115
F01,62,55,91651.36195745214,574945.6875,4210580.0,1142.708740234375,574750.0,575050.0,4210475.0,4210775.0,1119.9249267578125,1188.9000244140625,130.21857,80.73044
F01,62,56,75722.38431962088,574937.0,4210950.0,1118.6827392578125,574750.0,575050.0,4210775.0,4211075.0,1110.8458251953125,1127.549072265625,141.68317,87.363525
F01,62,57,3551.316574728359,575009.25,4211095.5,1115.2374267578125,574959.3125,575050.0,4211075.0,4211140.0,1110.7593994140625,1118.109375,145.89215,84.55962
F01,63,30,24822.625837680796,575098.625,4203245.5,3769.52392578125,575050.0,575303.375,4203079.5,4203275.0,3766.2890625,3776.2880859375,141.88025,86.29442
F01,63,31,89477.05601528469,575159.875,4203450.5,3775.59326171875,575050.0,575350.0,4203275.0,4203575.0,3765.723388671875,3785.44140625,148.71872,87.54217
F01,63,32,91268.03782225087,575211.1875,4203762.0,3779.263427734375,575050.0,575350.0,4203575.0,4203875.0,3749.95654296875,3790.199951171875,140.02277,86.832726
F01,63,33,94274.10547539005,575205.75,4204011.0,3732.68505859375,575050.0,575350.0,4203875.0,4204175.0,3668.73583984375,3780.507080078125,158.27179,73.47542
F01,63,34,93756.80795648227,575193.9375,4204312.0,3653.155029296875,575050.0,575350.0,4204175.0,4204475.0,3591.159912109375,3705.795166015625,151.83554,74.065125
F01,63,35,94398.96022553608,575216.75,4204656.0,3562.7353515625,575050.0,575350.0,4204475.0,4204775.0,3510.58984375,3634.566162109375,158.55237,72.47376
F01,63,36,96276.46568953128,575217.0625,4204941.5,3466.3857421875,575050.0,575350.0,4204775.0,4205075.0,3404.427490234375,3538.555908203125,164.11664,69.4803
F01,63,37,94851.62173211401,575196.6875,4205191.0,3385.882080078125,575050.0,575350.0,4205075.0,4205375.0,3322.487060546875,3441.953369140625,157.90198,73.35252
F01,63,38,94888.30432598687,575206.1875,4205553.5,3278.2802734375,575050.0,575350.0,4205375.0,4205675.0,3232.290771484375,3352.966796875,166.03467,72.12839
F01,63,39,95269.12860478713,575216.375,4205815.0,3199.947021484375,575050.0,575350.0,4205675.0,4205975.0,3134.232177734375,3256.131103515625,172.74243,72.80913
F01,63,40,97132.96438757202,575205.5625,4206126.5,3090.927001953125,575050.0,575350.0,4205975.0,4206275.0,3027.519287109375,3159.833740234375,175.4013,69.16031
F01,63,41,96727.1056228695,575195.25,4206417.0,2984.6259765625,575050.0,575350.0,4206275.0,4206575.0,2914.884521484375,3046.687255859375,171.57175,69.49537
F01,63,42,97915.91981787261,575200.25,4206738.5,2860.652099609375,575050.0,575350.0,4206575.0,4206875.0,2788.43310546875,2943.1162109375,165.65222,67.30778
F01,63,43,100986.16228512897,575189.375,4207029.0,2732.59765625,575050.0,575350.0,4206875.0,4207175.0,2640.218505859375,2825.140869140625,161.15979,63.078632
F01,63,44,103848.34781046087,575208.4375,4207319.5,2600.991943359375,575050.0,575350.0,4207175.0,4207475.0,2486.34228515625,2700.37939453125,149.0011,62.73518
F01,63,45,107207.44798421676,575187.1875,4207610.5,2446.282470703125,575050.0,575350.0,4207475.0,4207775.0,2316.427734375,2581.944580078125,150.65729,57.300114
F01,63,46,108024.83785453413,575209.125,4207951.0,2275.7626953125,575050.0,575350.0,4207775.0,4208075.0,2151.97998046875,2416.314453125,143.5839,56.89923
F01,63,47,106009.01838823452,575222.875,4208226.0,2150.075439453125,575050.0,575350.0,4208075.0,4208375.0,2023.3062744140625,2267.113037109375,135.18127,58.934837
F01,63,48,108467.88122259818,575199.875,4208521.0,2000.3031005859375,575050.0,575350.0,4208375.0,4208675.0,1872.618896484375,2139.74560546875,144.09033,56.773144
F01,63,49,104750.3598720788,575206.0625,4208836.5,1843.4696044921875,575050.0,575350.0,4208675.0,4208975.0,1751.0828857421875,1977.3282470703125,146.16367,59.835247
F01,63,50,98075.65577781473,575203.8125,4209109.5,1727.8118896484375,575050.0,575350.0,4208975.0,4209275.0,1645.5711669921875,1822.8526611328125,148.6853,67.64528
F01,63,51,97161.81449527745,575210.75,4209443.0,1612.356689453125,575050.0,575350.0,4209275.0,4209575.0,1533.9954833984375,1701.50048828125,149.7355,67.81967
F01,63,52,99408.06642230134,575196.9375,4209719.0,1506.76318359375,575050.0,575350.0,4209575.0,4209875.0,1400.97265625,1595.1324462890625,147.28793,65.00122
F01,63,53,100768.88972269962,575200.125,4210025.0,1389.8287353515625,575050.0,575350.0,4209875.0,4210175.0,1280.1044921875,1488.7021484375,137.03741,63.16683
F01,63,54,100136.22238928804,575201.125,4210305.5,1307.1279296875,575050.0,575350.0,4210175.0,4210475.0,1188.9000244140625,1397.283935546875,119.92941,63.777626
F01,63,55,102279.55035171185,575193.0625,4210639.5,1215.2108154296875,575050.0,575350.0,4210475.0,4210775.0,1127.549072265625,1328.7138671875,121.704315,62.613644
F01,63,56,96264.37331844763,575212.25,4210911.0,1152.4510498046875,575050.0,575350.0,4210775.0,4211075.0,1118.1104736328125,1238.730712890625,128.3819,71.71324
F01,63,57,54219.74923606586,575247.4375,4211167.5,1120.2198486328125,575050.0,575350.0,4211075.0,4211355.0,1110.4737548828125,1146.0230712890625,144.08356,86.1408
F01,64,31,44578.047052136506,575458.4375,4203524.0,3770.72509765625,575350.0,575650.0,4203311.0,4203575.0,3765.57763671875,3776.59912109375,142.52573,87.10118
F01,64,32,90419.63747887175,575439.0625,4203791.0,3778.3564453125,575350.0,575650.0,4203575.0,4203875.0,3765.135498046875,3786.119873046875,142.64691,87.23212
F01,64,33,93429.8304688594,575502.3125,4204028.0,3762.75732421875,575350.0,575650.0,4203875.0,4204175.0,3705.795166015625,3784.62939453125,138.1366,77.65458
F01,64,34,94425.95038090598,575518.875,4204331.0,3697.17236328125,575350.0,575650.0,4204175.0,4204475.0,3634.566162109375,3767.2958984375,147.78793,72.599976
F01,64,35,96403.56058951326,575514.25,4204598.5,3620.28125,575350.0,575650.0,4204475.0,4204775.0,3538.555908203125,3680.89599609375,152.92148,70.48625
F01,64,36,95689.96968154496,575505.375,4204958.5,3502.72998046875,575350.0,575650.0,4204775.0,4205075.0,3441.953369140625,3593.113037109375,151.14633,70.93407
F01,64,37,95752.03959380969,575512.3125,4205237.0,3418.703125,575350.0,575650.0,4205075.0,4205375.0,3352.966796875,3484.867919921875,159.05298,70.966835
F01,64,38,95373.48425838217,575516.8125,4205527.5,3330.65673828125,575350.0,575650.0,4205375.0,4205675.0,3256.131103515625,3392.67333984375,152.58508,71.938995
F01,64,39,96573.00425548987,575521.75,4205806.0,3246.680908203125,575350.0,575650.0,4205675.0,4205975.0,3159.833740234375,3311.70458984375,147.77127,69.70916
F01,64,40,98440.70411380946,575517.5,4206122.0,3145.745849609375,575350.0,575650.0,4205975.0,4206275.0,3046.687255859375,3227.8193359375,142.97827,66.36477
F01,64,41,98353.45471043087,575516.75,4206438.0,3035.2490234375,575350.0,575650.0,4206275.0,4206575.0,2943.1162109375,3130.669921875,141.75818,66.39079
F01,64,42,99808.80998543736,575499.4375,4206730.5,2923.75634765625,575350.0,575650.0,4206575.0,4206875.0,2825.140869140625,3024.043701171875,142.38696,64.69153
F01,64,43,100437.47445899146,575515.625,4207040.0,2809.748046875,575350.0,575650.0,4206875.0,4207175.0,2700.37939453125,2916.46142578125,141.40015,63.40781
F01,64,44,102560.6745207182,575493.25,4207346.0,2674.428466796875,575350.0,575650.0,4207175.0,4207475.0,2581.944580078125,2796.9912109375,146.84222,63.03792
F01,64,45,105738.50442420894,575515.875,4207632.0,2543.051025390625,575350.0,575650.0,4207475.0,4207775.0,2416.314453125,2657.876220703125,151.69522,59.373528
F01,64,46,103818.76286792778,575511.25,4207936.0,2391.993408203125,575350.0,575650.0,4207775.0,4208075.0,2267.113037109375,2510.520263671875,149.57825,60.44657
F01,64,47,102329.66506967944,575503.0,4208244.5,2245.8173828125,575350.0,575650.0,4208075.0,4208375.0,2139.74560546875,2362.8525390625,148.53696,62.227146
F01,64,48,105640.4226546553,575502.375,4208535.5,2112.7744140625,575350.0,575650.0,4208375.0,4208675.0,1977.3282470703125,2230.0400390625,142.46967,58.81967
F01,64,49,110597.5087653487,575497.75,4208812.0,1974.7554931640625,575350.0,575650.0,4208675.0,4208975.0,1822.8526611328125,2109.2548828125,137.32892,55.453278
F01,64,50,108710.98033973628,575514.8125,4209130.0,1828.8070068359375,575350.0,575650.0,4208975.0,4209275.0,1701.50048828125,1971.1705322265625,135.36588,57.16511
F01,64,51,101682.47330266115,575500.9375,4209444.0,1686.149658203125,575350.0,575650.0,4209275.0,4209575.0,1595.1324462890625,1820.8931884765625,142.80023,62.21575
F01,64,52,98187.85318217638,575505.3125,4209728.0,1580.7789306640625,575350.0,575650.0,4209575.0,4209875.0,1488.7021484375,1676.806640625,142.25482,66.3787
F01,64,53,98040.99248478952,575522.4375,4210022.5,1495.345458984375,575350.0,575650.0,4209875.0,4210175.0,1397.283935546875,1572.404541015625,129.41107,67.317856
F01,64,54,98289.5973276313,575527.3125,4210315.0,1431.6658935546875,575350.0,575650.0,4210175.0,4210475.0,1328.7138671875,1504.9609375,116.97275,66.749756
F01,64,55,101197.50063950046,575506.5,4210614.5,1349.82177734375,575350.0,575650.0,4210475.0,4210775.0,1238.730712890625,1450.166259765625,125.82498,63.130596
F01,64,56,100619.59993730509,575514.9375,4210920.5,1258.007080078125,575350.0,575650.0,4210775.0,4211075.0,1146.0230712890625,1360.8660888671875,128.13293,63.21595
F01,64,57,97700.42469435325,575486.0625,4211246.5,1160.380126953125,575350.0,575650.0,4211075.0,4211375.0,1110.4471435546875,1259.9481201171875,125.97748,70.10442
F01,64,58,29210.883840454524,575528.25,4211421.5,1128.398193359375,575377.9375,575650.0,4211375.0,4211564.0,1110.199951171875,1166.48779296875,144.73859,70.64302
F01,65,31,664.4794533782097,575663.8125,4203564.5,3776.0517578125,575650.0,575691.4375,4203543.0,4203575.0,3774.920166015625,3776.63623046875,141.7131,86.1764
F01,65,32,64365.99785871267,575767.0625,4203773.5,3771.08251953125,575650.0,575950.0,4203575.0,4203875.0,3764.8662109375,3776.8681640625,150.12671,87.99648
F01,65,33,90323.21369069483,575767.625,4204079.5,3775.15185546875,575650.0,575950.0,4203875.0,4204175.0,3764.54736328125,3780.75341796875,142.89685,88.00285
F01,65,34,94969.60762055824,575820.3125,4204291.0,3773.17626953125,575650.0,575950.0,4204175.0,4204475.0,3680.89599609375,3781.89990234375,127.9494,80.61576
F01,65,35,99628.89499995785,575809.375,4204618.0,3696.30908203125,575650.0,575950.0,4204475.0,4204775.0,3593.113037109375,3781.15625,133.85526,64.50872
F01,65,36,99759.86662307268,575825.5,4204900.5,3605.57373046875,575650.0,575950.0,4204775.0,4205075.0,3484.867919921875,3680.25927734375,134.14801,64.77158
F01,65,37,99561.96200740377,575847.3125,4205256.0,3502.413818359375,575650.0,575950.0,4205075.0,4205375.0,3392.67333984375,3588.656005859375,130.62067,64.97157
F01,65,38,98694.9204950495,575822.8125,4205555.5,3404.202392578125,575650.0,575950.0,4205375.0,4205675.0,3311.70458984375,3495.316162109375,133.31418,65.936966
F01,65,39,97901.64577189376,575803.5,4205812.0,3319.137939453125,575650.0,575950.0,4205675.0,4205975.0,3227.8193359375,3401.658447265625,135.40225,67.19767
F01,65,40,97425.94850554122,575800.5625,4206121.0,3218.47265625,575650.0,575950.0,4205975.0,4206275.0,3130.669921875,3305.528564453125,147.31827,67.298195
F01,65,41,97740.94955549999,575822.25,4206444.0,3113.62353515625,575650.0,575950.0,4206275.0,4206575.0,3024.043701171875,3198.147216796875,144.75247,67.151306
F01,65,42,98299.04973413455,575839.625,4206767.0,3003.65234375,575650.0,575950.0,4206575.0,4206875.0,2916.46142578125,3098.091064453125,145.16208,66.38617
F01,65,43,98961.2187384796,575810.625,4207029.0,2899.089599609375,575650.0,575950.0,4206875.0,4207175.0,2796.9912109375,2990.550048828125,145.89435,65.32243
F01,65,44,102030.5235887798,575821.1875,4207326.5,2779.4638671875,575650.0,575950.0,4207175.0,4207475.0,2657.876220703125,2878.050048828125,145.28754,61.911583
F01,65,45,104416.30898718853,575837.875,4207647.5,2638.44580078125,575650.0,575950.0,4207475.0,4207775.0,2510.520263671875,2752.69970703125,145.33276,59.801247
F01,65,46,105249.3903372991,575830.625,4207948.5,2485.667724609375,575650.0,575950.0,4207775.0,4208075.0,2362.8525390625,2608.484130859375,147.79279,58.781986
F01,65,47,103635.3383530896,575830.0,4208203.5,2358.031982421875,575650.0,575950.0,4208075.0,4208375.0,2230.0400390625,2453.83447265625,149.05328,59.98687
F01,65,48,99132.1577507194,575853.25,4208539.5,2209.170166015625,575650.0,575950.0,4208375.0,4208675.0,2109.2548828125,2303.932861328125,153.84485,64.688896
F01,65,49,100063.27689410535,575830.875,4208835.5,2078.525146484375,575650.0,575950.0,4208675.0,4208975.0,1971.1705322265625,2165.977783203125,153.43393,64.378494
F01,65,50,102054.64060548056,575828.625,4209111.5,1955.6766357421875,575650.0,575950.0,4208975.0,4209275.0,1820.8931884765625,2038.766357421875,147.73486,62.50971
F01,65,51,105045.02498366342,575827.0625,4209425.0,1813.520263671875,575650.0,575950.0,4209275.0,4209575.0,1676.806640625,1914.5921630859375,140.38507,59.642204
F01,65,52,101654.37541448233,575826.0625,4209725.5,1691.03857421875,575650.0,575950.0,4209575.0,4209875.0,1572.404541015625,1787.884521484375,133.64777,62.2955
F01,65,53,98084.50433263465,575843.0625,4210043.5,1594.9921875,575650.0,575950.0,4209875.0,4210175.0,1504.9609375,1676.8218994140625,132.81256,66.57131
F01,65,54,94658.81975746324,575824.625,4210333.0,1515.70556640625,575650.0,575950.0,4210175.0,4210475.0,1450.166259765625,1580.252685546875,136.77881,72.00997
F01,65,55,95101.24733162584,575841.9375,4210634.0,1440.34423828125,575650.0,575950.0,4210475.0,4210775.0,1360.8660888671875,1499.6761474609375,148.85461,71.523056
F01,65,56,97085.50372947936,575840.5,4210930.5,1339.393310546875,575650.0,575950.0,4210775.0,4211075.0,1259.9481201171875,1412.4637451171875,157.21802,67.594574
F01,65,57,95191.78494206458,575840.4375,4211233.5,1233.7330322265625,575650.0,575950.0,4211075.0,4211375.0,1166.48779296875,1297.2274169921875,159.73419,70.7728
F01,65,58,71347.0369171157,575835.0625,4211471.5,1157.85009765625,575650.0,575950.0,4211375.0,4211634.0,1110.5699462890625,1198.22998046875,162.094,71.85423
F01,66,32,6559.636812537273,575993.4375,4203841.5,3775.150634765625,575950.0,576080.25,4203774.5,4203875.0,3771.59912109375,3776.98486328125,141.7378,86.179924
F01,66,33,79087.53512202653,576059.0625,4204090.0,3771.693603515625,575950.0,576250.0,4203875.0,4204175.0,3764.155029296875,3777.13720703125,48.914795,89.32088
F01,66,34,90191.94424900944,576124.5,4204311.0,3772.68359375,575950.0,576250.0,4204175.0,4204475.0,3763.95947265625,3782.4150390625,133.00366,87.355446
F01,66,35,94280.76740885431,576112.125,4204623.5,3744.55517578125,575950.0,576250.0,4204475.0,4204775.0,3680.25927734375,3782.800048828125,166.38739,73.9611
F01,66,36,95000.61565489293,576100.1875,4204911.0,3658.685546875,575950.0,576250.0,4204775.0,4205075.0,3588.656005859375,3717.093994140625,158.49194,71.687935
F01,66,37,94933.52949980303,576110.0,4205237.5,3558.3857421875,575950.0,576250.0,4205075.0,4205375.0,3495.316162109375,3621.592529296875,159.79904,71.66652
F01,66,38,94622.01272036076,576128.875,4205552.5,3467.356689453125,575950.0,576250.0,4205375.0,4205675.0,3401.658447265625,3533.618408203125,151.24707,72.04121
F01,66,39,95755.49850642661,576098.625,4205818.0,3384.7275390625,575950.0,576250.0,4205675.0,4205975.0,3305.528564453125,3451.48486328125,148.01068,70.40497
F01,66,40,97563.83774556998,576112.875,4206150.5,3275.393310546875,575950.0,576250.0,4205975.0,4206275.0,3198.1572265625,3367.3623046875,149.48337,67.30752
F01,66,41,97223.95935689857,576119.4375,4206436.0,3179.642578125,575950.0,576250.0,4206275.0,4206575.0,3098.091064453125,3264.808349609375,147.69452,68.06329
F01,66,42,98290.36770610802,576104.5625,4206722.5,3078.19091796875,575950.0,576250.0,4206575.0,4206875.0,2990.550048828125,3165.052490234375,145.00006,67.601875
F01,66,43,99199.24673117608,576123.75,4207039.5,2968.41357421875,575950.0,576250.0,4206875.0,4207175.0,2878.050048828125,3067.3525390625,146.76227,65.526184
F01,66,44,99968.94210957791,576101.75,4207328.0,2848.519775390625,575950.0,576250.0,4207175.0,4207475.0,2752.69970703125,2951.06494140625,150.10938,64.09274
F01,66,45,104226.68362693157,576103.625,4207625.5,2714.824951171875,575950.0,576250.0,4207475.0,4207775.0,2608.484130859375,2832.445068359375,153.73315,60.96277
F01,66,46,104239.36491558063,576117.3125,4207917.5,2574.042236328125,575950.0,576250.0,4207775.0,4208075.0,2453.83447265625,2688.97021484375,151.17444,60.505943
F01,66,47,105620.78699857433,576124.1875,4208241.0,2414.200439453125,575950.0,576250.0,4208075.0,4208375.0,2303.932861328125,2540.42626953125,151.86176,59.41407
F01,66,48,105553.98506924933,576093.9375,4208521.0,2265.2607421875,575950.0,576250.0,4208375.0,4208675.0,2165.977783203125,2383.723876953125,153.01953,62.1158
F01,66,49,101656.95143370214,576110.625,4208817.0,2131.855224609375,575950.0,576250.0,4208675.0,4208975.0,2038.7662353515625,2241.564208984375,153.1641,64.76347
F01,66,50,99568.60307966509,576091.4375,4209102.0,2008.7099609375,575950.0,576250.0,4208975.0,4209275.0,1914.5921630859375,2108.373291015625,156.50006,64.75924
F01,66,51,98719.60875175727,576097.875,4209412.5,1876.0201416015625,575950.0,576250.0,4209275.0,4209575.0,1787.884521484375,1966.8934326171875,162.47302,65.28635
F01,66,52,97197.14097591335,576110.3125,4209731.0,1744.24169921875,575950.0,576250.0,4209575.0,4209875.0,1676.8218994140625,1820.40234375,166.20801,67.904106
F01,66,53,94962.0594021285,576102.4375,4210047.0,1631.990478515625,575950.0,576250.0,4209875.0,4210175.0,1580.252685546875,1696.9453125,168.93118,71.58616
F01,66,54,93622.37456073136,576112.125,4210292.5,1557.368896484375,575950.0,576250.0,4210175.0,4210475.0,1499.6761474609375,1594.280029296875,173.75363,73.812256
F01,66,55,94055.71394507038,576105.125,4210618.0,1462.507568359375,575950.0,576250.0,4210475.0,4210775.0,1412.4637451171875,1507.6640625,175.56451,73.642204
F01,66,56,95860.12909865828,576111.6875,4210929.0,1359.9722900390625,575950.0,576250.0,4210775.0,4211075.0,1297.2274169921875,1419.4234619140625,173.10498,69.78197
F01,66,57,94952.44692004229,576122.9375,4211252.0,1249.3687744140625,575950.0,576250.0,4211075.0,4211375.0,1198.22998046875,1316.05224609375,169.05719,71.3788
F01,66,58,89465.80932164937,576141.5,4211512.5,1166.645751953125,575950.0,576250.0,4211375.0,4211675.0,1112.5999755859375,1217.4443359375,168.30066,72.29349
F01,66,59,107.80615796445757,576237.5,4211676.5,1128.0223388671875,576212.5,576250.0,4211675.0,4211680.0,1124.86767578125,1131.00146484375,9.062622,60.534863
F01,67,33,18546.661756353387,576323.0,4204118.5,3774.2509765625,576250.0,576469.0,4204006.0,4204175.0,3768.2822265625,3777.33349609375,141.7337,86.182045
F01,67,34,87676.84730060631,576406.375,4204385.0,3768.534912109375,576250.0,576550.0,4204175.0,4204475.0,3763.443603515625,3777.40625,174.00687,88.76826
F01,67,35,92640.28013794342,576441.0625,4204596.0,3753.641357421875,576250.0,576550.0,4204475.0,4204775.0,3708.951171875,3778.39013671875,8.596954,79.76906
F01,67,36,94219.59698294458,576388.75,4204922.5,3675.78466796875,576250.0,576550.0,4204775.0,4205075.0,3621.592529296875,3724.139892578125,174.8245,74.36219
F01,67,37,93867.47358636111,576396.9375,4205249.5,3584.427978515625,576250.0,576550.0,4205075.0,4205375.0,3533.618408203125,3649.83837890625,160.02289,73.50004
F01,67,38,93705.29879856658,576392.625,4205511.0,3513.357177734375,576250.0,576550.0,4205375.0,4205675.0,3451.48486328125,3564.52978515625,156.53049,73.874146
F01,67,39,93832.28451455082,576424.125,4205845.0,3428.105712890625,576250.0,576550.0,4205675.0,4205975.0,3367.3623046875,3488.92822265625,154.34198,73.517685
F01,67,40,95642.47110151223,576402.0625,4206132.0,3341.7119140625,576250.0,576550.0,4205975.0,4206275.0,3264.808349609375,3408.697021484375,150.80109,70.25987
F01,67,41,96418.65510368258,576388.875,4206430.5,3246.23974609375,576250.0,576550.0,4206275.0,4206575.0,3165.052490234375,3323.71923828125,146.72736,69.50572
F01,67,42,96700.27496574725,576403.6875,4206747.0,3153.173095703125,576250.0,576550.0,4206575.0,4206875.0,3067.3525390625,3230.0341796875,144.09656,70.21036
F01,67,43,100000.82078596734,576380.5625,4207031.5,3050.5927734375,576250.0,576550.0,4206875.0,4207175.0,2951.06494140625,3140.436279296875,142.37039,64.06247
F01,67,44,100946.34424687564,576404.75,4207320.0,2944.56982421875,576250.0,576550.0,4207175.0,4207475.0,2832.445068359375,3046.865478515625,142.13531,63.03317
F01,67,45,103229.02298977635,576391.8125,4207630.0,2814.85888671875,576250.0,576550.0,4207475.0,4207775.0,2688.97021484375,2925.49267578125,137.76111,60.681988
F01,67,46,108694.31504489615,576398.25,4207912.0,2689.1015625,576250.0,576550.0,4207775.0,4208075.0,2540.42626953125,2826.52734375,136.89426,55.94066
F01,67,47,108865.30805976322,576387.875,4208224.5,2534.432373046875,576250.0,576550.0,4208075.0,4208375.0,2383.723876953125,2679.99560546875,133.17957,55.314484
F01,67,48,111900.69553265278,576395.1875,4208533.0,2393.95556640625,576250.0,576550.0,4208375.0,4208675.0,2241.564208984375,2550.7158203125,128.1175,53.599648
F01,67,49,114485.54840936392,576407.625,4208826.5,2261.853271484375,576250.0,576550.0,4208675.0,4208975.0,2108.373291015625,2424.5234375,129.61554,52.226658
F01,67,50,114092.3176462541,576397.5625,4209112.5,2106.1220703125,576250.0,576550.0,4208975.0,4209275.0,1966.8934326171875,2274.80517578125,138.93945,52.35895
F01,67,51,109019.50053123618,576401.5,4209425.0,1926.1549072265625,576250.0,576550.0,4209275.0,4209575.0,1820.40234375,2080.064453125,153.69092,56.406178
F01,67,52,99078.03891274122,576382.0625,4209739.5,1767.0625,576250.0,576550.0,4209575.0,4209875.0,1696.9453125,1867.722900390625,162.0943,65.56918
F01,67,53,96229.21698579255,576395.3125,4210005.5,1660.43701171875,576250.0,576550.0,4209875.0,4210175.0,1594.280029296875,1724.804443359375,171.21613,69.74368
F01,67,54,93919.93848572383,576392.6875,4210320.5,1556.614013671875,576250.0,576550.0,4210175.0,4210475.0,1505.731689453125,1604.9417724609375,169.14719,74.113815
F01,67,55,94098.31132588518,576388.1875,4210605.0,1476.851318359375,576250.0,576550.0,4210475.0,4210775.0,1418.8948974609375,1526.9410400390625,164.75845,73.580956
F01,67,56,95405.86589066965,576393.875,4210940.5,1372.655029296875,576250.0,576550.0,4210775.0,4211075.0,1316.05224609375,1444.7396240234375,166.82166,70.50557
F01,67,57,95128.36597159287,576389.375,4211249.5,1265.7203369140625,576250.0,576550.0,4211075.0,4211375.0,1217.4443359375,1335.7242431640625,174.12634,71.26008
F01,67,58,95019.02227352414,576398.625,4211529.0,1177.682373046875,576250.0,576550.0,4211375.0,4211675.0,1122.5899658203125,1228.068115234375,171.76355,73.52279
F01,67,59,8530.085115234722,576414.625,4211684.5,1148.103271484375,576250.0,576550.0,4211675.0,4211719.5,1128.1976318359375,1180.072265625,9.465637,60.95195
F01,68,34,36456.12948344825,576720.875,4204426.5,3774.5859375,576550.0,576850.0,4204238.0,4204475.0,3764.9716796875,3777.67529296875,141.73566,86.176994
F01,68,35,92161.70233120625,576680.875,4204652.0,3753.686767578125,576550.0,576850.0,4204475.0,4204775.0,3707.326171875,3777.38671875,145.5333,80.13798
F01,68,36,93562.89082860312,576729.8125,4204897.0,3715.01953125,576550.0,576850.0,4204775.0,4205075.0,3649.83837890625,3761.720947265625,140.59714,74.33705
F01,68,37,94813.57578039951,576690.6875,4205238.5,3625.696044921875,576550.0,576850.0,4205075.0,4205375.0,3564.52978515625,3697.021728515625,142.41864,72.12938
F01,68,38,94839.32339283622,576692.625,4205540.5,3548.343994140625,576550.0,576850.0,4205375.0,4205675.0,3488.92822265625,3627.32275390625,140.82388,71.46223
F01,68,39,94783.91814049539,576684.375,4205837.5,3467.81591796875,576550.0,576850.0,4205675.0,4205975.0,3408.697021484375,3544.3359375,146.75122,71.93307
F01,68,40,94849.47301176772,576687.3125,4206155.5,3378.669189453125,576550.0,576850.0,4205975.0,4206275.0,3323.71923828125,3459.858154296875,149.45996,71.56033
F01,68,41,95344.19277217766,576688.8125,4206425.5,3298.840087890625,576550.0,576850.0,4206275.0,4206575.0,3230.0341796875,3371.56494140625,151.01825,70.753174
F01,68,42,95586.98208488047,576676.125,4206732.5,3205.261474609375,576550.0,576850.0,4206575.0,4206875.0,3140.436279296875,3285.12890625,144.10486,70.58886
F01,68,43,95818.77675475665,576684.75,4207041.5,3119.597900390625,576550.0,576850.0,4206875.0,4207175.0,3046.865478515625,3206.28076171875,140.94672,69.739426
F01,68,44,99636.31732556362,576663.75,4207313.5,3023.471923828125,576550.0,576850.0,4207175.0,4207475.0,2925.49267578125,3118.322265625,142.68182,64.240585
F01,68,45,99136.79667905721,576681.25,4207609.0,2922.4580078125,576550.0,576850.0,4207475.0,4207775.0,2826.52734375,3021.742919921875,133.50745,65.358284
F01,68,46,104830.87816307077,576661.125,4207916.5,2802.615478515625,576550.0,576850.0,4207775.0,4208075.0,2679.99560546875,2927.03125,137.69873,58.801723
F01,68,47,107010.70425871521,576689.5625,4208243.0,2678.013671875,576550.0,576850.0,4208075.0,4208375.0,2550.7158203125,2820.365234375,128.70456,56.952934
F01,68,48,108578.08922702217,576685.6875,4208507.5,2567.13427734375,576550.0,576850.0,4208375.0,4208675.0,2424.5234375,2707.4443359375,127.39548,56.155834
F01,68,49,112483.2126236714,576669.125,4208810.5,2427.146728515625,576550.0,576850.0,4208675.0,4208975.0,2274.80517578125,2588.224853515625,129.70389,53.16035
F01,68,50,120772.99359850209,576665.3125,4209112.5,2260.880615234375,576550.0,576850.0,4208975.0,4209275.0,2080.064453125,2450.5263671875,134.84833,47.878944
F01,68,51,127689.25564742545,576676.25,4209434.0,2052.335205078125,576550.0,576850.0,4209275.0,4209575.0,1867.722900390625,2282.05224609375,135.9621,44.52442
F01,68,52,122515.62089637,576676.125,4209713.5,1873.8939208984375,576550.0,576850.0,4209575.0,4209875.0,1724.804443359375,2090.9921875,126.680145,48.081577
F01,68,53,113226.7101119848,576665.0,4210026.0,1705.63525390625,576550.0,576850.0,4209875.0,4210175.0,1604.9417724609375,1909.146484375,129.5766,53.747116
F01,68,54,100029.06681377905,576669.9375,4210336.0,1588.8878173828125,576550.0,576850.0,4210175.0,4210475.0,1526.9410400390625,1733.9718017578125,133.51953,66.98509
F01,68,55,96463.77994860707,576677.8125,4210636.5,1492.41943359375,576550.0,576850.0,4210475.0,4210775.0,1439.982421875,1581.2318115234375,174.81131,71.73491
F01,68,56,95503.39147366643,576688.4375,4210919.0,1406.4031982421875,576550.0,576850.0,4210775.0,4211075.0,1335.7242431640625,1457.2811279296875,164.16492,73.36941
F01,68,57,98599.16515805443,576696.9375,4211258.0,1288.521484375,576550.0,576850.0,4211075.0,4211375.0,1221.3575439453125,1392.9100341796875,153.93738,66.28386
F01,68,58,96361.18733305519,576688.125,4211505.0,1200.0950927734375,576550.0,576850.0,4211375.0,4211675.0,1144.2900390625,1273.38330078125,155.20676,72.63698
F01,68,59,21740.153699165403,576721.4375,4211706.5,1189.095703125,576550.0,576850.0,4211675.0,4211759.0,1156.2501220703125,1229.14306640625,11.300629,62.94387
F01,69,34,19.637236919889453,576852.375,4204473.0,3777.581298828125,576850.0,576857.125,4204469.5,4204475.0,3777.387451171875,3777.681640625,141.64853,86.2032
F01,69,35,57030.53689653253,576923.75,4204707.0,3768.6123046875,576850.0,577150.0,4204475.0,4204775.0,3761.720947265625,3777.9443359375,141.7673,86.31633
F01,69,36,93791.79527326302,576982.4375,4204922.0,3753.3056640625,576850.0,577150.0,4204775.0,4205075.0,3697.021728515625,3779.961669921875,136.24231,78.74866
F01,69,37,97831.7135444167,577001.1875,4205237.0,3704.84619140625,576850.0,577150.0,4205075.0,4205375.0,3627.32275390625,3785.39990234375,122.42706,69.575294
F01,69,38,98574.07793336434,576997.875,4205519.0,3637.240234375,576850.0,577150.0,4205375.0,4205675.0,3544.3359375,3728.108154296875,128.27234,65.787766
F01,69,39,98564.9575738731,577011.875,4205852.5,3547.522216796875,576850.0,577150.0,4205675.0,4205975.0,3459.858154296875,3646.18115234375,130.15503,65.85301
F01,69,40,98427.75828475869,577018.125,4206152.0,3460.161865234375,576850.0,577150.0,4205975.0,4206275.0,3371.56494140625,3558.31689453125,132.64243,65.874565
F01,69,41,97861.12261294668,577001.625,4206423.0,3373.785888671875,576850.0,577150.0,4206275.0,4206575.0,3285.12890625,3464.97705078125,133.34076,66.86093
F01,69,42,96728.07868669959,577018.6875,4206749.0,3286.629150390625,576850.0,577150.0,4206575.0,4206875.0,3206.28076171875,3374.79736328125,134.16183,68.41695
F01,69,43,97158.63240840846,576975.4375,4207019.5,3197.5400390625,576850.0,577150.0,4206875.0,4207175.0,3118.322265625,3287.30859375,138.72665,68.10233
F01,69,44,97117.46543058977,577015.375,4207376.5,3093.599853515625,576850.0,577150.0,4207175.0,4207475.0,3021.742919921875,3196.363037109375,143.9118,67.96685
F01,69,45,96820.40820915341,577001.6875,4207609.0,3015.490478515625,576850.0,577150.0,4207475.0,4207775.0,2927.03125,3092.7490234375,144.5597,68.664276
F01,69,46,97605.26445936217,577007.8125,4207935.5,2909.3603515625,576850.0,577150.0,4207775.0,4208075.0,2820.365234375,2994.988037109375,147.16452,67.784935
F01,69,47,98829.36633461269,576992.4375,4208267.5,2785.20654296875,576850.0,577150.0,4208075.0,4208375.0,2707.4443359375,2892.592041015625,149.96854,66.571915
F01,69,48,99531.03122294265,577001.9375,4208507.0,2694.8740234375,576850.0,577150.0,4208375.0,4208675.0,2588.224853515625,2778.45068359375,150.52328,65.7812
F01,69,49,101502.22070567218,577008.625,4208841.5,2562.87548828125,576850.0,577150.0,4208675.0,4208975.0,2450.5263671875,2664.218994140625,146.87134,63.35092
F01,69,50,106005.06848015767,577004.875,4209148.0,2417.01318359375,576850.0,577150.0,4208975.0,4209275.0,2282.05224609375,2547.049072265625,143.4235,58.41575
F01,69,51,113144.51739595014,577001.5,4209408.5,2274.14404296875,576850.0,577150.0,4209275.0,4209575.0,2090.9921875,2409.696044921875,139.63983,53.476486
F01,69,52,117469.00243628572,577010.875,4209710.5,2105.60498046875,576850.0,577150.0,4209575.0,4209875.0,1909.146484375,2255.4609375,136.21097,50.690292
F01,69,53,118193.26964270968,577011.1875,4210013.0,1925.1510009765625,576850.0,577150.0,4209875.0,4210175.0,1733.9718017578125,2084.832275390625,134.90686,50.00666
F01,69,54,115703.32812838789,577009.6875,4210318.5,1750.3919677734375,576850.0,577150.0,4210175.0,4210475.0,1581.2318115234375,1908.051513671875,131.96954,51.40656
F01,69,55,114075.30327683799,577001.0625,4210635.0,1582.453125,576850.0,577150.0,4210475.0,4210775.0,1439.3629150390625,1748.757568359375,131.6048,52.603592
F01,69,56,100647.3084483617,577032.875,4210901.0,1485.4757080078125,576850.0,577150.0,4210775.0,4211075.0,1392.9100341796875,1591.4039306640625,127.5712,62.09919
F01,69,57,99690.72999801156,577042.6875,4211180.0,1393.0892333984375,576850.0,577150.0,4211075.0,4211375.0,1273.38330078125,1460.2178955078125,154.2201,64.62153
F01,69,58,98550.72784920392,576983.8125,4211537.0,1235.9324951171875,576850.0,577150.0,4211375.0,4211675.0,1175.2642822265625,1325.8480224609375,159.57895,70.194695
F01,69,59,34698.02524518429,577019.25,4211722.0,1227.49462890625,576850.0,577150.0,4211675.0,4211798.5,1187.6617431640625,1278.2138671875,12.389679,64.222206
F01,70,35,3555.242431247235,577181.9375,4204750.5,3776.682861328125,577150.0,577245.875,4204701.0,4204775.0,3774.0732421875,3778.030517578125,141.72711,86.18769
F01,70,36,74081.3703429862,577254.625,4205002.5,3767.3125,577150.0,577450.0,4204775.0,4205075.0,3760.119384765625,3778.213623046875,141.55768,86.52147
F01,70,37,92541.1851583839,577339.4375,4205216.5,3760.5146484375,577150.0,577450.0,4205075.0,4205375.0,3728.108154296875,3784.169921875,144.69449,85.166115
F01,70,38,93317.18828268675,577322.4375,4205529.0,3708.042724609375,577150.0,577450.0,4205375.0,4205675.0,3646.18115234375,3759.89794921875,154.39246,75.08702
F01,70,39,94403.20353493954,577332.4375,4205830.5,3631.007568359375,577150.0,577450.0,4205675.0,4205975.0,3558.31689453125,3690.58203125,147.78851,72.48233
F01,70,40,95471.14805067715,577351.6875,4206160.0,3549.417724609375,577150.0,577450.0,4205975.0,4206275.0,3464.97705078125,3613.38427734375,141.34253,71.44831
F01,70,41,96991.20676640022,577330.875,4206405.5,3474.06787109375,577150.0,577450.0,4206275.0,4206575.0,3374.79736328125,3538.102783203125,138.65497,68.305885
F01,70,42,96689.61257205185,577321.4375,4206766.0,3364.546142578125,577150.0,577450.0,4206575.0,4206875.0,3287.30859375,3451.39501953125,138.58487,68.50327
F01,70,43,96744.97618993945,577333.4375,4207068.5,3278.819091796875,577150.0,577450.0,4206875.0,4207175.0,3196.363037109375,3365.0068359375,138.32785,68.50438
F01,70,44,98467.23697149428,577326.6875,4207325.0,3192.7548828125,577150.0,577450.0,4207175.0,4207475.0,3092.7490234375,3275.67333984375,143.21301,66.06418
F01,70,45,97576.19236965086,577329.75,4207641.5,3092.19970703125,577150.0,577450.0,4207475.0,4207775.0,2994.988037109375,3173.536376953125,137.01996,67.69719
F01,70,46,98646.97174643625,577344.6875,4207939.5,3000.383544921875,577150.0,577450.0,4207775.0,4208075.0,2892.592041015625,3081.171142578125,137.72333,65.88888
F01,70,47,100505.01081746677,577339.9375,4208253.5,2882.2763671875,577150.0,577450.0,4208075.0,4208375.0,2778.45068359375,2982.6064453125,144.35638,63.5229
F01,70,48,99858.97329280939,577304.1875,4208477.5,2780.529052734375,577150.0,577450.0,4208375.0,4208675.0,2664.218994140625,2862.201171875,146.50919,63.909573
F01,70,49,99905.579186182,577327.625,4208827.5,2642.321044921875,577150.0,577450.0,4208675.0,4208975.0,2547.049072265625,2733.215576171875,156.88245,64.34974
F01,70,50,101120.57326455643,577335.25,4209125.0,2503.87646484375,577150.0,577450.0,4208975.0,4209275.0,2409.696044921875,2595.18994140625,164.50635,63.245747
F01,70,51,102677.2892723731,577311.875,4209419.0,2350.070556640625,577150.0,577450.0,4209275.0,4209575.0,2255.4609375,2445.731201171875,170.03842,61.429256
F01,70,52,104929.77774767438,577314.625,4209723.5,2180.0966796875,577150.0,577450.0,4209575.0,4209875.0,2084.832275390625,2279.685791015625,175.08325,59.245632
F01,70,53,106494.70374395509,577311.625,4210016.0,1999.40625,577150.0,577450.0,4209875.0,4210175.0,1889.5003662109375,2095.885009765625,0.6806488,57.676086
F01,70,54,104196.03953468519,577311.125,4210314.0,1816.8870849609375,577150.0,577450.0,4210175.0,4210475.0,1714.4210205078125,1907.575439453125,9.2361145,60.080853
F01,70,55,102362.42680765386,577306.875,4210608.0,1658.673583984375,577150.0,577450.0,4210475.0,4210775.0,1555.1383056640625,1746.9556884765625,12.1978,61.6352
F01,70,56,98200.0241963467,577299.625,4210940.0,1501.8978271484375,577150.0,577450.0,4210775.0,4211075.0,1446.4749755859375,1589.7540283203125,14.172302,67.73108
F01,70,57,98317.8568129171,577252.25,4211144.5,1434.2918701171875,577150.0,577450.0,4211075.0,4211375.0,1325.8480224609375,1465.5374755859375,169.0716,69.78367
F01,70,58,99861.40422664894,577300.8125,4211538.0,1282.1690673828125,577150.0,577450.0,4211375.0,4211675.0,1211.778564453125,1378.1279296875,160.86124,66.65674
F01,70,59,47722.956849127964,577303.625,4211738.0,1264.9957275390625,577150.0,577450.0,4211675.0,4211838.5,1220.7784423828125,1327.28466796875,12.887756,64.95592
F01,71,36,13093.193544383854,577511.3125,4205027.5,3775.782958984375,577450.0,577634.0,4204933.0,4205075.0,3770.756103515625,3778.378662109375,141.73288,86.17319
F01,71,37,84945.00946982796,577552.3125,4205306.0,3766.16748046875,577450.0,577750.0,4205075.0,4205375.0,3759.89794921875,3778.482666015625,139.88455,87.3125
F01,71,38,93058.83783655248,577626.0,4205485.0,3751.1650390625,577450.0,577750.0,4205375.0,4205675.0,3690.58203125,3768.67333984375,153.11334,78.32573
F01,71,39,93888.55126086793,577599.25,4205812.5,3673.5654296875,577450.0,577750.0,4205675.0,4205975.0,3613.38427734375,3729.970947265625,153.37878,74.123604
F01,71,40,93878.05980683811,577617.1875,4206119.0,3598.819091796875,577450.0,577750.0,4205975.0,4206275.0,3538.102783203125,3656.193603515625,150.81415,74.00773
F01,71,41,94332.10896411024,577627.875,4206441.5,3515.066162109375,577450.0,577750.0,4206275.0,4206575.0,3451.39501953125,3580.356201171875,152.50604,72.5139
F01,71,42,94464.71127802774,577604.5,4206749.0,3427.05615234375,577450.0,577750.0,4206575.0,4206875.0,3365.0068359375,3497.8232421875,146.67758,72.37523
F01,71,43,95198.57839189429,577605.5625,4207012.5,3352.56005859375,577450.0,577750.0,4206875.0,4207175.0,3275.67333984375,3415.6533203125,150.418,70.78473
F01,71,44,96312.12451630509,577608.9375,4207333.5,3251.488525390625,577450.0,577750.0,4207175.0,4207475.0,3173.563720703125,3325.1572265625,153.46313,69.56431
F01,71,45,96132.5063951888,577613.25,4207643.0,3146.78759765625,577450.0,577750.0,4207475.0,4207775.0,3081.171142578125,3220.60791015625,159.57483,70.040924
F01,71,46,95226.66040067066,577594.9375,4207919.5,3054.123779296875,577450.0,577750.0,4207775.0,4208075.0,2982.6064453125,3120.17333984375,156.93317,70.80371
F01,71,47,98048.13807975475,577610.75,4208227.0,2946.58447265625,577450.0,577750.0,4208075.0,4208375.0,2862.201171875,3024.8583984375,161.36359,66.899536
F01,71,48,99300.34187534373,577622.0,4208540.5,2814.0302734375,577450.0,577750.0,4208375.0,4208675.0,2733.215576171875,2898.961669921875,164.65234,65.81175
F01,71,49,98917.75975932062,577608.8125,4208827.5,2690.960693359375,577450.0,577750.0,4208675.0,4208975.0,2595.18994140625,2770.15771484375,159.90106,65.84227
F01,71,50,101881.79762040134,577618.25,4209133.0,2557.85107421875,577450.0,577750.0,4208975.0,4209275.0,2445.731201171875,2658.485107421875,152.81885,62.286102
F01,71,51,106138.43209604255,577610.25,4209412.5,2412.604736328125,577450.0,577750.0,4209275.0,4209575.0,2279.685791015625,2526.0380859375,154.70212,58.229362
F01,71,52,109017.77597804394,577622.3125,4209730.0,2224.836181640625,577450.0,577750.0,4209575.0,4209875.0,2095.885009765625,2359.84423828125,160.84235,55.31883
F01,71,53,112546.76635651694,577620.0,4210020.0,2021.746826171875,577450.0,577750.0,4209875.0,4210175.0,1892.58984375,2152.16455078125,169.24963,52.685528
F01,71,54,106857.16368932757,577621.625,4210316.5,1816.6591796875,577450.0,577750.0,4210175.0,4210475.0,1712.4664306640625,1926.5015869140625,171.55493,57.560745
F01,71,55,101265.29682365022,577619.125,4210620.5,1644.9708251953125,577450.0,577750.0,4210475.0,4210775.0,1556.6846923828125,1729.576904296875,173.54425,62.68509
F01,71,56,98112.11213857809,577605.5,4210919.0,1506.427490234375,577450.0,577750.0,4210775.0,4211075.0,1441.0,1583.77392578125,168.43314,68.08408
F01,71,57,95583.81180518624,577622.8125,4211202.0,1440.8480224609375,577450.0,577750.0,4211075.0,4211375.0,1378.1280517578125,1475.0775146484375,149.02979,80.976974
F01,71,58,101184.07040125092,577610.8125,4211535.5,1330.92236328125,577450.0,577750.0,4211375.0,4211675.0,1248.2928466796875,1430.4925537109375,162.02164,63.791866
F01,71,59,60609.8501733031,577611.6875,4211758.5,1306.942626953125,577450.0,577750.0,4211675.0,4211878.0,1254.071044921875,1376.3553466796875,13.233765,65.38645
F01,72,37,28776.10975967383,577833.0625,4205334.5,3773.197998046875,577750.0,578022.8125,4205164.5,4205375.0,3768.674072265625,3778.727294921875,141.86957,86.38079
F01,72,38,90400.238619253,577900.8125,4205551.0,3765.936767578125,577750.0,578050.0,4205375.0,4205675.0,3729.970947265625,3778.751708984375,137.53717,85.32642
F01,72,39,94171.97922012037,577927.5625,4205785.0,3734.188720703125,577750.0,578050.0,4205675.0,4205975.0,3656.193603515625,3771.385009765625,138.37042,74.33601
F01,72,40,95097.97519573788,577900.375,4206127.5,3650.19287109375,577750.0,578050.0,4205975.0,4206275.0,3580.356201171875,3723.361083984375,139.56378,71.19033
F01,72,41,95308.30316894155,577891.1875,4206437.5,3563.256591796875,577750.0,578050.0,4206275.0,4206575.0,3497.8232421875,3643.888916015625,143.99084,70.628944
F01,72,42,95598.59108337553,577886.375,4206742.0,3476.925537109375,577750.0,578050.0,4206575.0,4206875.0,3415.6533203125,3559.025146484375,144.23389,70.88824
F01,72,43,96132.28997690152,577891.5625,4207033.0,3391.397705078125,577750.0,578050.0,4206875.0,4207175.0,3325.1572265625,3475.846435546875,147.41516,69.47275
F01,72,44,97751.72603920172,577891.6875,4207337.5,3290.600341796875,577750.0,578050.0,4207175.0,4207475.0,3220.60791015625,3384.2275390625,150.81836,67.35327
F01,72,45,96692.40900828266,577884.5625,4207612.0,3193.103759765625,577750.0,578050.0,4207475.0,4207775.0,3120.17333984375,3280.423095703125,149.7084,69.832695
F01,72,46,96675.09604718092,577891.625,4207933.5,3087.718505859375,577750.0,578050.0,4207775.0,4208075.0,3024.8583984375,3173.316162109375,156.88708,69.01168
F01,72,47,99157.33577075583,577890.375,4208226.0,2971.9453125,577750.0,578050.0,4208075.0,4208375.0,2894.912353515625,3059.932373046875,164.99371,65.12285
F01,72,48,98042.39246623525,577900.6875,4208552.5,2838.197998046875,577750.0,578050.0,4208375.0,4208675.0,2770.15771484375,2936.466796875,157.34009,66.998566
F01,72,49,97067.10596842325,577905.9375,4208808.5,2741.68701171875,577750.0,578050.0,4208675.0,4208975.0,2658.485107421875,2821.563720703125,156.58862,68.22386
F01,72,50,98487.43196576257,577891.1875,4209131.5,2615.637939453125,577750.0,578050.0,4208975.0,4209275.0,2526.0380859375,2697.6328125,160.04333,66.406525
F01,72,51,105225.82766529254,577910.3125,4209441.5,2467.66552734375,577750.0,578050.0,4209275.0,4209575.0,2359.84423828125,2576.99951171875,162.72125,59.4555
F01,72,52,111819.25430393012,577885.625,4209714.0,2295.506103515625,577750.0,578050.0,4209575.0,4209875.0,2152.16455078125,2417.874755859375,160.26794,54.352406
F01,72,53,116497.13354679642,577882.5625,4210015.5,2087.8115234375,577750.0,578050.0,4209875.0,4210175.0,1926.5015869140625,2240.385986328125,150.64832,52.167824
F01,72,54,117675.75693868478,577884.5625,4210311.5,1888.2620849609375,577750.0,578050.0,4210175.0,4210475.0,1729.576904296875,2067.11083984375,145.25125,50.810028
F01,72,55,112371.73962053323,577892.0,4210610.0,1718.993896484375,577750.0,578050.0,4210475.0,4210775.0,1583.77392578125,1880.6556396484375,134.82227,55.707115
F01,72,56,106840.46002899333,577885.25,4210902.0,1579.334228515625,577750.0,578050.0,4210775.0,4211075.0,1464.3369140625,1724.469970703125,136.3526,58.930016
F01,72,57,96422.3808263849,577919.4375,4211231.5,1485.2357177734375,577750.0,578050.0,4211075.0,4211375.0,1430.4925537109375,1574.9599609375,130.64697,74.218506
F01,72,58,102480.59073484925,577922.6875,4211511.5,1391.294921875,577750.0,578050.0,4211375.0,4211675.0,1284.80712890625,1482.786865234375,163.00171,61.472008
F01,72,59,73510.7843390009,577935.8125,4211767.5,1346.3819580078125,577750.0,578050.0,4211675.0,4211917.5,1287.396240234375,1425.4261474609375,14.035339,65.80414
F01,73,38,49060.990050019864,578143.25,4205624.0,3772.697998046875,578050.0,578350.0,4205396.0,4205675.0,3769.191162109375,3779.020751953125,141.99313,87.50471
F01,73,39,91073.09606890766,578194.0,4205857.5,3762.985595703125,578050.0,578350.0,4205675.0,4205975.0,3723.361083984375,3777.26513671875,131.32062,83.72772
F01,73,40,96738.23886356968,578199.8125,4206093.5,3733.8515625,578050.0,578350.0,4205975.0,4206275.0,3643.888916015625,3777.0869140625,123.85797,71.13725
F01,73,41,100037.20834778032,578190.0625,4206430.0,3650.1669921875,578050.0,578350.0,4206275.0,4206575.0,3559.025146484375,3755.5595703125,124.66412,64.089226
F01,73,42,100423.87711103765,578177.0625,4206743.0,3558.285888671875,578050.0,578350.0,4206575.0,4206875.0,3475.846435546875,3678.5869140625,123.52341,63.222603
F01,73,43,102262.30000722644,578190.3125,4207023.0,3486.714111328125,578050.0,578350.0,4206875.0,4207175.0,3384.2275390625,3601.637451171875,121.86725,61.873787
F01,73,44,103106.4444422976,578178.0,4207330.0,3383.7587890625,578050.0,578350.0,4207175.0,4207475.0,3280.423095703125,3517.19091796875,128.3482,60.58598
F01,73,45,104238.81426268043,578181.375,4207641.0,3270.34814453125,578050.0,578350.0,4207475.0,4207775.0,3173.316162109375,3410.662841796875,130.93182,59.402725
F01,73,46,103514.47899152161,578160.4375,4207934.0,3150.3349609375,578050.0,578350.0,4207775.0,4208075.0,3059.932373046875,3295.435791015625,133.19836,61.016796
F01,73,47,103523.73488035543,578184.9375,4208218.5,3048.99560546875,578050.0,578350.0,4208075.0,4208375.0,2936.466796875,3176.16162109375,136.11371,60.241184
F01,73,48,103018.04391163873,578169.625,4208542.0,2912.283935546875,578050.0,578350.0,4208375.0,4208675.0,2821.563720703125,3051.973876953125,136.49765,60.858376
F01,73,49,103660.29837625157,578169.3125,4208826.5,2794.62890625,578050.0,578350.0,4208675.0,4208975.0,2697.6328125,2929.296875,139.51831,60.21952
F01,73,50,104145.46475940496,578179.5,4209109.0,2681.374755859375,578050.0,578350.0,4208975.0,4209275.0,2576.99951171875,2808.6826171875,136.37296,60.72756
F01,73,51,106434.85261221547,578161.75,4209410.0,2546.11865234375,578050.0,578350.0,4209275.0,4209575.0,2417.874755859375,2684.262939453125,137.30264,57.88868
F01,73,52,114161.96716224076,578182.6875,4209730.0,2400.49658203125,578050.0,578350.0,4209575.0,4209875.0,2240.385986328125,2568.914306640625,130.7832,51.458645
F01,73,53,120782.6676071111,578184.375,4210050.0,2232.012939453125,578050.0,578350.0,4209875.0,4210175.0,2067.11083984375,2441.41943359375,126.934814,47.612144
F01,73,54,126745.81220901753,578174.5625,4210314.5,2075.802978515625,578050.0,578350.0,4210175.0,4210475.0,1880.6556396484375,2292.36328125,125.99887,45.283283
F01,73,55,124677.04323603341,578183.9375,4210626.0,1902.411865234375,578050.0,578350.0,4210475.0,4210775.0,1724.469970703125,2123.875244140625,126.52496,46.455936
F01,73,56,118436.50803410864,578188.875,4210912.5,1743.7510986328125,578050.0,578350.0,4210775.0,4211075.0,1574.9599609375,1937.1390380859375,130.47293,49.542175
F01,73,57,110494.54639542972,578162.5,4211260.5,1563.6412353515625,578050.0,578350.0,4211075.0,4211375.0,1479.280029296875,1747.835693359375,134.05072,57.041225
F01,73,58,104847.75275765636,578162.625,4211474.5,1451.6480712890625,578050.0,578350.0,4211375.0,4211675.0,1323.747314453125,1555.0999755859375,159.69336,59.702263
F01,73,59,87042.39466998799,578194.0625,4211764.5,1374.723388671875,578050.0,578350.0,4211675.0,4211957.0,1321.3214111328125,1474.4969482421875,14.1474,66.47599
F01,74,38,1435.238550854847,578370.3125,4205659.5,3778.215087890625,578350.0,578410.9375,4205628.0,4205675.0,3776.549072265625,3779.075439453125,141.74854,86.169106
F01,74,39,68038.74380398534,578433.4375,4205909.5,3775.249755859375,578350.0,578650.0,4205675.0,4205975.0,3771.021240234375,3779.289794921875,19.243057,89.77292
F01,74,40,90735.92282905725,578475.625,4206148.5,3774.346923828125,578350.0,578650.0,4205975.0,4206275.0,3755.5595703125,3783.14501953125,100.05127,88.85521
F01,74,41,94221.49760158348,578501.3125,4206400.5,3747.74072265625,578350.0,578650.0,4206275.0,4206575.0,3678.5869140625,3783.14501953125,154.37357,75.58791
F01,74,42,94601.28349146593,578497.3125,4206717.5,3670.286865234375,578350.0,578650.0,4206575.0,4206875.0,3601.637451171875,3727.219970703125,149.17578,73.70192
F01,74,43,94982.65760172968,578499.5,4207052.0,3586.407470703125,578350.0,578650.0,4206875.0,4207175.0,3517.19091796875,3654.84716796875,143.73224,72.51153
F01,74,44,98116.45960175036,578522.375,4207318.0,3510.40283203125,578350.0,578650.0,4207175.0,4207475.0,3410.662841796875,3583.544189453125,147.10971,67.54604
F01,74,45,99099.12750479883,578514.5,4207637.5,3394.607421875,578350.0,578650.0,4207475.0,4207775.0,3295.435791015625,3484.68603515625,145.70535,65.924446
F01,74,46,100181.7153869286,578497.9375,4207960.0,3266.098388671875,578350.0,578650.0,4207775.0,4208075.0,3176.16162109375,3377.9072265625,145.08005,64.496735
F01,74,47,100857.23689413744,578492.5,4208239.5,3153.686767578125,578350.0,578650.0,4208075.0,4208375.0,3051.973876953125,3262.08056640625,143.78238,63.473244
F01,74,48,101396.50243872001,578491.5,4208541.5,3033.651123046875,578350.0,578650.0,4208375.0,4208675.0,2929.296875,3147.142333984375,139.79865,62.581665
F01,74,49,102118.6680611242,578522.625,4208811.5,2933.7548828125,578350.0,578650.0,4208675.0,4208975.0,2808.6826171875,3034.120361328125,141.03415,61.749546
F01,74,50,101743.25566058399,578502.375,4209133.0,2796.407958984375,578350.0,578650.0,4208975.0,4209275.0,2684.262939453125,2905.680908203125,140.98273,62.43774
F01,74,51,101665.55277102326,578520.5625,4209402.0,2694.716552734375,578350.0,578650.0,4209275.0,4209575.0,2568.914306640625,2786.30078125,138.61383,62.7787
F01,74,52,101686.40173101972,578508.9375,4209713.0,2573.139892578125,578350.0,578650.0,4209575.0,4209875.0,2441.41943359375,2670.208251953125,135.46649,62.648636
F01,74,53,108663.08266971433,578507.75,4210016.0,2448.44189453125,578350.0,578650.0,4209875.0,4210175.0,2292.36328125,2568.73974609375,136.40329,56.8769
F01,74,54,111446.50044250194,578505.8125,4210327.5,2290.10791015625,578350.0,578650.0,4210175.0,4210475.0,2123.875244140625,2436.79931640625,137.37598,54.234894
F01,74,55,118422.2936248669,578506.1875,4210637.0,2115.993896484375,578350.0,578650.0,4210475.0,4210775.0,1937.1390380859375,2284.798095703125,136.92755,50.249687
F01,74,56,119251.01307680711,578515.5,4210942.5,1923.1878662109375,578350.0,578650.0,4210775.0,4211075.0,1747.835693359375,2113.101806640625,140.07037,49.180367
F01,74,57,117640.97056136886,578500.125,4211225.5,1732.8134765625,578350.0,578650.0,4211075.0,4211375.0,1555.0999755859375,1907.735107421875,140.8793,49.913727
F01,74,58,118133.96775885677,578503.375,4211510.5,1543.0279541015625,578350.0,578650.0,4211375.0,4211675.0,1373.3785400390625,1715.78759765625,145.31851,49.852467
F01,74,59,101599.92958095364,578514.75,4211783.0,1433.6434326171875,578350.0,578650.0,4211675.0,4211975.0,1357.835693359375,1512.5657958984375,31.36676,70.08147
F01,74,60,2088.360640279854,578583.6875,4211981.5,1508.82275390625,578482.9375,578650.0,4211975.0,4211997.0,1496.237060546875,1523.567626953125,11.02475,62.935936
F01,75,39,8663.580581965649,578682.5625,4205954.0,3775.764404296875,578650.0,578799.6875,4205859.5,4205975.0,3773.69287109375,3779.42431640625,141.82495,86.27768
F01,75,40,81391.89376765517,578760.3125,4206163.0,3777.97021484375,578650.0,578950.0,4205975.0,4206275.0,3772.85107421875,3783.8916015625,156.89081,88.852905
F01,75,41,91897.19176413206,578816.5625,4206419.5,3772.944091796875,578650.0,578950.0,4206275.0,4206575.0,3727.219970703125,3787.800048828125,151.22699,84.42065
F01,75,42,93683.04333748268,578830.0,4206713.0,3716.934326171875,578650.0,578950.0,4206575.0,4206875.0,3654.84716796875,3766.85986328125,154.19507,73.655334
F01,75,43,93280.0146225657,578847.3125,4207049.0,3630.95166015625,578650.0,578950.0,4206875.0,4207175.0,3583.544189453125,3686.08447265625,161.75018,74.73777
F01,75,44,94642.54017256874,578825.3125,4207331.5,3548.19580078125,578650.0,578950.0,4207175.0,4207475.0,3484.68603515625,3604.656494140625,166.87271,72.22972
F01,75,45,96200.86122385346,578808.1875,4207626.0,3445.956787109375,578650.0,578950.0,4207475.0,4207775.0,3377.9072265625,3513.3603515625,167.08276,69.28989
F01,75,46,96050.10145523469,578824.1875,4207899.5,3347.39306640625,578650.0,578950.0,4207775.0,4208075.0,3262.08056640625,3400.92626953125,166.1784,69.93595
F01,75,47,98310.04136817431,578822.8125,4208237.5,3217.079833984375,578650.0,578950.0,4208075.0,4208375.0,3147.142333984375,3296.7314453125,168.20886,66.09478
F01,75,48,95620.69040995197,578848.875,4208494.5,3116.998779296875,578650.0,578950.0,4208375.0,4208675.0,3034.120361328125,3164.17236328125,169.48218,70.93897
F01,75,49,98358.76549593097,578814.375,4208823.0,2990.3310546875,578650.0,578950.0,4208675.0,4208975.0,2905.680908203125,3062.418701171875,164.28528,66.45043
F01,75,50,97399.27114707616,578836.3125,4209138.0,2864.409423828125,578650.0,578950.0,4208975.0,4209275.0,2786.30078125,2940.372802734375,162.3158,67.60989
F01,75,51,96891.65210397675,578800.9375,4209411.5,2756.67626953125,578650.0,578950.0,4209275.0,4209575.0,2670.208251953125,2826.172607421875,158.09949,68.26762
F01,75,52,96063.70766688118,578815.75,4209711.5,2652.546142578125,578650.0,578950.0,4209575.0,4209875.0,2568.73974609375,2719.718994140625,151.81812,69.564285
F01,75,53,98110.1589464937,578822.75,4210033.0,2549.903076171875,578650.0,578950.0,4209875.0,4210175.0,2436.79931640625,2620.0771484375,146.22632,68.173195
F01,75,54,105276.74164730638,578829.9375,4210296.5,2438.157470703125,578650.0,578950.0,4210175.0,4210475.0,2284.798095703125,2526.473876953125,146.27206,58.735695
F01,75,55,106853.01881896205,578827.1875,4210621.0,2274.546875,578650.0,578950.0,4210475.0,4210775.0,2113.101806640625,2378.65185546875,143.05634,58.156265
F01,75,56,117669.5143873032,578822.9375,4210944.0,2089.575927734375,578650.0,578950.0,4210775.0,4211075.0,1907.735107421875,2246.823486328125,139.1983,50.461132
F01,75,57,121547.01416321908,578840.1875,4211237.5,1904.863037109375,578650.0,578950.0,4211075.0,4211375.0,1715.78759765625,2079.790771484375,142.14844,48.675804
F01,75,58,124966.90623059715,578811.5,4211516.5,1680.6575927734375,578650.0,578950.0,4211375.0,4211675.0,1476.8447265625,1869.5,148.8172,47.00965
F01,75,59,106963.3483357331,578809.0625,4211798.5,1513.466064453125,578650.0,578950.0,4211675.0,4211975.0,1418.2249755859375,1642.772705078125,109.49722,67.178505
F01,75,60,13945.010210752236,578787.9375,4211997.0,1537.266357421875,578650.0,578950.0,4211975.0,4212036.5,1512.56591796875,1572.638427734375,12.416336,64.4019
F01,76,40,21969.46995110368,579035.75,4206238.0,3776.775634765625,578950.0,579188.4375,4206091.0,4206275.0,3774.68115234375,3779.77294921875,140.84113,88.192024
F01,76,41,88899.16490358028,579114.6875,4206445.5,3778.202392578125,578950.0,579250.0,4206275.0,4206575.0,3766.85986328125,3786.550048828125,80.94342,89.1091
F01,76,42,93490.10789186854,579147.1875,4206710.0,3743.184326171875,578950.0,579250.0,4206575.0,4206875.0,3686.08447265625,3782.66748046875,166.43689,74.31875
F01,76,43,93397.49634917598,579103.875,4207014.0,3657.874755859375,578950.0,579250.0,4206875.0,4207175.0,3604.656494140625,3705.538818359375,167.16586,74.602745
F01,76,44,94160.63172809995,579107.25,4207323.0,3571.06640625,578950.0,579250.0,4207175.0,4207475.0,3513.3603515625,3623.842041015625,166.62372,72.954254
F01,76,45,96303.65728014913,579118.375,4207603.5,3479.579833984375,578950.0,579250.0,4207475.0,4207775.0,3400.92626953125,3535.499267578125,167.46448,69.28575
F01,76,46,95443.69623436478,579100.875,4207922.0,3363.308837890625,578950.0,579250.0,4207775.0,4208075.0,3296.727783203125,3427.16748046875,164.23132,70.651276
F01,76,47,99114.89107021935,579094.25,4208207.5,3255.2822265625,578950.0,579250.0,4208075.0,4208375.0,3164.17236328125,3328.953125,166.8563,65.19852
F01,76,48,97312.85195620447,579117.6875,4208518.5,3128.27978515625,578950.0,579250.0,4208375.0,4208675.0,3057.9814453125,3198.093505859375,165.32129,69.35646
F01,76,49,97724.5123159243,579098.75,4208825.0,3010.040771484375,578950.0,579250.0,4208675.0,4208975.0,2940.372802734375,3087.603759765625,168.93616,67.28738
F01,76,50,97128.51904754294,579104.0,4209120.5,2899.263427734375,578950.0,579250.0,4208975.0,4209275.0,2826.172607421875,2979.629638671875,158.39801,69.50445
F01,76,51,96844.17660347301,579114.3125,4209427.5,2792.839111328125,578950.0,579250.0,4209275.0,4209575.0,2719.718994140625,2876.866943359375,158.24628,68.339554
F01,76,52,96222.31591498066,579112.25,4209726.0,2686.586669921875,578950.0,579250.0,4209575.0,4209875.0,2620.0771484375,2759.944091796875,158.94183,69.6202
F01,76,53,95485.02339543264,579102.875,4210051.5,2578.376220703125,578950.0,579250.0,4209875.0,4210175.0,2526.473876953125,2658.4228515625,161.07434,71.20907
F01,76,54,98989.65983777816,579095.4375,4210300.5,2488.063720703125,578950.0,579250.0,4210175.0,4210475.0,2378.65185546875,2562.437255859375,155.57843,66.23962
F01,76,55,100752.45349747156,579100.5625,4210617.5,2365.125732421875,578950.0,579250.0,4210475.0,4210775.0,2246.823486328125,2462.938720703125,143.29666,63.593647
F01,76,56,105445.10273066569,579103.0625,4210922.5,2231.010498046875,578950.0,579250.0,4210775.0,4211075.0,2079.790771484375,2338.71826171875,141.89978,59.40127
F01,76,57,114475.81330071027,579117.1875,4211221.5,2077.195556640625,578950.0,579250.0,4211075.0,4211375.0,1869.5,2202.521484375,137.11511,52.37327
F01,76,58,131157.9488174831,579106.8125,4211510.5,1892.158447265625,578950.0,579250.0,4211375.0,4211675.0,1642.772705078125,2054.068359375,132.23181,43.780815
F01,76,59,129266.73408940928,579093.6875,4211833.0,1662.753173828125,578950.0,579250.0,4211675.0,4211975.0,1519.625,1877.006103515625,134.79956,45.92701
F01,76,60,28071.37892919605,579129.625,4212015.5,1591.4971923828125,578950.0,579250.0,4211975.0,4212076.5,1543.8096923828125,1653.23876953125,53.85791,75.980675
F01,77,41,40991.51826875002,579408.875,4206505.5,3778.80908203125,579250.0,579550.0,4206322.5,4206575.0,3776.51123046875,3781.66455078125,155.22446,89.33373
F01,77,42,93001.23859785416,579436.4375,4206707.0,3760.992431640625,579250.0,579550.0,4206575.0,4206875.0,3705.538818359375,3782.43994140625,162.00055,79.395546
F01,77,43,94162.50247328226,579398.0,4207043.0,3674.83251953125,579250.0,579550.0,4206875.0,4207175.0,3623.842041015625,3743.619384765625,157.40848,72.69065
F01,77,44,94416.33237598593,579403.0,4207300.5,3600.0986328125,579250.0,579550.0,4207175.0,4207475.0,3535.499267578125,3652.677001953125,163.34875,72.70507
F01,77,45,95279.30818185007,579397.125,4207639.0,3492.512939453125,579250.0,579550.0,4207475.0,4207775.0,3427.16748046875,3561.169677734375,163.30115,70.50868
F01,77,46,95567.93145018828,579386.875,4207930.0,3394.2578125,579250.0,579550.0,4207775.0,4208075.0,3328.953125,3464.5859375,156.78613,70.54861
F01,77,47,98372.32055394132,579419.375,4208239.0,3289.54248046875,579250.0,579550.0,4208075.0,4208375.0,3198.093505859375,3374.8173828125,153.49454,66.16302
F01,77,48,97626.42274527524,579401.75,4208513.5,3183.478271484375,579250.0,579550.0,4208375.0,4208675.0,3087.603759765625,3265.074462890625,145.71814,67.39085
F01,77,49,98719.55890611128,579394.875,4208818.5,3077.333251953125,579250.0,579550.0,4208675.0,4208975.0,2979.629638671875,3164.06201171875,138.96039,66.02105
F01,77,50,100095.15245714573,579392.625,4209123.0,2969.67578125,579250.0,579550.0,4208975.0,4209275.0,2876.866943359375,3074.2314453125,141.33875,64.479294
F01,77,51,101138.28531496118,579376.5625,4209410.5,2860.63720703125,579250.0,579550.0,4209275.0,4209575.0,2759.944091796875,2967.9912109375,136.8667,63.90225
F01,77,52,101044.41008989088,579378.375,4209734.5,2747.426513671875,579250.0,579550.0,4209575.0,4209875.0,2658.4228515625,2872.14306640625,134.33188,63.211697
F01,77,53,100044.98489724469,579397.8125,4210014.0,2661.893310546875,579250.0,579550.0,4209875.0,4210175.0,2562.437255859375,2757.465576171875,129.75104,65.15495
F01,77,54,100998.67048990095,579395.25,4210318.0,2558.876708984375,579250.0,579550.0,4210175.0,4210475.0,2462.938720703125,2679.1064453125,138.2168,63.089046
F01,77,55,103666.797198443,579388.375,4210616.0,2441.93896484375,579250.0,579550.0,4210475.0,4210775.0,2338.71826171875,2550.744384765625,142.43143,61.554386
F01,77,56,103155.77640396677,579404.0,4210946.5,2299.353759765625,579250.0,579550.0,4210775.0,4211075.0,2202.521484375,2436.433349609375,145.02628,60.20847
F01,77,57,104025.71100552351,579384.0,4211198.5,2179.16748046875,579250.0,579550.0,4211075.0,4211375.0,2054.068359375,2297.175048828125,141.95972,60.76722
F01,77,58,107704.446545085,579399.1875,4211536.0,2025.8294677734375,579250.0,579550.0,4211375.0,4211675.0,1877.006103515625,2165.839599609375,141.04993,56.33458
F01,77,59,119689.86125427033,579382.4375,4211813.5,1850.64697265625,579250.0,579550.0,4211675.0,4211975.0,1653.23876953125,2018.8797607421875,141.72131,49.186626
F01,77,60,50482.837020849,579371.875,4212024.0,1697.9453125,579250.0,579550.0,4211975.0,4212111.0,1605.4525146484375,1835.63232421875,142.4714,47.933853
F01,78,41,272.8845869256628,579558.8125,4206568.5,3779.7431640625,579550.0,579576.5625,4206554.5,4206575.0,3779.01123046875,3780.12109375,141.71222,86.14602
F01,78,42,61987.82051195982,579680.0625,4206776.5,3770.8603515625,579550.0,579850.0,4206575.0,4206875.0,3743.619384765625,3781.47998046875,147.79654,83.37892
F01,78,43,94493.49959546939,579664.4375,4207049.5,3706.162841796875,579550.0,579850.0,4206875.0,4207175.0,3652.677001953125,3767.0537109375,157.21835,71.95456
F01,78,44,95044.16490881248,579662.875,4207313.0,3624.936767578125,579550.0,579850.0,4207175.0,4207475.0,3561.169677734375,3695.53759765625,156.8628,71.48772
F01,78,45,94676.8875079596,579688.5,4207599.5,3540.48046875,579550.0,579850.0,4207475.0,4207775.0,3464.5859375,3598.935302734375,154.90894,71.70899
F01,78,46,95221.33200069272,579692.625,4207937.5,3442.22314453125,579550.0,579850.0,4207775.0,4208075.0,3374.8173828125,3514.24169921875,148.32898,70.988556
F01,78,47,97001.656474417,579672.25,4208222.5,3346.3369140625,579550.0,579850.0,4208075.0,4208375.0,3265.051025390625,3431.38623046875,150.23969,67.8389
F01,78,48,97121.12756390238,579660.8125,4208529.5,3239.262939453125,579550.0,579850.0,4208375.0,4208675.0,3164.06201171875,3333.02880859375,145.16043,67.83771
F01,78,49,95932.27900205935,579688.75,4208854.0,3144.289306640625,579550.0,579850.0,4208675.0,4208975.0,3074.2314453125,3234.48779296875,143.2323,70.177605
F01,78,50,97712.56464241382,579646.25,4209124.0,3050.46484375,579550.0,579850.0,4208975.0,4209275.0,2967.9912109375,3140.123779296875,142.66159,67.67791
F01,78,51,98082.4248990756,579685.1875,4209449.0,2956.321533203125,579550.0,579850.0,4209275.0,4209575.0,2872.14306640625,3048.055419921875,140.6878,68.32958
F01,78,52,100002.55240286003,579666.4375,4209735.0,2852.95703125,579550.0,579850.0,4209575.0,4209875.0,2757.465576171875,2954.7314453125,140.45203,63.581764
F01,78,53,98883.3857750571,579698.375,4210042.0,2761.481689453125,579550.0,579850.0,4209875.0,4210175.0,2679.1064453125,2857.771728515625,131.86801,68.49741
F01,78,54,103394.1340206108,579691.25,4210329.0,2650.622314453125,579550.0,579850.0,4210175.0,4210475.0,2550.744384765625,2751.27880859375,148.97028,61.6474
F01,78,55,97667.71586151082,579720.5,4210614.0,2548.34228515625,579550.0,579850.0,4210475.0,4210775.0,2436.433349609375,2629.801025390625,144.71155,67.81483
F01,78,56,103798.58505357089,579682.1875,4210950.5,2400.474853515625,579550.0,579850.0,4210775.0,4211075.0,2297.175048828125,2513.42431640625,148.52106,60.824394
F01,78,57,102748.56413519633,579676.625,4211228.5,2271.949951171875,579550.0,579850.0,4211075.0,4211375.0,2165.839599609375,2390.86181640625,147.7648,61.819725
F01,78,58,102963.56589517096,579666.4375,4211521.5,2132.33349609375,579550.0,579850.0,4211375.0,4211675.0,2018.8797607421875,2247.18359375,151.28433,61.679726
F01,78,59,107509.51108546813,579663.3125,4211832.5,1966.8658447265625,579550.0,579850.0,4211675.0,4211975.0,1835.63232421875,2098.229736328125,153.34174,57.211918
F01,78,60,59315.02585241788,579667.9375,4212027.5,1843.4217529296875,579550.0,579850.0,4211975.0,4212133.5,1722.3299560546875,1933.885009765625,154.50409,48.738674
F01,79,42,2843.767132020787,579860.375,4206823.0,3776.25732421875,579850.0,579887.5,4206786.0,4206875.0,3767.0537109375,3780.52001953125,161.9094,80.01481
F01,79,43,11596.702902848834,579869.25,4207053.5,3728.458251953125,579850.0,579887.5,4206875.0,4207175.0,3695.53759765625,3768.3408203125,163.02698,76.80789
F01,79,44,11945.735254488804,579870.8125,4207347.0,3643.545654296875,579850.0,579887.5,4207175.0,4207475.0,3598.935302734375,3701.327392578125,154.39566,70.34912
F01,79,45,11792.955505178896,579865.0,4207595.0,3566.61865234375,579850.0,579887.5,4207475.0,4207775.0,3514.24169921875,3604.718505859375,154.33752,72.657295
F01,79,46,11757.093542997005,579868.5625,4207957.5,3466.8359375,579850.0,579887.5,4207775.0,4208075.0,3431.38623046875,3519.09375,152.96094,72.938126
F01,79,47,12070.073071235094,579867.125,4208193.5,3396.386474609375,579850.0,579887.5,4208075.0,4208375.0,3333.02880859375,3437.328369140625,149.61783,69.294785
F01,79,48,12098.254320725899,579869.4375,4208547.0,3280.998779296875,579850.0,579887.5,4208375.0,4208675.0,3234.48779296875,3341.2890625,146.11536,68.4148
F01,79,49,12030.010165020922,579864.875,4208832.0,3187.27587890625,579850.0,579887.5,4208675.0,4208975.0,3140.123779296875,3242.763671875,146.55515,69.12426
F01,79,50,11926.425537379366,579871.5,4209147.0,3091.221923828125,579850.0,579887.5,4208975.0,4209275.0,3048.055419921875,3146.590576171875,150.6954,70.61088
F01,79,51,11945.365910660654,579867.5,4209452.5,2996.335205078125,579850.0,579887.5,4209275.0,4209575.0,2954.7314453125,3054.510009765625,150.02972,70.34021
F01,79,52,12011.432223092585,579871.875,4209747.0,2903.445556640625,579850.0,579887.5,4209575.0,4209875.0,2857.771728515625,2961.795166015625,149.75989,69.48868
F01,79,53,12189.953804806453,579864.625,4210023.0,2808.954833984375,579850.0,579887.5,4209875.0,4210175.0,2751.27880859375,2864.835205078125,153.81827,68.273994
F01,79,54,12241.3597972315,579869.6875,4210347.0,2684.65869140625,579850.0,579887.5,4210175.0,4210475.0,2629.801025390625,2756.559814453125,160.60864,66.7775
F01,79,55,12223.89444387663,579863.375,4210592.5,2585.23486328125,579850.0,579887.5,4210475.0,4210775.0,2513.42431640625,2635.177734375,157.77759,67.29725
F01,79,56,12228.979418503386,579868.4375,4210974.5,2436.5771484375,579850.0,579887.5,4210775.0,4211075.0,2390.86181640625,2517.677734375,156.10944,66.49193
F01,79,57,12740.066088183765,579867.5625,4211227.0,2322.56298828125,579850.0,579887.5,4211075.0,4211375.0,2247.18359375,2399.945068359375,154.35233,61.94415
F01,79,58,12765.043091673993,579865.3125,4211512.0,2183.2470703125,579850.0,579887.5,4211375.0,4211675.0,2098.229736328125,2255.695556640625,158.57068,61.719643
F01,79,59,12978.234341203703,579866.8125,4211839.0,2013.217041015625,579850.0,579887.5,4211675.0,4211975.0,1933.885009765625,2104.562255859375,164.16324,60.50817
F01,79,60,7182.2325324873245,579866.0625,4212050.0,1890.2197265625,579850.0,579887.5,4211975.0,4212136.0,1830.8699951171875,1940.4481201171875,159.80042,56.43974
F02,5,22,7157.722866132557,557836.5625,4200866.0,3597.05419921875,557762.5,557950.0,4200806.5,4200875.0,3590.89892578125,3610.900146484375,34.19583,79.5951
F02,5,23,56872.62452679316,557868.0,4201034.5,3583.23974609375,557762.5,557950.0,4200875.0,4201175.0,3570.1259765625,3609.534423828125,165.11658,85.90846
F02,5,24,56571.89906294338,557873.1875,4201304.5,3563.5654296875,557762.5,557950.0,4201175.0,4201475.0,3542.781005859375,3575.6201171875,31.138382,84.28847
F02,5,25,56719.650565631564,557876.375,4201610.5,3535.214111328125,557762.5,557950.0,4201475.0,4201775.0,3509.36376953125,3555.5146484375,34.779816,82.98896
F02,5,26,57080.8846535475,557865.1875,4201915.5,3499.921630859375,557762.5,557950.0,4201775.0,4202075.0,3469.725830078125,3525.61669921875,41.195374,80.56854
F02,5,27,56749.53963582342,557867.625,4202218.5,3465.36474609375,557762.5,557950.0,4202075.0,4202375.0,3444.792724609375,3491.67138671875,36.675323,82.622635
F02,5,28,57296.14970862816,557864.125,4202559.5,3425.17236328125,557762.5,557950.0,4202375.0,4202675.0,3401.130126953125,3456.215576171875,38.654907,80.71599
F02,5,29,57044.349558576934,557877.75,4202858.0,3388.03955078125,557762.5,557950.0,4202675.0,4202975.0,3370.821533203125,3424.85791015625,41.494537,81.22545
F02,5,30,57095.53390981651,557886.8125,4203119.0,3352.200927734375,557762.5,557950.0,4202975.0,4203275.0,3323.62158203125,3382.249267578125,18.111145,80.68812
F02,5,31,57072.30822597258,557884.0,4203418.0,3306.559814453125,557762.5,557950.0,4203275.0,4203575.0,3279.2197265625,3332.90673828125,2.2335815,82.6153
F02,5,32,57861.78867460312,557885.125,4203764.5,3252.601318359375,557762.5,557950.0,4203575.0,4203875.0,3223.821044921875,3292.15283203125,173.41992,78.55645
F02,5,33,57135.272410488615,557883.375,4203990.5,3209.357421875,557762.5,557950.0,4203875.0,4204175.0,3179.576904296875,3236.897216796875,5.240906,81.32911
F02,5,34,59453.49865112392,557864.0,4204338.0,3136.264404296875,557762.5,557950.0,4204175.0,4204475.0,3086.917236328125,3184.2724609375,174.24426,72.83378
F02,5,35,58555.05786888711,557878.5625,4204629.5,3053.6845703125,557762.5,557950.0,4204475.0,4204775.0,3013.072265625,3103.17578125,11.414124,75.136284
F02,5,36,57860.654379427775,557887.875,4204954.5,2976.548583984375,557762.5,557950.0,4204775.0,4205075.0,2944.08251953125,3026.210205078125,5.1978455,77.12947
F02,5,37,59077.239467349114,557861.875,4205205.0,2906.615478515625,557762.5,557950.0,4205075.0,4205375.0,2850.781005859375,2949.592529296875,177.9078,72.238556
F02,5,38,59894.416763867426,557874.75,4205527.5,2799.3369140625,557762.5,557950.0,4205375.0,4205675.0,2738.528076171875,2852.260986328125,175.27158,70.41441
F02,5,39,61543.82172151207,557886.4375,4205849.0,2670.53564453125,557762.5,557950.0,4205675.0,4205975.0,2609.38525390625,2749.664794921875,173.98157,66.24247
F02,5,40,60658.25691486397,557871.5625,4206104.0,2561.723388671875,557762.5,557950.0,4205975.0,4206275.0,2491.37744140625,2618.5224609375,176.12909,68.0165
F02,5,41,60796.03659694158,557878.125,4206434.0,2428.572998046875,557762.5,557950.0,4206275.0,4206575.0,2366.56396484375,2495.083251953125,3.1949768,67.712456
F02,5,42,60881.318714522684,557880.8125,4206719.5,2311.3583984375,557762.5,557950.0,4206575.0,4206875.0,2243.649658203125,2375.157470703125,9.248154,67.66138
F02,5,43,60355.08078348158,557865.75,4207023.5,2195.40234375,557762.5,557950.0,4206875.0,4207175.0,2127.752197265625,2261.3740234375,18.976135,68.7427
F02,5,44,62034.21502201088,557872.5625,4207321.5,2076.370849609375,557762.5,557950.0,4207175.0,4207475.0,1998.689697265625,2154.06298828125,21.381577,65.76304
F02,5,45,61566.90486109955,557884.1875,4207642.5,1945.02880859375,557762.5,557950.0,4207475.0,4207775.0,1880.1307373046875,2037.4991455078125,24.430176,66.290596
F02,5,46,64432.55928573002,557879.5625,4207942.5,1804.1846923828125,557762.5,557950.0,4207775.0,4208075.0,1715.7239990234375,1907.5648193359375,22.14096,60.32754
F02,5,47,65925.66521526476,557886.1875,4208227.5,1647.0247802734375,557762.5,557950.0,4208075.0,4208375.0,1556.9000244140625,1761.082275390625,22.595123,59.048
F02,5,48,62387.98820438524,557889.875,4208518.0,1502.1142578125,557762.5,557950.0,4208375.0,4208675.0,1429.1514892578125,1589.7720947265625,10.5589905,65.5792
F02,5,49,62024.21697078457,557889.75,4208837.0,1359.34228515625,557762.5,557950.0,4208675.0,4208975.0,1293.9566650390625,1436.9180908203125,2.1900482,65.215324
F02,5,50,61525.673143113,557875.8125,4209114.5,1233.849609375,557762.5,557950.0,4208975.0,4209275.0,1161.3680419921875,1299.340087890625,3.9501953,66.16459
F02,5,51,10192.797597733066,557878.0,4209297.0,1154.011962890625,557762.5,557950.0,4209275.0,4209335.5,1138.7333984375,1167.0400390625,3.9268188,67.938034
F02,6,22,36412.257417277964,558100.0,4200824.5,3617.534912109375,557950.0,558250.0,4200705.5,4200875.0,3599.6572265625,3641.355224609375,31.114655,78.85171
F02,6,23,94346.6392321775,558118.0,4201032.0,3584.774658203125,557950.0,558250.0,4200875.0,4201175.0,3548.73291015625,3641.780029296875,0.58950806,77.81684
F02,6,24,90666.98826814974,558097.4375,4201325.5,3551.1318359375,557950.0,558250.0,4201175.0,4201475.0,3536.41650390625,3570.1259765625,12.789459,87.14453
F02,6,25,91469.82664974325,558078.5625,4201605.0,3524.57568359375,557950.0,558250.0,4201475.0,4201775.0,3490.85791015625,3547.404052734375,0.8249054,82.00635
F02,6,26,91200.93008233524,558096.1875,4201929.5,3487.597900390625,557950.0,558250.0,4201775.0,4202075.0,3462.240478515625,3512.023681640625,160.66013,83.53126
F02,6,27,90648.27190168307,558091.3125,4202202.0,3461.88525390625,557950.0,558250.0,4202075.0,4202375.0,3439.459228515625,3482.997802734375,160.31744,84.75305
F02,6,28,91344.57807067149,558116.4375,4202556.5,3424.034423828125,557950.0,558250.0,4202375.0,4202675.0,3401.538818359375,3452.72412109375,161.76648,80.77666
F02,6,29,90757.10890145859,558106.3125,4202842.5,3389.51708984375,557950.0,558250.0,4202675.0,4202975.0,3369.425537109375,3412.17919921875,141.54562,84.27039
F02,6,30,91956.91812913859,558102.8125,4203152.5,3354.580322265625,557950.0,558250.0,4202975.0,4203275.0,3323.870361328125,3393.4794921875,154.62146,79.295074
F02,6,31,90712.63819464679,558093.625,4203445.0,3314.096435546875,557950.0,558250.0,4203275.0,4203575.0,3292.15283203125,3337.716552734375,144.6835,83.32482
F02,6,32,92620.75930030302,558118.4375,4203691.0,3282.742431640625,557950.0,558250.0,4203575.0,4203875.0,3228.579345703125,3313.30029296875,165.45868,77.63032
F02,6,33,91688.97864952168,558110.1875,4204073.5,3208.571044921875,557950.0,558250.0,4203875.0,4204175.0,3184.2724609375,3250.767822265625,156.45746,80.06659
F02,6,34,93363.34911687618,558092.25,4204319.5,3155.353271484375,557950.0,558250.0,4204175.0,4204475.0,3100.474609375,3200.918212890625,173.24713,75.29508
F02,6,35,94642.39801685125,558089.625,4204663.0,3057.29150390625,557950.0,558250.0,4204475.0,4204775.0,3013.336181640625,3121.318603515625,168.41605,72.81961
F02,6,36,93532.65471298048,558119.1875,4204903.5,2990.8798828125,557950.0,558250.0,4204775.0,4205075.0,2933.83349609375,3033.892578125,174.41473,74.71136
F02,6,37,95665.39100392873,558108.9375,4205236.5,2887.87451171875,557950.0,558250.0,4205075.0,4205375.0,2823.6044921875,2949.270751953125,13.125061,70.07941
F02,6,38,96200.37010787157,558096.8125,4205517.5,2789.201416015625,557950.0,558250.0,4205375.0,4205675.0,2720.52001953125,2851.589111328125,16.877747,69.69986
F02,6,39,97484.05245829523,558076.5625,4205831.5,2671.74951171875,557950.0,558250.0,4205675.0,4205975.0,2601.45703125,2747.03759765625,9.145386,67.39668
F02,6,40,98995.76992499037,558112.875,4206133.0,2537.012451171875,557950.0,558250.0,4205975.0,4206275.0,2464.536376953125,2618.4775390625,11.429764,65.66214
F02,6,41,98261.53386234607,558079.875,4206428.5,2415.34033203125,557950.0,558250.0,4206275.0,4206575.0,2337.823486328125,2491.37744140625,13.387375,66.48634
F02,6,42,97544.32192070564,558090.8125,4206737.5,2285.03564453125,557950.0,558250.0,4206575.0,4206875.0,2212.949462890625,2366.56396484375,14.7221985,67.32737
F02,6,43,97644.27633897425,558079.9375,4206992.5,2183.624755859375,557950.0,558250.0,4206875.0,4207175.0,2083.868408203125,2243.649658203125,16.364182,67.03181
F02,6,44,98027.12546230727,558098.125,4207304.0,2055.33154296875,557950.0,558250.0,4207175.0,4207475.0,1965.050048828125,2127.752197265625,18.867493,67.176216
F02,6,45,99994.18672633759,558100.9375,4207654.0,1905.2686767578125,557950.0,558250.0,4207475.0,4207775.0,1819.8675537109375,1998.689697265625,20.9785,64.31034
F02,6,46,102521.80338675574,558081.5,4207940.5,1769.61572265625,557950.0,558250.0,4207775.0,4208075.0,1693.39697265625,1880.1307373046875,13.81015,62.411198
F02,6,47,102834.48072377114,558102.0625,4208200.0,1632.12109375,557950.0,558250.0,4208075.0,4208375.0,1529.48193359375,1715.7239990234375,5.5265503,61.848064
F02,6,48,99466.31451402459,558090.5625,4208529.0,1477.75,557950.0,558250.0,4208375.0,4208675.0,1396.2017822265625,1556.9000244140625,9.087021,65.35771
F02,6,49,97243.30343287573,558079.875,4208846.5,1343.3333740234375,557950.0,558250.0,4208675.0,4208975.0,1285.8489990234375,1429.1514892578125,10.386688,67.76068
F02,6,50,98979.32136363152,558115.5,4209121.5,1224.52490234375,557950.0,558250.0,4208975.0,4209275.0,1146.1859130859375,1295.4482421875,5.421936,65.44097
F02,6,51,24420.777099752,558109.6875,4209306.5,1145.4173583984375,557950.0,558250.0,4209275.0,4209368.0,1123.0533447265625,1161.9010009765625,7.164688,73.12833
F02,7,22,67271.00193054765,558379.8125,4200795.0,3640.69775390625,558250.0,558550.0,4200604.5,4200875.0,3612.548583984375,3671.385498046875,30.510834,78.84494
F02,7,23,95527.69928568832,558403.5625,4201022.5,3609.529541015625,558250.0,558550.0,4200875.0,4201175.0,3561.622314453125,3672.659912109375,153.79657,74.8659
F02,7,24,90955.9886629632,558413.9375,4201358.5,3568.72119140625,558250.0,558550.0,4201175.0,4201475.0,3547.404052734375,3601.561279296875,128.96152,82.61955
F02,7,25,91115.38843129188,558369.6875,4201628.0,3540.4599609375,558250.0,558550.0,4201475.0,4201775.0,3512.023681640625,3570.4931640625,129.50601,82.04179
F02,7,26,91259.61550859889,558388.1875,4201934.5,3511.986328125,558250.0,558550.0,4201775.0,4202075.0,3482.997802734375,3551.451171875,138.71265,81.07488
F02,7,27,90988.14313934492,558391.625,4202195.0,3483.326904296875,558250.0,558550.0,4202075.0,4202375.0,3452.72412109375,3508.38818359375,139.23306,82.094086
F02,7,28,91280.47831629767,558399.5625,4202543.5,3445.591064453125,558250.0,558550.0,4202375.0,4202675.0,3412.17919921875,3478.722900390625,156.02472,81.23627
F02,7,29,90956.02205659098,558442.75,4202855.0,3406.170166015625,558250.0,558550.0,4202675.0,4202975.0,3382.060791015625,3435.883544921875,155.14429,82.23215
F02,7,30,92035.32970692255,558407.4375,4203119.0,3370.34326171875,558250.0,558550.0,4202975.0,4203275.0,3337.716552734375,3394.9404296875,8.0290985,80.07821
F02,7,31,90867.46348232373,558415.8125,4203428.5,3323.80322265625,558250.0,558550.0,4203275.0,4203575.0,3292.771484375,3344.33984375,11.461075,83.73526
F02,7,32,92698.70521542973,558389.125,4203711.5,3277.853515625,558250.0,558550.0,4203575.0,4203875.0,3230.6435546875,3313.26123046875,14.180222,76.52997
F02,7,33,91848.4134713639,558428.5,4204038.0,3209.18896484375,558250.0,558550.0,4203875.0,4204175.0,3165.2626953125,3246.099365234375,27.483475,77.95935
F02,7,34,94137.19558931213,558416.1875,4204315.5,3146.019287109375,558250.0,558550.0,4204175.0,4204475.0,3090.23974609375,3200.635986328125,18.932098,73.748085
F02,7,35,93333.5739018034,558466.8125,4204634.5,3055.93408203125,558250.0,558550.0,4204475.0,4204775.0,3012.327880859375,3112.564697265625,15.365143,74.80604
F02,7,36,96085.06431859893,558392.5625,4204912.0,2976.5654296875,558250.0,558550.0,4204775.0,4205075.0,2902.52099609375,3032.67919921875,13.68158,69.76232
F02,7,37,95149.15940832697,558444.375,4205210.0,2870.04052734375,558250.0,558550.0,4205075.0,4205375.0,2811.376953125,2933.83349609375,14.76178,71.568245
F02,7,38,96321.7922222451,558389.5,4205526.0,2764.305419921875,558250.0,558550.0,4205375.0,4205675.0,2702.347412109375,2826.193359375,6.2826843,69.90889
F02,7,39,96861.94295998775,558413.25,4205816.0,2656.337158203125,558250.0,558550.0,4205675.0,4205975.0,2590.3330078125,2720.52001953125,7.564392,69.12204
F02,7,40,98989.18053013593,558389.375,4206152.0,2513.44091796875,558250.0,558550.0,4205975.0,4206275.0,2454.678955078125,2601.45703125,0.5753784,65.385414
F02,7,41,97984.84746729954,558400.1875,4206409.5,2401.94775390625,558250.0,558550.0,4206275.0,4206575.0,2319.872802734375,2464.536376953125,6.334259,66.78696
F02,7,42,98487.30097461806,558406.4375,4206721.0,2266.626953125,558250.0,558550.0,4206575.0,4206875.0,2186.981689453125,2337.823486328125,9.568222,66.06421
F02,7,43,99759.85790535709,558395.625,4207034.0,2129.996826171875,558250.0,558550.0,4206875.0,4207175.0,2050.807861328125,2212.949462890625,14.019424,65.10537
F02,7,44,99019.18169810607,558360.6875,4207280.5,2026.2750244140625,558250.0,558550.0,4207175.0,4207475.0,1907.796630859375,2083.868408203125,15.786926,65.791855
F02,7,45,102391.68419598493,558398.6875,4207640.5,1854.80859375,558250.0,558550.0,4207475.0,4207775.0,1756.096435546875,1965.050048828125,22.497116,61.60871
F02,7,46,99649.88971396048,558415.3125,4207937.0,1714.0521240234375,558250.0,558550.0,4207775.0,4208075.0,1627.869140625,1819.8675537109375,27.813751,64.71576
F02,7,47,100328.09149429906,558380.375,4208194.5,1608.1041259765625,558250.0,558550.0,4208075.0,4208375.0,1509.9525146484375,1694.088623046875,21.052307,63.423782
F02,7,48,99557.13406191656,558414.1875,4208528.0,1458.6912841796875,558250.0,558550.0,4208375.0,4208675.0,1387.10107421875,1538.9454345703125,10.117676,65.14293
F02,7,49,96326.6808056421,558400.3125,4208851.5,1326.364990234375,558250.0,558550.0,4208675.0,4208975.0,1260.7490234375,1396.2017822265625,5.1713257,69.57715
F02,7,50,99690.9769133508,558379.1875,4209100.0,1222.09716796875,558250.0,558550.0,4208975.0,4209275.0,1137.187744140625,1286.843994140625,7.9909973,65.76255
F02,7,51,25018.46768725204,558382.0,4209315.5,1131.48974609375,558250.0,558550.0,4209275.0,4209369.5,1116.8800048828125,1146.1859130859375,7.736084,74.29037
F02,8,21,7738.7051433916195,558782.75,4200557.0,3640.70654296875,558637.625,558850.0,4200503.5,4200575.0,3629.205322265625,3650.48193359375,30.521835,78.8411
F02,8,22,90415.50162082753,558675.4375,4200744.5,3661.70849609375,558550.0,558850.0,4200575.0,4200875.0,3625.43994140625,3701.419677734375,30.529877,78.84576
F02,8,23,95199.73343311522,558706.75,4201041.5,3637.92236328125,558550.0,558850.0,4200875.0,4201175.0,3601.561279296875,3703.5400390625,162.18597,73.92712
F02,8,24,90879.78288547011,558696.125,4201323.5,3591.209228515625,558550.0,558850.0,4201175.0,4201475.0,3565.599609375,3609.386474609375,152.82446,83.965576
F02,8,25,91559.85162556588,558721.25,4201641.5,3559.26318359375,558550.0,558850.0,4201475.0,4201775.0,3537.800048828125,3589.577880859375,177.55243,85.072495
F02,8,26,91755.11889723802,558690.1875,4201931.0,3528.643798828125,558550.0,558850.0,4201775.0,4202075.0,3501.55908203125,3559.976806640625,8.30603,80.81956
F02,8,27,91088.88705224222,558689.3125,4202236.0,3489.725830078125,558550.0,558850.0,4202075.0,4202375.0,3454.760009765625,3512.49267578125,23.737442,83.28369
F02,8,28,92216.48170379232,558688.125,4202527.0,3448.5390625,558550.0,558850.0,4202375.0,4202675.0,3411.43701171875,3486.31787109375,24.310257,78.85959
F02,8,29,91200.85289490099,558718.5,4202828.5,3401.843505859375,558550.0,558850.0,4202675.0,4202975.0,3371.151611328125,3434.62890625,35.69301,81.727356
F02,8,30,91615.87611992027,558694.125,4203125.0,3359.524658203125,558550.0,558850.0,4202975.0,4203275.0,3325.432373046875,3394.846435546875,20.353165,79.45147
F02,8,31,91718.77515307008,558710.5,4203452.5,3299.801513671875,558550.0,558850.0,4203275.0,4203575.0,3265.871337890625,3338.774658203125,18.892883,79.109665
F02,8,32,92714.55088509106,558696.625,4203699.5,3252.953857421875,558550.0,558850.0,4203575.0,4203875.0,3192.597412109375,3292.771484375,24.858582,76.586006
F02,8,33,93493.86489551082,558673.0625,4204036.0,3181.252197265625,558550.0,558850.0,4203875.0,4204175.0,3131.486572265625,3230.6435546875,31.136124,76.397385
F02,8,34,94021.82576925738,558663.875,4204345.5,3110.28515625,558550.0,558850.0,4204175.0,4204475.0,3049.072998046875,3165.2626953125,24.27626,73.97828
F02,8,35,94431.11424163975,558683.0625,4204626.0,3031.409912109375,558550.0,558850.0,4204475.0,4204775.0,2963.958740234375,3090.373046875,30.09961,72.74522
F02,8,36,95776.82928640145,558698.0625,4204960.5,2927.583251953125,558550.0,558850.0,4204775.0,4205075.0,2869.729736328125,3012.327880859375,20.39534,70.327
F02,8,37,95140.47367005059,558705.6875,4205207.0,2846.71630859375,558550.0,558850.0,4205075.0,4205375.0,2770.955078125,2902.52099609375,20.304123,71.49854
F02,8,38,96506.68000563189,558719.375,4205549.0,2730.79248046875,558550.0,558850.0,4205375.0,4205675.0,2665.82861328125,2811.376953125,20.798767,69.35104
F02,8,39,97260.15515950746,558684.0,4205819.5,2636.267578125,558550.0,558850.0,4205675.0,4205975.0,2548.713623046875,2704.5869140625,18.98294,68.20744
F02,8,40,99599.39882127989,558682.3125,4206123.5,2512.717529296875,558550.0,558850.0,4205975.0,4206275.0,2416.979248046875,2596.05517578125,17.668228,65.18249
F02,8,41,100096.6102317724,558712.9375,4206426.0,2374.984619140625,558550.0,558850.0,4206275.0,4206575.0,2284.009521484375,2462.519287109375,15.217758,64.94289
F02,8,42,101390.08090191035,558686.875,4206725.0,2239.060302734375,558550.0,558850.0,4206575.0,4206875.0,2141.91259765625,2323.015380859375,14.426407,63.85145
F02,8,43,99785.93933645407,558706.5,4207027.5,2096.952880859375,558550.0,558850.0,4206875.0,4207175.0,2006.8062744140625,2186.981689453125,16.955078,64.56795
F02,8,44,102344.63694070742,558718.0625,4207324.5,1954.5396728515625,558550.0,558850.0,4207175.0,4207475.0,1857.4013671875,2050.807861328125,18.083023,61.844032
F02,8,45,102315.79451120365,558702.9375,4207613.0,1810.6724853515625,558550.0,558850.0,4207475.0,4207775.0,1701.2462158203125,1907.796630859375,18.887466,61.639954
F02,8,46,98691.76584638591,558709.375,4207921.0,1666.1160888671875,558550.0,558850.0,4207775.0,4208075.0,1578.368896484375,1756.096435546875,22.194092,65.95522
F02,8,47,98182.53030523905,558696.0,4208235.0,1539.75341796875,558550.0,558850.0,4208075.0,4208375.0,1455.93017578125,1627.869140625,23.128876,66.51379
F02,8,48,97932.7385535875,558678.875,4208520.0,1430.999267578125,558550.0,558850.0,4208375.0,4208675.0,1340.160888671875,1509.9525146484375,24.519165,66.70019
F02,8,49,99738.40059601936,558709.125,4208821.5,1304.94140625,558550.0,558850.0,4208675.0,4208975.0,1219.158935546875,1387.10107421875,22.393524,65.84204
F02,8,50,96394.48463150248,558708.5,4209147.5,1169.716552734375,558550.0,558850.0,4208975.0,4209275.0,1116.572998046875,1260.7490234375,15.7742,68.1899
F02,8,51,9265.880257985482,558649.0,4209292.5,1122.9405517578125,558550.0,558780.5,4209275.0,4209337.5,1115.199951171875,1137.187744140625,16.478546,71.35501
F02,9,21,37304.538064413515,559008.625,4200526.5,3658.076171875,558850.0,559150.0,4200402.5,4200575.0,3638.33154296875,3680.522705078125,30.529358,78.84647
F02,9,22,91732.17108653467,558990.25,4200742.5,3692.893310546875,558850.0,559150.0,4200575.0,4200875.0,3650.47314453125,3731.450439453125,30.532562,78.848236
F02,9,23,95362.17568240837,558982.6875,4201037.5,3669.707275390625,558850.0,559150.0,4200875.0,4201175.0,3609.386474609375,3734.419921875,154.63208,72.645836
F02,9,24,92503.14812965157,558987.125,4201334.5,3618.44482421875,558850.0,559150.0,4201175.0,4201475.0,3589.577880859375,3654.683837890625,120.894775,79.30165
F02,9,25,92960.99021352924,559001.8125,4201625.0,3585.346923828125,558850.0,559150.0,4201475.0,4201775.0,3537.88232421875,3635.25732421875,129.32703,76.54836
F02,9,26,92095.66097718551,558998.25,4201949.0,3536.18798828125,558850.0,559150.0,4201775.0,4202075.0,3502.08203125,3588.88232421875,136.27484,78.497154
F02,9,27,92096.23512423775,558997.5625,4202229.5,3491.76318359375,558850.0,559150.0,4202075.0,4202375.0,3448.913818359375,3535.42626953125,148.7345,77.94796
F02,9,28,91400.48305976675,558996.625,4202539.0,3440.4228515625,558850.0,559150.0,4202375.0,4202675.0,3415.14794921875,3483.21142578125,150.44836,80.578445
F02,9,29,91381.8637954222,558992.5625,4202818.0,3398.90087890625,558850.0,559150.0,4202675.0,4202975.0,3367.1005859375,3427.878662109375,165.40134,80.54268
F02,9,30,91925.60520839543,558984.875,4203143.5,3341.484375,558850.0,559150.0,4202975.0,4203275.0,3302.161865234375,3379.768310546875,9.374451,78.85919
F02,9,31,92439.47015510027,559005.125,4203411.5,3284.92041015625,558850.0,559150.0,4203275.0,4203575.0,3233.87744140625,3325.432373046875,22.07811,77.03475
F02,9,32,93703.14546727577,558984.5625,4203719.0,3214.67626953125,558850.0,559150.0,4203575.0,4203875.0,3151.024169921875,3265.871337890625,26.166214,73.80573
F02,9,33,93642.19063968403,558988.3125,4204039.5,3134.54638671875,558850.0,559150.0,4203875.0,4204175.0,3076.839111328125,3192.6083984375,33.252136,74.311035
F02,9,34,93925.38598905192,559010.625,4204319.0,3064.6015625,558850.0,559150.0,4204175.0,4204475.0,3010.197265625,3131.486572265625,32.960144,74.26502
F02,9,35,94937.48500476044,558988.125,4204612.5,2990.173828125,558850.0,559150.0,4204475.0,4204775.0,2913.80712890625,3049.072998046875,22.899597,71.53718
F02,9,36,96014.96937263542,559037.375,4204932.5,2880.531494140625,558850.0,559150.0,4204775.0,4205075.0,2812.121826171875,2963.958740234375,29.791199,69.77951
F02,9,37,98525.42929043662,558993.875,4205235.0,2783.51416015625,558850.0,559150.0,4205075.0,4205375.0,2693.92041015625,2869.729736328125,31.311584,66.49453
F02,9,38,99175.46588780217,558997.75,4205513.5,2681.109619140625,558850.0,559150.0,4205375.0,4205675.0,2574.459228515625,2770.955078125,37.037003,65.473335
F02,9,39,100773.49024670613,559027.3125,4205859.0,2541.151123046875,558850.0,559150.0,4205675.0,4205975.0,2457.903076171875,2665.82861328125,38.09175,63.561867
F02,9,40,101933.61077157827,559000.6875,4206122.5,2438.661376953125,558850.0,559150.0,4205975.0,4206275.0,2329.193359375,2548.713623046875,34.379333,62.056534
F02,9,41,101547.01875436347,559001.8125,4206429.0,2306.598876953125,558850.0,559150.0,4206275.0,4206575.0,2210.11083984375,2416.979248046875,32.279816,63.02896
F02,9,42,100948.79249285557,559003.4375,4206737.0,2167.72021484375,558850.0,559150.0,4206575.0,4206875.0,2078.503173828125,2284.009521484375,28.16861,62.682213
F02,9,43,100748.81609289584,558986.9375,4207031.5,2043.06640625,558850.0,559150.0,4206875.0,4207175.0,1941.2210693359375,2141.91259765625,24.886993,63.18863
F02,9,44,102959.16165852142,559001.3125,4207330.0,1894.8880615234375,558850.0,559150.0,4207175.0,4207475.0,1789.23583984375,2006.8062744140625,24.424118,61.045742
F02,9,45,102036.11067176108,559009.4375,4207621.5,1746.66552734375,558850.0,559150.0,4207475.0,4207775.0,1653.409423828125,1857.4013671875,22.130096,62.007324
F02,9,46,99922.8936594954,559015.4375,4207946.5,1596.28564453125,558850.0,559150.0,4207775.0,4208075.0,1511.3448486328125,1701.2462158203125,24.425964,64.06507
F02,9,47,97792.13295350088,559032.5,4208206.5,1487.6654052734375,558850.0,559150.0,4208075.0,4208375.0,1407.402099609375,1578.368896484375,29.069183,67.18447
F02,9,48,98244.79000920162,559027.1875,4208496.5,1378.6519775390625,558850.0,559150.0,4208375.0,4208675.0,1281.663818359375,1455.93017578125,23.15503,66.23141
F02,9,49,98078.6954899703,558999.5625,4208838.5,1247.7281494140625,558850.0,559150.0,4208675.0,4208975.0,1173.8282470703125,1340.160888671875,23.680496,66.99513
F02,9,50,71583.39636326449,558996.625,4209080.0,1156.7093505859375,558850.0,559150.0,4208975.0,4209249.5,1110.199951171875,1219.158935546875,18.616089,68.59937
F02,10,21,68036.20927623105,559302.25,4200486.5,3680.581298828125,559150.0,559450.0,4200302.0,4200575.0,3651.222900390625,3710.493408203125,30.515076,78.84221
F02,10,22,91619.47706755725,559312.8125,4200775.5,3726.798095703125,559150.0,559450.0,4200575.0,4200875.0,3680.45654296875,3745.107666015625,22.885529,81.269455
F02,10,23,93736.5274101023,559261.5,4200980.0,3712.25830078125,559150.0,559450.0,4200875.0,4201175.0,3654.683837890625,3746.0,169.55273,74.99436
F02,10,24,90512.79982846802,559321.0625,4201294.0,3658.712646484375,559150.0,559450.0,4201175.0,4201475.0,3635.25732421875,3670.419189453125,127.63373,87.427
F02,10,25,92352.02019391686,559281.375,4201623.5,3623.178466796875,559150.0,559450.0,4201475.0,4201775.0,3588.88232421875,3658.0,165.74377,77.986824
F02,10,26,91559.76286165486,559323.125,4201910.0,3568.137451171875,559150.0,559450.0,4201775.0,4202075.0,3535.42626953125,3599.189697265625,176.00684,79.46864
F02,10,27,91116.7290886837,559314.625,4202250.0,3518.967041015625,559150.0,559450.0,4202075.0,4202375.0,3483.21142578125,3541.403564453125,154.7963,82.22615
F02,10,28,92539.09181535122,559314.9375,4202544.0,3464.992919921875,559150.0,559450.0,4202375.0,4202675.0,3427.878662109375,3513.167236328125,162.53351,76.589806
F02,10,29,91807.22856416766,559323.75,4202803.0,3413.12646484375,559150.0,559450.0,4202675.0,4202975.0,3374.668701171875,3447.199462890625,169.44724,79.14308
F02,10,30,93917.31568284766,559318.9375,4203165.5,3326.561279296875,559150.0,559450.0,4202975.0,4203275.0,3292.02587890625,3386.930419921875,5.769821,74.02097
F02,10,31,92979.95278621755,559316.375,4203377.0,3271.8994140625,559150.0,559450.0,4203275.0,4203575.0,3214.4267578125,3302.161865234375,6.026184,76.3312
F02,10,32,93730.3639867325,559331.8125,4203721.0,3182.37744140625,559150.0,559450.0,4203575.0,4203875.0,3134.6796875,3233.87744140625,9.582092,74.47087
F02,10,33,93928.43848324925,559316.9375,4204036.5,3095.767822265625,559150.0,559450.0,4203875.0,4204175.0,3041.50439453125,3151.024169921875,12.792145,73.93976
F02,10,34,93482.01018742827,559318.1875,4204313.5,3021.410888671875,559150.0,559450.0,4204175.0,4204475.0,2974.171630859375,3076.839111328125,25.30249,74.904396
F02,10,35,95616.85987323575,559311.875,4204618.5,2940.3349609375,559150.0,559450.0,4204475.0,4204775.0,2872.420166015625,3010.197265625,20.942657,70.742
F02,10,36,97730.65446735286,559292.625,4204935.5,2834.392822265625,559150.0,559450.0,4204775.0,4205075.0,2753.01611328125,2913.80712890625,24.80951,67.93717
F02,10,37,99738.61840224903,559324.125,4205221.0,2712.260009765625,559150.0,559450.0,4205075.0,4205375.0,2609.37841796875,2812.121826171875,28.22406,64.20124
F02,10,38,101382.22316261116,559316.5,4205539.5,2578.299560546875,559150.0,559450.0,4205375.0,4205675.0,2482.1220703125,2693.92041015625,34.903625,62.680233
F02,10,39,100063.02842036918,559322.375,4205838.0,2457.417236328125,559150.0,559450.0,4205675.0,4205975.0,2367.416259765625,2574.459228515625,38.761703,64.30693
F02,10,40,100189.71632770056,559314.75,4206137.0,2343.178955078125,559150.0,559450.0,4205975.0,4206275.0,2263.823486328125,2457.903076171875,33.912857,64.30338
F02,10,41,97384.97956011328,559287.1875,4206441.0,2234.214599609375,559150.0,559450.0,4206275.0,4206575.0,2159.791015625,2329.193359375,28.247711,67.53878
F02,10,42,98142.54035383192,559302.5625,4206722.0,2121.82568359375,559150.0,559450.0,4206575.0,4206875.0,2036.68310546875,2210.11083984375,16.245605,66.50331
F02,10,43,98513.26689495043,559293.75,4207020.5,2001.453369140625,559150.0,559450.0,4206875.0,4207175.0,1921.42041015625,2078.503173828125,15.186554,66.20364
F02,10,44,101029.4126092256,559298.4375,4207284.0,1880.1351318359375,559150.0,559450.0,4207175.0,4207475.0,1778.7891845703125,1941.2210693359375,5.2878723,63.464085
F02,10,45,100390.40862995804,559285.0,4207625.5,1711.3140869140625,559150.0,559450.0,4207475.0,4207775.0,1632.8822021484375,1789.26708984375,5.3615723,64.457146
F02,10,46,98030.31534768645,559301.625,4207917.0,1580.968994140625,559150.0,559450.0,4207775.0,4208075.0,1511.601806640625,1653.409423828125,1.7864227,66.72232
F02,10,47,97803.56985779422,559310.875,4208200.5,1461.006103515625,559150.0,559450.0,4208075.0,4208375.0,1377.8011474609375,1516.736572265625,5.362213,67.8134
F02,10,48,98823.98626814371,559282.25,4208511.5,1336.26953125,559150.0,559450.0,4208375.0,4208675.0,1249.0465087890625,1407.402099609375,11.962585,66.13496
F02,10,49,97856.66465292216,559300.9375,4208818.0,1206.2874755859375,559150.0,559450.0,4208675.0,4208975.0,1122.5439453125,1281.663818359375,18.984406,68.11285
F02,10,50,34418.48856493307,559325.625,4209024.5,1130.1455078125,559150.0,559450.0,4208975.0,4209139.5,1115.54541015625,1173.8282470703125,24.98526,71.535835
F02,11,20,8289.758231484551,559684.8125,4200256.5,3679.90576171875,559530.1875,559750.0,4200201.0,4200275.0,3667.560546875,3689.57763671875,30.521301,78.84263
F02,11,21,90609.79825672945,559632.0625,4200477.5,3708.122314453125,559450.0,559750.0,4200275.0,4200575.0,3664.1142578125,3731.365478515625,25.455994,80.53342
F02,11,22,90876.09356222827,559607.3125,4200711.5,3723.223876953125,559450.0,559750.0,4200575.0,4200875.0,3708.820068359375,3739.066650390625,93.78293,87.772575
F02,11,23,91937.2183170485,559587.625,4201043.5,3702.23095703125,559450.0,559750.0,4200875.0,4201175.0,3670.419189453125,3734.97509765625,171.77325,79.91087
F02,11,24,90856.60845385058,559585.6875,4201303.0,3662.357421875,559450.0,559750.0,4201175.0,4201475.0,3637.06494140625,3687.7880859375,172.26624,85.378716
F02,11,25,93306.2198095433,559615.375,4201646.0,3612.723388671875,559450.0,559750.0,4201475.0,4201775.0,3564.4951171875,3655.68212890625,23.972733,75.34291
F02,11,26,92022.61306236094,559581.8125,4201897.5,3562.646728515625,559450.0,559750.0,4201775.0,4202075.0,3519.145751953125,3599.627197265625,28.08725,78.655975
F02,11,27,91605.77125156687,559627.8125,4202243.0,3506.071533203125,559450.0,559750.0,4202075.0,4202375.0,3462.79443359375,3539.98388671875,34.198746,79.680855
F02,11,28,92505.99735480497,559589.25,4202512.5,3462.968017578125,559450.0,559750.0,4202375.0,4202675.0,3415.329345703125,3506.861083984375,33.353394,77.315254
F02,11,29,93650.06840246014,559594.3125,4202814.5,3399.16064453125,559450.0,559750.0,4202675.0,4202975.0,3339.3193359375,3447.76611328125,22.66661,74.46367
F02,11,30,92740.76311072028,559603.6875,4203129.0,3320.25927734375,559450.0,559750.0,4202975.0,4203275.0,3271.333251953125,3374.668701171875,20.481934,76.11938
F02,11,31,93601.38490118971,559578.125,4203415.0,3253.97216796875,559450.0,559750.0,4203275.0,4203575.0,3193.653076171875,3295.111083984375,20.034576,74.73418
F02,11,32,94005.07465019569,559583.1875,4203732.5,3166.41748046875,559450.0,559750.0,4203575.0,4203875.0,3108.891357421875,3221.87890625,17.261185,73.954056
F02,11,33,97126.16528603979,559594.6875,4204006.0,3082.6806640625,559450.0,559750.0,4203875.0,4204175.0,2994.21728515625,3141.595458984375,22.532486,68.82635
F02,11,34,94347.63031186961,559623.25,4204305.0,2982.747314453125,559450.0,559750.0,4204175.0,4204475.0,2914.912353515625,3041.50439453125,38.08763,74.35558
F02,11,35,98675.4649632226,559614.0625,4204599.5,2901.128173828125,559450.0,559750.0,4204475.0,4204775.0,2801.4345703125,2974.171630859375,32.495667,66.1535
F02,11,36,98740.44705466383,559592.4375,4204958.0,2772.869140625,559450.0,559750.0,4204775.0,4205075.0,2694.952880859375,2872.420166015625,28.98114,66.535446
F02,11,37,100302.32811315193,559578.375,4205234.0,2658.333740234375,559450.0,559750.0,4205075.0,4205375.0,2565.492431640625,2753.01611328125,20.75557,64.52564
F02,11,38,100849.60455799136,559608.875,4205500.0,2533.637939453125,559450.0,559750.0,4205375.0,4205675.0,2427.31201171875,2609.37841796875,17.319931,64.17392
F02,11,39,97587.79949516179,559586.25,4205851.0,2390.398681640625,559450.0,559750.0,4205675.0,4205975.0,2323.392578125,2482.1220703125,24.553772,67.950485
F02,11,40,96335.89984712999,559589.0625,4206132.5,2291.6396484375,559450.0,559750.0,4205975.0,4206275.0,2214.1279296875,2367.416259765625,22.635345,69.483765
F02,11,41,96219.07509819025,559591.25,4206429.5,2188.34228515625,559450.0,559750.0,4206275.0,4206575.0,2109.264892578125,2263.823486328125,28.306274,69.145874
F02,11,42,99844.04097417645,559595.125,4206706.5,2086.03173828125,559450.0,559750.0,4206575.0,4206875.0,1991.5181884765625,2160.042236328125,24.508423,65.46704
F02,11,43,99001.72141931448,559599.5,4207038.0,1946.9818115234375,559450.0,559750.0,4206875.0,4207175.0,1854.7017822265625,2036.68310546875,24.31076,65.090965
F02,11,44,103026.40838879942,559578.375,4207312.5,1827.72509765625,559450.0,559750.0,4207175.0,4207475.0,1695.5555419921875,1921.42041015625,28.377396,61.656723
F02,11,45,101632.99527378836,559594.375,4207629.5,1678.057373046875,559450.0,559750.0,4207475.0,4207775.0,1576.9249267578125,1778.7891845703125,30.983276,63.75581
F02,11,46,100000.3933916147,559619.125,4207920.0,1551.0823974609375,559450.0,559750.0,4207775.0,4208075.0,1450.20458984375,1638.7015380859375,23.665314,64.217865
F02,11,47,99305.00652694583,559597.0,4208229.0,1424.521484375,559450.0,559750.0,4208075.0,4208375.0,1351.02978515625,1513.165771484375,13.376129,66.60326
F02,11,48,100267.78819342946,559576.1875,4208521.0,1296.584228515625,559450.0,559750.0,4208375.0,4208675.0,1201.20166015625,1377.8011474609375,13.2552185,64.528465
F02,11,49,92977.23281113779,559579.125,4208861.0,1149.9044189453125,559450.0,559750.0,4208675.0,4208975.0,1111.26904296875,1249.0465087890625,22.569595,67.272964
F02,11,50,3781.7014841878363,559495.4375,4208985.5,1118.691650390625,559450.0,559591.25,4208975.0,4209027.5,1113.5318603515625,1123.1214599609375,25.520386,81.61712
F02,12,20,38067.87311229748,559954.75,4200242.5,3703.655517578125,559750.0,560050.0,4200100.0,4200275.0,3677.005615234375,3717.61328125,30.502045,79.36975
F02,12,21,91363.97605985882,559930.8125,4200454.0,3705.377685546875,559750.0,560050.0,4200275.0,4200575.0,3685.93994140625,3727.973388671875,54.964935,86.519646
F02,12,22,91019.61625930552,559910.625,4200733.5,3704.052734375,559750.0,560050.0,4200575.0,4200875.0,3686.541748046875,3733.8388671875,116.19629,86.44732
F02,12,23,93540.04049632729,559891.8125,4201025.0,3700.764404296875,559750.0,560050.0,4200875.0,4201175.0,3665.619384765625,3740.52001953125,11.0928955,82.57839
F02,12,24,91841.43400294735,559853.5,4201318.5,3654.55810546875,559750.0,560050.0,4201175.0,4201475.0,3613.322509765625,3688.572021484375,22.21994,79.12831
F02,12,25,92991.46174285437,559867.8125,4201642.5,3586.373046875,559750.0,560050.0,4201475.0,4201775.0,3542.93359375,3637.06494140625,16.252365,75.81079
F02,12,26,92077.75724185395,559935.1875,4201932.5,3520.605224609375,559750.0,560050.0,4201775.0,4202075.0,3485.13427734375,3564.4951171875,27.784668,78.74381
F02,12,27,93186.25326262068,559868.4375,4202209.0,3479.03125,559750.0,560050.0,4202075.0,4202375.0,3424.4853515625,3519.145751953125,34.182816,76.29519
F02,12,28,92783.54125833316,559917.0625,4202527.5,3407.831298828125,559750.0,560050.0,4202375.0,4202675.0,3352.95263671875,3462.79443359375,41.562363,75.85913
F02,12,29,94130.0633980767,559872.4375,4202823.0,3356.80810546875,559750.0,560050.0,4202675.0,4202975.0,3286.8544921875,3415.329345703125,40.11595,72.51595
F02,12,30,94513.30192070369,559906.1875,4203159.5,3267.0166015625,559750.0,560050.0,4202975.0,4203275.0,3207.25830078125,3339.3193359375,40.03195,71.94398
F02,12,31,95239.23210762566,559931.4375,4203387.5,3203.513427734375,559750.0,560050.0,4203275.0,4203575.0,3122.441162109375,3271.333251953125,40.41516,70.79862
F02,12,32,97009.97071287742,559886.0,4203722.5,3119.36865234375,559750.0,560050.0,4203575.0,4203875.0,3025.802001953125,3193.653076171875,41.78186,68.12046
F02,12,33,98923.6895331742,559909.4375,4204021.0,3017.749755859375,559750.0,560050.0,4203875.0,4204175.0,2932.32763671875,3108.891357421875,33.562653,66.18505
F02,12,34,95500.92395415278,559885.625,4204307.0,2928.597412109375,559750.0,560050.0,4204175.0,4204475.0,2846.55029296875,2994.21728515625,35.248688,71.24646
F02,12,35,98626.97209184617,559877.9375,4204604.5,2833.35205078125,559750.0,560050.0,4204475.0,4204775.0,2728.1044921875,2914.912353515625,30.8927,66.058815
F02,12,36,99873.58895556412,559893.1875,4204945.5,2700.66064453125,559750.0,560050.0,4204775.0,4205075.0,2607.2919921875,2801.4345703125,35.649506,64.68287
F02,12,37,98862.48795945861,559911.5625,4205235.5,2582.983642578125,559750.0,560050.0,4205075.0,4205375.0,2498.246826171875,2694.952880859375,32.815063,65.65671
F02,12,38,99181.70476954138,559887.9375,4205522.5,2473.64306640625,559750.0,560050.0,4205375.0,4205675.0,2390.458984375,2565.492431640625,23.631088,65.488884
F02,12,39,96022.44200657318,559901.125,4205832.0,2350.697021484375,559750.0,560050.0,4205675.0,4205975.0,2276.0703125,2427.31201171875,20.475159,69.14993
F02,12,40,97008.18969300934,559878.8125,4206122.0,2254.751953125,559750.0,560050.0,4205975.0,4206275.0,2171.978515625,2323.392578125,22.95401,68.524864
F02,12,41,95913.29176177192,559889.6875,4206449.5,2135.843017578125,559750.0,560050.0,4206275.0,4206575.0,2066.118896484375,2214.1279296875,21.384995,69.99918
F02,12,42,99523.5813569094,559879.9375,4206712.5,2036.720458984375,559750.0,560050.0,4206575.0,4206875.0,1928.572509765625,2109.264892578125,21.24791,65.42946
F02,12,43,102810.70039691182,559888.9375,4207014.0,1895.0155029296875,559750.0,560050.0,4206875.0,4207175.0,1776.311279296875,1991.5181884765625,24.823944,61.708057
F02,12,44,103288.78538886661,559898.1875,4207329.5,1737.3248291015625,559750.0,560050.0,4207175.0,4207475.0,1626.0675048828125,1854.7017822265625,23.640472,60.90347
F02,12,45,102414.82919479939,559889.5,4207630.5,1593.0643310546875,559750.0,560050.0,4207475.0,4207775.0,1482.4224853515625,1695.5555419921875,27.586823,62.711063
F02,12,46,103442.80051322405,559904.9375,4207916.5,1466.6334228515625,559750.0,560050.0,4207775.0,4208075.0,1348.9794921875,1576.9249267578125,38.04776,61.332863
F02,12,47,101797.31343135698,559896.75,4208251.0,1343.7947998046875,559750.0,560050.0,4208075.0,4208375.0,1245.397216796875,1450.20458984375,47.841003,62.72646
F02,12,48,103042.12757579505,559896.625,4208537.5,1224.1390380859375,559750.0,560050.0,4208375.0,4208675.0,1122.396240234375,1351.02978515625,34.886627,61.15652
F02,12,49,60217.65782396255,559900.0625,4208746.0,1133.6962890625,559750.0,560050.0,4208675.0,4208916.0,1106.99267578125,1201.20166015625,29.895706,68.708855
F02,13,20,68696.39716647066,560218.8125,4200170.0,3700.267822265625,560050.0,560350.0,4199999.0,4200275.0,3678.38330078125,3716.8798828125,54.15056,86.61131
F02,13,21,91546.00611752138,560251.5,4200476.0,3686.716796875,560050.0,560350.0,4200275.0,4200575.0,3663.06005859375,3715.181640625,79.57971,87.489296
F02,13,22,97900.3642663509,560210.0625,4200750.0,3711.218994140625,560050.0,560350.0,4200575.0,4200875.0,3659.695556640625,3758.199951171875,149.61688,83.42678
F02,13,23,99657.75045181611,560183.625,4200987.0,3692.931640625,560050.0,560350.0,4200875.0,4201175.0,3628.1640625,3744.1083984375,43.154175,74.33066
F02,13,24,95581.7150150378,560190.75,4201351.5,3617.544189453125,560050.0,560350.0,4201175.0,4201475.0,3547.836181640625,3673.240478515625,40.649628,74.04149
F02,13,25,94853.60402581492,560186.1875,4201619.5,3566.5341796875,560050.0,560350.0,4201475.0,4201775.0,3518.564208984375,3613.322509765625,38.465485,76.8208
F02,13,26,93591.6594431791,560186.25,4201926.0,3502.847412109375,560050.0,560350.0,4201775.0,4202075.0,3448.6201171875,3549.221923828125,27.0083,76.578094
F02,13,27,93525.753413093,560217.0625,4202208.5,3447.243896484375,560050.0,560350.0,4202075.0,4202375.0,3399.010498046875,3487.53369140625,28.842926,77.2168
F02,13,28,92743.66417967193,560194.75,4202551.0,3374.07177734375,560050.0,560350.0,4202375.0,4202675.0,3335.328369140625,3424.4853515625,18.244705,76.81846
F02,13,29,95784.53523754813,560200.1875,4202815.0,3309.1171875,560050.0,560350.0,4202675.0,4202975.0,3232.339599609375,3358.078369140625,19.444244,72.519135
F02,13,30,94500.9102821648,560206.9375,4203150.0,3213.35009765625,560050.0,560350.0,4202975.0,4203275.0,3154.38134765625,3286.8544921875,32.214172,72.21857
F02,13,31,96902.10269455561,560218.1875,4203421.5,3130.046142578125,560050.0,560350.0,4203275.0,4203575.0,3054.278076171875,3207.25830078125,33.315765,68.87694
F02,13,32,96268.68141558606,560206.75,4203699.5,3045.1455078125,560050.0,560350.0,4203575.0,4203875.0,2965.160400390625,3122.441162109375,36.22908,69.37814
F02,13,33,95642.8011620977,560188.3125,4204055.5,2943.126708984375,560050.0,560350.0,4203875.0,4204175.0,2882.0498046875,3025.802001953125,32.905396,70.44738
F02,13,34,95528.96197338849,560203.75,4204305.0,2869.133544921875,560050.0,560350.0,4204175.0,4204475.0,2789.73388671875,2932.32763671875,30.894165,71.24509
F02,13,35,97761.26227199954,560199.6875,4204653.0,2749.428955078125,560050.0,560350.0,4204475.0,4204775.0,2682.5322265625,2846.55029296875,25.068878,67.08365
F02,13,36,97328.13972868222,560186.625,4204906.5,2654.559814453125,560050.0,560350.0,4204775.0,4205075.0,2575.97119140625,2728.1044921875,18.718674,67.8741
F02,13,37,97402.20894843258,560199.625,4205223.5,2532.447998046875,560050.0,560350.0,4205075.0,4205375.0,2457.387939453125,2607.2919921875,15.7704315,68.39991
F02,13,38,96013.8639242711,560198.5625,4205525.5,2423.790283203125,560050.0,560350.0,4205375.0,4205675.0,2353.436279296875,2498.246826171875,22.110886,70.54089
F02,13,39,96252.04790482635,560212.3125,4205838.0,2313.00048828125,560050.0,560350.0,4205675.0,4205975.0,2251.064208984375,2390.458984375,14.871353,69.99725
F02,13,40,98260.45932710101,560216.0625,4206136.5,2198.708251953125,560050.0,560350.0,4205975.0,4206275.0,2123.907470703125,2276.0703125,17.172318,67.09553
F02,13,41,98315.97346735095,560179.8125,4206422.0,2094.33740234375,560050.0,560350.0,4206275.0,4206575.0,2003.33203125,2171.978515625,27.185364,67.230064
F02,13,42,101398.46462485539,560181.375,4206731.5,1963.28662109375,560050.0,560350.0,4206575.0,4206875.0,1864.71630859375,2066.118896484375,25.322006,62.47034
F02,13,43,103311.312134779,560195.5625,4206995.0,1833.47265625,560050.0,560350.0,4206875.0,4207175.0,1711.7117919921875,1928.572509765625,20.95398,61.41455
F02,13,44,102374.02453521019,560200.5,4207329.0,1666.86865234375,560050.0,560350.0,4207175.0,4207475.0,1561.9456787109375,1776.311279296875,24.180542,63.112175
F02,13,45,104546.34006263144,560210.8125,4207632.0,1511.5755615234375,560050.0,560350.0,4207475.0,4207775.0,1420.4324951171875,1626.0675048828125,23.032898,61.27915
F02,13,46,102350.46780276629,560197.1875,4207907.5,1382.9613037109375,560050.0,560350.0,4207775.0,4208075.0,1275.1826171875,1482.4224853515625,27.290375,61.97285
F02,13,47,96051.80211872989,560190.0625,4208217.0,1265.71337890625,560050.0,560350.0,4208075.0,4208375.0,1195.64697265625,1348.9794921875,38.323853,70.29879
F02,13,48,96885.13805925942,560227.9375,4208577.0,1146.0146484375,560050.0,560350.0,4208375.0,4208675.0,1104.364990234375,1245.397216796875,12.318527,68.84387
F02,13,49,22183.308371454965,560187.3125,4208702.0,1109.19091796875,560050.0,560350.0,4208675.0,4208804.0,1102.7164306640625,1122.396240234375,29.767578,85.080696
F02,14,20,80322.61311574183,560513.9375,4200184.5,3709.62744140625,560350.0,560650.0,4199986.5,4200275.0,3673.78369140625,3733.89990234375,118.69092,80.0194
F02,14,21,93262.35282484806,560496.375,4200443.5,3681.468505859375,560350.0,560650.0,4200275.0,4200575.0,3652.82470703125,3726.33251953125,163.94193,84.51001
F02,14,22,99168.30094387085,560511.0,4200714.0,3652.009765625,560350.0,560650.0,4200575.0,4200875.0,3595.1005859375,3726.489990234375,48.383118,74.04493
F02,14,23,97782.33203143788,560486.5,4201015.0,3599.65771484375,560350.0,560650.0,4200875.0,4201175.0,3541.8154296875,3659.695556640625,63.767487,75.12895
F02,14,24,95708.99325256467,560532.4375,4201307.5,3539.07421875,560350.0,560650.0,4201175.0,4201475.0,3474.925537109375,3628.1640625,47.478867,71.749245
F02,14,25,94583.09311029033,560475.6875,4201621.5,3499.594970703125,560350.0,560650.0,4201475.0,4201775.0,3435.843505859375,3547.836181640625,68.07703,74.03339
F02,14,26,94378.38000244566,560517.9375,4201913.5,3441.633544921875,560350.0,560650.0,4201775.0,4202075.0,3382.93212890625,3518.564208984375,47.65387,72.97062
F02,14,27,94938.08965825662,560510.9375,4202261.5,3373.028564453125,560350.0,560650.0,4202075.0,4202375.0,3322.595703125,3449.074462890625,48.04834,72.919685
F02,14,28,94980.45805706752,560507.1875,4202524.0,3322.214599609375,560350.0,560650.0,4202375.0,4202675.0,3257.0751953125,3399.010498046875,53.34601,72.03502
F02,14,29,96742.11044551336,560488.5625,4202820.5,3252.2919921875,560350.0,560650.0,4202675.0,4202975.0,3173.914306640625,3335.328369140625,37.579926,68.34786
F02,14,30,94624.60844996416,560510.5625,4203113.5,3167.371826171875,560350.0,560650.0,4202975.0,4203275.0,3094.39453125,3232.339599609375,37.88614,72.44882
F02,14,31,98359.79983794023,560489.625,4203424.0,3079.286376953125,560350.0,560650.0,4203275.0,4203575.0,3010.334228515625,3154.38134765625,30.329575,69.932175
F02,14,32,94753.02684987788,560537.4375,4203682.5,2995.78515625,560350.0,560650.0,4203575.0,4203875.0,2922.29443359375,3054.278076171875,25.138733,71.9221
F02,14,33,94046.96002549022,560497.75,4204041.0,2899.05859375,560350.0,560650.0,4203875.0,4204175.0,2843.285400390625,2965.160400390625,26.828705,73.26129
F02,14,34,95830.87809404782,560505.3125,4204315.0,2819.025634765625,560350.0,560650.0,4204175.0,4204475.0,2742.052734375,2882.0498046875,24.611572,69.88087
F02,14,35,96055.02025052399,560469.125,4204635.0,2714.666259765625,560350.0,560650.0,4204475.0,4204775.0,2647.229248046875,2789.73388671875,20.711899,69.76942
F02,14,36,96232.26341669375,560530.6875,4204920.5,2609.478271484375,560350.0,560650.0,4204775.0,4205075.0,2543.53271484375,2682.5322265625,18.468628,69.415146
F02,14,37,96068.50807603053,560467.8125,4205212.0,2512.1806640625,560350.0,560650.0,4205075.0,4205375.0,2444.81396484375,2575.97119140625,11.360291,69.67579
F02,14,38,96486.7315446464,560525.3125,4205552.0,2380.758056640625,560350.0,560650.0,4205375.0,4205675.0,2326.367919921875,2457.387939453125,11.625275,69.05008
F02,14,39,95541.24386303904,560481.8125,4205816.0,2292.124755859375,560350.0,560650.0,4205675.0,4205975.0,2228.2587890625,2353.436279296875,13.034302,70.92708
F02,14,40,96658.44404971227,560490.375,4206139.5,2173.742431640625,560350.0,560650.0,4205975.0,4206275.0,2116.731689453125,2251.064208984375,6.1884766,68.75268
F02,14,41,97575.27872047058,560506.25,4206428.5,2057.738525390625,560350.0,560650.0,4206275.0,4206575.0,1989.34716796875,2123.907470703125,4.4607544,67.571655
F02,14,42,98112.43659124334,560491.75,4206717.5,1937.5361328125,560350.0,560650.0,4206575.0,4206875.0,1859.7978515625,2003.33203125,178.82178,66.85397
F02,14,43,100383.5926057187,560495.4375,4207006.5,1809.0751953125,560350.0,560650.0,4206875.0,4207175.0,1708.7154541015625,1879.5234375,170.07434,63.579258
F02,14,44,102804.7217924683,560497.0625,4207334.0,1643.5980224609375,560350.0,560650.0,4207175.0,4207475.0,1547.7752685546875,1745.4461669921875,167.00116,61.94548
F02,14,45,101515.11558980086,560491.625,4207641.5,1483.5999755859375,560350.0,560650.0,4207475.0,4207775.0,1413.4471435546875,1586.342041015625,172.01376,63.007618
F02,14,46,101736.50548814391,560496.625,4207895.5,1356.4693603515625,560350.0,560650.0,4207775.0,4208075.0,1249.6734619140625,1424.9022216796875,1.0162659,62.542736
F02,14,47,96412.82396270045,560506.4375,4208214.0,1214.388427734375,560350.0,560650.0,4208075.0,4208375.0,1139.1300048828125,1278.65478515625,27.141449,70.0751
F02,14,48,81516.56180572741,560462.625,4208535.5,1130.6181640625,560350.0,560650.0,4208375.0,4208675.0,1100.4000244140625,1195.64697265625,25.932678,73.13882
F02,14,49,416.019473344717,560368.375,4208681.5,1102.988525390625,560350.0,560397.0,4208675.0,4208692.5,1102.04638671875,1105.099609375,25.589355,81.485695
F02,15,20,60450.22605524573,560801.6875,4200206.5,3743.233154296875,560650.0,560950.0,4200043.0,4200275.0,3726.33251953125,3758.199951171875,76.82013,87.14029
F02,15,21,96082.68199801857,560803.8125,4200425.0,3693.44580078125,560650.0,560950.0,4200275.0,4200575.0,3644.300048828125,3746.94677734375,3.3412323,72.560135
F02,15,22,92345.23635417543,560796.5,4200747.5,3619.032470703125,560650.0,560950.0,4200575.0,4200875.0,3586.28466796875,3659.612060546875,9.781311,77.776505
F02,15,23,92032.57441756928,560801.5625,4201000.5,3565.160400390625,560650.0,560950.0,4200875.0,4201175.0,3523.50830078125,3595.1005859375,11.002991,78.76425
F02,15,24,92848.96972117166,560806.9375,4201337.0,3497.886962890625,560650.0,560950.0,4201175.0,4201475.0,3455.692138671875,3541.8154296875,9.019287,77.018234
F02,15,25,91874.27423341588,560793.0625,4201619.0,3447.23828125,560650.0,560950.0,4201475.0,4201775.0,3416.52001953125,3474.925537109375,12.093872,82.81933
F02,15,26,92241.6269680388,560756.5625,4201899.5,3405.889404296875,560650.0,560950.0,4201775.0,4202075.0,3359.16015625,3436.183349609375,20.255463,78.41796
F02,15,27,92278.66799968456,560816.25,4202207.5,3340.891357421875,560650.0,560950.0,4202075.0,4202375.0,3300.211669921875,3382.93212890625,18.109222,77.87547
F02,15,28,92395.6941533103,560812.625,4202545.5,3270.607177734375,560650.0,560950.0,4202375.0,4202675.0,3234.189208984375,3322.595703125,21.574768,77.575226
F02,15,29,94144.81600076985,560806.875,4202840.5,3196.57958984375,560650.0,560950.0,4202675.0,4202975.0,3147.90234375,3257.0751953125,17.246582,72.93748
F02,15,30,95389.25760240166,560796.5625,4203125.5,3113.277099609375,560650.0,560950.0,4202975.0,4203275.0,3046.473876953125,3173.914306640625,21.83963,71.67765
F02,15,31,95276.79140079518,560804.8125,4203445.0,3016.863037109375,560650.0,560950.0,4203275.0,4203575.0,2967.221435546875,3094.39453125,30.156784,72.88057
F02,15,32,94615.67680383383,560753.9375,4203679.0,2963.945556640625,560650.0,560950.0,4203575.0,4203875.0,2878.693115234375,3010.334228515625,27.329529,71.77993
F02,15,33,94248.04310798462,560800.8125,4204034.5,2856.36865234375,560650.0,560950.0,4203875.0,4204175.0,2794.10791015625,2922.29443359375,30.928589,72.9447
F02,15,34,96087.28606406903,560775.0,4204310.0,2779.39013671875,560650.0,560950.0,4204175.0,4204475.0,2703.30517578125,2843.285400390625,23.233337,69.68577
F02,15,35,94676.8200377122,560804.875,4204645.0,2667.8037109375,560650.0,560950.0,4204475.0,4204775.0,2612.5966796875,2742.052734375,22.013336,72.11878
F02,15,36,94607.42064581775,560787.875,4204935.5,2580.1513671875,560650.0,560950.0,4204775.0,4205075.0,2530.854736328125,2647.229248046875,13.171448,72.32603
F02,15,37,94277.04053614111,560815.0625,4205245.0,2483.94873046875,560650.0,560950.0,4205075.0,4205375.0,2442.389892578125,2543.53271484375,4.875305,72.818504
F02,15,38,95670.75968089902,560795.4375,4205512.0,2395.187255859375,560650.0,560950.0,4205375.0,4205675.0,2326.584716796875,2445.60009765625,170.36627,70.431076
F02,15,39,95299.72913000884,560819.8125,4205880.5,2270.214599609375,560650.0,560950.0,4205675.0,4205975.0,2231.996826171875,2351.91455078125,171.14755,70.63551
F02,15,40,96009.21594873659,560771.0,4206138.0,2176.28662109375,560650.0,560950.0,4205975.0,4206275.0,2116.5380859375,2241.912353515625,168.06787,69.754585
F02,15,41,97642.62857025424,560791.75,4206397.0,2080.92041015625,560650.0,560950.0,4206275.0,4206575.0,1996.3599853515625,2151.842529296875,165.22656,67.08886
F02,15,42,96994.30444321591,560821.1875,4206750.0,1946.654541015625,560650.0,560950.0,4206575.0,4206875.0,1879.5234375,2030.5042724609375,161.29352,68.4909
F02,15,43,99352.83452153302,560793.0625,4207016.0,1834.8731689453125,560650.0,560950.0,4206875.0,4207175.0,1745.4461669921875,1919.6365966796875,166.03375,64.72068
F02,15,44,102727.90878611631,560781.5625,4207341.5,1669.3641357421875,560650.0,560950.0,4207175.0,4207475.0,1586.342041015625,1775.31787109375,169.55481,61.097706
F02,15,45,104257.24345309615,560798.375,4207623.0,1516.7911376953125,560650.0,560950.0,4207475.0,4207775.0,1424.9022216796875,1617.634033203125,172.11487,60.3819
F02,15,46,102152.74991476726,560814.8125,4207939.5,1343.9368896484375,560650.0,560950.0,4207775.0,4208075.0,1255.4132080078125,1442.8248291015625,171.91153,61.616302
F02,15,47,101113.05801573553,560815.3125,4208234.0,1191.9283447265625,560650.0,560950.0,4208075.0,4208375.0,1121.75390625,1283.7720947265625,172.25806,63.74443
F02,15,48,41705.384245237285,560803.0,4208420.5,1125.8402099609375,560650.0,560950.0,4208375.0,4208575.0,1109.573974609375,1139.1300048828125,166.15088,84.75457
F02,16,20,29042.117259354363,561097.8125,4200240.5,3737.07275390625,560950.0,561250.0,4200125.0,4200275.0,3704.791015625,3753.1220703125,101.04355,85.03364
F02,16,21,94697.17995359773,561097.1875,4200395.5,3714.446044921875,560950.0,561250.0,4200275.0,4200575.0,3644.0673828125,3751.938720703125,158.80023,74.85628
F02,16,22,93175.6538438547,561067.0,4200709.5,3642.087646484375,560950.0,561250.0,4200575.0,4200875.0,3588.921875,3699.537841796875,139.03717,75.59772
F02,16,23,93798.00569375337,561102.375,4201051.5,3576.988525390625,560950.0,561250.0,4200875.0,4201175.0,3522.9580078125,3643.637451171875,142.92233,73.75007
F02,16,24,92642.52934037836,561071.875,4201312.5,3516.495361328125,560950.0,561250.0,4201175.0,4201475.0,3470.763427734375,3572.11181640625,139.8894,76.72903
F02,16,25,92350.27801509421,561087.4375,4201609.5,3470.136474609375,560950.0,561250.0,4201475.0,4201775.0,3420.215087890625,3515.44873046875,138.32892,77.34598
F02,16,26,93098.20609435477,561092.5,4201936.5,3405.916259765625,560950.0,561250.0,4201775.0,4202075.0,3362.37890625,3464.30810546875,149.0888,75.54612
F02,16,27,92725.39758073918,561064.75,4202196.0,3343.610595703125,560950.0,561250.0,4202075.0,4202375.0,3298.876953125,3390.751220703125,163.13141,76.66919
F02,16,28,92392.611963998,561054.125,4202565.5,3260.9833984375,560950.0,561250.0,4202375.0,4202675.0,3232.582763671875,3312.444091796875,169.46924,77.25051
F02,16,29,93878.2103399343,561050.5625,4202828.0,3191.145263671875,560950.0,561250.0,4202675.0,4202975.0,3145.0751953125,3243.587890625,174.6691,73.7103
F02,16,30,94534.86697336532,561064.25,4203138.0,3098.896240234375,560950.0,561250.0,4202975.0,4203275.0,3044.720947265625,3153.615478515625,171.39752,72.42346
F02,16,31,95165.89851571395,561092.875,4203437.5,3004.244140625,560950.0,561250.0,4203275.0,4203575.0,2963.54833984375,3071.374267578125,172.26031,72.837906
F02,16,32,94336.79591549361,561070.6875,4203737.5,2915.863525390625,560950.0,561250.0,4203575.0,4203875.0,2870.071044921875,2967.221435546875,2.0098877,72.88946
F02,16,33,94209.12504028986,561056.0,4204044.5,2822.8828125,560950.0,561250.0,4203875.0,4204175.0,2776.86328125,2878.693115234375,1.7416687,73.34314
F02,16,34,94441.0249307809,561059.4375,4204337.5,2737.162353515625,560950.0,561250.0,4204175.0,4204475.0,2689.382080078125,2794.10791015625,0.33877563,73.962234
F02,16,35,93711.94905569409,561075.625,4204634.5,2652.419677734375,560950.0,561250.0,4204475.0,4204775.0,2606.438232421875,2703.30517578125,176.15314,74.220924
F02,16,36,93190.14361812118,561064.5,4204973.0,2560.43798828125,560950.0,561250.0,4204775.0,4205075.0,2528.476318359375,2619.1796875,172.60089,75.04124
F02,16,37,94035.12758711306,561058.375,4205194.0,2497.0673828125,560950.0,561250.0,4205075.0,4205375.0,2442.98681640625,2540.660888671875,176.65192,73.53665
F02,16,38,94698.46445030518,561064.4375,4205560.5,2387.236328125,560950.0,561250.0,4205375.0,4205675.0,2340.40380859375,2444.3818359375,3.7385864,72.66785
F02,16,39,97427.56047266882,561076.8125,4205798.0,2298.8056640625,560950.0,561250.0,4205675.0,4205975.0,2214.59912109375,2355.398193359375,9.247574,67.642296
F02,16,40,93702.75948124297,561092.125,4206181.5,2173.815673828125,560950.0,561250.0,4205975.0,4206275.0,2125.98779296875,2237.439208984375,18.90686,74.05455
F02,16,41,97150.28807976806,561040.9375,4206414.0,2096.58642578125,560950.0,561250.0,4206275.0,4206575.0,2018.941650390625,2161.2529296875,9.812103,68.3001
F02,16,42,97706.34658120252,561054.9375,4206756.0,1962.9591064453125,560950.0,561250.0,4206575.0,4206875.0,1897.1756591796875,2045.4688720703125,9.618454,68.87741
F02,16,43,100717.77008567093,561049.75,4207015.5,1848.94873046875,560950.0,561250.0,4206875.0,4207175.0,1750.2613525390625,1926.0635986328125,10.55603,63.61745
F02,16,44,101598.96223102823,561064.3125,4207306.5,1701.58056640625,560950.0,561250.0,4207175.0,4207475.0,1598.7158203125,1778.7908935546875,8.7517395,62.319748
F02,16,45,103769.11669478902,561062.1875,4207614.0,1536.17529296875,560950.0,561250.0,4207475.0,4207775.0,1431.797119140625,1624.6610107421875,5.959015,60.42594
F02,16,46,104362.85899072309,561062.625,4207941.5,1351.351806640625,560950.0,561250.0,4207775.0,4208075.0,1260.52197265625,1459.4451904296875,6.8012085,60.692005
F02,16,47,98250.38434957493,561068.5,4208247.5,1188.7611083984375,560950.0,561250.0,4208075.0,4208375.0,1133.7884521484375,1285.0426025390625,6.0526276,63.42363
F02,16,48,7004.646924677731,561017.3125,4208390.5,1135.902099609375,560950.0,561133.875,4208375.0,4208451.0,1129.590087890625,1141.85791015625,141.5364,85.963585
F02,17,20,52.853954241331635,561253.0625,4200273.5,3707.44140625,561250.0,561259.25,4200270.5,4200275.0,3703.546875,3713.986328125,151.08832,23.189398
F02,17,21,85966.79340785433,561419.8125,4200450.5,3728.770751953125,561250.0,561550.0,4200275.0,4200575.0,3664.56298828125,3751.788818359375,166.54141,85.42102
F02,17,22,92808.03038266029,561430.0,4200730.5,3698.06787109375,561250.0,561550.0,4200575.0,4200875.0,3643.637451171875,3745.92578125,135.1576,77.067856
F02,17,23,94214.43752255064,561409.1875,4201037.5,3633.285888671875,561250.0,561550.0,4200875.0,4201175.0,3572.11181640625,3698.355224609375,146.41522,72.83368
F02,17,24,92887.21947784178,561395.0,4201294.5,3569.6513671875,561250.0,561550.0,4201175.0,4201475.0,3515.44873046875,3616.63134765625,139.56348,76.31934
F02,17,25,92405.10626420417,561450.75,4201652.5,3516.487060546875,561250.0,561550.0,4201475.0,4201775.0,3464.300048828125,3562.292724609375,140.49149,77.0222
F02,17,26,93759.19773061268,561393.9375,4201919.5,3448.760498046875,561250.0,561550.0,4201775.0,4202075.0,3390.751220703125,3507.1884765625,155.18994,73.72182
F02,17,27,93962.15175439091,561382.75,4202194.0,3371.259521484375,561250.0,561550.0,4202075.0,4202375.0,3312.444091796875,3422.434814453125,160.49951,73.45542
F02,17,28,92727.28676599122,561444.25,4202563.0,3281.06103515625,561250.0,561550.0,4202375.0,4202675.0,3243.587890625,3335.490478515625,166.7627,76.2196
F02,17,29,94212.48326849441,561425.875,4202815.0,3208.956298828125,561250.0,561550.0,4202675.0,4202975.0,3153.615478515625,3258.221923828125,171.85889,72.71015
F02,17,30,93348.75874928894,561412.9375,4203148.5,3111.866455078125,561250.0,561550.0,4202975.0,4203275.0,3071.374267578125,3164.517822265625,171.92746,74.7111
F02,17,31,95798.56199874199,561376.125,4203428.5,3024.068115234375,561250.0,561550.0,4203275.0,4203575.0,2964.6025390625,3083.522705078125,166.323,70.78979
F02,17,32,94882.15148175765,561417.0625,4203696.5,2938.642578125,561250.0,561550.0,4203575.0,4203875.0,2874.52587890625,2991.396728515625,169.01581,71.62084
F02,17,33,93798.20961107481,561400.25,4204040.5,2830.913818359375,561250.0,561550.0,4203875.0,4204175.0,2786.239990234375,2884.319580078125,173.29285,73.59391
F02,17,34,93643.40331765151,561392.75,4204304.0,2755.50830078125,561250.0,561550.0,4204175.0,4204475.0,2700.056396484375,2797.82421875,171.59134,73.96496
F02,17,35,93237.3138467356,561388.625,4204613.0,2669.22119140625,561250.0,561550.0,4204475.0,4204775.0,2619.1796875,2713.495849609375,169.32187,74.92241
F02,17,36,93491.37399642641,561433.5,4204972.5,2575.497802734375,561250.0,561550.0,4204775.0,4205075.0,2540.660888671875,2635.202880859375,170.62048,74.583534
F02,17,37,95215.44092143836,561419.25,4205201.0,2501.15185546875,561250.0,561550.0,4205075.0,4205375.0,2443.61767578125,2549.962158203125,177.0033,71.2225
F02,17,38,96156.78639614316,561407.625,4205526.0,2390.777099609375,561250.0,561550.0,4205375.0,4205675.0,2325.760498046875,2444.055419921875,4.6102295,69.50079
F02,17,39,98326.8639680284,561442.8125,4205825.5,2264.377685546875,561250.0,561550.0,4205675.0,4205975.0,2191.656982421875,2340.40380859375,8.136337,66.12951
F02,17,40,95816.62296778618,561411.4375,4206134.0,2154.082275390625,561250.0,561550.0,4205975.0,4206275.0,2080.817626953125,2214.60498046875,18.307922,70.36829
F02,17,41,95898.77354342189,561424.6875,4206399.0,2058.330078125,561250.0,561550.0,4206275.0,4206575.0,1983.5166015625,2125.98779296875,23.021896,70.06261
F02,17,42,97937.19302725299,561426.125,4206748.0,1929.391357421875,561250.0,561550.0,4206575.0,4206875.0,1860.0504150390625,2018.941650390625,15.8211975,67.05268
F02,17,43,100711.945882483,561415.9375,4207053.5,1790.0496826171875,561250.0,561550.0,4206875.0,4207175.0,1714.8218994140625,1897.1756591796875,13.854858,63.322033
F02,17,44,101172.17845824918,561416.375,4207318.5,1659.6632080078125,561250.0,561550.0,4207175.0,4207475.0,1565.5355224609375,1750.2613525390625,12.979218,62.87169
F02,17,45,103693.0457190093,561420.8125,4207593.5,1514.3236083984375,561250.0,561550.0,4207475.0,4207775.0,1396.7486572265625,1598.7158203125,11.695068,60.228203
F02,17,46,103825.3815884317,561430.75,4207927.5,1325.2496337890625,561250.0,561550.0,4207775.0,4208075.0,1229.673828125,1431.797119140625,11.161713,60.267166
F02,17,47,64182.40334557924,561421.1875,4208169.5,1194.877197265625,561250.0,561550.0,4208075.0,4208327.5,1149.6060791015625,1260.52197265625,11.776749,63.664505
F02,18,21,46598.39387389579,561654.5,4200549.5,3723.821533203125,561550.0,561850.0,4200416.0,4200575.0,3624.3349609375,3750.45556640625,152.40433,52.85996
F02,18,22,94957.78837432031,561735.1875,4200690.5,3733.062744140625,561550.0,561850.0,4200575.0,4200875.0,3651.926513671875,3755.06298828125,145.24121,87.94546
F02,18,23,94395.62993423859,561715.75,4201027.0,3683.032958984375,561550.0,561850.0,4200875.0,4201175.0,3616.639892578125,3735.6982421875,152.74588,72.95676
F02,18,24,92587.48899583999,561694.75,4201316.0,3613.913818359375,561550.0,561850.0,4201175.0,4201475.0,3562.27978515625,3664.128173828125,137.97668,76.53343
F02,18,25,92902.94764478672,561695.3125,4201620.5,3555.42041015625,561550.0,561850.0,4201475.0,4201775.0,3507.183349609375,3605.11865234375,149.6105,76.056595
F02,18,26,94059.21835461051,561750.0,4201957.0,3473.846435546875,561550.0,561850.0,4201775.0,4202075.0,3422.431396484375,3534.8056640625,164.89236,73.25412
F02,18,27,94115.8329898844,561737.625,4202213.0,3397.2314453125,561550.0,561850.0,4202075.0,4202375.0,3335.485595703125,3446.040771484375,167.336,72.92679
F02,18,28,93719.20653868042,561721.125,4202524.5,3307.76611328125,561550.0,561850.0,4202375.0,4202675.0,3258.248046875,3358.0419921875,168.26132,74.52535
F02,18,29,94484.14437927664,561737.6875,4202850.0,3212.344970703125,561550.0,561850.0,4202675.0,4202975.0,3164.517822265625,3271.48974609375,171.51685,72.29718
F02,18,30,93513.61632587045,561716.8125,4203116.0,3132.47998046875,561550.0,561850.0,4202975.0,4203275.0,3083.528076171875,3176.79638671875,171.49567,74.56121
F02,18,31,94502.95126900378,561712.625,4203422.5,3043.15966796875,561550.0,561850.0,4203275.0,4203575.0,2991.396728515625,3096.600830078125,173.92722,72.35334
F02,18,32,95264.80556526576,561717.8125,4203749.5,2935.457275390625,561550.0,561850.0,4203575.0,4203875.0,2884.319580078125,2999.442138671875,172.79297,71.17591
F02,18,33,94091.03258054647,561734.8125,4204005.0,2853.398193359375,561550.0,561850.0,4203875.0,4204175.0,2797.7900390625,2901.0,174.15222,72.733215
F02,18,34,93458.59078503844,561734.4375,4204364.0,2750.288818359375,561550.0,561850.0,4204175.0,4204475.0,2713.477783203125,2806.02880859375,176.38855,74.76116
F02,18,35,93060.04328134662,561722.0625,4204621.0,2681.988525390625,561550.0,561850.0,4204475.0,4204775.0,2635.200439453125,2724.288818359375,173.22095,75.34019
F02,18,36,94061.46646979536,561727.625,4204928.5,2598.7626953125,561550.0,561850.0,4204775.0,4205075.0,2549.996337890625,2646.510986328125,175.36578,73.916336
F02,18,37,96375.75397395925,561753.0625,4205269.0,2478.466796875,561550.0,561850.0,4205075.0,4205375.0,2434.847900390625,2557.549560546875,0.39924622,69.11157
F02,18,38,97441.95513718172,561719.625,4205537.5,2373.51806640625,561550.0,561850.0,4205375.0,4205675.0,2309.50830078125,2443.61767578125,6.6302032,67.44125
F02,18,39,99385.17398346632,561710.5625,4205831.0,2244.37353515625,561550.0,561850.0,4205675.0,4205975.0,2164.3837890625,2325.7568359375,8.238693,64.836945
F02,18,40,97698.64984960102,561710.6875,4206135.0,2116.4267578125,561550.0,561850.0,4205975.0,4206275.0,2044.775390625,2191.661865234375,16.639221,67.127106
F02,18,41,96011.181420252,561729.4375,4206404.5,2011.690185546875,561550.0,561850.0,4206275.0,4206575.0,1929.399658203125,2080.8203125,23.003036,69.256676
F02,18,42,97905.73993905487,561719.6875,4206728.5,1898.594482421875,561550.0,561850.0,4206575.0,4206875.0,1825.1968994140625,1983.516357421875,21.688492,67.847115
F02,18,43,100746.68277465853,561725.4375,4207037.0,1759.8538818359375,561550.0,561850.0,4206875.0,4207175.0,1672.2799072265625,1860.078857421875,14.548782,63.050667
F02,18,44,101464.89344795296,561729.8125,4207341.0,1609.334716796875,561550.0,561850.0,4207175.0,4207475.0,1523.4737548828125,1714.75830078125,15.786804,62.76966
F02,18,45,103949.18331256614,561745.0,4207653.5,1440.4168701171875,561550.0,561850.0,4207475.0,4207775.0,1356.4737548828125,1565.4970703125,13.717361,60.1769
F02,18,46,103106.67195458514,561750.8125,4207974.0,1261.31201171875,561550.0,561850.0,4207775.0,4208075.0,1197.2969970703125,1396.6627197265625,12.906921,60.39218
F02,18,47,21564.680954777916,561717.625,4208096.0,1199.132080078125,561550.0,561814.625,4208075.0,4208203.5,1169.6220703125,1229.673828125,12.908783,62.25706
F02,19,21,445.71277777981584,561858.9375,4200570.5,3632.074951171875,561850.0,561876.8125,4200562.0,4200575.0,3620.740966796875,3651.14892578125,151.19,23.021902
F02,19,22,104463.19035617434,562046.6875,4200777.5,3714.1904296875,561850.0,562150.0,4200575.0,4200875.0,3584.107177734375,3755.800048828125,149.71802,74.14514
F02,19,23,92412.11891939734,561963.375,4201057.5,3684.42333984375,561850.0,562150.0,4200875.0,4201175.0,3642.87939453125,3731.643798828125,24.696655,77.41201
F02,19,24,92979.39125247173,561960.0625,4201331.0,3625.83740234375,561850.0,562150.0,4201175.0,4201475.0,3571.194091796875,3669.351806640625,24.729431,76.1241
F02,19,25,93316.40878740183,561970.0,4201656.5,3550.060546875,561850.0,562150.0,4201475.0,4201775.0,3499.8837890625,3605.408447265625,28.821533,75.0697
F02,19,26,94125.83476748681,561998.5,4201905.0,3481.153076171875,561850.0,562150.0,4201775.0,4202075.0,3422.471923828125,3535.979248046875,15.994812,72.98101
F02,19,27,93685.93663510532,561995.1875,4202258.0,3379.390380859375,561850.0,562150.0,4202075.0,4202375.0,3336.84228515625,3439.839599609375,11.313675,73.82972
F02,19,28,93882.91942465752,562052.4375,4202550.5,3292.613037109375,561850.0,562150.0,4202375.0,4202675.0,3245.766357421875,3353.468017578125,15.417328,73.4025
F02,19,29,93936.4225692174,562016.3125,4202830.0,3216.589111328125,561850.0,562150.0,4202675.0,4202975.0,3170.0400390625,3271.560791015625,11.747925,74.16324
F02,19,30,93553.15388153736,562003.8125,4203149.5,3128.34521484375,561850.0,562150.0,4202975.0,4203275.0,3091.693115234375,3180.431884765625,3.1409607,75.24669
F02,19,31,94225.83156403282,561976.125,4203411.5,3054.017578125,561850.0,562150.0,4203275.0,4203575.0,2999.442138671875,3098.72021484375,179.11288,72.818695
F02,19,32,94974.37741444084,562010.0,4203733.0,2951.84912109375,561850.0,562150.0,4203575.0,4203875.0,2901.0,3007.771240234375,176.41345,71.69399
F02,19,33,95559.90280396059,562011.625,4204030.5,2849.5029296875,561850.0,562150.0,4203875.0,4204175.0,2796.08447265625,2908.21484375,179.01123,70.43262
F02,19,34,93868.67566638533,562025.9375,4204317.5,2757.0625,561850.0,562150.0,4204175.0,4204475.0,2704.055908203125,2801.033935546875,5.8520813,73.64077
F02,19,35,93719.73767400961,562026.4375,4204633.0,2666.637451171875,561850.0,562150.0,4204475.0,4204775.0,2612.78662109375,2719.072998046875,15.656616,73.73652
F02,19,36,95502.48709237459,562019.0625,4204907.5,2585.94384765625,561850.0,562150.0,4204775.0,4205075.0,2507.864013671875,2644.343994140625,22.747375,70.602264
F02,19,37,97472.43585366753,561993.8125,4205262.0,2463.514892578125,561850.0,562150.0,4205075.0,4205375.0,2401.10546875,2553.615478515625,18.63321,68.08054
F02,19,38,97648.83512138948,562001.875,4205516.0,2361.79833984375,561850.0,562150.0,4205375.0,4205675.0,2285.17724609375,2434.91162109375,13.637451,67.24518
F02,19,39,100008.79830747991,562001.0625,4205834.5,2223.072021484375,561850.0,562150.0,4205675.0,4205975.0,2148.51513671875,2309.50830078125,5.1979523,64.54663
F02,19,40,97021.21174788653,562003.875,4206137.0,2092.007080078125,561850.0,562150.0,4205975.0,4206275.0,2027.747802734375,2164.3837890625,6.0975037,68.00304
F02,19,41,96958.60450150755,562027.25,4206450.0,1966.1383056640625,561850.0,562150.0,4206275.0,4206575.0,1905.495849609375,2044.775390625,11.034225,68.496284
F02,19,42,97900.140988766,561992.9375,4206737.0,1858.3997802734375,561850.0,562150.0,4206575.0,4206875.0,1784.4566650390625,1933.16943359375,16.090668,67.92568
F02,19,43,101841.4498168187,561980.0,4207017.0,1735.592529296875,561850.0,562150.0,4206875.0,4207175.0,1626.75146484375,1825.1968994140625,14.42157,62.255375
F02,19,44,103355.09336204985,561956.125,4207315.0,1585.845947265625,561850.0,562150.0,4207175.0,4207475.0,1463.6768798828125,1672.2799072265625,18.162628,61.61848
F02,19,45,104628.72552789772,561971.5625,4207641.0,1407.1380615234375,561850.0,562150.0,4207475.0,4207775.0,1297.015625,1523.4737548828125,19.693115,59.37441
F02,19,46,53332.30014638931,562029.5,4207857.5,1280.0328369140625,561850.0,562150.0,4207775.0,4208047.5,1207.7293701171875,1356.4737548828125,17.257019,60.53467
F02,20,22,57741.729173035594,562241.4375,4200856.5,3691.26953125,562150.0,562450.0,4200707.5,4200875.0,3543.879150390625,3726.48095703125,145.63574,58.56959
F02,20,23,96889.91689851583,562336.25,4200943.0,3668.08056640625,562150.0,562450.0,4200875.0,4201175.0,3589.1484375,3698.6650390625,23.257965,76.3096
F02,20,24,93047.50928366122,562338.6875,4201298.5,3591.7587890625,562150.0,562450.0,4201175.0,4201475.0,3542.742431640625,3642.87939453125,30.576096,76.28812
F02,20,25,93057.98087628698,562330.125,4201611.5,3519.63818359375,562150.0,562450.0,4201475.0,4201775.0,3466.85400390625,3571.194091796875,23.822372,75.22794
F02,20,26,93174.87257719705,562283.1875,4201992.0,3432.684326171875,562150.0,562450.0,4201775.0,4202075.0,3395.55517578125,3499.8837890625,22.892609,75.12132
F02,20,27,93680.77872676791,562352.6875,4202165.0,3381.22900390625,562150.0,562450.0,4202075.0,4202375.0,3318.8193359375,3422.471923828125,15.966385,74.19936
F02,20,28,94011.01036505666,562251.625,4202618.0,3259.383544921875,562150.0,562450.0,4202375.0,4202675.0,3233.151123046875,3336.84228515625,8.53949,73.39433
F02,20,29,95367.84339648607,562327.0625,4202766.5,3208.897705078125,562150.0,562450.0,4202675.0,4202975.0,3128.108642578125,3245.766357421875,8.766968,71.26668
F02,20,30,94585.77200077963,562319.1875,4203157.5,3093.1962890625,562150.0,562450.0,4202975.0,4203275.0,3038.681884765625,3170.0400390625,32.08307,72.18904
F02,20,31,95274.41111203362,562328.5,4203399.5,3023.740234375,562150.0,562450.0,4203275.0,4203575.0,2951.26123046875,3092.455810546875,31.15628,70.97177
F02,20,32,96564.19890947898,562320.8125,4203743.0,2916.73779296875,562150.0,562450.0,4203575.0,4203875.0,2854.86181640625,3004.92724609375,29.28894,68.88495
F02,20,33,94834.6771080843,562290.0,4204058.0,2819.775146484375,562150.0,562450.0,4203875.0,4204175.0,2783.94384765625,2905.669921875,14.881134,73.4586
F02,20,34,94132.51613306934,562267.1875,4204294.5,2753.600830078125,562150.0,562450.0,4204175.0,4204475.0,2691.0966796875,2796.08447265625,6.875305,73.13259
F02,20,35,95336.7814737404,562293.0625,4204655.5,2641.002685546875,562150.0,562450.0,4204475.0,4204775.0,2580.615966796875,2704.055908203125,13.683395,70.950264
F02,20,36,96068.30980337814,562269.125,4204896.5,2557.84521484375,562150.0,562450.0,4204775.0,4205075.0,2474.500732421875,2612.78662109375,17.58168,69.520996
F02,20,37,95931.69231073954,562298.375,4205256.0,2427.81201171875,562150.0,562450.0,4205075.0,4205375.0,2367.8125,2507.864013671875,16.522675,69.767006
F02,20,38,97353.99794195617,562260.75,4205500.5,2340.54638671875,562150.0,562450.0,4205375.0,4205675.0,2247.164306640625,2401.10546875,16.224274,67.85841
F02,20,39,99220.2503220723,562300.9375,4205831.5,2198.314453125,562150.0,562450.0,4205675.0,4205975.0,2116.790771484375,2285.17724609375,17.647217,65.21817
F02,20,40,98048.63417945223,562363.9375,4206185.5,2039.778076171875,562150.0,562450.0,4205975.0,4206275.0,1991.083740234375,2156.99365234375,16.042252,66.69742
F02,20,41,97961.41905266658,562332.25,4206362.5,1970.36279296875,562150.0,562450.0,4206275.0,4206575.0,1870.763427734375,2027.747802734375,16.375076,66.89036
F02,20,42,99213.40602542438,562284.8125,4206767.5,1812.3218994140625,562150.0,562450.0,4206575.0,4206875.0,1729.3880615234375,1905.495849609375,17.81392,65.53618
F02,20,43,103562.07068222231,562244.5625,4206995.5,1705.2237548828125,562150.0,562450.0,4206875.0,4207175.0,1571.037841796875,1785.1383056640625,19.31894,60.599968
F02,20,44,104463.55997078086,562264.3125,4207285.5,1545.5042724609375,562150.0,562450.0,4207175.0,4207475.0,1403.4849853515625,1626.75146484375,19.35234,59.659615
F02,20,45,74244.29753832199,562287.0,4207664.0,1343.31689453125,562150.0,562450.0,4207475.0,4207775.0,1297.7279052734375,1463.6768798828125,14.77655,62.830353
F02,20,46,1016.8481731857846,562176.0625,4207782.5,1299.4925537109375,562150.0,562200.125,4207775.0,4207814.0,1289.7728271484375,1303.6402587890625,159.70227,75.800224
F02,21,22,1273.981624382071,562465.125,4200867.5,3556.94140625,562450.0,562495.375,4200853.0,4200875.0,3537.796630859375,3589.1484375,151.18729,23.066961
F02,21,23,108419.46526725913,562606.3125,4201094.5,3604.21630859375,562450.0,562750.0,4200875.0,4201175.0,3503.651123046875,3678.658203125,30.171814,79.358
F02,21,24,93063.66465670618,562657.4375,4201250.5,3564.106689453125,562450.0,562750.0,4201175.0,4201475.0,3506.787841796875,3603.915771484375,33.41005,77.00034
F02,21,25,93338.36936388597,562626.625,4201604.5,3491.564453125,562450.0,562750.0,4201475.0,4201775.0,3442.50830078125,3542.7099609375,24.839294,75.76961
F02,21,26,93112.84341168712,562645.5,4201890.0,3420.30029296875,562450.0,562750.0,4201775.0,4202075.0,3362.513427734375,3466.85400390625,21.927216,75.04512
F02,21,27,93339.70708223361,562596.1875,4202288.0,3327.2470703125,562450.0,562750.0,4202075.0,4202375.0,3291.2314453125,3395.55517578125,22.409882,75.00649
F02,21,28,93629.46161488583,562661.0625,4202460.0,3276.33837890625,562450.0,562750.0,4202375.0,4202675.0,3215.1640625,3318.819580078125,17.837082,74.44611
F02,21,29,94722.43293340712,562570.875,4202885.5,3160.139892578125,562450.0,562750.0,4202675.0,4202975.0,3125.18359375,3233.151123046875,2.3014832,72.03164
F02,21,30,96711.44471570545,562624.1875,4203090.0,3087.73095703125,562450.0,562750.0,4202975.0,4203275.0,3010.9521484375,3138.2744140625,0.58444214,69.09084
F02,21,31,95021.3037815749,562618.0,4203429.5,2971.778076171875,562450.0,562750.0,4203275.0,4203575.0,2918.454833984375,3038.5556640625,20.095123,71.4432
F02,21,32,92926.82172680408,562589.8125,4203748.0,2889.486328125,562450.0,562750.0,4203575.0,4203875.0,2855.44189453125,2951.26123046875,5.2543945,76.557915
F02,21,33,93784.50746187464,562596.1875,4204012.5,2822.128173828125,562450.0,562750.0,4203875.0,4204175.0,2767.633056640625,2867.945068359375,1.890564,74.3612
F02,21,34,96040.52369084768,562599.625,4204351.5,2717.06103515625,562450.0,562750.0,4204175.0,4204475.0,2653.368896484375,2783.94384765625,15.992401,69.80132
F02,21,35,96180.75144533021,562587.875,4204611.5,2624.76513671875,562450.0,562750.0,4204475.0,4204775.0,2550.905517578125,2691.196044921875,17.8107,69.33118
F02,21,36,95095.15684439996,562602.5,4204953.0,2505.187255859375,562450.0,562750.0,4204775.0,4205075.0,2450.528076171875,2580.615966796875,13.346344,71.29319
F02,21,37,96730.7732186538,562583.6875,4205219.0,2413.1064453125,562450.0,562750.0,4205075.0,4205375.0,2337.329833984375,2474.455322265625,13.398315,69.16239
F02,21,38,98843.7934117515,562609.5625,4205535.5,2283.914306640625,562450.0,562750.0,4205375.0,4205675.0,2205.770263671875,2367.812255859375,16.614655,65.876976
F02,21,39,98177.28314386123,562636.0625,4205854.5,2145.785888671875,562450.0,562750.0,4205675.0,4205975.0,2081.537841796875,2247.164306640625,16.209747,66.57004
F02,21,40,98487.00857103746,562601.875,4206126.5,2034.8536376953125,562450.0,562750.0,4205975.0,4206275.0,1957.122802734375,2116.720703125,16.799026,66.17414
F02,21,41,97768.67469114478,562555.375,4206410.5,1927.234130859375,562450.0,562750.0,4206275.0,4206575.0,1832.034423828125,1991.14599609375,14.239838,68.042076
F02,21,42,102816.2519015026,562583.5625,4206709.0,1790.286865234375,562450.0,562750.0,4206575.0,4206875.0,1678.4384765625,1870.797607421875,17.286407,61.948624
F02,21,43,103985.78363951456,562591.8125,4206993.5,1641.4610595703125,562450.0,562750.0,4206875.0,4207175.0,1510.7705078125,1729.3880615234375,18.799713,60.14027
F02,21,44,89715.32950885392,562616.0625,4207386.5,1439.09326171875,562450.0,562750.0,4207175.0,4207475.0,1396.6978759765625,1571.0377197265625,11.657196,64.62079
F02,21,45,7480.077659246067,562517.375,4207494.0,1398.2030029296875,562450.0,562585.5625,4207475.0,4207580.5,1371.8162841796875,1409.19384765625,165.33789,74.78009
F02,22,23,59928.944532019326,562865.75,4201151.0,3580.361083984375,562750.0,563050.0,4200998.5,4201175.0,3463.423095703125,3630.835205078125,148.7991,68.718834
F02,22,24,97545.83259756511,562932.8125,4201294.5,3540.394775390625,562750.0,563050.0,4201175.0,4201475.0,3474.208984375,3592.273681640625,8.841232,72.5558
F02,22,25,93334.78145115398,562937.75,4201580.5,3467.728515625,562750.0,563050.0,4201475.0,4201775.0,3411.99951171875,3510.3818359375,26.282944,76.48546
F02,22,26,93609.70512716228,562934.625,4201892.0,3394.0625,562750.0,563050.0,4201775.0,4202075.0,3342.413330078125,3442.567626953125,19.250092,75.13508
F02,22,27,93205.65952843707,562928.75,4202199.5,3316.1162109375,562750.0,563050.0,4202075.0,4202375.0,3258.172119140625,3362.513427734375,20.937714,74.94626
F02,22,28,93552.59655044557,562874.8125,4202566.5,3228.97998046875,562750.0,563050.0,4202375.0,4202675.0,3182.144775390625,3291.2314453125,23.778687,74.65675
F02,22,29,93503.92401180211,562930.375,4202785.0,3166.58349609375,562750.0,563050.0,4202675.0,4202975.0,3111.54345703125,3215.19921875,20.553375,74.749115
F02,22,30,95729.55236070993,562880.1875,4203166.5,3057.818603515625,562750.0,563050.0,4202975.0,4203275.0,3011.4580078125,3132.5830078125,178.00745,70.27182
F02,22,31,95015.52384014618,562895.3125,4203422.0,2970.294677734375,562750.0,563050.0,4203275.0,4203575.0,2919.780517578125,3031.900390625,171.45346,72.709625
F02,22,32,93121.90585081767,562912.8125,4203727.5,2892.61474609375,562750.0,563050.0,4203575.0,4203875.0,2843.961181640625,2940.599609375,177.38507,76.16727
F02,22,33,96570.77988190396,562900.375,4204053.0,2792.41650390625,562750.0,563050.0,4203875.0,4204175.0,2726.19384765625,2863.83154296875,17.879913,68.82784
F02,22,34,96299.4423759553,562890.1875,4204310.5,2699.4482421875,562750.0,563050.0,4204175.0,4204475.0,2627.20654296875,2767.586669921875,18.20604,69.13107
F02,22,35,94443.88794222199,562902.3125,4204653.5,2581.996826171875,562750.0,563050.0,4204475.0,4204775.0,2533.160888671875,2653.441650390625,10.1666565,72.54681
F02,22,36,96122.64893169969,562894.4375,4204924.0,2492.62646484375,562750.0,563050.0,4204775.0,4205075.0,2427.642333984375,2550.919189453125,10.252701,70.43843
F02,22,37,98364.68909416535,562918.0,4205238.0,2369.528076171875,562750.0,563050.0,4205075.0,4205375.0,2294.67578125,2450.528076171875,15.446014,66.57539
F02,22,38,98333.55244653698,562929.0625,4205544.0,2239.703125,562750.0,563050.0,4205375.0,4205675.0,2169.96044921875,2337.464111328125,16.569855,66.3729
F02,22,39,98940.8651411786,562907.1875,4205859.5,2107.610107421875,562750.0,563050.0,4205675.0,4205975.0,2043.431640625,2205.630615234375,17.754929,65.48713
F02,22,40,97228.87635917215,562874.4375,4206097.5,2017.9241943359375,562750.0,563050.0,4205975.0,4206275.0,1934.7490234375,2081.536865234375,13.126221,68.71982
F02,22,41,101533.0719461316,562922.75,4206424.5,1875.1353759765625,562750.0,563050.0,4206275.0,4206575.0,1785.903564453125,1957.122802734375,15.249268,63.49473
F02,22,42,103183.54508953086,562919.875,4206701.5,1737.300048828125,562750.0,563050.0,4206575.0,4206875.0,1618.3023681640625,1832.1524658203125,18.327118,60.735405
F02,22,43,99141.94409752943,562950.125,4207106.0,1536.6556396484375,562750.0,563050.0,4206875.0,4207175.0,1496.54638671875,1678.4931640625,8.729279,65.67097
F02,22,44,20001.360761107335,562862.1875,4207209.0,1497.2564697265625,562750.0,562971.0,4207175.0,4207347.0,1453.8597412109375,1514.74755859375,170.3778,73.69546
F02,23,23,2451.723371754335,563070.9375,4201165.0,3481.574951171875,563050.0,563112.875,4201144.5,4201175.0,3454.990478515625,3526.310546875,151.18222,23.023079
F02,23,24,109228.43857210677,563193.125,4201391.0,3490.009765625,563050.0,563350.0,4201175.0,4201475.0,3423.195068359375,3583.01220703125,177.83777,71.69251
F02,23,25,93492.90510457905,563230.125,4201589.5,3433.02685546875,563050.0,563350.0,4201475.0,4201775.0,3382.51025390625,3474.22900390625,26.685501,77.35033
F02,23,26,93643.34404554358,563229.3125,4201894.0,3371.188232421875,563050.0,563350.0,4201775.0,4202075.0,3317.052978515625,3416.84765625,21.359802,75.985054
F02,23,27,93847.8442931049,563225.4375,4202197.5,3293.96435546875,563050.0,563350.0,4202075.0,4202375.0,3242.206787109375,3342.353271484375,14.171234,74.45039
F02,23,28,93368.26334210025,563207.8125,4202520.0,3209.13720703125,563050.0,563350.0,4202375.0,4202675.0,3153.906005859375,3258.24609375,18.363892,74.70072
F02,23,29,93729.17258255389,563190.9375,4202873.0,3119.36962890625,563050.0,563350.0,4202675.0,4202975.0,3072.330078125,3182.089111328125,24.669357,74.630936
F02,23,30,93223.99432433644,563194.125,4203133.0,3054.412109375,563050.0,563350.0,4202975.0,4203275.0,3007.866455078125,3111.54345703125,25.15062,75.34151
F02,23,31,94559.8841304411,563204.5,4203418.0,2978.53125,563050.0,563350.0,4203275.0,4203575.0,2920.405029296875,3033.625732421875,10.633026,73.3606
F02,23,32,96911.75788731316,563188.3125,4203744.0,2871.9013671875,563050.0,563350.0,4203575.0,4203875.0,2798.9482421875,2942.753662109375,18.135864,68.78272
F02,23,33,96463.64142419527,563190.75,4204007.5,2774.58349609375,563050.0,563350.0,4203875.0,4204175.0,2703.633056640625,2843.9384765625,18.773361,68.80936
F02,23,34,93981.45172018174,563201.4375,4204354.0,2658.880126953125,563050.0,563350.0,4204175.0,4204475.0,2615.9775390625,2726.19384765625,7.373596,73.404724
F02,23,35,95490.2152455643,563204.625,4204628.0,2572.106201171875,563050.0,563350.0,4204475.0,4204775.0,2517.85693359375,2627.208251953125,7.0839844,71.65955
F02,23,36,97716.78149432047,563226.4375,4204942.0,2455.1708984375,563050.0,563350.0,4204775.0,4205075.0,2383.72314453125,2533.25,14.200592,67.345245
F02,23,37,98513.89485917166,563231.375,4205245.0,2328.51123046875,563050.0,563350.0,4205075.0,4205375.0,2258.56982421875,2427.71240234375,16.928223,66.150856
F02,23,38,99211.4587903313,563233.875,4205574.5,2185.64013671875,563050.0,563350.0,4205375.0,4205675.0,2129.71923828125,2294.676025390625,18.367432,65.04031
F02,23,39,97644.27335126743,563197.0625,4205788.0,2103.619384765625,563050.0,563350.0,4205675.0,4205975.0,2021.044677734375,2170.065185546875,14.867279,68.66709
F02,23,40,99651.8036280759,563230.8125,4206101.0,1978.4176025390625,563050.0,563350.0,4205975.0,4206275.0,1880.1937255859375,2043.431640625,15.56778,64.915565
F02,23,41,102231.94010065563,563222.125,4206398.0,1841.7064208984375,563050.0,563350.0,4206275.0,4206575.0,1725.629150390625,1934.7491455078125,19.135574,61.817955
F02,23,42,102538.02013202393,563275.0625,4206818.5,1635.9520263671875,563050.0,563350.0,4206575.0,4206875.0,1596.228515625,1785.9034423828125,6.8160706,65.71665
F02,23,43,38543.194830203036,563212.875,4206919.0,1597.1302490234375,563050.0,563350.0,4206875.0,4207113.5,1535.9031982421875,1618.5419921875,171.93707,73.28604
F02,24,24,60934.11454227871,563493.875,4201442.5,3480.7568359375,563350.0,563650.0,4201290.0,4201475.0,3382.967041015625,3535.189208984375,134.39032,80.18119
F02,24,25,99718.07274082897,563543.625,4201606.0,3421.980224609375,563350.0,563650.0,4201475.0,4201775.0,3331.74658203125,3491.2392578125,179.5495,66.41758
F02,24,26,92302.49312941864,563543.125,4201894.5,3331.36083984375,563350.0,563650.0,4201775.0,4202075.0,3289.1376953125,3382.504638671875,46.124924,77.73153
F02,24,27,93916.42177377743,563530.1875,4202198.5,3275.107177734375,563350.0,563650.0,4202075.0,4202375.0,3222.264892578125,3323.313720703125,18.161316,75.553535
F02,24,28,94088.72024686208,563516.5,4202503.5,3193.95703125,563350.0,563650.0,4202375.0,4202675.0,3142.072265625,3242.20947265625,9.547699,73.726135
F02,24,29,93660.87729808751,563507.1875,4202821.0,3104.743408203125,563350.0,563650.0,4202675.0,4202975.0,3049.564697265625,3153.906005859375,13.820343,74.13059
F02,24,30,93791.66154931506,563500.125,4203163.5,3014.500244140625,563350.0,563650.0,4202975.0,4203275.0,2962.49169921875,3072.28564453125,24.972641,74.5506
F02,24,31,95224.20245346415,563526.75,4203427.0,2938.93994140625,563350.0,563650.0,4203275.0,4203575.0,2871.75,3007.796630859375,27.689667,71.464035
F02,24,32,96666.9316831668,563502.5625,4203717.5,2843.10400390625,563350.0,563650.0,4203575.0,4203875.0,2779.92041015625,2920.405029296875,19.233902,68.57626
F02,24,33,93718.33593364408,563499.4375,4204053.0,2736.063232421875,563350.0,563650.0,4203875.0,4204175.0,2698.56982421875,2798.9482421875,5.43869,73.91506
F02,24,34,94867.90660304103,563493.875,4204311.0,2658.14208984375,563350.0,563650.0,4204175.0,4204475.0,2600.922119140625,2703.623779296875,5.174591,72.56008
F02,24,35,96958.61253549093,563532.875,4204647.0,2539.32568359375,563350.0,563650.0,4204475.0,4204775.0,2472.77392578125,2615.977783203125,13.569885,68.30722
F02,24,36,98705.84650677638,563533.375,4204944.5,2417.355224609375,563350.0,563650.0,4204775.0,4205075.0,2347.028564453125,2518.041259765625,17.264954,65.91679
F02,24,37,99280.82866902166,563544.0625,4205273.5,2271.664794921875,563350.0,563650.0,4205075.0,4205375.0,2207.516357421875,2383.72314453125,19.668549,64.363686
F02,24,38,98401.69770130515,563510.1875,4205471.0,2193.084716796875,563350.0,563650.0,4205375.0,4205675.0,2100.16357421875,2258.499755859375,18.487488,67.2089
F02,24,39,97399.12316443806,563507.875,4205821.5,2067.035400390625,563350.0,563650.0,4205675.0,4205975.0,1977.377685546875,2129.885498046875,14.78894,69.592125
F02,24,40,101722.22506885153,563472.5625,4206111.5,1946.2244873046875,563350.0,563650.0,4205975.0,4206275.0,1832.8714599609375,2033.088134765625,18.844559,62.402195
F02,24,41,103107.17168669212,563508.5,4206454.5,1773.6944580078125,563350.0,563650.0,4206275.0,4206575.0,1695.910888671875,1882.295166015625,11.910751,62.832787
F02,24,42,59732.412055386856,563498.3125,4206683.5,1679.1544189453125,563350.0,563650.0,4206575.0,4206875.0,1617.9466552734375,1725.534912109375,173.31079,73.46233
F02,24,43,16.937226529447464,563353.8125,4206876.0,1619.510986328125,563350.0,563356.4375,4206875.0,4206880.0,1618.2286376953125,1620.30126953125,78.995056,71.83902
F02,25,24,4088.1130731955236,563677.1875,4201461.5,3406.279541015625,563650.0,563731.4375,4201435.5,4201475.0,3372.04638671875,3463.8251953125,151.16284,23.16999
F02,25,25,108335.5645298937,563796.4375,4201671.5,3391.534912109375,563650.0,563950.0,4201475.0,4201775.0,3333.53955078125,3487.3662109375,172.86172,67.0814
F02,25,26,96048.78700091311,563836.8125,4201904.5,3301.890869140625,563650.0,563950.0,4201775.0,4202075.0,3242.7587890625,3354.255126953125,9.408798,73.08827
F02,25,27,92276.08792898632,563830.75,4202223.5,3238.396240234375,563650.0,563950.0,4202075.0,4202375.0,3196.32958984375,3289.141357421875,39.692474,77.70344
F02,25,28,94184.5044431626,563818.25,4202513.0,3177.842041015625,563650.0,563950.0,4202375.0,4202675.0,3127.318603515625,3229.779541015625,12.988037,74.899055
F02,25,29,94309.92493723088,563807.6875,4202809.0,3094.050537109375,563650.0,563950.0,4202675.0,4202975.0,3041.9423828125,3142.068359375,5.720093,73.04665
F02,25,30,94083.20605874599,563806.1875,4203119.5,3000.93603515625,563650.0,563950.0,4202975.0,4203275.0,2945.21533203125,3049.564697265625,8.495209,73.17747
F02,25,31,94753.51859964439,563799.3125,4203440.0,2905.757080078125,563650.0,563950.0,4203275.0,4203575.0,2856.34130859375,2962.49609375,11.309753,72.53439
F02,25,32,93608.93898661347,563769.375,4203734.5,2818.136474609375,563650.0,563950.0,4203575.0,4203875.0,2776.05859375,2871.75,6.073517,73.82442
F02,25,33,94218.08037004736,563790.3125,4204015.0,2736.605224609375,563650.0,563950.0,4203875.0,4204175.0,2683.39990234375,2779.918212890625,4.58136,73.729546
F02,25,34,96118.11685176379,563813.5,4204368.5,2621.82421875,563650.0,563950.0,4204175.0,4204475.0,2561.830810546875,2698.56982421875,16.233429,69.58787
F02,25,35,98905.53097898158,563806.9375,4204619.0,2521.86376953125,563650.0,563950.0,4204475.0,4204775.0,2435.549072265625,2607.864990234375,17.99347,65.48074
F02,25,36,98960.45544322714,563833.1875,4204954.5,2372.23388671875,563650.0,563950.0,4204775.0,4205075.0,2295.412841796875,2472.773681640625,18.710419,65.02887
F02,25,37,99366.02875317592,563801.75,4205191.5,2271.8466796875,563650.0,563950.0,4205075.0,4205375.0,2181.50341796875,2347.033447265625,18.985779,65.45975
F02,25,38,95955.90720141097,563787.75,4205533.0,2150.658935546875,563650.0,563950.0,4205375.0,4205675.0,2080.046630859375,2211.185791015625,10.468018,71.749016
F02,25,39,101095.97979943838,563771.875,4205815.5,2040.2554931640625,563650.0,563950.0,4205675.0,4205975.0,1940.3675537109375,2115.6923828125,13.47467,64.5311
F02,25,40,102966.6216307605,563790.75,4206118.5,1893.769287109375,563650.0,563950.0,4205975.0,4206275.0,1795.75927734375,1977.377685546875,11.806168,63.215397
F02,25,41,77665.39593853743,563799.3125,4206439.0,1763.7071533203125,563650.0,563950.0,4206275.0,4206575.0,1716.866455078125,1833.0218505859375,174.30603,73.28376
F02,25,42,3422.5697238267007,563693.125,4206587.0,1716.8104248046875,563650.0,563741.875,4206575.0,4206646.5,1699.9901123046875,1725.8548583984375,157.08246,76.171394
F02,26,25,61237.64274775013,564086.0,4201740.5,3378.58251953125,563950.0,564250.0,4201581.0,4201775.0,3302.51123046875,3439.54345703125,173.68808,75.79508
F02,26,26,101707.55903889467,564130.375,4201907.0,3308.84423828125,563950.0,564250.0,4201775.0,4202075.0,3214.297119140625,3386.7861328125,172.22284,63.42059
F02,26,27,93317.10291117737,564123.5625,4202201.0,3198.351318359375,563950.0,564250.0,4202075.0,4202375.0,3155.048095703125,3242.758056640625,39.4942,78.1993
F02,26,28,92307.91632198765,564128.875,4202515.0,3148.13525390625,563950.0,564250.0,4202375.0,4202675.0,3103.68505859375,3196.34375,37.314117,77.64412
F02,26,29,94417.77965125573,564110.75,4202825.0,3080.346923828125,563950.0,564250.0,4202675.0,4202975.0,3032.530517578125,3136.24560546875,8.79982,74.30279
F02,26,30,94510.882616204,564097.375,4203113.0,2994.473388671875,563950.0,564250.0,4202975.0,4203275.0,2941.6552734375,3041.803955078125,2.6220093,72.41874
F02,26,31,93950.13046856427,564068.9375,4203427.0,2898.252197265625,563950.0,564250.0,4203275.0,4203575.0,2852.611083984375,2945.21533203125,3.5933685,73.436264
F02,26,32,93616.86342746306,564086.8125,4203756.5,2804.38623046875,563950.0,564250.0,4203575.0,4203875.0,2765.8779296875,2856.34130859375,3.7106323,74.60805
F02,26,33,95306.48751471368,564079.25,4204026.0,2724.6103515625,563950.0,564250.0,4203875.0,4204175.0,2651.371337890625,2776.062255859375,10.806534,72.16515
F02,26,34,99063.89312757869,564107.5625,4204320.0,2609.993408203125,563950.0,564250.0,4204175.0,4204475.0,2524.048828125,2691.890869140625,17.409027,65.49465
F02,26,35,98764.68751966929,564134.9375,4204650.5,2463.061767578125,563950.0,564250.0,4204475.0,4204775.0,2389.47119140625,2561.64013671875,18.132874,65.382095
F02,26,36,100387.40826486565,564102.8125,4204940.0,2336.945556640625,563950.0,564250.0,4204775.0,4205075.0,2267.77099609375,2435.5126953125,17.401398,64.73041
F02,26,37,95351.77469101576,564077.8125,4205218.0,2238.842529296875,563950.0,564250.0,4205075.0,4205375.0,2179.414306640625,2295.146240234375,3.9213867,72.31725
F02,26,38,99766.8092058952,564093.4375,4205511.5,2131.7412109375,563950.0,564250.0,4205375.0,4205675.0,2047.7713623046875,2198.296142578125,6.6880493,67.3726
F02,26,39,102363.01692778135,564100.75,4205810.0,1997.159423828125,563950.0,564250.0,4205675.0,4205975.0,1895.441650390625,2080.214599609375,14.032715,62.886715
F02,26,40,89820.07717701876,564112.5625,4206172.5,1854.9588623046875,563950.0,564250.0,4205975.0,4206275.0,1816.4254150390625,1940.3675537109375,174.6109,73.50056
F02,26,41,12757.483130790513,564024.625,4206296.0,1816.1611328125,563950.0,564127.3125,4206275.0,4206413.0,1782.0335693359375,1831.4085693359375,166.18939,74.76022
F02,27,25,6075.808265453104,564270.6875,4201766.5,3357.590576171875,564250.0,564349.0,4201727.0,4201775.0,3289.240234375,3391.720458984375,151.40375,23.691132
F02,27,26,106712.2938250959,564393.1875,4201956.5,3295.50830078125,564250.0,564550.0,4201775.0,4202075.0,3231.27978515625,3390.03662109375,174.24231,65.22382
F02,27,27,98960.79564995045,564418.9375,4202221.5,3178.457275390625,564250.0,564550.0,4202075.0,4202375.0,3096.651611328125,3248.447021484375,2.2742767,68.08833
F02,27,28,92218.77784015986,564443.9375,4202482.0,3102.870361328125,564250.0,564550.0,4202375.0,4202675.0,3064.099853515625,3155.057373046875,53.0056,77.93305
F02,27,29,92333.90285421666,564421.1875,4202846.0,3051.06787109375,564250.0,564550.0,4202675.0,4202975.0,3010.90966796875,3103.628662109375,36.53749,77.62014
F02,27,30,94638.50822185236,564424.6875,4203111.5,2987.691162109375,564250.0,564550.0,4202975.0,4203275.0,2937.60400390625,3042.71142578125,7.238571,74.268364
F02,27,31,94045.00622150456,564423.5625,4203429.5,2894.563720703125,564250.0,564550.0,4203275.0,4203575.0,2848.3759765625,2944.727294921875,179.24194,73.255356
F02,27,32,94463.85481873411,564396.125,4203751.0,2801.271728515625,564250.0,564550.0,4203575.0,4203875.0,2741.5947265625,2855.069580078125,7.1226807,73.457664
F02,27,33,99118.03562558991,564393.3125,4204039.0,2692.421875,564250.0,564550.0,4203875.0,4204175.0,2612.570556640625,2776.01611328125,16.746765,65.56135
F02,27,34,98671.29828471635,564398.5,4204311.0,2573.97412109375,564250.0,564550.0,4204175.0,4204475.0,2480.3935546875,2651.376953125,17.394073,65.77539
F02,27,35,101005.51337054334,564435.875,4204660.0,2411.69873046875,564250.0,564550.0,4204475.0,4204775.0,2354.046630859375,2524.04150390625,17.697037,64.3096
F02,27,36,95901.66338022743,564407.5,4204919.0,2318.621337890625,564250.0,564550.0,4204775.0,4205075.0,2258.533203125,2389.72412109375,4.1764526,72.72098
F02,27,37,97918.42461413088,564411.6875,4205206.5,2223.781982421875,564250.0,564550.0,4205075.0,4205375.0,2150.377197265625,2279.73095703125,5.3616943,69.630974
F02,27,38,101264.33317633954,564423.5625,4205518.5,2091.420654296875,564250.0,564550.0,4205375.0,4205675.0,1995.123779296875,2182.8212890625,15.564758,63.26143
F02,27,39,96268.56676085822,564446.125,4205891.0,1951.1524658203125,564250.0,564550.0,4205675.0,4205975.0,1909.2869873046875,2047.7713623046875,174.00308,73.80496
F02,27,40,27977.972331912097,564372.5,4206010.5,1914.40185546875,564250.0,564512.75,4205975.0,4206179.5,1864.0770263671875,1936.96240234375,162.94708,75.35806
F02,28,26,60973.04413765079,564706.5,4202025.0,3284.46337890625,564550.0,564850.0,4201872.5,4202075.0,3222.05517578125,3343.8974609375,5.1822815,78.56421
F02,28,27,102455.09920193,564734.1875,4202216.0,3196.754150390625,564550.0,564850.0,4202075.0,4202375.0,3098.250732421875,3280.30078125,170.01532,61.928482
F02,28,28,96087.42116725456,564722.0625,4202524.5,3068.3154296875,564550.0,564850.0,4202375.0,4202675.0,3008.673828125,3125.1884765625,19.04625,74.4989
F02,28,29,92166.3344666597,564731.0625,4202787.5,3016.538818359375,564550.0,564850.0,4202675.0,4202975.0,2970.81689453125,3064.109619140625,44.975037,77.559296
F02,28,30,92364.01261072503,564730.5625,4203119.5,2961.479736328125,564550.0,564850.0,4202975.0,4203275.0,2918.819580078125,3010.912353515625,36.387375,77.66301
F02,28,31,94637.45749605758,564727.5,4203442.5,2888.48681640625,564550.0,564850.0,4203275.0,4203575.0,2831.89404296875,2949.212646484375,8.697876,73.75386
F02,28,32,99030.52805025334,564703.375,4203759.0,2771.402099609375,564550.0,564850.0,4203575.0,4203875.0,2701.06982421875,2860.0556640625,16.83963,65.528145
F02,28,33,98631.53847861936,564690.125,4203999.0,2669.703369140625,564550.0,564850.0,4203875.0,4204175.0,2570.523193359375,2741.646484375,17.321411,65.85116
F02,28,34,101234.77752690327,564726.25,4204368.5,2495.87646484375,564550.0,564850.0,4204175.0,4204475.0,2427.2509765625,2612.564208984375,21.010498,62.57279
F02,28,35,96919.91367979994,564713.9375,4204605.5,2406.353271484375,564550.0,564850.0,4204475.0,4204775.0,2337.652099609375,2480.3232421875,13.541748,71.466545
F02,28,36,95901.78754950153,564705.5625,4204931.0,2305.771728515625,564550.0,564850.0,4204775.0,4205075.0,2240.387939453125,2357.11865234375,9.946869,72.54112
F02,28,37,100017.0634932126,564683.9375,4205226.0,2195.105224609375,564550.0,564850.0,4205075.0,4205375.0,2094.972412109375,2280.900146484375,19.332367,64.32655
F02,28,38,97940.61097656282,564711.9375,4205543.5,2069.453857421875,564550.0,564850.0,4205375.0,4205675.0,2002.197509765625,2154.072265625,8.934326,70.02875
F02,28,39,48127.623753159336,564710.8125,4205729.5,2010.48046875,564550.0,564850.0,4205675.0,4205946.0,1946.1204833984375,2033.2510986328125,160.10681,75.81161
F02,29,26,7993.508233761252,564878.5,4202066.5,3269.87353515625,564850.0,564967.5,4202018.0,4202075.0,3206.295654296875,3296.074462890625,153.20834,29.335531
F02,29,27,105297.85719166431,564993.3125,4202226.0,3207.03076171875,564850.0,565150.0,4202075.0,4202375.0,3125.166748046875,3289.001953125,173.2331,64.02523
F02,29,28,100810.84321028518,565009.5625,4202539.0,3055.902099609375,564850.0,565150.0,4202375.0,4202675.0,2979.2021484375,3146.081787109375,176.5155,64.83748
F02,29,29,93168.12758993049,565037.0,4202780.5,2969.9658203125,564850.0,565150.0,4202675.0,4202975.0,2924.90625,3008.677734375,38.288834,78.40508
F02,29,30,92179.64066839933,564996.9375,4203151.0,2919.667236328125,564850.0,565150.0,4202975.0,4203275.0,2877.45654296875,2970.799072265625,38.816376,77.55421
F02,29,31,95494.68436986892,565021.6875,4203442.0,2850.28759765625,564850.0,565150.0,4203275.0,4203575.0,2789.564697265625,2918.822021484375,23.761597,71.97065
F02,29,32,98638.02933581019,565008.125,4203716.5,2748.51025390625,564850.0,565150.0,4203575.0,4203875.0,2660.571533203125,2831.89404296875,17.443573,65.81764
F02,29,33,100753.30579151241,565038.8125,4204069.5,2583.421630859375,564850.0,565150.0,4203875.0,4204175.0,2506.2392578125,2701.06298828125,21.159607,62.652706
F02,29,34,98485.31478695865,565006.625,4204310.0,2484.7861328125,564850.0,565150.0,4204175.0,4204475.0,2416.770751953125,2570.363525390625,17.81511,68.109825
F02,29,35,94299.37090410551,565013.0625,4204623.0,2389.889892578125,564850.0,565150.0,4204475.0,4204775.0,2330.39892578125,2433.76904296875,6.204605,74.65792
F02,29,36,98783.6418167222,564994.75,4204915.5,2296.126953125,564850.0,565150.0,4204775.0,4205075.0,2202.14794921875,2363.50439453125,14.989166,67.124626
F02,29,37,98831.23425401682,565018.1875,4205241.5,2169.859619140625,564850.0,565150.0,4205075.0,4205375.0,2095.07421875,2244.715087890625,1.3878784,69.79364
F02,29,38,67982.84323651562,564992.5,4205512.5,2086.670654296875,564850.0,565150.0,4205375.0,4205675.0,2033.3270263671875,2133.1494140625,156.89539,75.87402
F02,29,39,972.3252612149051,564873.25,4205682.0,2035.757568359375,564850.0,564898.8125,4205675.0,4205713.0,2028.1639404296875,2042.69189453125,104.37012,76.65614
F02,30,27,60749.43274586462,565307.75,4202319.0,3185.60205078125,565150.0,565450.0,4202164.0,4202375.0,3141.59912109375,3248.25146484375,176.42517,72.951866
F02,30,28,102606.92690779752,565345.75,4202509.0,3096.990478515625,565150.0,565450.0,4202375.0,4202675.0,2992.342041015625,3175.5908203125,170.86484,61.806404
F02,30,29,99359.85493232761,565321.5625,4202843.0,2939.6171875,565150.0,565450.0,4202675.0,4202975.0,2861.75244140625,3016.756103515625,6.9388733,67.98209
F02,30,30,92220.84626020602,565346.9375,4203069.0,2873.40966796875,565150.0,565450.0,4202975.0,4203275.0,2835.911865234375,2924.9052734375,62.445282,77.66996
F02,30,31,95075.77086219077,565327.0625,4203457.5,2806.090576171875,565150.0,565450.0,4203275.0,4203575.0,2750.82763671875,2877.434814453125,23.747406,71.61014
F02,30,32,100140.67814347244,565332.875,4203751.0,2685.2412109375,565150.0,565450.0,4203575.0,4203875.0,2599.71923828125,2789.58349609375,19.556244,63.68222
F02,30,33,100394.0486068383,565321.5625,4204047.0,2552.5322265625,565150.0,565450.0,4203875.0,4204175.0,2495.8896484375,2660.609130859375,14.839798,66.50425
F02,30,34,93191.48509316538,565293.125,4204316.5,2472.53173828125,565150.0,565450.0,4204175.0,4204475.0,2429.713623046875,2507.921875,173.91833,77.742836
F02,30,35,97505.89496913584,565297.625,4204604.0,2391.359130859375,565150.0,565450.0,4204475.0,4204775.0,2309.516845703125,2446.24609375,4.8859406,70.03464
F02,30,36,98999.45450356131,565312.9375,4204953.0,2261.543701171875,565150.0,565450.0,4204775.0,4205075.0,2194.654541015625,2335.357666015625,174.7248,69.77092
F02,30,37,82349.95996607444,565289.4375,4205234.0,2178.17919921875,565150.0,565450.0,4205075.0,4205375.0,2133.094482421875,2234.622802734375,153.88849,75.95081
F02,30,38,7312.584131205255,565206.0,4205391.5,2133.8935546875,565150.0,565284.25,4205375.0,4205479.5,2110.207275390625,2148.24560546875,154.77203,76.50514
F02,31,27,9521.914791862751,565496.625,4202363.0,3172.417236328125,565450.0,565585.0625,4202309.5,4202375.0,3123.48974609375,3200.4287109375,152.99124,35.90088
F02,31,28,104164.17370143947,565611.6875,4202499.5,3118.533447265625,565450.0,565750.0,4202375.0,4202675.0,3016.824462890625,3187.9677734375,171.87372,63.322563
F02,31,29,101070.05115759259,565631.25,4202825.0,2953.970703125,565450.0,565750.0,4202675.0,4202975.0,2862.868896484375,3043.62060546875,170.90918,63.30903
F02,31,30,95817.70884056085,565631.9375,4203127.0,2827.927734375,565450.0,565750.0,4202975.0,4203275.0,2774.589599609375,2893.189453125,20.595505,75.10245
F02,31,31,95955.60580608876,565639.125,4203452.0,2758.100341796875,565450.0,565750.0,4203275.0,4203575.0,2693.966552734375,2835.902099609375,31.180328,71.20916
F02,31,32,101904.96155773074,565616.875,4203763.0,2630.63623046875,565450.0,565750.0,4203575.0,4203875.0,2573.78125,2750.821533203125,15.921967,64.69067
F02,31,33,93387.43931345844,565591.1875,4203995.5,2557.5830078125,565450.0,565750.0,4203875.0,4204175.0,2500.39697265625,2599.4404296875,179.264,76.886055
F02,31,34,95769.73243694441,565620.25,4204334.5,2469.249267578125,565450.0,565750.0,4204175.0,4204475.0,2417.095703125,2527.624755859375,179.55884,72.58991
F02,31,35,98454.82963237845,565596.0625,4204617.0,2370.544921875,565450.0,565750.0,4204475.0,4204775.0,2294.5029296875,2430.873291015625,178.1416,69.84813
F02,31,36,90900.75846316037,565623.1875,4204953.0,2274.570068359375,565450.0,565750.0,4204775.0,4205075.0,2234.66064453125,2335.062255859375,156.47491,75.87923
F02,31,37,19577.621536676346,565556.0625,4205105.5,2232.81494140625,565450.0,565669.6875,4205075.0,4205246.0,2192.250732421875,2253.799072265625,160.72702,75.73918
F02,32,28,60573.78593353069,565909.0625,4202613.0,3086.85498046875,565750.0,566050.0,4202455.0,4202675.0,3043.712890625,3152.605712890625,173.94852,69.590996
F02,32,29,103162.78845523593,565921.5625,4202816.5,2986.331298828125,565750.0,566050.0,4202675.0,4202975.0,2893.191650390625,3071.071533203125,172.30981,61.647945
F02,32,30,101464.19844339689,565892.375,4203134.5,2826.328857421875,565750.0,566050.0,4202975.0,4203275.0,2744.30322265625,2907.105712890625,177.8844,65.04303
F02,32,31,98173.54763730077,565905.75,4203439.5,2710.392578125,565750.0,566050.0,4203275.0,4203575.0,2646.985595703125,2774.590576171875,26.970993,71.092636
F02,32,32,94363.78499692149,565904.0625,4203716.5,2627.948486328125,565750.0,566050.0,4203575.0,4203875.0,2575.008544921875,2693.954345703125,1.8994446,76.052734
F02,32,33,93995.15733559348,565889.3125,4204031.0,2554.88427734375,565750.0,566050.0,4203875.0,4204175.0,2510.5712890625,2605.003662109375,173.21365,76.9204
F02,32,34,97501.54834401172,565888.125,4204301.0,2475.46728515625,565750.0,566050.0,4204175.0,4204475.0,2394.18505859375,2528.85009765625,2.6601715,70.669815
F02,32,35,93691.78575504276,565928.3125,4204680.5,2366.934814453125,565750.0,566050.0,4204475.0,4204775.0,2335.12451171875,2428.009033203125,161.31671,76.52231
F02,32,36,37771.55911375089,565879.4375,4204808.5,2333.815185546875,565750.0,566050.0,4204775.0,4205012.5,2274.294189453125,2357.945556640625,166.34448,74.69957
F02,33,28,10778.148951537896,566114.5,4202659.0,3075.50439453125,566050.0,566203.625,4202600.5,4202675.0,3040.54541015625,3104.78271484375,143.58234,64.78066
F02,33,29,103204.64606769619,566215.9375,4202797.5,3016.672607421875,566050.0,566350.0,4202675.0,4202975.0,2907.030029296875,3086.933349609375,170.07983,62.174793
F02,33,30,100576.60585735008,566195.25,4203151.5,2830.584228515625,566050.0,566350.0,4202975.0,4203275.0,2753.520751953125,2941.135986328125,169.83905,63.181446
F02,33,31,97840.20358130796,566195.0,4203448.0,2703.479248046875,566050.0,566350.0,4203275.0,4203575.0,2652.448486328125,2786.216064453125,165.37494,70.60796
F02,33,32,92648.06239906003,566197.8125,4203720.5,2637.284912109375,566050.0,566350.0,4203575.0,4203875.0,2600.582275390625,2682.4560546875,161.32071,78.43615
F02,33,33,96030.12306950011,566183.3125,4204021.0,2559.47412109375,566050.0,566350.0,4203875.0,4204175.0,2494.03369140625,2611.4541015625,4.183136,72.12627
F02,33,34,93999.79565009753,566191.4375,4204331.5,2475.29833984375,566050.0,566350.0,4204175.0,4204475.0,2428.001953125,2520.87451171875,167.15405,75.99576
F02,33,35,58519.71594944569,566175.4375,4204571.0,2416.166015625,566050.0,566350.0,4204475.0,4204775.0,2356.337646484375,2449.777587890625,164.70831,75.55659
F02,33,36,10.796280033886212,566052.875,4204776.0,2358.69580078125,566050.0,566055.125,4204775.0,4204779.0,2357.693359375,2359.35302734375,78.72119,71.758766
F02,34,29,60323.19183327511,566510.3125,4202907.0,2988.30419921875,566350.0,566650.0,4202746.5,4202975.0,2941.1572265625,3056.959716796875,172.74362,66.98954
F02,34,30,104034.00979177338,566538.125,4203102.5,2889.039306640625,566350.0,566650.0,4202975.0,4203275.0,2786.050048828125,2966.47607421875,171.75934,60.551838
F02,34,31,96462.79882551309,566537.75,4203457.5,2725.9130859375,566350.0,566650.0,4203275.0,4203575.0,2682.455810546875,2797.18408203125,172.34198,71.21987
F02,34,32,94382.90099930296,566515.375,4203731.0,2645.676025390625,566350.0,566650.0,4203575.0,4203875.0,2593.7158203125,2694.05810546875,178.259,73.99896
F02,34,33,93924.6706834954,566498.625,4204023.0,2572.33837890625,566350.0,566650.0,4203875.0,4204175.0,2520.87548828125,2613.74853515625,160.30719,76.94167
F02,34,34,75928.28328749306,566488.9375,4204313.5,2503.996826171875,566350.0,566650.0,4204175.0,4204475.0,2449.811279296875,2549.36181640625,162.12805,75.27389
F02,34,35,3341.5649936668556,566394.5625,4204488.0,2453.053955078125,566350.0,566440.5625,4204475.0,4204545.5,2438.381103515625,2464.90673828125,119.77023,77.63482
F02,35,29,11612.74531119658,566731.875,4202955.0,2979.16455078125,566650.0,566821.125,4202892.0,4202975.0,2957.7392578125,3009.13671875,176.74146,71.20378
F02,35,30,102338.31126512465,566820.6875,4203095.5,2915.537353515625,566650.0,566950.0,4202975.0,4203275.0,2797.180908203125,2985.898681640625,168.71448,61.234623
F02,35,31,97690.52831285927,566828.875,4203469.5,2733.73291015625,566650.0,566950.0,4203275.0,4203575.0,2692.3017578125,2838.681396484375,172.40747,68.92468
F02,35,32,93375.41013432067,566821.4375,4203731.0,2666.21337890625,566650.0,566950.0,4203575.0,4203875.0,2613.7724609375,2706.669921875,152.14972,77.83781
F02,35,33,87390.46363582683,566799.0625,4204051.5,2593.358154296875,566650.0,566950.0,4203875.0,4204175.0,2549.36962890625,2650.9609375,159.44287,75.26819
F02,35,34,12571.972686239442,566717.5,4204195.0,2550.78173828125,566650.0,566826.0,4204175.0,4204312.0,2520.424560546875,2570.46044921875,154.3418,76.62248
F02,36,30,60212.74383475474,567113.0,4203199.5,2890.2373046875,566950.0,567250.0,4203037.5,4203275.0,2838.735595703125,2961.31396484375,172.12106,64.93361
F02,36,31,100600.90764924813,567134.8125,4203436.0,2782.9248046875,566950.0,567250.0,4203275.0,4203575.0,2706.682373046875,2861.937255859375,158.22827,67.00661
F02,36,32,92864.87403477287,567131.1875,4203765.5,2690.582763671875,566950.0,567250.0,4203575.0,4203875.0,2650.889404296875,2752.476318359375,157.6612,75.21469
F02,36,33,27725.47971513335,567063.25,4203909.5,2649.25732421875,566950.0,567211.4375,4203875.0,4204078.5,2602.468017578125,2676.013916015625,159.44821,76.02461
F02,37,30,12202.397282360434,567350.25,4203251.0,2883.344970703125,567250.0,567439.0625,4203183.0,4203275.0,2861.9404296875,2913.490966796875,168.86685,62.092598
F02,37,31,95131.2213300619,567428.3125,4203412.5,2818.3271484375,567250.0,567550.0,4203275.0,4203575.0,2752.453857421875,2884.696044921875,173.14685,68.27102
F02,37,32,47916.80183549961,567400.875,4203627.5,2746.00341796875,567250.0,567550.0,4203575.0,4203845.0,2684.511474609375,2768.725341796875,163.88235,75.57448
F02,38,31,34850.067850275,567586.9375,4203466.5,2806.72900390625,567550.0,567773.75,4203329.0,4203575.0,2767.085205078125,2865.66796875,171.4862,70.81326
F02,38,32,901.69739161498,567562.4375,4203580.5,2770.968994140625,567550.0,567596.9375,4203575.0,4203611.5,2766.554931640625,2781.578857421875,80.32468,72.271255
F04,11,26,16541.116654116093,559730.3125,4201955.0,3188.68212890625,559653.0,559750.0,4201775.0,4202075.0,3126.899658203125,3275.515869140625,13.827209,62.994907
F04,11,27,39377.64996057898,559704.5625,4202232.5,3038.1484375,559637.5,559750.0,4202075.0,4202375.0,2946.810791015625,3138.716064453125,12.603851,58.09256
F04,11,28,40696.34775883581,559708.75,4202530.5,2848.757568359375,559637.5,559750.0,4202375.0,4202675.0,2744.176513671875,2958.74951171875,11.182266,55.964344
F04,11,29,41929.415407520544,559702.375,4202830.0,2643.5322265625,559637.5,559750.0,4202675.0,4202975.0,2531.111328125,2764.001953125,16.11438,53.653324
F04,11,30,24176.722401808234,559701.0625,4203032.5,2500.850341796875,559637.5,559750.0,4202975.0,4203152.0,2406.9599609375,2555.220947265625,16.682983,53.7232
F04,12,24,210.75381094723843,560043.125,4201469.0,3372.55224609375,560032.625,560050.0,4201458.5,4201475.0,3368.816650390625,3376.619873046875,149.65237,77.99783
F04,12,25,57469.107506941175,559909.5,4201670.5,3306.497802734375,559750.0,560050.0,4201475.0,4201775.0,3248.82763671875,3372.217529296875,8.127991,68.33811
F04,12,26,102002.70182088276,559904.875,4201959.0,3163.18603515625,559750.0,560050.0,4201775.0,4202075.0,3079.91796875,3275.3603515625,14.885834,62.299934
F04,12,27,106401.08141677943,559909.375,4202207.0,3023.55712890625,559750.0,560050.0,4202075.0,4202375.0,2897.037109375,3126.899658203125,14.083466,57.85693
F04,12,28,110282.38903998489,559895.5,4202559.0,2800.1083984375,559750.0,560050.0,4202375.0,4202675.0,2694.53466796875,2946.810791015625,13.949432,55.01016
F04,12,29,111678.96730695368,559876.3125,4202849.5,2599.981201171875,559750.0,560050.0,4202675.0,4202975.0,2479.426025390625,2744.176513671875,13.220947,54.065056
F04,12,30,64961.79798731428,559922.5,4203038.0,2455.865234375,559750.0,560050.0,4202975.0,4203153.0,2364.239990234375,2531.111328125,14.222519,53.4326
F04,13,23,16.273074686716917,560349.125,4201174.5,3457.92578125,560347.875,560350.0,4201173.0,4201175.0,3454.713623046875,3461.579833984375,41.652374,8.88496
F04,13,24,51290.64333623156,560247.6875,4201369.0,3407.363525390625,560050.0,560350.0,4201175.0,4201475.0,3372.217529296875,3460.984619140625,173.11423,75.71386
F04,13,25,100077.58886724626,560227.3125,4201626.0,3307.650634765625,560050.0,560350.0,4201475.0,4201775.0,3225.560791015625,3382.623046875,3.9500427,64.52546
F04,13,26,105774.56482102358,560234.0,4201927.0,3143.317138671875,560050.0,560350.0,4201775.0,4202075.0,3042.822021484375,3248.82763671875,9.521912,58.383743
F04,13,27,107243.08355184391,560183.3125,4202214.0,2974.479736328125,560050.0,560350.0,4202075.0,4202375.0,2847.284912109375,3079.91796875,13.581055,57.32048
F04,13,28,109429.2690239077,560195.5625,4202559.0,2749.364013671875,560050.0,560350.0,4202375.0,4202675.0,2639.0498046875,2897.037109375,14.246735,55.179585
F04,13,29,113183.54206683804,560198.25,4202831.5,2555.03759765625,560050.0,560350.0,4202675.0,4202975.0,2412.783935546875,2694.53466796875,15.071106,52.65807
F04,13,30,59592.3586289331,560187.5,4203035.0,2407.76123046875,560050.0,560350.0,4202975.0,4203139.5,2319.60009765625,2479.426025390625,15.919754,54.26772
F04,14,23,50492.93661911033,560549.625,4201105.0,3472.905517578125,560350.0,560650.0,4200887.0,4201175.0,3419.00537109375,3546.5400390625,21.829437,66.008354
F04,14,24,101824.90640394842,560518.8125,4201325.5,3388.658447265625,560350.0,560650.0,4201175.0,4201475.0,3275.867919921875,3476.64208984375,35.32747,62.859585
F04,14,25,107164.39966390035,560497.0625,4201661.0,3238.008544921875,560350.0,560650.0,4201475.0,4201775.0,3122.22119140625,3380.124755859375,35.562683,57.585056
F04,14,26,107332.13731707871,560493.0,4201950.5,3078.346923828125,560350.0,560650.0,4201775.0,4202075.0,2966.702880859375,3225.560791015625,26.68193,57.42447
F04,14,27,106724.52505442096,560487.0,4202203.5,2930.565673828125,560350.0,560650.0,4202075.0,4202375.0,2803.572998046875,3042.822021484375,19.009949,57.454266
F04,14,28,108493.17238015353,560509.125,4202506.0,2740.023681640625,560350.0,560650.0,4202375.0,4202675.0,2617.541748046875,2847.284912109375,9.333984,55.90794
F04,14,29,114538.14170730558,560502.1875,4202827.5,2514.643310546875,560350.0,560650.0,4202675.0,4202975.0,2385.836181640625,2639.0498046875,3.1085815,52.56864
F04,14,30,52844.57237942714,560497.75,4203038.0,2357.968994140625,560350.0,560650.0,4202975.0,4203125.0,2303.199951171875,2412.783935546875,3.8335266,56.280914
F04,15,22,42878.799602056715,560850.0625,4200802.0,3556.70703125,560662.625,560950.0,4200661.0,4200875.0,3514.785400390625,3613.800048828125,12.243347,65.14586
F04,15,23,100857.49120451018,560775.0625,4201011.5,3468.427001953125,560650.0,560950.0,4200875.0,4201175.0,3366.53369140625,3550.111328125,17.915924,63.928238
F04,15,24,105168.55748835,560815.75,4201326.0,3308.02587890625,560650.0,560950.0,4201175.0,4201475.0,3187.973876953125,3419.00537109375,25.09674,59.662178
F04,15,25,106766.80966948626,560816.6875,4201637.0,3138.744140625,560650.0,560950.0,4201475.0,4201775.0,3040.767822265625,3275.867919921875,25.123856,59.36703
F04,15,26,101743.18465082833,560773.0,4201963.0,2990.41162109375,560650.0,560950.0,4201775.0,4202075.0,2901.71044921875,3122.22119140625,29.117798,63.423275
F04,15,27,104470.49027006178,560807.9375,4202212.5,2857.513427734375,560650.0,560950.0,4202075.0,4202375.0,2744.232666015625,2966.702880859375,19.396835,59.745705
F04,15,28,104815.95535951835,560797.5,4202542.0,2678.25732421875,560650.0,560950.0,4202375.0,4202675.0,2576.509765625,2803.572998046875,17.021255,58.77221
F04,15,29,111553.139264992,560798.8125,4202824.0,2491.900146484375,560650.0,560950.0,4202675.0,4202975.0,2358.8798828125,2617.541748046875,11.837097,53.720455
F04,15,30,46186.06921268371,560840.125,4203026.5,2344.692626953125,560650.0,560950.0,4202975.0,4203110.0,2303.510009765625,2404.276611328125,8.358963,57.254436
F04,16,22,64350.06567794966,561105.375,4200767.5,3557.425048828125,560950.0,561250.0,4200670.5,4200875.0,3488.211181640625,3609.81884765625,4.142395,62.77712
F04,16,23,99852.55549416196,561102.5,4200975.5,3454.648193359375,560950.0,561250.0,4200875.0,4201175.0,3351.7568359375,3514.785400390625,8.411163,64.24854
F04,16,24,106192.17868881396,561096.75,4201351.5,3251.76025390625,560950.0,561250.0,4201175.0,4201475.0,3170.201416015625,3366.53369140625,2.9717712,58.01471
F04,16,25,101127.47999797166,561098.9375,4201637.0,3096.33447265625,560950.0,561250.0,4201475.0,4201775.0,3017.7548828125,3187.973876953125,4.740753,64.090385
F04,16,26,100073.35091165785,561114.125,4201883.0,2977.8193359375,560950.0,561250.0,4201775.0,4202075.0,2878.451171875,3040.767822265625,5.7378845,65.38874
F04,16,27,101616.25363270174,561103.6875,4202223.0,2814.6015625,560950.0,561250.0,4202075.0,4202375.0,2727.112060546875,2901.71044921875,6.346924,62.51708
F04,16,28,103521.70784900006,561100.1875,4202570.0,2628.592529296875,560950.0,561250.0,4202375.0,4202675.0,2563.828125,2744.232666015625,1.1000977,60.873013
F04,16,29,110033.6594327762,561086.4375,4202834.5,2457.19482421875,560950.0,561250.0,4202675.0,4202975.0,2347.17138671875,2576.509765625,177.84766,55.304886
F04,16,30,37203.98286209072,561081.75,4203010.0,2343.7021484375,560950.0,561250.0,4202975.0,4203068.0,2310.949951171875,2373.28564453125,173.55237,66.89159
F04,17,22,56328.1121889099,561428.875,4200799.0,3529.47998046875,561250.0,561550.0,4200715.0,4200875.0,3455.776123046875,3590.708740234375,178.82208,50.91033
F04,17,23,98496.21674769883,561448.625,4200982.5,3421.286865234375,561250.0,561550.0,4200875.0,4201175.0,3329.77880859375,3488.1181640625,12.394867,66.20669
F04,17,24,101603.60996733062,561434.5,4201332.0,3261.257080078125,561250.0,561550.0,4201175.0,4201475.0,3173.528564453125,3351.7568359375,178.95541,63.13503
F04,17,25,99441.5720622303,561399.25,4201640.5,3113.562744140625,561250.0,561550.0,4201475.0,4201775.0,3032.537353515625,3204.229248046875,165.7356,64.832115
F04,17,26,100491.19103588878,561413.4375,4201917.0,2985.82177734375,561250.0,561550.0,4201775.0,4202075.0,2881.692626953125,3068.771240234375,165.41574,63.787285
F04,17,27,102068.45529794758,561395.875,4202227.5,2826.989013671875,561250.0,561550.0,4202075.0,4202375.0,2739.337646484375,2923.94384765625,166.83713,62.21332
F04,17,28,105366.10035771033,561395.125,4202535.5,2660.08935546875,561250.0,561550.0,4202375.0,4202675.0,2567.824951171875,2764.209228515625,174.85254,59.20592
F04,17,29,107561.44613434072,561432.125,4202864.0,2455.341796875,561250.0,561550.0,4202675.0,4202975.0,2372.4150390625,2584.509765625,174.7912,57.289757
F04,17,30,27997.03663303475,561381.9375,4202991.0,2373.501953125,561250.0,561550.0,4202975.0,4203026.0,2329.966796875,2407.613525390625,176.3656,52.50514
F04,18,22,43073.375020516745,561734.3125,4200817.5,3528.11572265625,561550.0,561850.0,4200759.0,4200875.0,3456.254150390625,3571.5986328125,175.18408,47.317986
F04,18,23,102436.74715385331,561713.625,4201043.0,3385.7763671875,561550.0,561850.0,4200875.0,4201175.0,3328.901611328125,3487.58349609375,3.6448364,67.25218
F04,18,24,99205.2058268063,561687.875,4201300.5,3277.123779296875,561550.0,561850.0,4201175.0,4201475.0,3195.325927734375,3343.284912109375,2.8527527,66.14874
F04,18,25,98630.26871947748,561693.1875,4201635.0,3130.896728515625,561550.0,561850.0,4201475.0,4201775.0,3061.344482421875,3207.481689453125,4.26976,65.92566
F04,18,26,99770.6622253898,561695.125,4201910.0,3005.429931640625,561550.0,561850.0,4201775.0,4202075.0,2923.94384765625,3076.76220703125,0.6365509,64.94863
F04,18,27,103030.46416980521,561665.375,4202265.0,2826.521240234375,561550.0,561850.0,4202075.0,4202375.0,2760.3818359375,2933.55419921875,178.33112,61.452663
F04,18,28,104406.1880041764,561696.4375,4202532.0,2672.7880859375,561550.0,561850.0,4202375.0,4202675.0,2584.509765625,2772.628662109375,179.8169,59.330074
F04,18,29,120229.40254705225,561712.875,4202848.0,2476.5390625,561550.0,561850.0,4202675.0,4202975.0,2375.5751953125,2594.0673828125,179.46854,57.11503
F04,18,30,3578.8660429435977,561580.0625,4202977.5,2392.568603515625,561550.0,561614.3125,4202975.0,4202984.0,2368.27783203125,2414.969482421875,5.3585663,0.54073447
F04,19,22,25269.337858721163,561989.75,4200848.5,3518.3369140625,561850.0,562150.0,4200803.5,4200875.0,3487.585205078125,3552.48876953125,175.80206,49.62078
F04,19,23,109268.70699544271,562014.25,4201028.5,3388.628662109375,561850.0,562150.0,4200875.0,4201175.0,3303.236328125,3510.45166015625,177.86032,60.37822
F04,19,24,98214.30194700549,562031.9375,4201340.5,3246.515869140625,561850.0,562150.0,4201175.0,4201475.0,3188.713134765625,3329.7177734375,1.2382507,67.56648
F04,19,25,99273.85869080464,562044.25,4201595.5,3135.52880859375,561850.0,562150.0,4201475.0,4201775.0,3048.42919921875,3195.325927734375,2.747284,65.07931
F04,19,26,99188.96183667451,562025.375,4201919.5,2989.81103515625,561850.0,562150.0,4201775.0,4202075.0,2913.07421875,3061.344482421875,2.472107,66.06462
F04,19,27,101309.40868114754,562022.0625,4202262.5,2819.5966796875,561850.0,562150.0,4202075.0,4202375.0,2749.10205078125,2926.419921875,6.950409,62.094955
F04,19,28,106841.97721476632,562035.1875,4202509.5,2675.7216796875,561850.0,562150.0,4202375.0,4202675.0,2567.969970703125,2774.777099609375,6.1860504,57.97931
F04,19,29,102597.37219183028,562026.5,4202783.0,2513.121337890625,561850.0,562150.0,4202675.0,4202942.0,2406.5888671875,2585.166748046875,1.5237122,60.46122
F04,20,22,7054.415741316538,562261.25,4200868.5,3517.513916015625,562150.0,562332.0,4200848.0,4200875.0,3497.38232421875,3533.378662109375,174.61615,21.639511
F04,20,23,108912.33739017099,562326.4375,4200980.5,3442.57275390625,562150.0,562450.0,4200875.0,4201175.0,3323.109375,3522.974365234375,171.01306,58.90839
F04,20,24,99571.86688265974,562312.1875,4201343.0,3265.89453125,562150.0,562450.0,4201175.0,4201475.0,3190.320556640625,3351.767822265625,170.9754,65.12921
F04,20,25,99806.39928907686,562330.1875,4201660.0,3119.1884765625,562150.0,562450.0,4201475.0,4201775.0,3056.116943359375,3216.015380859375,173.44595,65.11766
F04,20,26,100779.46196965173,562309.125,4201923.5,2993.483642578125,562150.0,562450.0,4201775.0,4202075.0,2913.406494140625,3070.339111328125,177.11829,63.766766
F04,20,27,105146.30427840802,562288.5625,4202227.0,2828.911865234375,562150.0,562450.0,4202075.0,4202375.0,2724.1962890625,2919.15185546875,1.1056213,59.750183
F04,20,28,106640.27082789195,562281.5625,4202566.0,2629.677734375,562150.0,562450.0,4202375.0,4202675.0,2567.969970703125,2749.10205078125,2.307022,59.65392
F04,20,29,84315.04510695855,562265.5625,4202748.0,2532.458984375,562150.0,562450.0,4202675.0,4202900.0,2444.900146484375,2569.781005859375,178.97687,63.692356
F04,21,23,102019.76723522595,562611.3125,4201010.0,3438.302734375,562450.0,562750.0,4200892.5,4201175.0,3346.71337890625,3514.268798828125,174.56561,61.475388
F04,21,24,99565.3509425052,562591.5,4201332.0,3284.716064453125,562450.0,562750.0,4201175.0,4201475.0,3205.189208984375,3369.8583984375,169.01172,64.59007
F04,21,25,99628.18686261411,562587.0625,4201607.5,3156.135009765625,562450.0,562750.0,4201475.0,4201775.0,3070.339111328125,3237.862548828125,167.79623,65.0653
F04,21,26,101223.85389385695,562611.5625,4201939.0,3001.76318359375,562450.0,562750.0,4201775.0,4202075.0,2919.15185546875,3097.764892578125,169.83826,62.62794
F04,21,27,105345.29327283788,562587.875,4202208.0,2847.95947265625,562450.0,562750.0,4202075.0,4202375.0,2742.41015625,2937.419677734375,175.48083,58.707233
F04,21,28,105443.82601377438,562606.9375,4202545.0,2642.755126953125,562450.0,562750.0,4202375.0,4202675.0,2566.212158203125,2749.62744140625,0.28970337,59.164646
F04,21,29,67148.25284976207,562596.375,4202742.5,2540.009521484375,562450.0,562750.0,4202675.0,4202858.0,2483.211181640625,2568.719970703125,175.47299,69.84591
F04,22,23,81351.69518552555,562900.5,4201039.5,3444.3056640625,562750.0,563050.0,4200937.0,4201175.0,3369.8583984375,3495.15869140625,171.57013,67.12946
F04,22,24,98604.14694157934,562865.8125,4201321.0,3321.75390625,562750.0,563050.0,4201175.0,4201475.0,3237.862548828125,3405.56201171875,165.17975,65.94949
F04,22,25,101059.14340690408,562907.25,4201600.0,3200.77392578125,562750.0,563050.0,4201475.0,4201775.0,3097.764892578125,3272.07958984375,167.94415,63.634724
F04,22,26,104155.36433851982,562865.0625,4201916.0,3030.9697265625,562750.0,563050.0,4201775.0,4202075.0,2935.689208984375,3123.2314453125,176.61578,59.896137
F04,22,27,108321.5102772556,562916.875,4202218.5,2845.880615234375,562750.0,563050.0,4202075.0,4202375.0,2735.748779296875,2944.03125,1.5369873,56.64162
F04,22,28,105808.54031888983,562893.625,4202553.5,2632.543701171875,562750.0,563050.0,4202375.0,4202675.0,2556.90185546875,2749.620849609375,2.096756,59.149208
F04,22,29,48860.99604236486,562886.5,4202726.5,2555.236572265625,562750.0,563050.0,4202675.0,4202816.0,2518.06005859375,2579.252197265625,154.94672,81.114784
F04,23,23,65136.818756092456,563210.625,4201084.5,3446.204833984375,563050.0,563350.0,4200981.5,4201175.0,3405.56201171875,3475.26318359375,172.53809,80.785416
F04,23,24,99652.79444029035,563175.5,4201323.0,3355.962890625,563050.0,563350.0,4201175.0,4201475.0,3272.07958984375,3447.93798828125,163.77179,64.73429
F04,23,25,101088.29201617798,563188.5625,4201645.0,3205.87060546875,563050.0,563350.0,4201475.0,4201775.0,3123.2314453125,3306.6015625,164.8371,62.726486
F04,23,26,107994.41964253907,563196.5,4201927.5,3044.86083984375,563050.0,563350.0,4201775.0,4202075.0,2935.330322265625,3161.591796875,171.7688,57.019512
F04,23,27,110651.71108709385,563188.0,4202209.5,2860.3681640625,563050.0,563350.0,4202075.0,4202375.0,2738.420166015625,2970.677001953125,176.61502,55.824684
F04,23,28,105550.03244036855,563194.1875,4202545.0,2641.6796875,563050.0,563350.0,4202375.0,4202675.0,2566.387939453125,2757.04833984375,176.23792,59.589756
F04,23,29,33326.455726854285,563211.4375,4202713.5,2580.63720703125,563050.0,563350.0,4202675.0,4202774.0,2550.219970703125,2613.580078125,33.8956,77.965195
F04,24,23,51878.603558352435,563486.9375,4201117.0,3437.027099609375,563350.0,563650.0,4201026.0,4201175.0,3391.1630859375,3466.800048828125,101.04608,83.39934
F04,24,24,99053.37375039903,563497.3125,4201340.5,3358.52783203125,563350.0,563650.0,4201175.0,4201475.0,3277.875732421875,3450.787109375,15.320038,65.50737
F04,24,25,100922.93419566765,563490.5,4201609.0,3234.84814453125,563350.0,563650.0,4201475.0,4201775.0,3137.388427734375,3311.544677734375,9.785812,63.410477
F04,24,26,108952.12095865226,563498.0625,4201912.0,3062.09912109375,563350.0,563650.0,4201775.0,4202075.0,2950.7421875,3160.932373046875,2.4396362,56.730366
F04,24,27,110542.53478527714,563515.4375,4202230.5,2850.631103515625,563350.0,563650.0,4202075.0,4202375.0,2743.229248046875,2969.80126953125,177.9349,55.006386
F04,24,28,103972.33009078383,563526.75,4202507.0,2671.716796875,563350.0,563650.0,4202375.0,4202675.0,2582.380126953125,2750.628662109375,175.62592,63.465145
F04,24,29,17981.893490326744,563503.375,4202696.0,2619.38720703125,563350.0,563650.0,4202675.0,4202732.0,2583.4521484375,2647.90771484375,23.072113,65.37354
F04,25,23,35870.74215741039,563790.75,4201131.5,3392.945556640625,563650.0,563950.0,4201070.5,4201175.0,3366.2578125,3433.135986328125,21.807465,74.716324
F04,25,24,98245.92429062369,563798.0625,4201314.5,3325.165283203125,563650.0,563950.0,4201175.0,4201475.0,3250.557373046875,3401.149658203125,13.445526,66.591354
F04,25,25,100351.71321594837,563801.5625,4201614.0,3195.960205078125,563650.0,563950.0,4201475.0,4201775.0,3109.51025390625,3277.875732421875,6.5078125,65.47271
F04,25,26,103234.47240076143,563805.75,4201914.0,3044.81298828125,563650.0,563950.0,4201775.0,4202075.0,2950.2412109375,3137.388427734375,3.060501,60.74191
F04,25,27,106592.17012047631,563801.75,4202207.0,2874.247314453125,563650.0,563950.0,4202075.0,4202375.0,2746.88427734375,2956.81689453125,174.90027,58.03422
F04,25,28,103421.03300311959,563784.9375,4202548.0,2684.04345703125,563650.0,563950.0,4202375.0,4202675.0,2614.5400390625,2788.407470703125,160.4075,68.45837
F04,25,29,2615.969766032628,563703.75,4202679.5,2647.7431640625,563650.0,563757.125,4202675.0,4202690.0,2636.45556640625,2660.167724609375,17.54271,57.912598
F04,26,23,15422.430938993031,564180.5625,4201164.0,3347.466064453125,563950.0,564250.0,4201115.0,4201175.0,3338.780029296875,3388.39990234375,20.503265,76.27031
F04,26,24,95775.61112603438,564122.6875,4201291.5,3310.066162109375,563950.0,564250.0,4201175.0,4201475.0,3228.750732421875,3366.226806640625,14.469055,69.92941
F04,26,25,99841.5267280996,564098.5,4201612.5,3185.075439453125,563950.0,564250.0,4201475.0,4201775.0,3102.076171875,3258.951904296875,10.162201,65.27599
F04,26,26,100504.01361587596,564094.9375,4201920.5,3036.347412109375,563950.0,564250.0,4201775.0,4202075.0,2956.81689453125,3115.14013671875,3.7865753,63.601395
F04,26,27,102154.41373388525,564094.9375,4202236.0,2874.444580078125,563950.0,564250.0,4202075.0,4202375.0,2788.407470703125,2964.75390625,177.7735,61.838726
F04,26,28,89579.21156839098,564090.125,4202502.0,2735.462158203125,563950.0,564250.0,4202375.0,4202648.0,2656.60009765625,2805.748291015625,169.7685,64.58335
F04,27,23,385.34269127198894,564259.375,4201169.0,3340.067626953125,564250.0,564289.5,4201159.5,4201175.0,3337.048095703125,3343.6640625,9.642609,73.7761
F04,27,24,70955.75010556662,564324.5,4201306.5,3290.49951171875,564250.0,564512.5,4201175.0,4201475.0,3224.429443359375,3338.780029296875,0.8691406,69.631996
F04,27,25,84477.26685554169,564342.5625,4201619.5,3171.778076171875,564250.0,564512.5,4201475.0,4201775.0,3105.762451171875,3228.750732421875,179.16422,69.3984
F04,27,26,87742.22691782218,564355.0,4201925.0,3039.495849609375,564250.0,564512.5,4201775.0,4202075.0,2961.38818359375,3120.19287109375,168.39014,64.98107
F04,27,27,89013.02976603623,564346.625,4202225.5,2892.7666015625,564250.0,564512.5,4202075.0,4202375.0,2804.42822265625,2988.319580078125,166.64249,62.195435
F04,27,28,63273.25384829846,564314.875,4202487.0,2761.156005859375,564250.0,564512.5,4202375.0,4202606.0,2704.60009765625,2842.71630859375,164.12265,65.42643
F05,5,29,15321.765900129869,557914.8125,4202940.5,1909.004150390625,557821.0625,557950.0,4202838.0,4202975.0,1817.6256103515625,2015.949951171875,135.3588,43.618084
F05,5,30,75031.83968321489,557881.625,4203109.0,1767.341064453125,557762.5,557950.0,4202975.0,4203275.0,1571.8031005859375,1910.6444091796875,135.47418,45.65369
F05,5,31,83675.03607416245,557889.25,4203455.0,1523.039306640625,557762.5,557950.0,4203275.0,4203575.0,1322.0694580078125,1701.5919189453125,134.38464,42.45872
F05,5,32,71453.71679725945,557906.0,4203744.5,1298.80224609375,557762.5,557950.0,4203575.0,4203875.0,1193.5999755859375,1481.638916015625,136.20648,40.66829
F05,5,33,3234.61162812051,557932.0625,4203894.5,1216.602294921875,557886.625,557950.0,4203875.0,4203950.0,1197.3212890625,1231.009033203125,127.85812,54.992523
F05,6,29,99124.27774418404,558113.8125,4202881.0,2113.595947265625,557950.0,558250.0,4202696.0,4202975.0,1910.6444091796875,2339.7099609375,130.81015,42.791462
F05,6,30,133238.66080811722,558089.5,4203125.5,1922.6650390625,557950.0,558250.0,4202975.0,4203275.0,1701.5919189453125,2159.86669921875,129.88678,42.299408
F05,6,31,133915.70147506433,558079.1875,4203426.0,1696.5479736328125,557950.0,558250.0,4203275.0,4203575.0,1481.638916015625,1944.385009765625,132.85864,41.990337
F05,6,32,141435.60023367187,558055.9375,4203757.0,1403.2940673828125,557950.0,558250.0,4203575.0,4203875.0,1231.009033203125,1708.648681640625,137.90973,39.74816
F05,6,33,90406.32079731292,558123.125,4203981.5,1283.4769287109375,557950.0,558250.0,4203875.0,4204175.0,1199.219970703125,1435.1507568359375,127.2388,53.41263
F05,6,34,10560.652141044306,558210.5,4204209.5,1241.803466796875,558139.875,558250.0,4204175.0,4204305.5,1204.9111328125,1278.33984375,129.09354,46.785748
F05,7,28,5076.771806938874,558463.1875,4202662.0,2465.08642578125,558349.1875,558550.0,4202632.5,4202675.0,2399.951904296875,2521.8701171875,124.6586,57.216473
F05,7,29,114938.07813672649,558378.8125,4202808.0,2334.605712890625,558250.0,558550.0,4202675.0,4202975.0,2159.86669921875,2506.312255859375,143.78214,50.685207
F05,7,30,118803.22897938623,558375.75,4203126.0,2114.880859375,558250.0,558550.0,4202975.0,4203275.0,1944.385009765625,2301.7978515625,145.30621,49.41848
F05,7,31,124152.28624666993,558362.6875,4203436.5,1887.62744140625,558250.0,558550.0,4203275.0,4203575.0,1708.648681640625,2104.63525390625,140.82507,46.512146
F05,7,32,135864.5855971154,558369.25,4203735.0,1652.622314453125,558250.0,558550.0,4203575.0,4203875.0,1435.1507568359375,1906.353759765625,138.37152,41.45892
F05,7,33,133048.2577173212,558334.4375,4204052.5,1386.4835205078125,558250.0,558550.0,4203875.0,4204175.0,1278.3839111328125,1687.4725341796875,125.9736,44.79973
F05,7,34,98544.87353690696,558419.5,4204297.5,1316.760986328125,558250.0,558550.0,4204175.0,4204475.0,1208.2120361328125,1474.216064453125,126.063446,54.18287
F05,7,35,21952.688507720846,558494.125,4204523.0,1267.3663330078125,558393.0625,558550.0,4204475.0,4204661.0,1212.4993896484375,1323.8316650390625,129.04065,44.799923
F05,8,28,26507.15834587929,558714.9375,4202651.0,2601.470458984375,558550.0,558850.0,4202569.5,4202675.0,2506.312255859375,2704.030029296875,128.55206,56.616966
F05,8,29,119792.17049847571,558690.75,4202829.5,2484.607666015625,558550.0,558850.0,4202675.0,4202975.0,2301.7978515625,2658.184814453125,135.44263,47.917336
F05,8,30,125843.23551092035,558701.8125,4203118.0,2311.72607421875,558550.0,558850.0,4202975.0,4203275.0,2104.63525390625,2508.96484375,129.15146,45.719334
F05,8,31,126536.27409129219,558711.5,4203444.5,2112.0537109375,558550.0,558850.0,4203275.0,4203575.0,1906.353759765625,2328.7431640625,131.10431,45.26776
F05,8,32,130397.22177226258,558702.5625,4203724.0,1922.88671875,558550.0,558850.0,4203575.0,4203875.0,1687.4725341796875,2136.97607421875,127.70703,43.84084
F05,8,33,138197.15117600752,558726.0,4204043.5,1733.124755859375,558550.0,558850.0,4203875.0,4204175.0,1474.216064453125,1963.7532958984375,127.39975,40.760128
F05,8,34,135860.13186665296,558693.375,4204308.5,1521.87109375,558550.0,558850.0,4204175.0,4204475.0,1323.810791015625,1749.30810546875,125.35492,41.893322
F05,8,35,113428.18948734907,558729.75,4204607.0,1378.1666259765625,558550.0,558850.0,4204475.0,4204775.0,1217.2039794921875,1563.479248046875,125.967255,46.643845
F05,8,36,37391.43970284727,558777.125,4204833.0,1294.850830078125,558646.1875,558850.0,4204775.0,4205016.5,1220.0875244140625,1369.2989501953125,128.90335,43.78116
F05,9,28,16909.685096409903,558919.75,4202642.0,2710.125244140625,558850.0,559036.125,4202561.5,4202675.0,2658.184814453125,2765.642333984375,129.29883,54.59829
F05,9,29,109171.26343339459,558965.625,4202825.5,2649.584716796875,558850.0,559150.0,4202675.0,4202975.0,2508.96484375,2796.61328125,129.60254,53.367897
F05,9,30,117394.99042081878,558966.125,4203151.0,2478.693115234375,558850.0,559150.0,4202975.0,4203275.0,2328.7431640625,2687.1005859375,132.57648,49.746265
F05,9,31,121472.31412797107,558985.4375,4203470.5,2307.133544921875,558850.0,559150.0,4203275.0,4203575.0,2136.97607421875,2524.11376953125,129.51804,47.84413
F05,9,32,124552.17032853326,558978.375,4203693.5,2168.759033203125,558850.0,559150.0,4203575.0,4203875.0,1963.7532958984375,2355.57177734375,128.75934,46.780163
F05,9,33,127225.03338792325,558969.125,4204009.0,1963.6109619140625,558850.0,559150.0,4203875.0,4204175.0,1749.30810546875,2179.921142578125,132.72708,44.698433
F05,9,34,129674.0301306836,558993.375,4204326.0,1774.33935546875,558850.0,559150.0,4204175.0,4204475.0,1563.479248046875,1995.7625732421875,126.84451,44.169876
F05,9,35,134667.7485125744,558964.9375,4204607.5,1566.6285400390625,558850.0,559150.0,4204475.0,4204775.0,1369.2989501953125,1807.3162841796875,130.09357,42.54995
F05,9,36,122780.53261846339,558990.1875,4204934.5,1391.2099609375,558850.0,559150.0,4204775.0,4205075.0,1226.196044921875,1602.82421875,125.27399,45.83018
F05,9,37,55968.45595262959,559064.75,4205146.0,1320.3905029296875,558899.8125,559150.0,4205075.0,4205371.5,1227.6883544921875,1425.0133056640625,129.80075,43.407036
F05,10,29,52681.57446521232,559312.75,4202921.5,2805.078857421875,559150.0,559429.0625,4202762.0,4202975.0,2687.1005859375,2868.19921875,129.69598,52.20232
F05,10,30,117903.6548911268,559372.6875,4203069.5,2767.3857421875,559150.0,559450.0,4202975.0,4203275.0,2524.11376953125,2876.39990234375,131.03445,51.653725
F05,10,31,117003.64430323508,559301.75,4203434.5,2526.96435546875,559150.0,559450.0,4203275.0,4203575.0,2355.57177734375,2707.92138671875,133.94266,50.265774
F05,10,32,115746.34077596448,559296.5,4203756.5,2339.419189453125,559150.0,559450.0,4203575.0,4203875.0,2179.921142578125,2530.3251953125,133.5679,50.977848
F05,10,33,120505.60102816563,559317.8125,4204032.5,2186.6064453125,559150.0,559450.0,4203875.0,4204175.0,1995.7625732421875,2361.883056640625,135.0195,48.60351
F05,10,34,119672.98306263055,559334.875,4204311.5,2028.2777099609375,559150.0,559450.0,4204175.0,4204475.0,1807.3162841796875,2183.050048828125,133.91287,49.04953
F05,10,35,123357.06846585951,559316.5,4204670.5,1796.093017578125,559150.0,559450.0,4204475.0,4204775.0,1602.82421875,2000.59130859375,131.66284,47.14545
F05,10,36,124886.98346560757,559320.25,4204886.5,1663.8101806640625,559150.0,559450.0,4204775.0,4205075.0,1425.0133056640625,1827.798583984375,132.53952,46.081387
F05,10,37,123523.9581928873,559281.1875,4205265.0,1393.6256103515625,559150.0,559450.0,4205075.0,4205375.0,1235.18798828125,1632.575439453125,133.27637,47.344685
F05,10,38,72276.69634341,559360.4375,4205455.5,1336.2398681640625,559152.9375,559450.0,4205375.0,4205675.0,1235.2764892578125,1437.128662109375,128.68143,49.18828
F05,10,39,1819.6374994113821,559435.375,4205692.5,1257.375,559406.125,559450.0,4205675.0,4205727.0,1242.86474609375,1285.080078125,129.2637,38.822983
F05,11,30,95984.78881611844,559603.3125,4203211.5,2837.483154296875,559450.0,559750.0,4202991.0,4203275.0,2707.92138671875,2956.1865234375,128.70328,49.91265
F05,11,31,121370.1960964231,559611.8125,4203445.0,2715.29736328125,559450.0,559750.0,4203275.0,4203575.0,2530.3671875,2919.4619140625,129.04407,47.719772
F05,11,32,123571.73855286677,559609.6875,4203745.0,2554.076171875,559450.0,559750.0,4203575.0,4203875.0,2361.883056640625,2744.234619140625,121.61322,46.242073
F05,11,33,126700.1802571509,559606.0,4204016.5,2395.5888671875,559450.0,559750.0,4203875.0,4204175.0,2183.050048828125,2608.410888671875,125.986084,44.600983
F05,11,34,128638.91116957008,559578.125,4204339.5,2186.09228515625,559450.0,559750.0,4204175.0,4204475.0,2000.59130859375,2422.82861328125,123.97531,44.3025
F05,11,35,129978.47091543379,559601.9375,4204626.5,2036.982666015625,559450.0,559750.0,4204475.0,4204775.0,1827.798583984375,2262.821533203125,125.32791,43.624542
F05,11,36,130906.82603239783,559600.9375,4204947.5,1846.275390625,559450.0,559750.0,4204775.0,4205075.0,1632.575439453125,2072.626708984375,123.42682,43.056385
F05,11,37,136502.46199375633,559600.6875,4205236.0,1668.46337890625,559450.0,559750.0,4205075.0,4205375.0,1437.128662109375,1909.639892578125,122.786255,40.889687
F05,11,38,134217.36187605487,559582.625,4205530.0,1479.250732421875,559450.0,559750.0,4205375.0,4205675.0,1285.080078125,1729.396240234375,119.8728,41.893726
F05,11,39,101165.209214318,559626.6875,4205762.0,1380.3963623046875,559450.0,559750.0,4205675.0,4205975.0,1244.1800537109375,1556.8123779296875,126.141205,39.847702
F05,11,40,9656.954230697262,559722.5625,4206000.0,1302.66064453125,559659.5625,559750.0,4205975.0,4206081.5,1246.3543701171875,1361.0965576171875,131.07019,30.527546
F05,12,30,8800.173930249595,559784.625,4203261.0,2930.049072265625,559750.0,559822.0625,4203220.0,4203275.0,2871.929931640625,2970.731201171875,149.33252,6.779578
F05,12,31,123090.91363855195,559905.375,4203435.0,2923.2646484375,559750.0,560050.0,4203275.0,4203575.0,2744.234619140625,3026.0,128.1673,49.97238
F05,12,32,119332.86316421311,559889.0625,4203768.5,2752.35302734375,559750.0,560050.0,4203575.0,4203875.0,2608.410888671875,2954.0263671875,128.85495,50.365112
F05,12,33,120907.23700084497,559895.5,4204010.0,2625.4228515625,559750.0,560050.0,4203875.0,4204175.0,2422.82861328125,2782.072998046875,127.897064,48.280067
F05,12,34,122701.6523068233,559916.125,4204329.5,2473.216552734375,559750.0,560050.0,4204175.0,4204475.0,2262.821533203125,2646.39453125,124.3667,47.39926
F05,12,35,128037.41668433468,559904.875,4204628.5,2295.795166015625,559750.0,560050.0,4204475.0,4204775.0,2072.626708984375,2489.8037109375,126.45877,44.826607
F05,12,36,127951.27631608411,559874.375,4204930.5,2099.44091796875,559750.0,560050.0,4204775.0,4205075.0,1909.639892578125,2332.470703125,122.02396,44.53984
F05,12,37,132148.31797968276,559942.625,4205235.5,1987.1392822265625,559750.0,560050.0,4205075.0,4205375.0,1729.396240234375,2172.412353515625,123.586975,43.058414
F05,12,38,129895.92482273036,559888.25,4205548.5,1756.14306640625,559750.0,560050.0,4205375.0,4205675.0,1556.8123779296875,1993.7261962890625,121.99115,43.32163
F05,12,39,135304.70533298992,559900.8125,4205816.5,1603.7510986328125,559750.0,560050.0,4205675.0,4205975.0,1361.0965576171875,1831.32275390625,125.54413,41.42387
F05,12,40,127048.84977343648,559917.8125,4206066.5,1442.1422119140625,559750.0,560050.0,4205975.0,4206275.0,1241.3104248046875,1637.530517578125,131.59174,37.409077
F05,12,41,20747.72758712808,559997.9375,4206318.0,1298.9320068359375,559914.6875,560050.0,4206275.0,4206434.0,1237.165771484375,1399.5096435546875,131.3219,32.507256
F05,13,31,29103.6994542374,560142.5,4203541.0,2981.13671875,560050.0,560214.4375,4203449.5,4203575.0,2922.409912109375,3021.320068359375,146.42175,30.155727
F05,13,32,105753.26698333581,560203.25,4203707.0,2920.290771484375,560050.0,560350.0,4203575.0,4203875.0,2782.072998046875,3002.037841796875,149.6886,60.89437
F05,13,33,104634.49441170617,560209.875,4204064.5,2753.549560546875,560050.0,560350.0,4203875.0,4204175.0,2646.39453125,2886.7578125,147.80359,60.6368
F05,13,34,108313.93270443635,560189.6875,4204323.0,2619.21435546875,560050.0,560350.0,4204175.0,4204475.0,2489.8037109375,2739.070068359375,148.16925,58.541958
F05,13,35,106554.56274783215,560174.75,4204609.0,2472.0673828125,560050.0,560350.0,4204475.0,4204775.0,2332.470703125,2605.797607421875,136.39206,57.837185
F05,13,36,112963.02081665862,560212.9375,4204918.0,2343.7294921875,560050.0,560350.0,4204775.0,4205075.0,2172.412353515625,2477.5576171875,134.91785,54.343605
F05,13,37,118468.9293113694,560200.5625,4205236.5,2174.7412109375,560050.0,560350.0,4205075.0,4205375.0,1993.7261962890625,2350.780517578125,131.21875,50.506092
F05,13,38,123237.6976844274,560206.875,4205516.0,2023.05517578125,560050.0,560350.0,4205375.0,4205675.0,1831.32275390625,2196.543212890625,128.1004,48.456135
F05,13,39,126235.31193451388,560203.8125,4205826.0,1843.315185546875,560050.0,560350.0,4205675.0,4205975.0,1637.530517578125,2041.2313232421875,129.62845,46.24937
F05,13,40,130069.53957669598,560208.5625,4206107.5,1667.706298828125,560050.0,560350.0,4205975.0,4206275.0,1399.5096435546875,1867.7105712890625,130.19104,43.92982
F05,13,41,137841.60123899332,560240.125,4206390.0,1478.0711669921875,560050.0,560350.0,4206275.0,4206575.0,1233.4954833984375,1657.9134521484375,132.39813,36.908596
F05,13,42,34402.574939745384,560266.8125,4206642.5,1277.8756103515625,560169.8125,560350.0,4206575.0,4206787.0,1227.9771728515625,1429.9571533203125,131.31433,34.814693
F05,14,32,12370.88853481632,560373.1875,4203784.5,2938.23681640625,560350.0,560423.25,4203678.5,4203875.0,2886.7578125,2983.8798828125,132.55933,55.381207
F05,14,33,39789.19955546169,560404.0,4204054.0,2827.871337890625,560350.0,560487.0625,4203875.0,4204175.0,2739.070068359375,2923.175048828125,128.62366,52.679165
F05,14,34,63818.64696209961,560435.6875,4204377.0,2696.893798828125,560350.0,560550.875,4204175.0,4204475.0,2605.797607421875,2823.130615234375,127.335815,53.11752
F05,14,35,88857.8409257125,560464.0,4204652.5,2592.8251953125,560350.0,560614.6875,4204475.0,4204775.0,2477.5576171875,2723.08642578125,127.96646,55.229782
F05,14,36,112289.71821768914,560499.0625,4204921.0,2499.75341796875,560350.0,560650.0,4204775.0,4205075.0,2350.780517578125,2623.0419921875,127.825134,57.28887
F05,14,37,119418.18239457204,560492.25,4205231.0,2368.317138671875,560350.0,560650.0,4205075.0,4205375.0,2196.543212890625,2504.25439453125,125.6611,53.438255
F05,14,38,125575.41431077832,560503.8125,4205543.5,2246.198486328125,560350.0,560650.0,4205375.0,4205675.0,2041.2313232421875,2397.424072265625,119.50842,45.65454
F05,14,39,135205.95218183342,560499.0,4205820.5,2100.054443359375,560350.0,560650.0,4205675.0,4205975.0,1867.7105712890625,2299.20166015625,119.97366,42.0493
F05,14,40,139744.0133585342,560502.5625,4206124.0,1901.2718505859375,560350.0,560650.0,4205975.0,4206275.0,1657.9134521484375,2155.467041015625,129.60553,39.743374
F05,14,41,136349.3235452143,560495.75,4206406.0,1681.5831298828125,560350.0,560650.0,4206275.0,4206575.0,1429.9571533203125,1913.0447998046875,132.7818,41.178356
F05,14,42,137401.12010594626,560519.9375,4206749.0,1423.07373046875,560350.0,560650.0,4206575.0,4206875.0,1225.68408203125,1674.9461669921875,134.01337,39.366455
F05,14,43,41081.39848590577,560579.25,4206934.5,1311.0704345703125,560424.875,560650.0,4206875.0,4207090.5,1223.0,1428.136474609375,137.30554,38.288612
F05,15,36,2419.552123590269,560661.1875,4205045.0,2526.515625,560650.0,560678.5,4204941.0,4205075.0,2504.25439453125,2567.68408203125,125.631195,51.05473
F05,15,37,23060.87202885156,560692.0,4205270.5,2441.3125,560650.0,560742.3125,4205075.0,4205375.0,2373.09228515625,2522.988525390625,127.93884,53.464527
F05,15,38,43677.02003226032,560736.5,4205559.0,2344.51318359375,560650.0,560806.125,4205375.0,4205675.0,2287.06103515625,2422.923828125,147.22687,66.829384
F05,15,39,63912.56929568332,560776.375,4205866.5,2241.46435546875,560650.0,560870.0,4205675.0,4205975.0,2155.467041015625,2322.859130859375,154.55573,67.47803
F05,15,40,100642.25051643068,560811.125,4206137.0,2119.277587890625,560650.0,560933.8125,4205975.0,4206275.0,1913.0447998046875,2222.79443359375,134.71588,50.154327
F05,15,41,134899.95412757047,560806.5625,4206398.5,1947.2352294921875,560650.0,560950.0,4206275.0,4206575.0,1674.9461669921875,2122.729736328125,130.09875,42.631523
F05,15,42,148108.06409721004,560812.9375,4206723.0,1710.795654296875,560650.0,560950.0,4206575.0,4206875.0,1428.136474609375,1971.8941650390625,131.45969,37.805126
F05,15,43,142948.59758849366,560807.5,4207032.5,1417.650146484375,560650.0,560950.0,4206875.0,4207175.0,1244.56005859375,1713.0804443359375,137.00925,36.974365
F05,15,44,21519.165584038998,560882.25,4207217.5,1317.24755859375,560753.5,560950.0,4207175.0,4207335.5,1260.7840576171875,1414.8599853515625,132.81,44.195038
F05,16,41,7975.414453668394,560968.375,4206496.0,2037.1009521484375,560950.0,560997.6875,4206351.0,4206575.0,1971.8941650390625,2097.380126953125,118.06003,39.568283
F05,16,42,31955.044559085203,560975.75,4206709.0,1892.4510498046875,560950.0,561012.5,4206575.0,4206875.0,1713.0804443359375,2022.6014404296875,125.80679,34.293602
F05,16,43,35044.75134735347,560977.6875,4207038.0,1585.24609375,560950.0,561012.5,4206875.0,4207175.0,1414.8599853515625,1787.50341796875,128.20471,32.080322
F05,16,44,20788.423592274827,560972.4375,4207259.5,1371.3394775390625,560950.0,561012.5,4207175.0,4207386.5,1291.5999755859375,1496.530517578125,126.35901,34.161175
F06,0,24,16126.62756555556,556427.1875,4201410.5,1702.8118896484375,556387.5,556450.0,4201294.5,4201475.0,1634.36279296875,1767.9000244140625,110.90115,42.485073
F06,0,25,27817.492595210373,556426.125,4201634.0,1607.26025390625,556387.5,556450.0,4201475.0,4201775.0,1511.4119873046875,1701.5888671875,113.13684,42.407547
F06,0,26,26995.96504232031,556420.6875,4201941.5,1477.558349609375,556387.5,556450.0,4201775.0,4202075.0,1393.7568359375,1569.8770751953125,112.76892,44.434616
F06,0,27,26167.752351002702,556421.25,4202244.0,1351.953125,556387.5,556450.0,4202075.0,4202375.0,1267.581787109375,1450.418212890625,115.20209,45.003166
F06,0,28,7520.225345360373,556435.3125,4202409.5,1292.445068359375,556390.9375,556450.0,4202375.0,4202546.5,1236.4000244140625,1324.08203125,118.072815,42.47941
F06,1,24,56879.67773506679,556615.5625,4201432.5,1851.021484375,556450.0,556750.0,4201282.0,4201475.0,1701.5888671875,1948.52294921875,111.13464,50.698387
F06,1,25,135625.96222718753,556616.75,4201611.0,1800.2825927734375,556450.0,556750.0,4201475.0,4201775.0,1569.8770751953125,1963.840087890625,111.514404,43.155254
F06,1,26,133029.29636080796,556594.25,4201906.0,1657.96484375,556450.0,556750.0,4201775.0,4202075.0,1450.418212890625,1883.85546875,111.306854,42.84878
F06,1,27,131267.2469925849,556583.875,4202246.0,1498.4249267578125,556450.0,556750.0,4202075.0,4202375.0,1324.08203125,1741.3797607421875,116.59033,44.085995
F06,1,28,123817.44782792556,556604.25,4202535.0,1372.83544921875,556450.0,556750.0,4202375.0,4202675.0,1213.036376953125,1588.77880859375,121.54199,45.296757
F06,1,29,69521.51168638615,556672.8125,4202796.0,1290.150390625,556494.25,556750.0,4202675.0,4202975.0,1203.4000244140625,1427.8289794921875,126.19147,42.426804
F06,1,30,777.7597805530061,556743.875,4202982.5,1222.1695556640625,556720.5,556750.0,4202975.0,4203010.0,1206.894775390625,1233.105712890625,129.56644,41.367588
F06,2,24,6498.68517544362,556799.5625,4201463.0,1962.5206298828125,556750.0,556893.0625,4201402.5,4201475.0,1930.2816162109375,1996.1080322265625,61.588043,68.37662
F06,2,25,101766.56810199117,556885.0,4201614.5,2005.7740478515625,556750.0,557050.0,4201475.0,4201775.0,1883.85546875,2116.25,93.415375,61.811066
F06,2,26,122435.38966338965,556900.0625,4201899.5,1946.2181396484375,556750.0,557050.0,4201775.0,4202075.0,1741.3797607421875,2102.684326171875,119.638824,47.88406
F06,2,27,124454.03730107236,556905.5,4202236.0,1792.2847900390625,556750.0,557050.0,4202075.0,4202375.0,1588.77880859375,1980.7227783203125,121.10974,46.161133
F06,2,28,128961.61422685075,556882.5625,4202566.0,1602.9300537109375,556750.0,557050.0,4202375.0,4202675.0,1427.8289794921875,1843.2120361328125,120.85394,44.138065
F06,2,29,132487.965891187,556905.125,4202815.0,1486.8197021484375,556750.0,557050.0,4202675.0,4202975.0,1233.105712890625,1695.795654296875,123.692444,42.694393
F06,2,30,100946.60684905002,556944.9375,4203097.0,1330.7412109375,556750.0,557050.0,4202975.0,4203275.0,1207.3900146484375,1512.9781494140625,129.53577,38.83323
F06,2,31,5325.11588032722,557032.125,4203293.0,1250.466064453125,556973.3125,557050.0,4203275.0,4203366.0,1211.1417236328125,1286.3125,129.45886,39.935146
F06,3,25,51564.6620840789,557169.625,4201728.0,2147.478759765625,557050.0,557350.0,4201554.0,4201775.0,2056.44775390625,2223.278076171875,54.214752,67.554504
F06,3,26,112432.85656021933,557196.4375,4201901.5,2149.06884765625,557050.0,557350.0,4201775.0,4202075.0,1980.7227783203125,2261.099853515625,113.030365,54.977367
F06,3,27,121009.889855486,557192.75,4202231.0,2016.54736328125,557050.0,557350.0,4202075.0,4202375.0,1843.2120361328125,2210.12353515625,121.995544,48.362736
F06,3,28,120359.42349835296,557195.6875,4202531.0,1870.887451171875,557050.0,557350.0,4202375.0,4202675.0,1695.795654296875,2060.8984375,124.60617,48.869183
F06,3,29,122609.07483963104,557209.4375,4202828.0,1727.2730712890625,557050.0,557350.0,4202675.0,4202975.0,1512.9984130859375,1913.3907470703125,127.47955,47.476166
F06,3,30,131125.81837470163,557223.0,4203118.0,1569.824951171875,557050.0,557350.0,4202975.0,4203275.0,1285.7271728515625,1752.575439453125,124.339874,43.252758
F06,3,31,126171.77176896698,557254.6875,4203400.5,1396.6448974609375,557050.0,557350.0,4203275.0,4203575.0,1212.4300537109375,1593.9515380859375,129.78137,36.034306
F06,3,32,13938.971882986043,557317.5,4203606.0,1274.636962890625,557226.125,557350.0,4203575.0,4203722.0,1215.388916015625,1339.025146484375,129.45905,39.493477
F06,4,25,6889.129507534133,557394.0,4201763.0,2230.94580078125,557350.0,557486.1875,4201706.0,4201775.0,2182.61376953125,2253.62939453125,9.350739,53.81999
F06,4,26,97674.43771724335,557484.25,4201933.5,2286.024169921875,557350.0,557650.0,4201775.0,4202075.0,2210.12353515625,2393.78564453125,80.710724,65.040596
F06,4,27,113183.45602439302,557468.9375,4202246.0,2209.262451171875,557350.0,557650.0,4202075.0,4202375.0,2060.8984375,2388.772705078125,121.88214,52.266987
F06,4,28,121588.14045725462,557503.1875,4202497.5,2120.18505859375,557350.0,557650.0,4202375.0,4202675.0,1913.3907470703125,2277.194091796875,121.17215,47.869316
F06,4,29,126261.97440758502,557478.9375,4202827.5,1935.072265625,557350.0,557650.0,4202675.0,4202975.0,1752.575439453125,2153.447509765625,124.689575,45.7036
F06,4,30,122296.92883662303,557489.75,4203125.5,1783.2978515625,557350.0,557650.0,4202975.0,4203275.0,1593.9515380859375,1982.84228515625,124.47681,47.112236
F06,4,31,130525.65081814065,557491.0,4203409.5,1616.3411865234375,557350.0,557650.0,4203275.0,4203575.0,1338.98291015625,1818.573486328125,130.10574,43.27137
F06,4,32,137782.58367383163,557525.875,4203699.5,1421.0718994140625,557350.0,557650.0,4203575.0,4203875.0,1217.469970703125,1621.576171875,132.1745,36.0865
F06,4,33,26664.949582548572,557604.125,4203914.5,1302.8773193359375,557478.9375,557650.0,4203875.0,4204078.0,1219.6361083984375,1392.2049560546875,129.43265,39.21363
F06,5,26,53493.69582034845,557782.125,4202027.0,2423.81884765625,557650.0,557950.0,4201858.0,4202075.0,2308.780029296875,2500.849853515625,40.886566,65.02566
F06,5,27,108396.37507443524,557832.4375,4202166.0,2442.31396484375,557650.0,557950.0,4202075.0,4202375.0,2277.188720703125,2526.471435546875,118.47333,60.788612
F06,5,28,109809.8910606874,557790.25,4202560.5,2290.125244140625,557650.0,557950.0,4202375.0,4202675.0,2153.447509765625,2447.880615234375,121.66562,54.696415
F06,5,29,119245.98515405972,557812.875,4202817.5,2188.2880859375,557650.0,557950.0,4202675.0,4202975.0,1982.84228515625,2347.103759765625,128.63696,48.998627
F06,5,30,120944.94116717798,557809.0,4203111.0,2020.328125,557650.0,557950.0,4202975.0,4203275.0,1818.573486328125,2192.53369140625,129.07324,47.793995
F06,5,31,125199.75145031077,557826.3125,4203432.5,1836.90576171875,557650.0,557950.0,4203275.0,4203575.0,1621.576171875,2019.6629638671875,133.55975,45.985855
F06,5,32,127072.41977794367,557827.375,4203702.5,1647.3671875,557650.0,557950.0,4203575.0,4203875.0,1392.2049560546875,1824.998291015625,137.07059,44.66317
F06,5,33,128103.36950959894,557832.5625,4204027.0,1405.873779296875,557650.0,557950.0,4203875.0,4204175.0,1222.510009765625,1609.7713623046875,136.05325,43.53658
F06,5,34,41253.19195684234,557894.3125,4204224.0,1316.3568115234375,557731.75,557950.0,4204175.0,4204434.0,1223.88330078125,1364.2691650390625,129.93127,47.579643
F06,6,26,6646.5953839878175,557980.3125,4202064.5,2493.52392578125,557950.0,558078.3125,4202010.0,4202075.0,2434.946044921875,2511.150634765625,172.22998,39.855732
F06,6,27,104040.28834132403,558099.6875,4202209.5,2558.260009765625,557950.0,558250.0,4202075.0,4202375.0,2447.880615234375,2659.1572265625,89.05151,65.80656
F06,6,28,107879.5440556595,558115.9375,4202548.0,2484.51953125,557950.0,558250.0,4202375.0,4202675.0,2347.1484375,2626.58837890625,120.9877,56.401684
F06,6,29,114446.93563417162,558118.25,4202849.5,2368.215576171875,557950.0,558250.0,4202675.0,4202975.0,2192.53369140625,2516.809814453125,126.51474,51.845272
F06,6,30,121150.62976968884,558105.5,4203124.5,2201.275146484375,557950.0,558250.0,4202975.0,4203275.0,2019.6629638671875,2396.7822265625,134.24371,47.817894
F06,6,31,120260.8800576782,558074.5625,4203413.5,2001.7476806640625,557950.0,558250.0,4203275.0,4203575.0,1824.998291015625,2199.30517578125,136.62952,49.062283
F06,6,32,123449.20958273561,558077.3125,4203729.5,1792.555419921875,557950.0,558250.0,4203575.0,4203875.0,1609.7713623046875,2012.4847412109375,136.99115,47.071064
F06,6,33,128445.77061014241,558080.875,4204021.5,1586.205078125,557950.0,558250.0,4203875.0,4204175.0,1364.2691650390625,1802.84619140625,137.2403,44.43003
F06,6,34,129416.76703491854,558109.125,4204352.5,1369.1622314453125,557950.0,558250.0,4204175.0,4204475.0,1227.550048828125,1590.6898193359375,139.05914,48.44938
F06,6,35,58055.97518519006,558186.5625,4204536.5,1309.293212890625,557984.5625,558250.0,4204475.0,4204775.0,1228.1304931640625,1348.267578125,130.78687,64.524704
F06,6,36,142.4971270540297,558245.8125,4204780.0,1236.0986328125,558237.375,558250.0,4204775.0,4204790.0,1232.377685546875,1243.328125,129.53445,41.643154
F06,7,27,56474.57809432622,558402.0,4202330.5,2701.12890625,558250.0,558550.0,4202162.0,4202375.0,2561.1123046875,2768.67236328125,27.884064,60.76504
F06,7,28,111310.47527092569,558455.0625,4202461.5,2708.546142578125,558250.0,558550.0,4202375.0,4202675.0,2516.737060546875,2791.8427734375,122.45352,56.505733
F06,7,29,108737.6900925905,558372.1875,4202857.5,2513.39306640625,558250.0,558550.0,4202675.0,4202975.0,2396.7822265625,2685.482177734375,128.30954,56.031395
F06,7,30,118240.78464767226,558394.0625,4203139.5,2369.528564453125,558250.0,558550.0,4202975.0,4203275.0,2199.30517578125,2551.43017578125,140.00775,50.771046
F06,7,31,119102.76150274003,558412.5,4203412.0,2215.60595703125,558250.0,558550.0,4203275.0,4203575.0,2012.4847412109375,2370.8994140625,135.53772,49.606625
F06,7,32,124802.4989931012,558392.75,4203727.5,2010.46240234375,558250.0,558550.0,4203575.0,4203875.0,1802.84619140625,2207.424560546875,132.11188,45.819443
F06,7,33,132559.8848639346,558382.25,4204015.5,1804.89111328125,558250.0,558550.0,4203875.0,4204175.0,1590.6898193359375,2033.147216796875,132.76147,43.211075
F06,7,34,138149.39942377803,558400.1875,4204319.0,1597.83740234375,558250.0,558550.0,4204175.0,4204475.0,1348.0645751953125,1828.165771484375,129.92572,41.00367
F06,7,35,141148.85444862916,558410.5625,4204661.0,1390.931396484375,558250.0,558550.0,4204475.0,4204775.0,1243.3280029296875,1622.083251953125,123.63162,46.98859
F06,7,36,77727.11103882566,558472.0,4204843.5,1339.5203857421875,558250.0,558550.0,4204775.0,4205075.0,1232.5899658203125,1442.9827880859375,128.71301,52.395027
F06,7,37,3195.7949311408815,558530.0625,4205098.5,1254.2496337890625,558490.1875,558550.0,4205075.0,4205146.0,1236.6248779296875,1288.494140625,129.55975,41.63796
F06,8,27,5914.964763513531,558590.125,4202354.5,2729.480712890625,558550.0,558670.375,4202314.0,4202375.0,2687.2783203125,2763.253173828125,170.40588,38.36797
F06,8,28,110789.6511709794,558720.375,4202566.5,2815.359375,558550.0,558850.0,4202375.0,4202675.0,2685.482177734375,2924.528564453125,112.59726,58.355507
F06,8,29,112118.12941692083,558692.75,4202837.0,2692.342529296875,558550.0,558850.0,4202675.0,4202975.0,2551.43017578125,2865.623779296875,129.23117,53.43
F06,8,30,116421.09546956161,558691.0625,4203117.5,2550.236572265625,558550.0,558850.0,4202975.0,4203275.0,2370.8994140625,2719.939453125,131.07318,50.68009
F06,8,31,118776.68252567587,558709.5,4203421.0,2394.69140625,558550.0,558850.0,4203275.0,4203575.0,2207.424560546875,2563.664794921875,131.74747,49.50113
F06,8,32,117475.55197855824,558704.9375,4203729.5,2215.387939453125,558550.0,558850.0,4203575.0,4203875.0,2033.147216796875,2389.38916015625,133.82645,49.88078
F06,8,33,121368.56470522886,558692.125,4204050.0,2013.3314208984375,558550.0,558850.0,4203875.0,4204175.0,1828.165771484375,2218.63330078125,134.47101,47.96214
F06,8,34,123979.94384948333,558682.125,4204359.0,1808.3692626953125,558550.0,558850.0,4204175.0,4204475.0,1622.083251953125,2032.953857421875,131.21045,45.867016
F06,8,35,127200.68076372946,558715.5,4204609.5,1666.73046875,558550.0,558850.0,4204475.0,4204775.0,1442.9827880859375,1841.7542724609375,133.06186,45.176044
F06,8,36,145334.73456401008,558705.5625,4204941.0,1445.609375,558550.0,558850.0,4204775.0,4205075.0,1288.4940185546875,1649.849609375,130.73978,47.361668
F06,8,37,92681.98544503991,558770.1875,4205184.0,1353.1060791015625,558550.0,558850.0,4205075.0,4205375.0,1237.6300048828125,1469.10546875,128.78796,53.941105
F06,8,38,10014.28371116661,558832.25,4205392.0,1298.8721923828125,558743.0,558850.0,4205375.0,4205502.0,1240.8720703125,1315.473388671875,130.06958,46.44326
F06,9,28,59706.23730627756,558990.5,4202634.0,2955.123046875,558850.0,559150.0,4202466.0,4202675.0,2813.444580078125,3021.311279296875,39.054306,64.75014
F06,9,29,117282.55357147125,559035.875,4202813.0,2918.429443359375,558850.0,559150.0,4202675.0,4202975.0,2719.939453125,3036.8359375,120.924225,52.393314
F06,9,30,120205.18046664637,559000.4375,4203133.0,2740.65771484375,558850.0,559150.0,4202975.0,4203275.0,2563.664794921875,2934.089111328125,128.25183,48.457634
F06,9,31,118390.209487009,559005.0625,4203453.0,2557.5771484375,558850.0,559150.0,4203275.0,4203575.0,2389.38916015625,2758.028564453125,134.91653,49.17706
F06,9,32,118199.47070306467,559011.75,4203747.0,2383.593994140625,558850.0,559150.0,4203575.0,4203875.0,2218.63330078125,2570.423583984375,136.17194,49.703915
F06,9,33,117789.25933877789,558987.9375,4204066.0,2169.8203125,558850.0,559150.0,4203875.0,4204175.0,2032.953857421875,2383.785888671875,142.15198,50.23473
F06,9,34,116342.44255484687,558990.9375,4204312.0,2015.1180419921875,558850.0,559150.0,4204175.0,4204475.0,1841.7542724609375,2189.0390625,139.75299,51.085644
F06,9,35,117782.97391893053,558995.9375,4204617.5,1834.1800537109375,558850.0,559150.0,4204475.0,4204775.0,1649.849609375,2008.41748046875,135.2298,50.188576
F06,9,36,118749.62077620863,558975.25,4204933.0,1640.21533203125,558850.0,559150.0,4204775.0,4205075.0,1469.10546875,1838.2086181640625,133.5339,49.59222
F06,9,37,130593.20483700788,559024.625,4205189.0,1510.8951416015625,558850.0,559150.0,4205075.0,4205375.0,1290.1199951171875,1664.2200927734375,132.37555,46.78222
F06,9,38,107213.42071826596,559042.125,4205532.0,1337.3643798828125,558850.0,559150.0,4205375.0,4205675.0,1242.669921875,1497.1104736328125,132.10825,51.225418
F06,9,39,19037.082966385584,559108.375,4205709.5,1289.146240234375,558995.375,559150.0,4205675.0,4205858.5,1245.112060546875,1307.1285400390625,131.08109,70.87126
F06,10,28,5172.337882719092,559187.5,4202656.0,2979.094482421875,559150.0,559262.5,4202618.0,4202675.0,2939.61083984375,3010.74853515625,170.36905,38.307667
F06,10,29,100397.4400001306,559292.0625,4202847.0,3032.561767578125,559150.0,559450.0,4202675.0,4202975.0,2934.089111328125,3125.06005859375,118.48941,65.63037
F06,10,30,111562.05482812753,559294.75,4203139.0,2912.530029296875,559150.0,559450.0,4202975.0,4203275.0,2758.028564453125,3062.505126953125,134.86127,54.048428
F06,10,31,117460.29387008396,559271.875,4203442.5,2729.427490234375,559150.0,559450.0,4203275.0,4203575.0,2570.423583984375,2931.79296875,131.98242,49.4317
F06,10,32,124588.65171183365,559282.125,4203727.5,2568.343505859375,559150.0,559450.0,4203575.0,4203875.0,2383.785888671875,2776.71240234375,132.02466,46.70247
F06,10,33,124178.67729867161,559301.25,4204043.5,2378.354736328125,559150.0,559450.0,4203875.0,4204175.0,2189.0390625,2592.494384765625,132.71964,46.342197
F06,10,34,123113.72637838646,559302.125,4204328.5,2200.026123046875,559150.0,559450.0,4204175.0,4204475.0,2008.41748046875,2402.671630859375,131.06934,47.035133
F06,10,35,121327.19877898623,559294.0,4204642.5,2008.145263671875,559150.0,559450.0,4204475.0,4204775.0,1838.2086181640625,2215.965087890625,131.72089,48.238945
F06,10,36,119229.16386678713,559327.4375,4204930.0,1868.3543701171875,559150.0,559450.0,4204775.0,4205075.0,1664.2200927734375,2038.09326171875,128.44138,48.97424
F06,10,37,127436.59947189815,559285.0625,4205194.5,1681.7271728515625,559150.0,559450.0,4205075.0,4205375.0,1497.1104736328125,1878.823974609375,133.10544,46.177593
F06,10,38,118814.31658683602,559313.0,4205502.5,1524.9202880859375,559150.0,559450.0,4205375.0,4205675.0,1294.4500732421875,1688.501708984375,127.52838,49.792835
F06,10,39,117210.08640535567,559300.0,4205884.5,1320.009033203125,559150.0,559450.0,4205675.0,4205975.0,1247.7099609375,1540.1304931640625,127.39114,50.984467
F06,10,40,32175.57241596791,559382.8125,4206027.0,1301.0111083984375,559248.1875,559450.0,4205975.0,4206214.5,1249.3592529296875,1367.0999755859375,129.87082,54.861664
F06,11,29,48617.80037868868,559604.4375,4202916.5,3140.459228515625,559450.0,559750.0,4202769.5,4202975.0,3062.505126953125,3195.5,116.75015,66.67567
F06,11,30,103908.34486585666,559588.4375,4203133.0,3055.9169921875,559450.0,559750.0,4202975.0,4203275.0,2931.79296875,3174.919921875,134.03339,60.225018
F06,11,31,110956.4184175304,559618.125,4203436.0,2937.495849609375,559450.0,559750.0,4203275.0,4203575.0,2776.71240234375,3067.505126953125,131.33841,54.751568
F06,11,32,116694.4041743892,559594.75,4203724.0,2784.455078125,559450.0,559750.0,4203575.0,4203875.0,2592.494384765625,2946.19580078125,129.15765,51.13503
F06,11,33,126990.55557559515,559618.0,4204040.0,2621.8046875,559450.0,559750.0,4203875.0,4204175.0,2402.671630859375,2812.240478515625,126.934784,45.13804
F06,11,34,129803.92497056117,559612.3125,4204303.5,2457.35546875,559450.0,559750.0,4204175.0,4204475.0,2215.965087890625,2649.639892578125,126.76437,43.99168
F06,11,35,131120.9536880315,559624.1875,4204637.5,2269.853759765625,559450.0,559750.0,4204475.0,4204775.0,2038.09326171875,2466.08984375,122.67343,43.73771
F06,11,36,129863.38479850457,559595.125,4204911.5,2087.94580078125,559450.0,559750.0,4204775.0,4205075.0,1878.823974609375,2309.593994140625,123.1561,43.856964
F06,11,37,131071.78722269202,559609.875,4205221.0,1921.5377197265625,559450.0,559750.0,4205075.0,4205375.0,1688.501708984375,2130.52490234375,124.799835,43.603645
F06,11,38,131166.9909081049,559589.9375,4205538.0,1719.1624755859375,559450.0,559750.0,4205375.0,4205675.0,1539.9615478515625,1958.81005859375,122.87048,44.114174
F06,11,39,127973.29741793948,559640.6875,4205797.5,1619.067626953125,559450.0,559750.0,4205675.0,4205975.0,1367.0911865234375,1782.5042724609375,123.381226,44.981327
F06,11,40,127637.04536117268,559576.5,4206174.0,1354.1685791015625,559450.0,559750.0,4205975.0,4206275.0,1252.75,1620.7493896484375,128.05261,46.10647
F06,11,41,48997.0278469247,559647.75,4206354.5,1298.3514404296875,559501.0,559750.0,4206275.0,4206570.5,1253.6064453125,1426.2987060546875,129.90912,50.100216
F06,12,29,1057.5963208800454,559757.6875,4202950.0,3187.503173828125,559750.0,559774.9375,4202921.5,4202975.0,3174.919921875,3197.199951171875,128.38513,59.770107
F06,12,30,22535.937793078367,559777.75,4203155.5,3123.4482421875,559750.0,559854.1875,4202975.0,4203275.0,3067.505126953125,3186.37890625,126.68338,59.08116
F06,12,31,50976.019007223935,559796.0625,4203444.5,3026.068115234375,559750.0,559933.5,4203275.0,4203575.0,2946.19580078125,3117.309326171875,125.91611,56.75234
F06,12,32,83249.59783385822,559912.875,4203782.0,2956.436279296875,559750.0,560012.75,4203575.0,4203875.0,2812.240478515625,3048.239501953125,124.54495,53.00864
F06,12,33,112472.63774872641,559931.8125,4204035.5,2849.27197265625,559750.0,560050.0,4203875.0,4204175.0,2649.639892578125,2979.041259765625,125.53485,50.675854
F06,12,34,124812.57776575965,559907.1875,4204334.0,2682.973388671875,559750.0,560050.0,4204175.0,4204475.0,2466.08984375,2862.02490234375,124.16754,46.291683
F06,12,35,127423.7825746715,559890.8125,4204631.5,2509.517578125,559750.0,560050.0,4204475.0,4204775.0,2309.593994140625,2724.568603515625,121.60889,44.984715
F06,12,36,131573.14624471526,559887.3125,4204900.0,2356.478271484375,559750.0,560050.0,4204775.0,4205075.0,2130.52490234375,2565.06787109375,123.97461,43.401787
F06,12,37,130655.62316170553,559887.25,4205243.0,2164.7607421875,559750.0,560050.0,4205075.0,4205375.0,1958.81005859375,2397.26220703125,120.32211,43.88736
F06,12,38,135306.7920034801,559917.75,4205527.5,2034.4063720703125,559750.0,560050.0,4205375.0,4205675.0,1782.5042724609375,2239.23193359375,120.28885,41.643448
F06,12,39,135541.56775039464,559890.25,4205812.5,1848.0262451171875,559750.0,560050.0,4205675.0,4205975.0,1620.7493896484375,2081.111572265625,119.325195,41.475826
F06,12,40,137289.85749939506,559900.4375,4206127.5,1670.640625,559750.0,560050.0,4205975.0,4206275.0,1426.2987060546875,1907.342529296875,124.04126,41.014027
F06,12,41,139666.62358134883,559872.375,4206434.5,1447.2423095703125,559750.0,560050.0,4206275.0,4206575.0,1257.7899169921875,1713.8031005859375,123.28854,40.670624
F06,12,42,78603.58507588149,559973.25,4206724.0,1341.78369140625,559753.8125,560050.0,4206575.0,4206875.0,1257.8536376953125,1524.584716796875,128.3913,39.692875
F06,12,43,1698.45113924568,560019.375,4206881.0,1266.2666015625,560006.625,560050.0,4206875.0,4206924.5,1242.3399658203125,1293.526123046875,145.33109,38.21091
F06,13,33,3320.6452692205567,560070.625,4204138.0,2880.18896484375,560050.0,560088.0625,4204023.5,4204175.0,2862.02490234375,2922.28857421875,2.0023804,69.36321
F06,13,34,26503.87552208401,560111.5625,4204373.5,2787.271728515625,560050.0,560163.4375,4204175.0,4204475.0,2724.568603515625,2871.504150390625,155.8274,64.81579
F06,13,35,55991.22338660918,560157.5625,4204667.5,2669.203125,560050.0,560238.8125,4204475.0,4204775.0,2565.06787109375,2764.01171875,150.01581,63.1384
F06,13,36,87280.56126421632,560206.0625,4204962.0,2549.94677734375,560050.0,560314.1875,4204775.0,4205075.0,2397.26220703125,2656.519287109375,142.4552,59.595985
F06,13,37,116146.44608944847,560229.9375,4205225.5,2438.74365234375,560050.0,560350.0,4205075.0,4205375.0,2239.23193359375,2549.02685546875,127.214966,55.19699
F06,13,38,127953.71701299908,560230.1875,4205527.5,2307.848876953125,560050.0,560350.0,4205375.0,4205675.0,2081.111572265625,2441.534423828125,122.12933,46.57539
F06,13,39,129066.40363278611,560210.5,4205813.5,2134.819580078125,560050.0,560350.0,4205675.0,4205975.0,1907.342529296875,2324.679443359375,126.41113,44.58091
F06,13,40,128033.22540455137,560200.625,4206128.5,1933.3262939453125,560050.0,560350.0,4205975.0,4206275.0,1713.8031005859375,2141.76806640625,127.94235,44.731766
F06,13,41,127729.95308969647,560219.875,4206446.0,1737.13037109375,560050.0,560350.0,4206275.0,4206575.0,1524.584716796875,1957.6114501953125,134.6903,44.82529
F06,13,42,130452.37970093006,560184.8125,4206707.5,1514.8465576171875,560050.0,560350.0,4206575.0,4206875.0,1293.526123046875,1737.4324951171875,141.82852,43.746834
F06,13,43,99618.12140828573,560251.5,4207002.0,1289.54638671875,560050.0,560350.0,4206875.0,4207175.0,1145.095947265625,1471.750732421875,148.33508,41.37983
F06,13,44,5075.175739375802,560323.25,4207197.0,1162.8839111328125,560279.1875,560350.0,4207175.0,4207250.5,1143.6400146484375,1184.893310546875,130.5574,37.49071
F06,14,37,3480.22637445142,560370.8125,4205332.5,2423.883544921875,560350.0,560389.5625,4205217.5,4205375.0,2405.12890625,2465.397216796875,57.322998,62.856327
F06,14,38,26167.934853460614,560401.125,4205590.5,2338.857177734375,560350.0,560464.9375,4205375.0,4205675.0,2290.33203125,2421.28857421875,54.516144,63.971165
F06,14,39,55887.4101397318,560433.3125,4205855.5,2236.548095703125,560350.0,560540.3125,4205675.0,4205975.0,2141.76806640625,2334.025146484375,179.99612,65.81178
F06,14,40,87306.94553523159,560496.75,4206148.0,2107.56640625,560350.0,560615.6875,4205975.0,4206275.0,1957.6114501953125,2214.71533203125,147.36484,58.698
F06,14,41,121987.51974943152,560523.3125,4206401.5,1970.703125,560350.0,560650.0,4206275.0,4206575.0,1737.4324951171875,2087.574462890625,134.96896,49.22987
F06,14,42,142998.10712657913,560503.4375,4206706.5,1751.5150146484375,560350.0,560650.0,4206575.0,4206875.0,1471.750732421875,1959.9737548828125,134.19562,39.20983
F06,14,43,153874.80559635014,560495.0625,4207019.5,1475.17724609375,560350.0,560650.0,4206875.0,4207175.0,1181.669921875,1743.853759765625,130.83191,35.958702
F06,14,44,116702.89889427609,560548.9375,4207302.5,1284.2572021484375,560350.0,560650.0,4207175.0,4207475.0,1142.199951171875,1516.385498046875,130.92706,35.22299
F06,14,45,6732.502670374121,560620.3125,4207503.5,1181.1649169921875,560560.5625,560650.0,4207475.0,4207566.5,1152.6929931640625,1229.8349609375,130.57178,40.36649
F06,15,41,3717.426221318245,560663.6875,4206537.5,1966.0172119140625,560650.0,560691.0625,4206411.5,4206575.0,1945.9580078125,2008.5057373046875,54.13083,63.989635
F06,15,42,30759.535490418646,560706.3125,4206768.0,1862.9796142578125,560650.0,560766.4375,4206575.0,4206875.0,1743.853759765625,1960.4307861328125,132.07938,46.801723
F06,15,43,71291.03461071123,560747.0625,4207028.0,1722.0489501953125,560650.0,560841.8125,4206875.0,4207175.0,1516.385498046875,1833.1800537109375,125.066315,39.67158
F06,15,44,122521.48817027744,560749.375,4207305.5,1499.6685791015625,560650.0,560887.5,4207175.0,4207475.0,1229.8349609375,1716.818359375,129.27231,34.131298
F06,15,45,74875.26333972768,560769.125,4207532.5,1305.625732421875,560650.0,560887.5,4207475.0,4207744.5,1158.8800048828125,1497.4764404296875,134.97696,33.959187
F08,6,28,2001.4188982846422,558228.1875,4202661.5,2175.418212890625,558184.625,558250.0,4202635.5,4202675.0,2125.32861328125,2215.0400390625,128.53476,40.176605
F08,6,29,88781.24661527816,558168.0,4202845.5,1974.6890869140625,558012.5,558250.0,4202675.0,4202975.0,1708.5980224609375,2185.885986328125,126.56659,37.789097
F08,6,30,114173.82360192307,558146.375,4203141.0,1718.3699951171875,558012.5,558250.0,4202975.0,4203275.0,1490.551025390625,1945.7557373046875,132.5492,39.39752
F08,6,31,105152.38357418447,558132.25,4203409.0,1477.9356689453125,558012.5,558250.0,4203275.0,4203575.0,1296.4000244140625,1683.1864013671875,137.8009,40.925533
F08,6,32,15498.173337046255,558194.875,4203625.0,1343.1009521484375,558083.375,558250.0,4203575.0,4203702.0,1303.430419921875,1409.464111328125,139.92041,46.559715
F08,7,28,15174.44554454257,558355.4375,4202663.5,2257.8056640625,558250.0,558550.0,4202628.0,4202675.0,2185.885986328125,2382.907470703125,144.2652,44.61179
F08,7,29,124782.65379669347,558384.375,4202818.0,2142.984619140625,558250.0,558550.0,4202675.0,4202975.0,1945.7557373046875,2363.18505859375,148.35306,46.203865
F08,7,30,127026.57607013956,558387.25,4203119.5,1906.6356201171875,558250.0,558550.0,4202975.0,4203275.0,1683.1864013671875,2100.649658203125,141.41983,45.165718
F08,7,31,139419.88795798723,558394.0625,4203423.0,1663.29052734375,558250.0,558550.0,4203275.0,4203575.0,1409.464111328125,1901.063232421875,137.05536,40.194637
F08,7,32,105480.8255851367,558438.5625,4203708.5,1449.3984375,558250.0,558550.0,4203575.0,4203875.0,1324.7750244140625,1658.0205078125,138.65228,40.02706
F08,7,33,1254.6650251772137,558529.9375,4203886.0,1371.5294189453125,558497.125,558550.0,4203875.0,4203912.0,1365.1329345703125,1382.9600830078125,164.57385,65.926834
F08,8,28,3105.2228364948796,558618.4375,4202668.5,2412.19970703125,558550.0,558755.25,4202655.5,4202675.0,2363.18505859375,2490.50634765625,148.47809,40.125076
F08,8,29,134245.95061243323,558725.875,4202830.5,2322.44384765625,558550.0,558850.0,4202675.0,4202975.0,2100.649658203125,2540.16748046875,144.51077,43.278175
F08,8,30,121589.87428314469,558712.375,4203115.0,2106.915283203125,558550.0,558850.0,4202975.0,4203275.0,1901.063232421875,2294.270751953125,138.30429,47.396065
F08,8,31,125642.6797458785,558727.1875,4203421.5,1891.7041015625,558550.0,558850.0,4203275.0,4203575.0,1658.0205078125,2071.607421875,143.02164,45.746685
F08,8,32,142166.82672827892,558691.1875,4203747.0,1587.1993408203125,558550.0,558850.0,4203575.0,4203875.0,1370.4180908203125,1843.6905517578125,144.05548,39.800972
F08,8,33,57838.278493598016,558750.1875,4203945.0,1457.2977294921875,558550.0,558850.0,4203875.0,4204122.0,1367.375,1582.7078857421875,135.32788,48.255077
F08,9,29,123748.84235607578,558988.375,4202869.0,2463.90380859375,558850.0,559150.0,4202684.0,4202975.0,2294.270751953125,2697.427490234375,139.4754,44.20581
F08,9,30,127857.40650653784,559028.75,4203127.5,2299.624755859375,558850.0,559150.0,4202975.0,4203275.0,2071.607421875,2497.646240234375,138.72241,44.6054
F08,9,31,127053.58436420467,559008.9375,4203436.5,2053.681396484375,558850.0,559150.0,4203275.0,4203575.0,1843.6905517578125,2266.66748046875,138.67377,45.04575
F08,9,32,132231.47024413882,559003.375,4203728.5,1812.7838134765625,558850.0,559150.0,4203575.0,4203875.0,1582.7078857421875,2042.2581787109375,143.91928,42.888863
F08,9,33,130415.17464639485,558994.3125,4204056.0,1535.1435546875,558850.0,559150.0,4203875.0,4204175.0,1409.97509765625,1782.3187255859375,143.10391,46.83135
F08,9,34,23117.1019728533,559059.875,4204214.5,1467.0242919921875,558925.6875,559150.0,4204175.0,4204332.0,1432.4063720703125,1521.92138671875,125.539734,69.0181
F08,10,29,90639.80690438549,559260.8125,4202865.5,2652.471923828125,559150.0,559450.0,4202713.0,4202975.0,2497.646240234375,2791.679931640625,137.9693,45.28311
F08,10,30,128170.50417760969,559269.375,4203121.0,2465.525390625,559150.0,559450.0,4202975.0,4203275.0,2266.66748046875,2692.37255859375,140.45236,44.49866
F08,10,31,125959.84091007349,559286.125,4203436.5,2234.254638671875,559150.0,559450.0,4203275.0,4203575.0,2042.2581787109375,2461.121337890625,139.68591,45.62656
F08,10,32,131077.6403988257,559284.375,4203731.0,2002.0953369140625,559150.0,559450.0,4203575.0,4203875.0,1782.3187255859375,2230.889892578125,139.90527,43.130833
F08,10,33,134018.60234445785,559275.8125,4204027.0,1755.419189453125,559150.0,559450.0,4203875.0,4204175.0,1521.92138671875,1995.9915771484375,137.39685,41.71206
F08,10,34,108071.7616790757,559290.625,4204296.5,1577.99560546875,559150.0,559450.0,4204175.0,4204475.0,1455.6800537109375,1769.5599365234375,127.43988,46.592125
F08,10,35,4636.24766888213,559402.9375,4204497.5,1540.3990478515625,559354.3125,559450.0,4204475.0,4204542.0,1521.14306640625,1581.259033203125,133.70029,50.24001
F08,11,29,16393.529490264365,559506.125,4202952.0,2751.149169921875,559450.0,559625.25,4202853.5,4202975.0,2692.37255859375,2824.653076171875,137.70999,41.082817
F08,11,30,124466.53076186782,559576.625,4203110.5,2678.5849609375,559450.0,559750.0,4202975.0,4203275.0,2461.121337890625,2848.1279296875,137.04886,43.07777
F08,11,31,130235.06209336362,559583.75,4203395.5,2463.7353515625,559450.0,559750.0,4203275.0,4203575.0,2230.889892578125,2672.07275390625,135.24298,43.79445
F08,11,32,133459.48821646685,559602.125,4203729.5,2223.558349609375,559450.0,559750.0,4203575.0,4203875.0,1995.9915771484375,2459.731689453125,135.95642,42.198277
F08,11,33,131821.32814463915,559584.875,4204028.0,1979.1185302734375,559450.0,559750.0,4203875.0,4204175.0,1769.5599365234375,2222.89013671875,134.27866,43.12486
F08,11,34,125112.91043646217,559581.5,4204318.5,1769.2894287109375,559450.0,559750.0,4204175.0,4204475.0,1581.259033203125,1995.0345458984375,133.45898,45.966442
F08,11,35,26896.27835638035,559560.6875,4204501.0,1638.586181640625,559450.0,559750.0,4204475.0,4204586.0,1541.9000244140625,1774.700927734375,132.80414,48.706886
F08,12,30,37412.51006026319,559821.875,4203219.0,2774.8115234375,559750.0,559919.3125,4203061.5,4203275.0,2672.07275390625,2874.0,135.94275,41.429745
F08,12,31,95015.9440031698,559851.5,4203439.5,2629.2626953125,559750.0,560000.125,4203275.0,4203575.0,2459.731689453125,2808.08203125,135.39465,44.09059
F08,12,32,129861.10964884832,559866.9375,4203728.0,2417.98779296875,559750.0,560050.0,4203575.0,4203875.0,2222.89013671875,2640.49365234375,139.82202,43.38194
F08,12,33,129145.79778584678,559909.625,4204050.5,2187.980224609375,559750.0,560050.0,4203875.0,4204175.0,1995.0345458984375,2425.32666015625,141.77554,44.76479
F08,12,34,102534.60808471579,559895.875,4204268.5,2010.6383056640625,559750.0,560050.0,4204175.0,4204475.0,1774.700927734375,2176.340087890625,139.7445,46.285072
F08,12,35,174.69667759811531,559756.5,4204477.5,1776.90576171875,559750.0,559774.75,4204475.0,4204485.5,1767.7550048828125,1789.795166015625,137.25525,48.041466
F08,13,32,3728.9314972763623,560061.625,4203833.5,2464.05517578125,560050.0,560081.0,4203760.0,4203875.0,2425.32666015625,2509.677978515625,140.83142,43.995106
F08,13,33,30811.222802955905,560079.0,4204061.5,2287.600830078125,560050.0,560137.5,4203875.0,4204175.0,2176.340087890625,2446.8935546875,142.19699,43.973923
F08,13,34,19645.801934663043,560086.25,4204231.5,2160.462158203125,560050.0,560137.5,4204175.0,4204355.5,2043.5845947265625,2234.5654296875,135.982,45.10987
F09,1,28,27185.217356719113,556672.6875,4202638.0,1545.6539306640625,556485.5625,556750.0,4202562.5,4202675.0,1400.0400390625,1638.4964599609375,103.06561,49.37717
F09,1,29,106772.08226362846,556640.875,4202846.5,1446.1810302734375,556465.5625,556750.0,4202675.0,4202975.0,1286.044921875,1607.5709228515625,117.00403,47.91071
F09,1,30,92795.29384157134,556636.8125,4203114.5,1335.7911376953125,556503.8125,556750.0,4202975.0,4203275.0,1204.625,1483.8946533203125,115.92609,47.280735
F09,1,31,61089.49652581584,556678.3125,4203406.5,1255.3870849609375,556555.4375,556750.0,4203275.0,4203575.0,1175.2249755859375,1370.60302734375,112.187164,50.5074
F09,1,32,22733.58139489105,556715.8125,4203673.5,1203.149658203125,556635.375,556750.0,4203575.0,4203832.5,1164.199951171875,1269.054931640625,117.522766,48.719242
F09,2,28,45323.95503464704,556848.875,4202631.0,1705.2587890625,556750.0,557050.0,4202562.5,4202675.0,1607.5709228515625,1893.25439453125,106.65552,48.23478
F09,2,29,125495.58090453927,556874.3125,4202828.5,1649.6458740234375,556750.0,557050.0,4202675.0,4202975.0,1483.8946533203125,1868.9998779296875,116.552765,45.766766
F09,2,30,124416.71581585574,556897.0625,4203100.5,1565.1478271484375,556750.0,557050.0,4202975.0,4203275.0,1370.60302734375,1747.532470703125,111.31769,46.115765
F09,2,31,127532.84530130809,556904.3125,4203436.5,1437.7762451171875,556750.0,557050.0,4203275.0,4203575.0,1263.5826416015625,1637.3394775390625,115.194336,45.678993
F09,2,32,118613.43828211387,556899.6875,4203742.5,1315.16064453125,556750.0,557050.0,4203575.0,4203875.0,1164.895751953125,1498.8162841796875,117.3793,48.807117
F09,2,33,77477.95964411437,556938.25,4204014.5,1232.30810546875,556774.8125,557050.0,4203875.0,4204175.0,1165.0997314453125,1386.74169921875,119.2352,46.43662
F09,2,34,11723.993514508837,557007.875,4204234.0,1182.630126953125,556949.9375,557050.0,4204175.0,4204344.5,1166.5399169921875,1252.154296875,123.65338,43.98928
F09,3,28,44229.67581766953,557165.0625,4202630.0,1970.4676513671875,557050.0,557350.0,4202562.5,4202675.0,1868.9998779296875,2139.977783203125,108.82764,50.31306
F09,3,29,120567.97413987886,557182.1875,4202815.5,1915.6220703125,557050.0,557350.0,4202675.0,4202975.0,1747.532470703125,2094.831298828125,115.95462,49.070435
F09,3,30,121408.784818686,557201.4375,4203095.0,1829.7547607421875,557050.0,557350.0,4202975.0,4203275.0,1637.3394775390625,1995.663818359375,114.480225,48.196896
F09,3,31,122406.06689650277,557206.8125,4203424.5,1692.75537109375,557050.0,557350.0,4203275.0,4203575.0,1498.8162841796875,1877.2978515625,122.13092,47.369755
F09,3,32,118114.52064621693,557209.0,4203759.5,1548.1278076171875,557050.0,557350.0,4203575.0,4203875.0,1386.74169921875,1726.6290283203125,117.56818,49.82367
F09,3,33,120044.57894509606,557186.875,4204013.0,1433.967529296875,557050.0,557350.0,4203875.0,4204175.0,1252.154296875,1606.2789306640625,117.2547,48.785156
F09,3,34,123678.99903638993,557189.375,4204325.5,1292.8948974609375,557050.0,557350.0,4204175.0,4204475.0,1166.6346435546875,1505.417724609375,121.0538,43.866417
F09,3,35,53640.13173844921,557285.5,4204638.5,1205.035888671875,557127.0,557350.0,4204475.0,4204775.0,1169.0318603515625,1346.6243896484375,121.90674,47.27403
F09,3,36,2075.5691250455316,557333.25,4204794.0,1176.60498046875,557304.0,557350.0,4204775.0,4204853.0,1171.5677490234375,1188.0672607421875,117.630646,68.02202
F09,4,28,43661.39759236761,557486.4375,4202632.0,2225.96044921875,557350.0,557650.0,4202562.5,4202675.0,2094.831298828125,2365.146728515625,108.118256,50.29997
F09,4,29,125070.45713904694,557500.5625,4202806.5,2185.783447265625,557350.0,557650.0,4202675.0,4202975.0,1995.663818359375,2349.394775390625,110.637115,46.967216
F09,4,30,122804.33071613997,557505.75,4203108.5,2075.6279296875,557350.0,557650.0,4202975.0,4203275.0,1877.2978515625,2262.7216796875,119.63388,46.8306
F09,4,31,121952.59822034396,557522.375,4203437.5,1920.0555419921875,557350.0,557650.0,4203275.0,4203575.0,1726.6290283203125,2108.996826171875,127.206055,47.330555
F09,4,32,116770.59899808797,557490.125,4203748.0,1760.5849609375,557350.0,557650.0,4203575.0,4203875.0,1606.2789306640625,1935.201171875,115.59491,50.49746
F09,4,33,117508.19131836719,557495.75,4204013.0,1673.06640625,557350.0,557650.0,4203875.0,4204175.0,1505.417724609375,1838.16796875,114.116974,50.111336
F09,4,34,122633.94063578948,557478.5625,4204328.5,1531.50048828125,557350.0,557650.0,4204175.0,4204475.0,1346.6243896484375,1725.9156494140625,123.792694,47.39225
F09,4,35,129092.13307226922,557471.5,4204627.5,1365.1219482421875,557350.0,557650.0,4204475.0,4204775.0,1178.800048828125,1591.48779296875,118.930725,43.987984
F09,4,36,109083.40217221327,557507.625,4204878.5,1289.7921142578125,557350.0,557650.0,4204775.0,4205075.0,1172.22705078125,1471.5506591796875,116.45416,43.36455
F09,4,37,33722.88054367696,557618.875,4205200.0,1236.222900390625,557481.25,557650.0,4205075.0,4205332.0,1174.97998046875,1325.2822265625,119.29266,44.255486
F09,5,28,8724.108492947498,557721.375,4202651.0,2406.49609375,557650.0,557799.1875,4202583.5,4202675.0,2349.394775390625,2450.949462890625,95.14493,55.74768
F09,5,29,108420.19154839162,557807.0625,4202847.5,2413.04248046875,557650.0,557950.0,4202675.0,4202975.0,2262.7216796875,2550.174072265625,116.8255,52.665417
F09,5,30,118563.51110968797,557789.9375,4203118.5,2280.629150390625,557650.0,557950.0,4202975.0,4203275.0,2108.996826171875,2457.308837890625,127.11194,50.46016
F09,5,31,120593.81890146011,557793.9375,4203440.0,2114.927490234375,557650.0,557950.0,4203275.0,4203575.0,1935.201171875,2313.017333984375,129.07034,47.877213
F09,5,32,113655.24841765153,557792.5,4203743.5,1980.02197265625,557650.0,557950.0,4203575.0,4203875.0,1838.16796875,2148.646484375,117.30582,52.64598
F09,5,33,112351.3235663427,557816.6875,4204016.0,1895.434814453125,557650.0,557950.0,4203875.0,4204175.0,1725.9156494140625,2029.4105224609375,121.06952,53.5916
F09,5,34,116320.85068993898,557782.6875,4204300.0,1767.2952880859375,557650.0,557950.0,4204175.0,4204475.0,1591.48779296875,1928.54443359375,119.573944,51.122993
F09,5,35,120288.92941693949,557789.6875,4204620.5,1636.107666015625,557650.0,557950.0,4204475.0,4204775.0,1471.5506591796875,1817.569091796875,116.76047,49.07317
F09,5,36,120710.16693253806,557789.9375,4204940.5,1505.1783447265625,557650.0,557950.0,4204775.0,4205075.0,1325.2822265625,1702.0372314453125,119.75476,47.87042
F09,5,37,128359.71850006927,557774.9375,4205258.5,1339.8333740234375,557650.0,557950.0,4205075.0,4205375.0,1193.9722900390625,1577.75927734375,122.17078,45.025696
F09,5,38,69547.93204662565,557850.375,4205520.0,1262.0587158203125,557680.125,557950.0,4205375.0,4205675.0,1196.9986572265625,1422.1351318359375,120.82156,46.124763
F09,5,39,4008.5439522229867,557920.3125,4205690.0,1239.1202392578125,557890.125,557950.0,4205675.0,4205760.5,1218.1131591796875,1276.5411376953125,121.899994,40.762527
F09,6,29,29026.763201693782,557996.125,4202895.5,2526.392578125,557950.0,558126.8125,4202767.5,4202975.0,2457.308837890625,2589.800048828125,123.244446,50.24862
F09,6,30,101113.0072333787,558074.125,4203147.0,2458.64453125,557950.0,558250.0,4202975.0,4203275.0,2313.017333984375,2577.683837890625,126.2959,50.435154
F09,6,31,118953.54334394042,558106.75,4203458.0,2323.25439453125,557950.0,558250.0,4203275.0,4203575.0,2148.646484375,2512.399658203125,126.56793,48.832973
F09,6,32,115667.21563984457,558141.1875,4203756.0,2209.05810546875,557950.0,558250.0,4203575.0,4203875.0,2029.4105224609375,2365.581787109375,120.87833,51.059303
F09,6,33,113852.13392686544,558074.875,4204017.0,2067.101318359375,557950.0,558250.0,4203875.0,4204175.0,1928.54443359375,2236.522705078125,115.4606,52.35678
F09,6,34,114035.30610669676,558107.1875,4204305.5,1994.1812744140625,557950.0,558250.0,4204175.0,4204475.0,1817.569091796875,2131.64306640625,115.86743,52.066105
F09,6,35,118099.64847653577,558097.0625,4204609.0,1874.89990234375,557950.0,558250.0,4204475.0,4204775.0,1702.0372314453125,2040.7159423828125,115.85788,49.86769
F09,6,36,120060.2502911304,558085.625,4204937.0,1737.52490234375,557950.0,558250.0,4204775.0,4205075.0,1577.75927734375,1929.950927734375,117.95947,49.01014
F09,6,37,120971.30775915795,558099.5625,4205246.0,1613.08837890625,557950.0,558250.0,4205075.0,4205375.0,1422.1351318359375,1804.509033203125,121.23468,47.31262
F09,6,38,129994.35255507528,558103.0,4205511.5,1494.9647216796875,557950.0,558250.0,4205375.0,4205675.0,1276.5411376953125,1678.91650390625,113.828,44.264744
F09,6,39,118416.45893161767,558136.4375,4205810.5,1367.4310302734375,557950.0,558250.0,4205675.0,4205975.0,1211.888916015625,1573.684326171875,127.17905,38.0619
F09,6,40,21309.42039531373,558204.6875,4206032.5,1255.6961669921875,558107.8125,558250.0,4205975.0,4206165.5,1193.2362060546875,1348.9222412109375,130.34207,37.839226
F09,7,30,4519.2885421601995,558272.25,4203239.5,2543.632568359375,558250.0,558316.8125,4203169.5,4203275.0,2512.399658203125,2563.181884765625,126.845795,51.247135
F09,7,31,62168.53604101096,558349.8125,4203496.5,2472.01025390625,558250.0,558504.4375,4203275.0,4203575.0,2365.581787109375,2555.31591796875,125.70865,50.62538
F09,7,32,113616.23900187586,558401.0625,4203737.0,2398.826171875,558250.0,558550.0,4203575.0,4203875.0,2236.522705078125,2537.1552734375,120.229004,50.951496
F09,7,33,113885.34243015252,558401.9375,4204032.5,2285.271484375,558250.0,558550.0,4203875.0,4204175.0,2131.64306640625,2445.730712890625,119.67688,52.322464
F09,7,34,111114.9085489944,558413.6875,4204321.5,2192.206787109375,558250.0,558550.0,4204175.0,4204475.0,2040.7159423828125,2333.260498046875,116.34924,54.21563
F09,7,35,112944.44194940818,558406.125,4204625.5,2088.758056640625,558250.0,558550.0,4204475.0,4204775.0,1929.950927734375,2226.405517578125,116.92029,53.45305
F09,7,36,116939.63314130876,558389.1875,4204926.5,1966.7716064453125,558250.0,558550.0,4204775.0,4205075.0,1804.509033203125,2133.489501953125,118.454956,50.540737
F09,7,37,118458.70973010443,558393.5,4205242.5,1846.8831787109375,558250.0,558550.0,4205075.0,4205375.0,1678.91650390625,2033.7154541015625,113.78912,49.10261
F09,7,38,122358.28058683599,558427.9375,4205510.5,1786.5770263671875,558250.0,558550.0,4205375.0,4205675.0,1573.684326171875,1926.734130859375,110.25598,47.18883
F09,7,39,141370.96494409372,558403.125,4205838.0,1607.6014404296875,558250.0,558550.0,4205675.0,4205975.0,1348.9222412109375,1841.6695556640625,126.389984,39.77829
F09,7,40,143494.35207087715,558403.75,4206112.5,1394.4658203125,558250.0,558550.0,4205975.0,4206275.0,1182.51318359375,1651.76904296875,127.220856,36.8228
F09,7,41,50044.25292668425,558473.375,4206353.0,1268.671630859375,558331.75,558550.0,4206275.0,4206509.5,1166.5999755859375,1423.4820556640625,127.5784,34.968685
F09,8,32,19403.585648094097,558596.375,4203817.5,2493.179443359375,558550.0,558689.375,4203649.0,4203875.0,2445.730712890625,2533.902099609375,124.19501,56.005882
F09,8,33,84211.3606945862,558679.75,4204057.5,2462.24169921875,558550.0,558850.0,4203875.0,4204175.0,2333.260498046875,2549.404052734375,115.008606,52.74148
F09,8,34,115491.63859015462,558700.25,4204343.5,2382.4580078125,558550.0,558850.0,4204175.0,4204475.0,2226.405517578125,2544.476318359375,116.195984,51.040546
F09,8,35,114189.32512974316,558708.3125,4204622.0,2294.6708984375,558550.0,558850.0,4204475.0,4204775.0,2133.489501953125,2447.410888671875,115.464386,51.865314
F09,8,36,114195.00454346009,558725.0,4204934.5,2210.4697265625,558550.0,558850.0,4204775.0,4205075.0,2033.7154541015625,2336.866455078125,108.05844,52.2132
F09,8,37,120461.63830902541,558696.5,4205235.5,2087.95361328125,558550.0,558850.0,4205075.0,4205375.0,1926.734130859375,2268.860107421875,114.85724,48.505505
F09,8,38,119085.59892347592,558706.125,4205516.5,2007.513427734375,558550.0,558850.0,4205375.0,4205675.0,1841.6695556640625,2164.432373046875,112.43909,49.547813
F09,8,39,128511.97251853728,558722.625,4205824.5,1897.66357421875,558550.0,558850.0,4205675.0,4205975.0,1651.76904296875,2066.570068359375,122.11923,45.187847
F09,8,40,140491.92910695524,558690.0625,4206135.5,1668.70751953125,558550.0,558850.0,4205975.0,4206275.0,1423.4820556640625,1924.636962890625,126.44287,40.188488
F09,8,41,142480.0433588227,558712.375,4206434.0,1460.3101806640625,558550.0,558850.0,4206275.0,4206575.0,1225.732177734375,1722.257080078125,126.93109,37.770794
F09,8,42,25538.972416148845,558789.375,4206623.5,1407.056640625,558638.5,558850.0,4206575.0,4206724.5,1279.70263671875,1498.6646728515625,122.06549,39.474594
F09,9,33,97.17486947325355,558852.5,4204171.0,2547.39599609375,558850.0,558858.75,4204159.0,4204175.0,2544.476318359375,2551.4228515625,111.631256,47.77649
F09,9,34,23191.243200609246,558877.125,4204364.5,2500.912109375,558850.0,558954.0,4204175.0,4204475.0,2447.410888671875,2553.0,116.53088,53.47458
F09,9,35,62906.829484861824,558943.5625,4204646.5,2446.479248046875,558850.0,559046.25,4204475.0,4204775.0,2336.866455078125,2522.333251953125,118.95383,51.923035
F09,9,36,96081.59214643366,559011.4375,4204944.0,2403.5830078125,558850.0,559138.5,4204775.0,4205075.0,2268.860107421875,2490.333251953125,109.14783,55.00776
F09,9,37,114505.81198439744,559038.8125,4205193.5,2351.244873046875,558850.0,559150.0,4205075.0,4205375.0,2164.432373046875,2458.333251953125,114.329285,52.933735
F09,9,38,116533.1792538767,559004.125,4205522.5,2231.154296875,558850.0,559150.0,4205375.0,4205675.0,2066.570068359375,2381.066162109375,115.28888,51.088543
F09,9,39,122293.67335643261,559028.625,4205820.0,2137.361328125,558850.0,559150.0,4205675.0,4205975.0,1924.636962890625,2282.35400390625,121.95331,48.936455
F09,9,40,130092.42487528166,559008.4375,4206126.5,1953.803466796875,558850.0,559150.0,4205975.0,4206275.0,1722.257080078125,2149.91015625,124.77106,45.108856
F09,9,41,139258.63750138617,559005.1875,4206441.5,1737.4896240234375,558850.0,559150.0,4206275.0,4206575.0,1498.6646728515625,1986.52197265625,128.50388,40.61051
F09,9,42,99140.36240707689,559011.75,4206654.5,1597.7320556640625,558850.0,559150.0,4206575.0,4206812.5,1400.7847900390625,1776.470458984375,125.701416,41.251724
F09,10,37,14538.899881616722,559177.1875,4205278.5,2421.289306640625,559150.0,559228.5,4205112.5,4205375.0,2381.066162109375,2454.333251953125,113.20007,55.83516
F09,10,38,45396.967701225614,559208.4375,4205526.0,2368.219482421875,559150.0,559310.0625,4205375.0,4205675.0,2282.35400390625,2429.300048828125,122.132965,56.89077
F09,10,39,80356.17031679537,559255.6875,4205848.0,2277.791015625,559150.0,559391.625,4205675.0,4205975.0,2149.91015625,2374.260009765625,125.6344,53.196877
F09,10,40,111577.54800265825,559315.1875,4206144.5,2177.720703125,559150.0,559450.0,4205975.0,4206275.0,1986.52197265625,2302.340087890625,123.00775,50.143368
F09,10,41,132544.33762798563,559309.375,4206419.5,2016.73828125,559150.0,559450.0,4206275.0,4206575.0,1776.470458984375,2205.4453125,126.65106,43.481068
F09,10,42,106800.62799941703,559284.6875,4206672.5,1832.892578125,559150.0,559450.0,4206575.0,4206812.5,1620.6668701171875,2052.84033203125,127.88165,41.736652
F09,11,40,1226.5015810881619,559456.6875,4206255.5,2214.357666015625,559450.0,559470.9375,4206195.0,4206275.0,2200.012939453125,2230.5859375,68.39703,57.439148
F09,11,41,26151.623900880182,559485.5,4206466.0,2131.379150390625,559450.0,559549.375,4206275.0,4206575.0,2052.84033203125,2213.595703125,135.32645,57.086235
F09,11,42,46161.57946001512,559500.75,4206646.0,2035.38232421875,559450.0,559611.4375,4206575.0,4206812.5,1874.8404541015625,2115.6298828125,137.47754,45.119827
F10,0,25,79538.83512518565,556318.6875,4201707.5,2042.923583984375,556168.125,556450.0,4201562.5,4201775.0,1892.5400390625,2208.217529296875,122.229645,48.605614
F10,0,26,114714.63973775254,556332.6875,4201919.0,1971.989013671875,556163.25,556450.0,4201775.0,4202075.0,1777.820068359375,2118.75634765625,116.677826,48.86669
F10,0,27,119545.19143980215,556321.1875,4202239.0,1828.2548828125,556161.4375,556450.0,4202075.0,4202375.0,1645.25,2004.135009765625,118.73566,46.8698
F10,0,28,116934.67759526355,556299.625,4202536.0,1680.0325927734375,556168.5625,556450.0,4202375.0,4202675.0,1525.98291015625,1883.2608642578125,117.85397,46.410812
F10,0,29,107434.52548390433,556317.625,4202808.5,1572.6956787109375,556180.0,556450.0,4202675.0,4202975.0,1397.47998046875,1742.5067138671875,118.74811,47.592094
F10,0,30,104896.52976567876,556341.125,4203086.0,1471.92431640625,556191.4375,556450.0,4202975.0,4203275.0,1273.5799560546875,1607.8843994140625,117.01962,46.029594
F10,0,31,88498.85406989658,556369.75,4203422.5,1364.1627197265625,556212.3125,556450.0,4203275.0,4203575.0,1220.260009765625,1493.2242431640625,111.4397,44.692707
F10,0,32,55245.782038917794,556400.625,4203725.0,1276.5372314453125,556279.6875,556450.0,4203575.0,4203875.0,1190.5,1387.0780029296875,113.41098,42.64617
F10,0,33,8164.121022044881,556426.375,4203923.0,1213.7723388671875,556379.0625,556450.0,4203875.0,4204036.0,1186.199951171875,1256.476318359375,114.77969,45.34376
F10,1,25,64165.6909636661,556600.3125,4201709.5,2243.8876953125,556450.0,556750.0,4201562.5,4201775.0,2118.75634765625,2334.199951171875,122.267456,51.25028
F10,1,26,113105.72255019125,556618.75,4201908.5,2180.59716796875,556450.0,556750.0,4201775.0,4202075.0,2004.135009765625,2319.16357421875,117.1817,52.803146
F10,1,27,116827.94575142389,556613.6875,4202262.5,2047.0543212890625,556450.0,556750.0,4202075.0,4202375.0,1883.2608642578125,2215.49267578125,117.441315,50.723316
F10,1,28,123935.66246421842,556586.5625,4202519.0,1922.140625,556450.0,556750.0,4202375.0,4202675.0,1742.5067138671875,2106.009765625,120.008575,48.164623
F10,1,29,123199.2334649164,556587.75,4202811.5,1792.77685546875,556450.0,556750.0,4202675.0,4202975.0,1607.8843994140625,1989.8035888671875,117.223816,47.292263
F10,1,30,125835.03244527652,556593.625,4203128.0,1680.31005859375,556450.0,556750.0,4202975.0,4203275.0,1493.2242431640625,1863.359619140625,111.249664,45.78566
F10,1,31,124832.40300919172,556600.5,4203409.0,1576.1256103515625,556450.0,556750.0,4203275.0,4203575.0,1387.0780029296875,1770.5537109375,116.098785,45.952602
F10,1,32,121825.31365599514,556591.875,4203718.0,1444.1654052734375,556450.0,556750.0,4203575.0,4203875.0,1256.476318359375,1626.1951904296875,116.73636,47.89009
F10,1,33,117491.94781203808,556625.625,4204027.0,1342.507568359375,556450.0,556750.0,4203875.0,4204175.0,1195.859130859375,1512.206298828125,115.17502,46.647728
F10,1,34,67777.43717740953,556681.125,4204289.0,1301.359130859375,556516.375,556750.0,4204175.0,4204475.0,1207.8402099609375,1398.380615234375,111.9483,45.4014
F10,1,35,8273.535929903106,556720.1875,4204513.5,1235.861083984375,556669.0,556750.0,4204475.0,4204599.5,1206.6461181640625,1289.7161865234375,122.94629,39.13801
F10,2,25,558.2972602241401,556756.0625,4201771.5,2325.080322265625,556750.0,556773.375,4201749.0,4201775.0,2319.16357421875,2339.5478515625,125.29822,39.93434
F10,2,26,66100.30801808438,556892.1875,4201969.5,2335.026611328125,556750.0,557043.25,4201775.0,4202075.0,2215.49267578125,2401.254150390625,120.106445,54.574707
F10,2,27,111247.09803399097,556945.375,4202201.5,2292.902099609375,556750.0,557050.0,4202075.0,4202375.0,2106.009765625,2402.796875,111.98367,54.666664
F10,2,28,121393.42123034952,556903.8125,4202532.0,2170.048828125,556750.0,557050.0,4202375.0,4202675.0,1989.8035888671875,2317.597412109375,118.05112,50.95818
F10,2,29,123098.2020132405,556897.8125,4202815.5,2046.6876220703125,556750.0,557050.0,4202675.0,4202975.0,1863.359619140625,2226.825439453125,119.15546,47.79687
F10,2,30,117216.002539404,556876.4375,4203140.0,1912.91015625,556750.0,557050.0,4202975.0,4203275.0,1770.5537109375,2103.212646484375,113.21942,50.552193
F10,2,31,120937.99164941636,556928.9375,4203430.5,1835.4027099609375,556750.0,557050.0,4203275.0,4203575.0,1626.1951904296875,1997.2783203125,120.58325,48.106785
F10,2,32,119688.39934181994,556916.75,4203726.0,1700.3050537109375,556750.0,557050.0,4203575.0,4203875.0,1512.206298828125,1863.905517578125,115.88776,49.05856
F10,2,33,120792.80220040906,556891.6875,4204026.0,1564.113037109375,556750.0,557050.0,4203875.0,4204175.0,1398.380615234375,1754.0643310546875,115.59396,48.40138
F10,2,34,117292.33409490973,556920.9375,4204308.0,1488.4139404296875,556750.0,557050.0,4204175.0,4204475.0,1289.7161865234375,1631.9150390625,118.29266,50.750828
F10,2,35,113056.13907745137,556917.375,4204603.5,1345.032958984375,556750.0,557050.0,4204475.0,4204775.0,1204.1199951171875,1519.3809814453125,126.36301,45.71928
F10,2,36,25650.88471568259,556971.375,4204818.0,1263.0089111328125,556871.375,557050.0,4204775.0,4204963.5,1203.4000244140625,1354.722900390625,124.69873,43.914967
F10,3,27,50359.11863046243,557153.625,4202307.5,2382.463623046875,557050.0,557313.125,4202082.5,4202375.0,2317.597412109375,2462.960693359375,114.83798,61.299416
F10,3,28,104870.77050918376,557227.6875,4202509.5,2381.8359375,557050.0,557350.0,4202375.0,4202675.0,2226.825439453125,2471.393798828125,105.24948,60.812195
F10,3,29,122494.37599687804,557219.0,4202827.5,2298.9580078125,557050.0,557350.0,4202675.0,4202975.0,2103.212646484375,2424.736572265625,117.51315,48.170986
F10,3,30,116968.85105686866,557229.625,4203127.0,2181.647216796875,557050.0,557350.0,4202975.0,4203275.0,1997.2783203125,2341.0234375,120.534485,50.32192
F10,3,31,114826.74137102826,557180.0625,4203414.5,2024.863525390625,557050.0,557350.0,4203275.0,4203575.0,1863.905517578125,2195.54248046875,122.19595,51.25991
F10,3,32,116303.54480975319,557211.25,4203753.0,1913.492919921875,557050.0,557350.0,4203575.0,4203875.0,1754.0643310546875,2075.6806640625,116.29642,51.459084
F10,3,33,117987.80111684377,557214.0,4204035.0,1804.4423828125,557050.0,557350.0,4203875.0,4204175.0,1631.9150390625,1966.139892578125,121.06116,50.322227
F10,3,34,114889.18312404527,557214.1875,4204305.0,1698.9542236328125,557050.0,557350.0,4204175.0,4204475.0,1519.3809814453125,1841.807373046875,117.10199,51.740334
F10,3,35,121422.40550336736,557200.8125,4204620.5,1560.6492919921875,557050.0,557350.0,4204475.0,4204775.0,1354.722900390625,1733.383544921875,121.258575,48.05591
F10,3,36,118323.42032178701,557223.75,4204876.0,1449.3787841796875,557050.0,557350.0,4204775.0,4205062.5,1241.8525390625,1604.7115478515625,123.858215,43.37507
F10,4,28,37893.467286905114,557471.875,4202607.5,2473.292236328125,557350.0,557583.0,4202416.0,4202675.0,2424.736572265625,2524.666748046875,111.009094,66.17049
F10,4,29,97207.93253101439,557504.4375,4202833.5,2457.202880859375,557350.0,557650.0,4202675.0,4202975.0,2341.0234375,2539.990478515625,108.67682,66.748604
F10,4,30,116739.78848201987,557478.0,4203116.0,2357.5009765625,557350.0,557650.0,4202975.0,4203275.0,2195.54248046875,2502.97412109375,126.177765,50.61131
F10,4,31,114242.68218220063,557483.6875,4203439.0,2217.254150390625,557350.0,557650.0,4203275.0,4203575.0,2075.6806640625,2398.62353515625,120.06415,52.1828
F10,4,32,112407.21965696619,557459.5,4203750.5,2081.5146484375,557350.0,557650.0,4203575.0,4203875.0,1966.139892578125,2276.7666015625,120.47424,53.406868
F10,4,33,112671.57603740931,557510.1875,4204007.5,2018.322509765625,557350.0,557650.0,4203875.0,4204175.0,1841.807373046875,2155.9814453125,118.49869,52.792984
F10,4,34,115206.46014531203,557461.5625,4204347.0,1859.447509765625,557350.0,557650.0,4204175.0,4204475.0,1733.383544921875,2057.3388671875,118.01251,51.52199
F10,4,35,117445.56808329475,557481.5625,4204606.0,1770.0517578125,557350.0,557650.0,4204475.0,4204775.0,1604.7115478515625,1938.1424560546875,121.180084,50.46931
F10,4,36,115353.44607413224,557496.25,4204926.5,1640.584716796875,557350.0,557650.0,4204775.0,4205062.5,1457.805908203125,1817.8089599609375,117.34802,48.04236
F10,5,29,28211.43250013537,557753.4375,4202917.5,2543.17333984375,557650.0,557853.3125,4202749.0,4202975.0,2502.97412109375,2586.475830078125,110.113525,67.14995
F10,5,30,97212.18057089599,557800.8125,4203120.0,2523.034912109375,557650.0,557950.0,4202975.0,4203275.0,2398.548828125,2608.58740234375,114.71396,60.813686
F10,5,31,113466.3872323806,557783.8125,4203446.0,2414.311279296875,557650.0,557950.0,4203275.0,4203575.0,2276.7666015625,2581.21240234375,121.39609,52.90571
F10,5,32,113489.7255817751,557814.6875,4203732.5,2318.76123046875,557650.0,557950.0,4203575.0,4203875.0,2155.9814453125,2469.8974609375,123.454865,52.775208
F10,5,33,109559.74485440794,557797.125,4204008.5,2201.268798828125,557650.0,557950.0,4203875.0,4204175.0,2057.3388671875,2340.96728515625,119.74567,55.324024
F10,5,34,112650.47350293247,557821.375,4204318.0,2111.91015625,557650.0,557950.0,4204175.0,4204475.0,1938.1424560546875,2235.360595703125,120.24097,53.54098
F10,5,35,112703.44154652524,557778.25,4204623.0,1967.7379150390625,557650.0,557950.0,4204475.0,4204775.0,1817.8089599609375,2134.60400390625,119.325226,52.562202
F10,5,36,110279.83991101763,557784.8125,4204899.5,1865.8048095703125,557650.0,557950.0,4204775.0,4205062.5,1714.717041015625,2026.6456298828125,117.45416,51.77088
F10,6,30,19874.99732408049,558034.75,4203227.0,2613.161865234375,557950.0,558123.1875,4203082.5,4203275.0,2581.196044921875,2648.18212890625,108.46265,68.524155
F10,6,31,96130.88815458251,558116.0,4203401.5,2613.536865234375,557950.0,558250.0,4203275.0,4203575.0,2469.8974609375,2677.18408203125,117.04819,59.54906
F10,6,32,111601.85782687285,558122.125,4203733.0,2508.695556640625,557950.0,558250.0,4203575.0,4203875.0,2340.96728515625,2650.0771484375,123.407074,53.73763
F10,6,33,112480.92662991647,558101.8125,4204009.5,2385.142333984375,557950.0,558250.0,4203875.0,4204175.0,2235.360595703125,2530.370361328125,121.852875,53.42991
F10,6,34,106101.5772040398,558099.1875,4204330.0,2270.02587890625,557950.0,558250.0,4204175.0,4204475.0,2134.60400390625,2401.691162109375,120.5267,57.70041
F10,6,35,107848.8697824446,558129.375,4204612.5,2193.635498046875,557950.0,558250.0,4204475.0,4204775.0,2026.6456298828125,2309.0263671875,120.069336,55.339684
F10,6,36,52526.40659102823,558054.875,4204870.0,2056.57861328125,557950.0,558210.25,4204775.0,4205062.5,1928.2398681640625,2183.5947265625,118.71945,54.64395
F10,7,31,13015.304917001096,558307.1875,4203542.0,2679.308349609375,558250.0,558393.0,4203416.0,4203575.0,2650.0771484375,2709.888427734375,107.49042,69.099525
F10,7,32,91694.04025238322,558390.5,4203722.0,2666.45263671875,558250.0,558550.0,4203575.0,4203875.0,2530.370361328125,2745.781005859375,122.546265,56.81524
F10,7,33,98371.33230524296,558376.0625,4204025.0,2542.78173828125,558250.0,558550.0,4203875.0,4204175.0,2401.691162109375,2699.485107421875,123.33948,54.153236
F10,7,34,55048.625441797274,558318.5625,4204310.0,2404.920654296875,558250.0,558457.5,4204175.0,4204475.0,2309.0263671875,2542.0888671875,111.96652,52.388134
F10,7,35,10393.133947582895,558279.9375,4204510.0,2319.670654296875,558250.0,558333.875,4204475.0,4204678.5,2241.224365234375,2362.824951171875,115.46948,53.383373
F10,8,32,5538.234029050407,558563.6875,4203825.5,2728.087890625,558550.0,558606.9375,4203749.0,4203875.0,2699.485107421875,2758.800048828125,120.11435,53.77512
F10,8,33,1486.2976150919683,558559.4375,4203896.0,2699.78564453125,558550.0,558581.125,4203875.0,4203950.5,2676.238037109375,2721.40771484375,111.10315,51.535202
F11,0,24,375.24990617130936,556268.875,4201466.5,2438.2158203125,556262.5,556281.1875,4201440.5,4201475.0,2431.85595703125,2442.800048828125,121.12976,59.923035
F11,0,25,34906.466994034236,556314.625,4201683.5,2395.70556640625,556262.5,556443.75,4201475.0,4201775.0,2337.581298828125,2441.334228515625,121.11905,59.74783
F11,0,26,65410.26622577641,556364.5625,4201940.5,2351.865966796875,556262.5,556450.0,4201775.0,4202075.0,2257.269287109375,2428.588623046875,115.37421,60.308865
F11,0,27,67074.44350600886,556382.625,4202188.5,2290.58349609375,556262.5,556450.0,4202075.0,4202375.0,2163.609619140625,2357.60009765625,120.55618,56.90845
F11,0,28,66748.6846719817,556385.125,4202523.0,2180.158203125,556262.5,556450.0,4202375.0,4202675.0,2062.64697265625,2265.9873046875,123.03815,57.558403
F11,0,29,67792.27356084133,556385.0625,4202831.0,2062.475830078125,556262.5,556450.0,4202675.0,4202975.0,1942.0770263671875,2159.126220703125,128.96893,56.57238
F11,0,30,66763.06094446764,556371.4375,4203103.5,1941.1103515625,556262.5,556450.0,4202975.0,4203275.0,1822.1175537109375,2035.445556640625,130.70535,57.76199
F11,0,31,66088.15830144544,556377.625,4203434.0,1807.557861328125,556262.5,556450.0,4203275.0,4203575.0,1702.5572509765625,1911.5985107421875,133.67255,58.621155
F11,0,32,65143.94582309351,556385.125,4203763.0,1667.8819580078125,556262.5,556450.0,4203575.0,4203875.0,1583.46533203125,1777.784423828125,141.6041,60.58322
F11,0,33,65193.107339274284,556372.625,4204003.0,1556.85791015625,556262.5,556450.0,4203875.0,4204175.0,1442.656982421875,1646.3883056640625,145.7988,61.117146
F11,0,34,70536.30258989042,556381.375,4204323.0,1390.8988037109375,556262.5,556450.0,4204175.0,4204475.0,1231.9925537109375,1502.3880615234375,144.82758,53.427643
F11,0,35,50195.31980805784,556406.1875,4204600.0,1234.0284423828125,556262.5,556450.0,4204475.0,4204775.0,1149.4000244140625,1337.321533203125,134.21121,49.349495
F11,0,36,47.17574726880579,556447.0625,4204778.5,1170.6651611328125,556441.125,556450.0,4204775.0,4204785.0,1169.4071044921875,1172.1885986328125,119.690735,70.16656
F11,1,26,24693.877840024805,556502.125,4201979.0,2400.513671875,556450.0,556606.375,4201786.5,4202075.0,2357.60009765625,2428.10009765625,123.269684,65.98926
F11,1,27,78851.73508197787,556562.75,4202303.0,2341.90771484375,556450.0,556750.0,4202075.0,4202375.0,2265.9873046875,2415.8408203125,123.09256,63.87784
F11,1,28,108650.48693812909,556604.5625,4202525.5,2297.626708984375,556450.0,556750.0,4202375.0,4202675.0,2159.126220703125,2396.0283203125,119.80371,59.44812
F11,1,29,110289.84430385618,556581.8125,4202802.5,2186.583740234375,556450.0,556750.0,4202675.0,4202975.0,2035.445556640625,2322.95361328125,126.91147,54.097137
F11,1,30,109686.25462706275,556598.8125,4203110.5,2064.5322265625,556450.0,556750.0,4202975.0,4203275.0,1911.5985107421875,2206.515869140625,126.19385,54.966602
F11,1,31,112341.34087511082,556597.25,4203432.0,1929.619873046875,556450.0,556750.0,4203275.0,4203575.0,1777.784423828125,2078.335693359375,125.67923,53.254547
F11,1,32,115009.5897551765,556611.75,4203741.5,1810.008544921875,556450.0,556750.0,4203575.0,4203875.0,1646.3883056640625,1970.407958984375,121.06433,51.487743
F11,1,33,116926.63622382241,556583.375,4204008.0,1672.5185546875,556450.0,556750.0,4203875.0,4204175.0,1502.3880615234375,1849.8985595703125,124.49017,50.060368
F11,1,34,119437.33951099821,556593.875,4204338.0,1509.0469970703125,556450.0,556750.0,4204175.0,4204475.0,1337.321533203125,1702.4388427734375,129.04892,48.813797
F11,1,35,124382.26258160267,556578.9375,4204633.5,1324.4765625,556450.0,556750.0,4204475.0,4204775.0,1172.1885986328125,1540.57373046875,132.64813,47.812523
F11,1,36,64733.85113647645,556640.3125,4204883.5,1236.4388427734375,556450.0,556750.0,4204775.0,4205075.0,1170.4000244140625,1353.6885986328125,124.63019,54.102062
F11,1,37,1186.5122178768593,556735.1875,4205087.5,1207.3321533203125,556707.0,556750.0,4205075.0,4205123.5,1199.185791015625,1221.6318359375,123.44739,58.365017
F11,2,27,362.8764011149036,556756.3125,4202363.5,2401.234375,556750.0,556768.9375,4202340.0,4202375.0,2396.0283203125,2404.580078125,123.21524,65.96363
F11,2,28,32987.60431822499,556796.5625,4202582.0,2364.321044921875,556750.0,556926.9375,4202375.0,4202675.0,2322.95361328125,2403.0947265625,127.75983,68.39811
F11,2,29,85125.37785196942,556868.75,4202850.0,2301.654541015625,556750.0,557050.0,4202675.0,4202975.0,2206.515869140625,2384.138427734375,132.87936,61.915615
F11,2,30,107240.60223679803,556900.5,4203122.0,2216.164306640625,556750.0,557050.0,4202975.0,4203275.0,2078.335693359375,2330.658203125,127.930756,58.496334
F11,2,31,107712.49134512126,556898.375,4203390.5,2111.572021484375,556750.0,557050.0,4203275.0,4203575.0,1970.407958984375,2240.729248046875,126.618835,56.943916
F11,2,32,106145.95813982583,556878.625,4203738.5,1968.903076171875,556750.0,557050.0,4203575.0,4203875.0,1849.8985595703125,2118.824951171875,127.707886,58.187218
F11,2,33,110276.90808104239,556911.5625,4204027.0,1864.8809814453125,556750.0,557050.0,4203875.0,4204175.0,1702.4388427734375,2001.4747314453125,128.37741,54.54416
F11,2,34,115961.14538301861,556893.625,4204314.5,1720.48046875,556750.0,557050.0,4204175.0,4204475.0,1540.57373046875,1880.8265380859375,126.99539,51.052353
F11,2,35,124538.22883350795,556903.1875,4204607.5,1571.1513671875,556750.0,557050.0,4204475.0,4204775.0,1353.6885986328125,1747.353271484375,127.966644,46.543736
F11,2,36,123681.82062093877,556900.0625,4204908.5,1410.7596435546875,556750.0,557050.0,4204775.0,4205075.0,1221.6046142578125,1589.7327880859375,120.78458,46.977528
F11,2,37,82784.36226782152,556957.8125,4205189.0,1314.1148681640625,556750.0,557050.0,4205075.0,4205375.0,1204.0,1448.9058837890625,125.73459,47.767723
F11,2,38,4368.728287213733,557013.3125,4205403.5,1241.4290771484375,556972.875,557050.0,4205375.0,4205462.0,1228.9642333984375,1281.8935546875,126.31903,48.912094
F11,3,29,742.4244278595517,557057.6875,4202959.0,2344.343505859375,557050.0,557073.125,4202927.5,4202975.0,2330.658203125,2354.02001953125,122.73184,47.711353
F11,3,30,30474.71407789856,557103.8125,4203175.0,2293.0400390625,557050.0,557186.0625,4202975.0,4203275.0,2240.729248046875,2348.351806640625,128.17407,63.172546
F11,3,31,65404.898461996454,557152.125,4203449.0,2215.63330078125,557050.0,557272.8125,4203275.0,4203575.0,2118.824951171875,2294.0537109375,131.71545,59.999023
F11,3,32,96249.06231861186,557185.6875,4203762.5,2108.0263671875,557050.0,557350.0,4203575.0,4203875.0,2001.4747314453125,2225.22119140625,131.0994,58.828716
F11,3,33,107200.43951859401,557192.9375,4204011.0,2011.8896484375,557050.0,557350.0,4203875.0,4204175.0,1880.8265380859375,2148.866455078125,130.95352,58.844234
F11,3,34,109802.83561121862,557206.0,4204348.5,1883.880859375,557050.0,557350.0,4204175.0,4204475.0,1747.353271484375,2024.7855224609375,127.056335,56.027245
F11,3,35,113049.79383888945,557170.3125,4204615.5,1749.2215576171875,557050.0,557350.0,4204475.0,4204775.0,1589.7327880859375,1919.6942138671875,126.95419,52.44578
F11,3,36,114889.90099881726,557195.625,4204891.0,1636.47265625,557050.0,557350.0,4204775.0,4205075.0,1448.9058837890625,1788.406982421875,127.24423,51.551422
F11,3,37,119751.22197856368,557187.6875,4205227.5,1458.3231201171875,557050.0,557350.0,4205075.0,4205375.0,1281.8935546875,1641.820068359375,130.22543,48.939823
F11,3,38,71934.40326101822,557224.8125,4205448.0,1360.7147216796875,557050.0,557350.0,4205375.0,4205591.0,1237.5999755859375,1475.9158935546875,128.74658,50.239002
F11,4,32,213.2926570701303,557353.1875,4203864.0,2156.404052734375,557350.0,557359.5625,4203842.0,4203875.0,2148.866455078125,2163.9599609375,120.186554,47.709328
F11,4,33,21159.238552145835,557388.5,4204080.5,2086.78759765625,557350.0,557446.3125,4203875.0,4204175.0,2024.7855224609375,2156.38525390625,121.43756,50.17288
F11,4,34,51197.156835451606,557432.4375,4204377.0,1998.624755859375,557350.0,557533.0625,4204175.0,4204475.0,1919.6697998046875,2087.524169921875,125.22879,57.419834
F11,4,35,83376.05068444133,557462.8125,4204636.5,1912.06787109375,557350.0,557619.875,4204475.0,4204775.0,1788.406982421875,2018.6629638671875,125.12134,54.764324
F11,4,36,108787.32883932878,557464.875,4204896.0,1799.0439453125,557350.0,557637.5,4204775.0,4205075.0,1641.820068359375,1949.8017578125,128.21109,52.187237
F11,4,37,112814.30205571836,557462.6875,4205210.0,1642.689453125,557350.0,557637.5,4205075.0,4205375.0,1475.9158935546875,1822.9019775390625,129.18799,49.70656
F11,4,38,90210.03562348067,557443.1875,4205461.5,1492.0240478515625,557350.0,557637.5,4205375.0,4205632.0,1363.0,1672.35009765625,128.6777,49.398663
F12,0,36,88091.62097315307,556331.9375,4204997.5,1408.947998046875,556178.0625,556450.0,4204812.5,4205075.0,1276.0333251953125,1605.093505859375,121.22357,47.604843
F12,0,37,88849.90313545191,556351.75,4205236.0,1286.9830322265625,556207.125,556450.0,4205075.0,4205375.0,1169.0,1457.735595703125,128.2518,45.37589
F12,0,38,18365.421509157957,556395.8125,4205425.0,1202.0411376953125,556305.625,556450.0,4205375.0,4205561.5,1173.9000244140625,1271.9923095703125,125.29956,49.23266
F12,1,36,106432.4956291907,556577.3125,4204977.0,1608.7095947265625,556450.0,556750.0,4204812.5,4205075.0,1457.735595703125,1817.0655517578125,126.98477,48.394833
F12,1,37,124944.0589715253,556583.4375,4205241.0,1470.337890625,556450.0,556750.0,4205075.0,4205375.0,1271.9923095703125,1677.193603515625,124.74841,45.80585
F12,1,38,124190.12353694484,556600.875,4205531.5,1316.03662109375,556450.0,556750.0,4205375.0,4205675.0,1188.87109375,1534.005126953125,123.59204,44.257767
F12,1,39,40359.366983356114,556665.1875,4205742.5,1252.1544189453125,556537.875,556750.0,4205675.0,4205949.0,1197.929931640625,1366.29443359375,123.20914,47.04821
F12,2,36,101968.84505239585,556908.75,4204974.0,1834.95849609375,556750.0,557050.0,4204812.5,4205075.0,1677.193603515625,1999.1939697265625,126.137146,50.937504
F12,2,37,117317.65627398994,556891.5625,4205243.0,1700.41162109375,556750.0,557050.0,4205075.0,4205375.0,1534.005126953125,1885.53515625,122.50009,50.002544
F12,2,38,124201.8184441395,556909.8125,4205534.0,1564.501708984375,556750.0,557050.0,4205375.0,4205675.0,1366.29443359375,1752.7576904296875,126.34396,46.79357
F12,2,39,125325.40962652637,556875.8125,4205849.5,1366.3099365234375,556750.0,557050.0,4205675.0,4205975.0,1219.798828125,1594.8502197265625,123.83273,46.26973
F12,2,40,67147.5645097627,556942.3125,4206061.5,1305.3131103515625,556769.75,557050.0,4205975.0,4206275.0,1221.8341064453125,1440.573486328125,123.650055,46.503918
F12,2,41,1920.249385935178,557034.0,4206295.5,1258.3345947265625,557002.0,557050.0,4206275.0,4206337.0,1245.778076171875,1278.4993896484375,123.308685,50.796333
F12,3,36,85647.64164549006,557208.1875,4204995.0,2015.1875,557050.0,557350.0,4204812.5,4205075.0,1885.53515625,2127.185302734375,123.62897,53.699326
F12,3,37,112708.20940376089,557229.6875,4205228.0,1931.5152587890625,557050.0,557350.0,4205075.0,4205375.0,1752.7576904296875,2070.66796875,124.39856,52.99596
F12,3,38,116640.04697043382,557181.625,4205540.5,1760.2396240234375,557050.0,557350.0,4205375.0,4205675.0,1594.8502197265625,1941.4915771484375,125.226776,50.155575
F12,3,39,121279.89107657551,557195.8125,4205830.0,1628.856201171875,557050.0,557350.0,4205675.0,4205975.0,1440.573486328125,1813.2340087890625,123.30255,47.850136
F12,3,40,127771.004141443,557182.25,4206127.5,1468.020263671875,557050.0,557350.0,4205975.0,4206275.0,1278.4993896484375,1672.525634765625,121.13934,45.125366
F12,3,41,95298.68115591117,557242.0,4206400.0,1367.44384765625,557050.0,557350.0,4206275.0,4206575.0,1250.7264404296875,1536.4024658203125,124.293,44.710842
F12,3,42,11542.643260869048,557303.6875,4206617.5,1299.6700439453125,557234.25,557350.0,4206575.0,4206724.5,1269.7220458984375,1357.43701171875,123.63327,47.6035
F12,4,36,17263.932696454765,557436.375,4205036.0,2134.110107421875,557350.0,557543.8125,4204934.5,4205075.0,2070.66796875,2184.21630859375,124.018036,54.75977
F12,4,37,106156.98827946135,557523.9375,4205235.5,2112.75146484375,557350.0,557650.0,4205075.0,4205375.0,1941.4915771484375,2215.471923828125,119.678894,54.243042
F12,4,38,116295.10908835441,557508.625,4205524.0,1986.596923828125,557350.0,557650.0,4205375.0,4205675.0,1813.2340087890625,2137.853271484375,123.68332,50.636402
F12,4,39,118015.76707662661,557496.25,4205853.0,1834.90234375,557350.0,557650.0,4205675.0,4205975.0,1672.525634765625,2021.3541259765625,121.39276,49.648624
F12,4,40,119359.05726725972,557523.6875,4206096.5,1752.4444580078125,557350.0,557650.0,4205975.0,4206275.0,1536.4024658203125,1897.3638916015625,118.89511,49.323425
F12,4,41,130166.82731882083,557494.5,4206427.0,1544.980712890625,557350.0,557650.0,4206275.0,4206575.0,1357.43701171875,1767.30908203125,135.50171,44.445534
F12,4,42,98666.45147599831,557525.9375,4206754.0,1372.252197265625,557350.0,557650.0,4206575.0,4206875.0,1281.6541748046875,1528.4993896484375,129.40836,57.133995
F12,4,43,25655.40159184256,557595.0,4206939.5,1340.0291748046875,557466.375,557650.0,4206875.0,4207092.0,1293.6522216796875,1376.7535400390625,122.9599,62.243885
F12,5,37,25935.77884018629,557684.0,4205270.5,2191.4794921875,557650.0,557813.3125,4205152.0,4205375.0,2137.853271484375,2229.800048828125,124.2424,57.489918
F12,5,38,96720.8620449648,557771.5,4205562.5,2138.828857421875,557650.0,557950.0,4205375.0,4205675.0,2021.3541259765625,2227.925048828125,117.95285,54.618397
F12,5,39,115766.18081907633,557842.875,4205840.5,2085.202392578125,557650.0,557950.0,4205675.0,4205975.0,1897.3638916015625,2224.925048828125,122.55029,51.468952
F12,5,40,116868.61795480558,557807.0625,4206088.0,1958.28857421875,557650.0,557950.0,4205975.0,4206275.0,1767.30908203125,2100.66064453125,120.685455,51.37957
F12,5,41,131137.72593534034,557792.1875,4206462.5,1720.7799072265625,557650.0,557950.0,4206275.0,4206575.0,1528.4993896484375,1973.6063232421875,140.89093,43.575726
F12,5,42,123055.49717978002,557780.25,4206724.5,1537.4588623046875,557650.0,557950.0,4206575.0,4206875.0,1376.7535400390625,1728.389404296875,123.69833,48.593246
F12,5,43,109014.32822470227,557791.3125,4207005.0,1435.304443359375,557650.0,557950.0,4206875.0,4207175.0,1317.9246826171875,1593.4307861328125,116.85614,51.967804
F12,5,44,3076.4533403952755,557836.1875,4207179.5,1394.8466796875,557757.5625,557950.0,4207175.0,4207187.5,1343.8896484375,1474.2791748046875,129.91092,48.554447
F12,6,38,2670.5843655183016,557965.5625,4205649.5,2189.43017578125,557950.0,557996.75,4205598.5,4205675.0,2170.8232421875,2217.39501953125,116.09326,42.03518
F12,6,39,53240.58872119239,558019.125,4205900.0,2151.101806640625,557950.0,558180.0625,4205675.0,4205975.0,2100.66064453125,2224.46923828125,144.90387,67.40762
F12,6,40,100562.71523719265,558083.25,4206101.5,2099.8095703125,557950.0,558250.0,4205975.0,4206275.0,1973.6063232421875,2174.108642578125,140.51889,63.711422
F12,6,41,123432.26172605668,558103.375,4206441.0,1931.3978271484375,557950.0,558250.0,4206275.0,4206575.0,1728.389404296875,2100.35498046875,140.63312,47.610664
F12,6,42,115035.30925720176,558087.625,4206735.0,1741.6470947265625,557950.0,558250.0,4206575.0,4206875.0,1593.4307861328125,1935.4307861328125,127.54208,51.592083
F12,6,43,109354.22981169526,558068.0,4207037.5,1603.5255126953125,557950.0,558250.0,4206875.0,4207175.0,1474.2791748046875,1772.9169921875,123.62268,55.0585
F12,6,44,4681.187189532954,558074.3125,4207179.5,1551.48193359375,557950.0,558250.0,4207175.0,4207187.5,1467.1644287109375,1660.50048828125,130.80292,50.586773
F12,7,40,13152.937442040917,558299.3125,4206221.5,2117.503173828125,558250.0,558363.3125,4206089.5,4206275.0,2098.283203125,2145.091796875,162.9461,81.364815
F12,7,41,71949.77207382453,558391.1875,4206504.5,2043.3670654296875,558250.0,558546.625,4206275.0,4206575.0,1935.4307861328125,2121.190185546875,139.17542,60.60882
F12,7,42,115470.8951291786,558428.6875,4206675.0,1971.8836669921875,558250.0,558550.0,4206575.0,4206875.0,1772.9169921875,2068.271728515625,134.25226,54.337948
F12,7,43,91373.24078203856,558368.5625,4207018.5,1791.5855712890625,558250.0,558550.0,4206875.0,4207175.0,1660.50048828125,1959.9703369140625,120.58823,53.655968
F12,7,44,2137.464342668149,558330.3125,4207179.0,1708.6197509765625,558250.0,558395.4375,4207175.0,4207187.5,1656.6650390625,1750.2528076171875,118.6109,55.064304
F12,8,42,23619.861243231815,558571.5,4206736.0,2021.5972900390625,558550.0,558657.25,4206580.5,4206875.0,1959.9703369140625,2065.714111328125,119.585175,55.292366
F12,8,43,3357.7047981452597,558567.0,4206896.0,1963.574951171875,558550.0,558612.125,4206875.0,4206961.0,1929.204833984375,2001.1292724609375,117.79175,52.896812
F13,16,42,42907.022032156885,561205.625,4206818.5,1744.4375,561107.25,561250.0,4206687.5,4206875.0,1616.4561767578125,1908.800048828125,59.505676,28.371925
F13,16,43,114552.29745999326,561173.5,4207045.5,1614.781494140625,561062.0625,561250.0,4206875.0,4207175.0,1328.236572265625,1848.800048828125,67.29004,25.598131
F13,16,44,166474.89631978777,561153.75,4207323.0,1426.8448486328125,561026.0,561250.0,4207175.0,4207475.0,1107.800048828125,1726.919921875,70.571655,22.436127
F13,16,45,45984.99476089422,561099.625,4207501.5,1394.104248046875,561015.5,561231.125,4207475.0,4207562.5,1112.9600830078125,1562.719970703125,62.027374,21.561493
F13,17,42,116573.75293256232,561341.3125,4206809.5,1493.381103515625,561250.0,561515.3125,4206687.5,4206875.0,1162.949951171875,1798.11767578125,65.133575,23.209734
F13,17,43,127873.0617493811,561322.4375,4207023.5,1326.15869140625,561250.0,561465.375,4206875.0,4207175.0,1121.22998046875,1616.4561767578125,65.3436,22.778627
F13,17,44,31539.898452546175,561282.625,4207245.0,1194.76416015625,561250.0,561353.625,4207175.0,4207434.0,1107.9912109375,1328.236572265625,67.565186,23.873451
F14,8,30,50540.03212140594,558790.6875,4203217.5,1529.8646240234375,558619.5625,558850.0,4203062.5,4203275.0,1480.3900146484375,1676.3284912109375,127.5556,45.078606
F14,8,31,11694.626301000004,558818.6875,4203316.5,1495.2442626953125,558742.9375,558850.0,4203275.0,4203459.5,1470.196044921875,1537.25927734375,121.155396,58.159447
F14,9,30,94904.9754242911,559004.5,4203210.5,1710.1063232421875,558850.0,559150.0,4203062.5,4203275.0,1537.25927734375,1939.1473388671875,128.49701,42.541378
F14,9,31,127068.12522519904,558990.625,4203409.5,1576.2017822265625,558850.0,559150.0,4203275.0,4203575.0,1440.800048828125,1796.0174560546875,126.387665,46.58767
F14,9,32,37606.5565096268,559069.4375,4203633.5,1542.7440185546875,558916.9375,559150.0,4203575.0,4203758.5,1446.4400634765625,1604.440185546875,102.309814,61.27016
F14,10,30,93045.20630161407,559295.5625,4203201.0,1967.714599609375,559150.0,559450.0,4203062.5,4203275.0,1796.0174560546875,2184.174560546875,127.66153,43.29732
F14,10,31,132330.49046139422,559314.0625,4203419.5,1837.4632568359375,559150.0,559450.0,4203275.0,4203575.0,1604.440185546875,2051.595947265625,129.31018,43.142918
F14,10,32,106760.32356459387,559324.3125,4203704.5,1695.179931640625,559150.0,559450.0,4203575.0,4203875.0,1555.395751953125,1844.8729248046875,121.06177,49.86708
F14,10,33,412.5701446376669,559442.5625,4203877.5,1705.2313232421875,559426.3125,559450.0,4203875.0,4203885.0,1695.6507568359375,1721.977783203125,168.14886,16.604588
F14,11,30,65474.199454762624,559612.5625,4203211.5,2216.999755859375,559450.0,559750.0,4203062.5,4203275.0,2051.595947265625,2319.5771484375,128.88672,44.897457
F14,11,31,130554.10420745781,559606.375,4203440.0,2055.260986328125,559450.0,559750.0,4203275.0,4203575.0,1844.8729248046875,2279.80615234375,131.82224,43.49265
F14,11,32,120775.87594166945,559569.5,4203710.5,1876.359375,559450.0,559750.0,4203575.0,4203875.0,1704.121826171875,2081.060791015625,120.62012,48.15876
F14,11,33,21602.130077719496,559584.375,4203894.0,1803.535888671875,559450.0,559750.0,4203875.0,4203937.5,1701.83203125,1934.9989013671875,121.206055,48.90142
F14,12,30,2902.033789886237,559774.25,4203265.0,2304.0927734375,559750.0,559817.75,4203221.5,4203275.0,2279.80615234375,2333.98876953125,134.11365,41.305885
F14,12,31,100604.64507965077,559880.25,4203450.0,2249.613525390625,559750.0,560050.0,4203275.0,4203575.0,2081.060791015625,2383.41943359375,135.29352,45.40215
F14,12,32,118632.96919133789,559905.25,4203722.0,2125.83447265625,559750.0,560050.0,4203575.0,4203875.0,1934.9989013671875,2277.1611328125,118.13681,49.687576
F14,12,33,26173.72033456069,559900.625,4203898.0,2049.361572265625,559750.0,560050.0,4203875.0,4203937.5,1904.3892822265625,2182.045166015625,118.73102,46.22143
F14,13,31,15038.821726927408,560076.4375,4203557.5,2311.593505859375,560050.0,560197.6875,4203458.5,4203575.0,2277.1611328125,2414.849365234375,134.75012,36.029034
F14,13,32,92204.19812603551,560119.125,4203709.0,2287.41845703125,560050.0,560340.3125,4203575.0,4203875.0,2182.045166015625,2445.199951171875,114.70477,50.876892
F14,13,33,15201.123746362116,560110.5625,4203902.0,2217.414306640625,560050.0,560252.875,4203875.0,4203937.5,2158.58056640625,2334.949951171875,110.380005,50.362404
fp_base_main,0,43,18190.661993876485,556433.75,4206994.0,2209.43505859375,556387.5,556450.0,4206893.0,4207175.0,2131.607177734375,2242.15478515625,158.46722,68.45391
fp_base_main,0,44,23316.205390533098,556417.75,4207291.5,2072.399169921875,556387.5,556450.0,4207175.0,4207475.0,1946.023681640625,2147.905517578125,147.58191,54.22896
fp_base_main,0,45,23359.12094059625,556422.875,4207621.0,1873.45458984375,556387.5,556450.0,4207475.0,4207775.0,1777.7081298828125,1975.18310546875,145.55847,54.099304
fp_base_main,0,46,23308.702750481123,556417.1875,4207937.5,1725.0836181640625,556387.5,556450.0,4207775.0,4208075.0,1653.767822265625,1794.43310546875,138.78128,63.845222
fp_base_main,0,47,34237.26298609335,556406.0,4208274.5,1598.694091796875,556387.5,556450.0,4208075.0,4208375.0,1525.223876953125,1686.8138427734375,131.13501,61.01674
fp_base_main,0,48,37220.97567858535,556401.5,4208499.5,1498.713134765625,556387.5,556450.0,4208375.0,4208675.0,1396.6800537109375,1571.875,166.08441,61.78927
fp_base_main,0,49,28696.22212772783,556415.9375,4208799.0,1359.7716064453125,556387.5,556450.0,4208675.0,4208975.0,1291.4259033203125,1426.621826171875,13.099091,69.5855
fp_base_main,0,50,20031.880889746397,556420.1875,4209084.0,1261.0545654296875,556387.5,556450.0,4208975.0,4209265.0,1197.8377685546875,1309.0994873046875,2.5306091,71.120155
fp_base_main,1,42,19756.207598453533,556609.0,4206825.5,2254.306396484375,556483.25,556750.0,4206730.5,4206875.0,2240.998046875,2272.28857421875,4.2533875,77.79673
fp_base_main,1,43,92959.26533051736,556579.875,4206986.5,2224.576416015625,556450.0,556750.0,4206875.0,4207175.0,2147.905517578125,2245.748291015625,173.03772,79.166794
fp_base_main,1,44,103159.78833165905,556612.6875,4207317.5,2117.897705078125,556450.0,556750.0,4207175.0,4207475.0,1975.18310546875,2202.01123046875,153.22058,62.264595
fp_base_main,1,45,113403.09768447792,556602.9375,4207622.0,1941.4130859375,556450.0,556750.0,4207475.0,4207775.0,1794.43310546875,2072.487548828125,151.51144,53.47956
fp_base_main,1,46,100317.05918286635,556626.3125,4207916.5,1784.696044921875,556450.0,556750.0,4207775.0,4208075.0,1686.8138427734375,1878.5113525390625,151.87238,63.9712
fp_base_main,1,47,101429.77928835728,556626.0,4208228.5,1643.432373046875,556450.0,556750.0,4208075.0,4208375.0,1560.271728515625,1736.627197265625,172.70312,63.262527
fp_base_main,1,48,100957.87848351258,556622.5625,4208541.5,1484.8653564453125,556450.0,556750.0,4208375.0,4208675.0,1407.695068359375,1574.934326171875,176.02151,62.814922
fp_base_main,1,49,95913.40811805817,556602.5,4208811.0,1365.0548095703125,556450.0,556750.0,4208675.0,4208975.0,1296.9190673828125,1425.095947265625,168.26355,69.921234
fp_base_main,1,50,95837.12987224504,556621.1875,4209132.0,1254.009765625,556450.0,556750.0,4208975.0,4209275.0,1194.47119140625,1317.1585693359375,172.35132,69.83196
fp_base_main,1,51,24791.46464560331,556695.1875,4209341.0,1174.561279296875,556465.5625,556750.0,4209275.0,4209399.0,1152.4984130859375,1203.4737548828125,176.52344,67.25166
fp_base_main,2,41,47.123509808601604,557045.4375,4206574.0,2301.057373046875,557037.0625,557050.0,4206568.0,4206575.0,2300.4453125,2302.42236328125,10.599976,74.20897
fp_base_main,2,42,69376.21644546899,556937.5,4206702.5,2275.468017578125,556750.0,557050.0,4206575.0,4206875.0,2235.556396484375,2301.124267578125,4.5143433,77.70184
fp_base_main,2,43,91083.24956054367,556890.75,4207020.0,2219.48583984375,556750.0,557050.0,4206875.0,4207175.0,2202.01123046875,2241.0029296875,7.5763397,84.09618
fp_base_main,2,44,97941.93370334832,556907.0,4207325.5,2144.77783203125,556750.0,557050.0,4207175.0,4207475.0,2072.487548828125,2210.4931640625,174.39108,66.49779
fp_base_main,2,45,105619.59146590129,556880.5625,4207637.0,1985.358154296875,556750.0,557050.0,4207475.0,4207775.0,1878.5113525390625,2084.677734375,170.85706,58.723476
fp_base_main,2,46,101579.9426233638,556890.5,4207913.5,1823.7076416015625,556750.0,557050.0,4207775.0,4208075.0,1736.627197265625,1918.2901611328125,171.58978,63.172176
fp_base_main,2,47,103581.24059862783,556887.6875,4208223.0,1666.50146484375,556750.0,557050.0,4208075.0,4208375.0,1573.748291015625,1754.9119873046875,177.03024,61.469364
fp_base_main,2,48,101630.98508012244,556899.5,4208527.5,1504.9014892578125,556750.0,557050.0,4208375.0,4208675.0,1425.095947265625,1594.7440185546875,0.8906708,62.63064
fp_base_main,2,49,96194.4517621667,556879.875,4208830.0,1373.28564453125,556750.0,557050.0,4208675.0,4208975.0,1314.37109375,1435.0333251953125,178.2091,69.74454
fp_base_main,2,50,97166.15126673986,556893.5,4209122.5,1262.00390625,556750.0,557050.0,4208975.0,4209275.0,1190.0335693359375,1326.4906005859375,4.341736,68.05629
fp_base_main,2,51,48654.271267527634,556919.75,4209353.0,1166.75439453125,556750.0,557050.0,4209275.0,4209435.5,1139.7716064453125,1204.7449951171875,4.2566223,68.08996
fp_base_main,3,41,27130.620061342517,557192.5,4206524.5,2310.174072265625,557050.0,557350.0,4206405.5,4206575.0,2297.649658203125,2332.555908203125,2.6148987,78.52077
fp_base_main,3,42,92264.16360675979,557129.9375,4206675.0,2278.400390625,557050.0,557350.0,4206575.0,4206875.0,2230.0908203125,2302.51708984375,3.6196594,77.51129
fp_base_main,3,43,91068.46351104186,557203.875,4207044.0,2211.94140625,557050.0,557350.0,4206875.0,4207175.0,2191.63330078125,2235.543701171875,26.061966,84.26966
fp_base_main,3,44,97478.79677991517,557168.5625,4207299.0,2156.935546875,557050.0,557350.0,4207175.0,4207475.0,2076.6259765625,2210.5302734375,6.664261,67.469185
fp_base_main,3,45,103861.1494215808,557183.6875,4207630.0,2002.0811767578125,557050.0,557350.0,4207475.0,4207775.0,1897.4891357421875,2087.532958984375,5.331421,61.026207
fp_base_main,3,46,106392.4460593466,557187.4375,4207927.0,1819.20751953125,557050.0,557350.0,4207775.0,4208075.0,1724.7056884765625,1929.1973876953125,6.566864,59.218746
fp_base_main,3,47,101941.24998377151,557174.1875,4208219.5,1659.6702880859375,557050.0,557350.0,4208075.0,4208375.0,1561.9144287109375,1745.804443359375,1.690033,62.481857
fp_base_main,3,48,99861.99433172274,557178.3125,4208517.5,1511.207275390625,557050.0,557350.0,4208375.0,4208675.0,1435.0333251953125,1591.5335693359375,169.63928,65.315254
fp_base_main,3,49,97967.75146333477,557182.625,4208852.5,1364.6671142578125,557050.0,557350.0,4208675.0,4208975.0,1308.8837890625,1451.7113037109375,175.17154,66.82127
fp_base_main,3,50,97957.9630912558,557176.5,4209111.0,1256.3134765625,557050.0,557350.0,4208975.0,4209275.0,1181.56591796875,1318.363525390625,178.60052,67.25679
fp_base_main,3,51,61032.64549215874,557197.25,4209361.0,1157.1324462890625,557050.0,557350.0,4209275.0,4209472.0,1127.0447998046875,1190.0335693359375,2.7332153,74.89592
fp_base_main,4,40,1010.381089009067,557630.125,4206269.0,2356.812255859375,557590.0,557650.0,4206242.5,4206275.0,2354.56787109375,2362.689697265625,6.0953674,76.98597
fp_base_main,4,41,76239.43699943708,557541.8125,4206372.5,2337.18505859375,557350.0,557650.0,4206275.0,4206575.0,2292.17333984375,2356.92041015625,3.9871216,78.063675
fp_base_main,4,42,92268.14179712275,557495.75,4206744.0,2257.05810546875,557350.0,557650.0,4206575.0,4206875.0,2224.628173828125,2297.64453125,4.6266785,77.26988
fp_base_main,4,43,91713.8489881275,557536.4375,4207066.0,2191.533447265625,557350.0,557650.0,4206875.0,4207175.0,2164.6953125,2230.087646484375,17.060852,80.19339
fp_base_main,4,44,96609.26248845483,557530.0,4207312.5,2124.9619140625,557350.0,557650.0,4207175.0,4207475.0,2059.883544921875,2191.63330078125,12.868378,69.30625
fp_base_main,4,45,103094.58547302765,557503.0625,4207621.5,1998.7183837890625,557350.0,557650.0,4207475.0,4207775.0,1890.9576416015625,2076.6259765625,175.01624,62.329044
fp_base_main,4,46,108051.83240609369,557517.4375,4207922.0,1817.49951171875,557350.0,557650.0,4207775.0,4208075.0,1714.4061279296875,1937.8714599609375,174.40729,56.841644
fp_base_main,4,47,100791.72894979692,557530.375,4208210.5,1648.818359375,557350.0,557650.0,4208075.0,4208375.0,1550.1661376953125,1724.7056884765625,9.150314,62.906647
fp_base_main,4,48,100206.7454587087,557499.125,4208534.5,1498.5269775390625,557350.0,557650.0,4208375.0,4208675.0,1410.659423828125,1591.4814453125,17.642761,64.03481
fp_base_main,4,49,99184.23358693009,557513.0,4208809.0,1372.04833984375,557350.0,557650.0,4208675.0,4208975.0,1283.30517578125,1454.8968505859375,17.201965,65.499596
fp_base_main,4,50,97863.7241144546,557507.8125,4209114.5,1243.6109619140625,557350.0,557650.0,4208975.0,4209275.0,1166.654052734375,1319.96240234375,14.880554,67.040855
fp_base_main,4,51,74581.5439694715,557519.875,4209366.0,1148.197021484375,557350.0,557650.0,4209275.0,4209508.5,1115.5908203125,1186.869873046875,12.789185,77.55727
fp_base_main,5,40,34954.88333992607,557813.0625,4206209.0,2369.1328125,557650.0,557950.0,4206080.0,4206275.0,2354.36376953125,2392.8232421875,1.9434814,79.18209
fp_base_main,5,41,92268.21704094048,557762.625,4206401.5,2329.050048828125,557650.0,557950.0,4206275.0,4206575.0,2286.767333984375,2359.38037109375,4.1961823,77.35346
fp_base_main,5,42,92270.78627397968,557790.125,4206741.0,2252.42138671875,557650.0,557950.0,4206575.0,4206875.0,2219.182373046875,2292.24560546875,4.624939,77.26233
fp_base_main,5,43,92424.80128865119,557814.5,4207054.0,2182.94287109375,557650.0,557950.0,4206875.0,4207175.0,2140.5458984375,2224.641357421875,9.275299,77.41423
fp_base_main,5,44,97564.60012037025,557823.125,4207331.5,2091.42236328125,557650.0,557950.0,4207175.0,4207475.0,2016.858154296875,2164.6953125,13.714813,67.54977
fp_base_main,5,45,104020.33478926618,557829.8125,4207626.0,1962.771484375,557650.0,557950.0,4207475.0,4207775.0,1848.546875,2059.883544921875,22.520706,60.175056
fp_base_main,5,46,108438.53391952209,557820.125,4207931.0,1782.3743896484375,557650.0,557950.0,4207775.0,4208075.0,1681.9554443359375,1933.1966552734375,17.889923,57.545036
fp_base_main,5,47,102330.70638668707,557797.25,4208224.5,1618.2803955078125,557650.0,557950.0,4208075.0,4208375.0,1528.154296875,1714.4061279296875,9.468094,61.491993
fp_base_main,5,48,99124.31978923528,557834.125,4208551.5,1455.5340576171875,557650.0,557950.0,4208375.0,4208675.0,1394.40087890625,1550.1661376953125,8.614151,65.20082
fp_base_main,5,49,96730.02785337566,557812.0625,4208819.0,1348.2322998046875,557650.0,557950.0,4208675.0,4208975.0,1282.7132568359375,1410.659423828125,4.03006,68.71772
fp_base_main,5,50,97982.59905672094,557824.0625,4209125.5,1219.6517333984375,557650.0,557950.0,4208975.0,4209275.0,1146.236083984375,1288.7464599609375,3.5534973,66.78734
fp_base_main,5,51,86052.23200963865,557827.375,4209374.0,1135.3140869140625,557650.0,557950.0,4209275.0,4209545.0,1109.5450439453125,1195.639892578125,127.241516,88.90565
fp_base_main,6,39,3155.5471062862844,558212.1875,4205962.5,2413.2392578125,558143.875,558250.0,4205917.5,4205975.0,2409.155517578125,2422.95703125,1.0003357,79.14903
fp_base_main,6,40,81774.56814226677,558133.375,4206069.0,2393.764892578125,557950.0,558250.0,4205975.0,4206275.0,2348.881103515625,2414.446044921875,2.8138733,78.40227
fp_base_main,6,41,92270.7177888064,558121.125,4206447.0,2312.614013671875,557950.0,558250.0,4206275.0,4206575.0,2281.288330078125,2354.3662109375,4.640381,77.26268
fp_base_main,6,42,92316.60135633245,558117.3125,4206770.0,2239.497802734375,557950.0,558250.0,4206575.0,4206875.0,2208.658447265625,2286.775390625,5.5912933,77.08399
fp_base_main,6,43,96485.99248252175,558104.0,4207013.5,2169.90576171875,557950.0,558250.0,4206875.0,4207175.0,2088.62841796875,2219.184814453125,17.1297,70.021164
fp_base_main,6,44,99250.08212118357,558129.0,4207320.0,2045.7462158203125,557950.0,558250.0,4207175.0,4207475.0,1953.35400390625,2140.5458984375,24.668488,64.9088
fp_base_main,6,45,104417.12135591859,558098.4375,4207629.0,1908.2291259765625,557950.0,558250.0,4207475.0,4207775.0,1791.1671142578125,2016.858154296875,20.291168,60.297424
fp_base_main,6,46,104182.3173829519,558099.3125,4207920.5,1743.150390625,557950.0,558250.0,4207775.0,4208075.0,1636.1094970703125,1848.546875,17.238129,60.757057
fp_base_main,6,47,100716.74803869757,558119.125,4208226.5,1585.4677734375,557950.0,558250.0,4208075.0,4208375.0,1499.4801025390625,1681.9554443359375,12.942459,63.53121
fp_base_main,6,48,98480.57745191053,558107.5,4208517.5,1453.459716796875,557950.0,558250.0,4208375.0,4208675.0,1376.57568359375,1528.154296875,7.753189,66.10478
fp_base_main,6,49,97150.44060769244,558115.0,4208830.5,1323.8099365234375,557950.0,558250.0,4208675.0,4208975.0,1252.166259765625,1394.40087890625,13.211456,67.84089
fp_base_main,6,50,98780.54818858745,558117.5,4209127.5,1198.263671875,557950.0,558250.0,4208975.0,4209275.0,1123.4940185546875,1282.7132568359375,11.851013,65.751305
fp_base_main,6,51,95260.9756320624,558126.0625,4209377.5,1134.5401611328125,557950.0,558250.0,4209275.0,4209575.0,1109.9427490234375,1202.84814453125,1.5259552,78.98179
fp_base_main,6,52,215.73501297095407,558232.1875,4209577.0,1202.2979736328125,558196.5625,558250.0,4209575.0,4209581.5,1199.6358642578125,1204.409912109375,175.3179,53.68242
fp_base_main,7,39,42780.88417936888,558411.9375,4205901.0,2426.73193359375,558250.0,558550.0,4205754.5,4205975.0,2411.004638671875,2453.0908203125,1.238739,79.78526
fp_base_main,7,40,92268.71115990047,558363.5625,4206101.5,2385.833740234375,558250.0,558550.0,4205975.0,4206275.0,2343.44287109375,2416.149169921875,4.312332,77.32997
fp_base_main,7,41,92293.39697820955,558434.9375,4206471.0,2300.9794921875,558250.0,558550.0,4206275.0,4206575.0,2272.23046875,2348.876220703125,5.33197,77.13251
fp_base_main,7,42,94395.50215129259,558410.375,4206783.5,2217.299072265625,558250.0,558550.0,4206575.0,4206875.0,2169.943115234375,2281.278564453125,17.971863,72.32952
fp_base_main,7,43,97515.21252810214,558375.8125,4206986.0,2150.06494140625,558250.0,558550.0,4206875.0,4207175.0,2062.391845703125,2208.658447265625,15.383728,67.881195
fp_base_main,7,44,99688.07729168009,558400.1875,4207325.5,2001.8260498046875,558250.0,558550.0,4207175.0,4207475.0,1921.2470703125,2088.62841796875,11.5594635,65.108734
fp_base_main,7,45,106371.71988825312,558399.75,4207640.5,1838.26904296875,558250.0,558550.0,4207475.0,4207775.0,1736.0238037109375,1953.35400390625,15.210663,58.09661
fp_base_main,7,46,101223.76342970351,558386.1875,4207914.0,1690.26513671875,558250.0,558550.0,4207775.0,4208075.0,1592.40234375,1791.1671142578125,19.029892,63.04476
fp_base_main,7,47,99050.65832073221,558397.1875,4208224.5,1546.114501953125,558250.0,558550.0,4208075.0,4208375.0,1462.28759765625,1636.1094970703125,16.925797,65.16447
fp_base_main,7,48,97575.64176803209,558393.9375,4208541.0,1415.0057373046875,558250.0,558550.0,4208375.0,4208675.0,1339.2821044921875,1499.4801025390625,18.598053,67.333275
fp_base_main,7,49,98552.59658219079,558394.5,4208815.0,1301.7957763671875,558250.0,558550.0,4208675.0,4208975.0,1209.5780029296875,1376.57568359375,17.364807,65.915276
fp_base_main,7,50,97577.17984243679,558406.75,4209147.5,1162.96630859375,558250.0,558550.0,4208975.0,4209275.0,1112.8563232421875,1252.166259765625,15.139496,67.81596
fp_base_main,7,51,95706.1179233609,558388.25,4209380.0,1133.0130615234375,558250.0,558550.0,4209275.0,4209575.0,1111.85205078125,1199.6358642578125,173.26678,78.6475
fp_base_main,7,52,9213.657941515841,558376.9375,4209585.0,1199.297119140625,558250.0,558550.0,4209575.0,4209618.0,1181.693603515625,1213.179931640625,175.32831,53.69597
fp_base_main,8,38,6562.101063288246,558803.9375,4205659.5,2469.966064453125,558696.75,558850.0,4205592.0,4205675.0,2463.834228515625,2483.224365234375,170.01385,81.76639
fp_base_main,8,39,86191.27165749602,558720.6875,4205765.5,2450.333984375,558550.0,558850.0,4205675.0,4205975.0,2405.529541015625,2471.9716796875,1.3388367,78.721115
fp_base_main,8,40,92278.1796734598,558744.25,4206173.0,2362.6650390625,558550.0,558850.0,4205975.0,4206275.0,2335.709716796875,2411.00439453125,5.1536865,77.16867
fp_base_main,8,41,93859.59192321506,558712.875,4206436.5,2295.854248046875,558550.0,558850.0,4206275.0,4206575.0,2240.46875,2343.442626953125,13.195038,73.866875
fp_base_main,8,42,95777.81994522263,558716.1875,4206764.5,2189.387451171875,558550.0,558850.0,4206575.0,4206875.0,2129.923583984375,2272.22509765625,18.72647,69.83803
fp_base_main,8,43,99949.44506114918,558669.75,4207019.0,2101.28759765625,558550.0,558850.0,4206875.0,4207175.0,1985.051025390625,2169.919921875,27.575928,65.843216
fp_base_main,8,44,107117.17191611565,558714.125,4207350.5,1932.556884765625,558550.0,558850.0,4207175.0,4207475.0,1805.284423828125,2062.391845703125,33.210327,56.810535
fp_base_main,8,45,109094.66752831623,558698.5,4207644.0,1773.3814697265625,558550.0,558850.0,4207475.0,4207775.0,1652.565185546875,1921.2470703125,31.462677,55.97733
fp_base_main,8,46,101643.66523036145,558687.0625,4207920.0,1634.9932861328125,558550.0,558850.0,4207775.0,4208075.0,1533.033203125,1736.0238037109375,28.866333,62.57939
fp_base_main,8,47,98680.51171195431,558674.1875,4208204.5,1515.9278564453125,558550.0,558850.0,4208075.0,4208375.0,1413.3135986328125,1592.40234375,23.491867,65.59861
fp_base_main,8,48,98584.83096594801,558686.375,4208539.0,1373.62255859375,558550.0,558850.0,4208375.0,4208675.0,1294.3302001953125,1462.28759765625,22.06372,66.0705
fp_base_main,8,49,98566.34476729028,558669.4375,4208819.5,1260.3408203125,558550.0,558850.0,4208675.0,4208975.0,1172.678955078125,1339.2821044921875,15.895538,65.80608
fp_base_main,8,50,95015.95428966942,558681.6875,4209115.0,1146.6943359375,558550.0,558850.0,4208975.0,4209275.0,1110.4996337890625,1209.5780029296875,18.872528,73.40079
fp_base_main,8,51,92816.35447971821,558712.75,4209424.5,1139.0927734375,558550.0,558850.0,4209275.0,4209575.0,1116.219970703125,1181.5224609375,1.0337067,81.626076
fp_base_main,8,52,22826.650812341344,558717.375,4209599.0,1189.53076171875,558550.0,558850.0,4209575.0,4209654.5,1163.599609375,1221.949951171875,175.33545,53.622795
fp_base_main,9,38,50461.59300737699,559009.0625,4205592.5,2484.427490234375,558850.0,559150.0,4205429.5,4205675.0,2467.733642578125,2513.358154296875,0.36721802,80.38764
fp_base_main,9,39,92272.28232955473,558983.875,4205825.0,2436.794189453125,558850.0,559150.0,4205675.0,4205975.0,2399.321044921875,2473.012451171875,4.61792,77.27381
fp_base_main,9,40,93737.30350195756,559025.5625,4206137.0,2357.46630859375,558850.0,559150.0,4205975.0,4206275.0,2303.95263671875,2405.583984375,13.391754,73.65085
fp_base_main,9,41,94926.96517040257,559077.625,4206507.5,2237.574462890625,558850.0,559150.0,4206275.0,4206575.0,2207.824462890625,2335.699462890625,18.54689,71.41483
fp_base_main,9,42,98252.76214200111,559008.9375,4206728.5,2163.5439453125,558850.0,559150.0,4206575.0,4206875.0,2084.8583984375,2240.436767578125,17.66008,67.34755
fp_base_main,9,43,103576.88561391142,559020.9375,4207050.0,2005.82568359375,558850.0,559150.0,4206875.0,4207175.0,1904.63623046875,2129.923583984375,21.306274,60.170338
fp_base_main,9,44,108669.52831089319,558985.1875,4207337.5,1850.252197265625,558850.0,559150.0,4207175.0,4207475.0,1727.0147705078125,1985.051025390625,24.514435,56.112343
fp_base_main,9,45,101985.31512176612,558996.625,4207643.0,1685.642578125,558850.0,559150.0,4207475.0,4207775.0,1593.6973876953125,1805.284423828125,23.926102,62.472855
fp_base_main,9,46,97644.6694078169,559014.3125,4207908.0,1567.1219482421875,558850.0,559150.0,4207775.0,4208075.0,1484.271240234375,1652.565185546875,24.954422,67.51257
fp_base_main,9,47,97190.94688039193,559039.25,4208213.5,1453.3641357421875,558850.0,559150.0,4208075.0,4208375.0,1389.5322265625,1533.033203125,19.695312,69.13119
fp_base_main,9,48,95713.60956210054,559014.8125,4208534.0,1341.95068359375,558850.0,559150.0,4208375.0,4208675.0,1287.5228271484375,1413.3135986328125,4.232971,70.46699
fp_base_main,9,49,98041.29621040405,559009.3125,4208834.0,1224.983642578125,558850.0,559150.0,4208675.0,4208975.0,1155.5916748046875,1294.3302001953125,4.6304016,67.04723
fp_base_main,9,50,93773.17222475013,558989.1875,4209089.0,1134.405517578125,558850.0,559150.0,4208975.0,4209275.0,1109.5450439453125,1172.678955078125,9.831818,82.122284
fp_base_main,9,51,90756.23613772531,558970.1875,4209442.5,1143.8184814453125,558850.0,559150.0,4209275.0,4209575.0,1123.860107421875,1163.599609375,6.8526306,83.55294
fp_base_main,9,52,35800.26065094741,559022.625,4209600.0,1172.95654296875,558850.0,559150.0,4209575.0,4209691.0,1157.838134765625,1230.719970703125,176.3153,54.934452
fp_base_main,10,37,11203.696618281838,559388.6875,4205353.0,2526.48828125,559249.6875,559450.0,4205266.5,4205375.0,2518.421630859375,2543.49169921875,168.55429,81.9507
fp_base_main,10,38,89374.52115598823,559305.25,4205462.0,2506.92236328125,559150.0,559450.0,4205375.0,4205675.0,2462.237060546875,2529.497314453125,179.48093,79.07417
fp_base_main,10,39,93599.7179561336,559305.625,4205825.0,2425.436767578125,559150.0,559450.0,4205675.0,4205975.0,2367.622314453125,2467.733642578125,13.15564,74.2732
fp_base_main,10,40,95023.77330527522,559332.4375,4206158.0,2321.625732421875,559150.0,559450.0,4205975.0,4206275.0,2268.68212890625,2399.324462890625,18.9254,71.28473
fp_base_main,10,41,96007.03316724447,559314.625,4206434.5,2232.762451171875,559150.0,559450.0,4206275.0,4206575.0,2165.49853515625,2304.072021484375,22.283325,70.54084
fp_base_main,10,42,99109.63860378947,559318.0,4206746.5,2117.59130859375,559150.0,559450.0,4206575.0,4206875.0,2039.136474609375,2207.824462890625,17.882065,66.20756
fp_base_main,10,43,105109.16399066015,559320.5625,4207056.0,1954.52880859375,559150.0,559450.0,4206875.0,4207175.0,1861.2664794921875,2084.8583984375,13.278824,58.874348
fp_base_main,10,44,106490.2553553578,559323.875,4207340.5,1781.629150390625,559150.0,559450.0,4207175.0,4207475.0,1686.4324951171875,1904.63623046875,11.293091,58.36082
fp_base_main,10,45,100977.6352770657,559329.25,4207641.0,1621.808837890625,559150.0,559450.0,4207475.0,4207775.0,1539.8919677734375,1727.0147705078125,20.33432,63.367813
fp_base_main,10,46,96540.80601553069,559318.6875,4207925.5,1509.9857177734375,559150.0,559450.0,4207775.0,4208075.0,1444.4295654296875,1593.6973876953125,24.089981,69.39746
fp_base_main,10,47,95007.3215627896,559329.25,4208237.0,1407.2657470703125,559150.0,559450.0,4208075.0,4208375.0,1350.3902587890625,1484.271240234375,22.998627,71.25134
fp_base_main,10,48,97982.16194565223,559333.0625,4208511.0,1312.4547119140625,559150.0,559450.0,4208375.0,4208675.0,1223.4189453125,1389.5322265625,26.209793,66.21096
fp_base_main,10,49,99979.71234397758,559350.875,4208854.0,1166.362548828125,559150.0,559450.0,4208675.0,4208975.0,1109.9427490234375,1287.5228271484375,26.63144,64.59872
fp_base_main,10,50,91342.4673483477,559298.0,4209062.0,1121.6312255859375,559150.0,559450.0,4208975.0,4209275.0,1111.750244140625,1155.5916748046875,161.86896,86.67149
fp_base_main,10,51,90584.03937797538,559300.625,4209417.5,1146.92578125,559150.0,559450.0,4209275.0,4209575.0,1131.525634765625,1165.880859375,10.75322,84.44845
fp_base_main,10,52,46899.30720898214,559304.0,4209626.0,1180.934326171875,559150.0,559450.0,4209575.0,4209727.5,1160.9202880859375,1239.489990234375,176.37564,60.137894
fp_base_main,11,37,58287.763345937026,559604.5,4205283.5,2542.169677734375,559450.0,559750.0,4205104.0,4205375.0,2524.421630859375,2573.62548828125,179.54321,80.91974
fp_base_main,11,38,93469.45440399346,559575.625,4205532.0,2485.79931640625,559450.0,559750.0,4205375.0,4205675.0,2430.1455078125,2529.78125,13.674622,75.09639
fp_base_main,11,39,95264.09760187387,559579.0625,4205820.5,2401.96484375,559450.0,559750.0,4205675.0,4205975.0,2329.357666015625,2462.23681640625,19.446564,71.105606
fp_base_main,11,40,97476.25882299466,559591.5,4206169.5,2278.5244140625,559450.0,559750.0,4205975.0,4206275.0,2208.661376953125,2367.622314453125,24.94104,67.646164
fp_base_main,11,41,98203.49464394046,559566.1875,4206379.5,2205.8154296875,559450.0,559750.0,4206275.0,4206575.0,2096.4091796875,2268.70068359375,31.271362,66.97356
fp_base_main,11,42,102205.52561713773,559616.4375,4206729.0,2056.0576171875,559450.0,559750.0,4206575.0,4206875.0,1938.2353515625,2165.49853515625,32.89258,61.259552
fp_base_main,11,43,108568.55720311012,559617.5625,4207045.0,1892.2452392578125,559450.0,559750.0,4206875.0,4207175.0,1773.056884765625,2039.136474609375,27.711975,57.07315
fp_base_main,11,44,106404.268761199,559608.6875,4207324.5,1731.2034912109375,559450.0,559750.0,4207175.0,4207475.0,1619.519287109375,1861.2664794921875,26.089233,58.67083
fp_base_main,11,45,100631.01407170073,559615.9375,4207638.0,1571.1143798828125,559450.0,559750.0,4207475.0,4207775.0,1495.703125,1686.4324951171875,21.513474,63.66994
fp_base_main,11,46,94316.52579074044,559602.25,4207930.5,1468.668212890625,559450.0,559750.0,4207775.0,4208075.0,1409.02197265625,1539.8919677734375,24.625748,73.34177
fp_base_main,11,47,95897.68786309632,559620.75,4208239.0,1375.143310546875,559450.0,559750.0,4208075.0,4208375.0,1308.55224609375,1444.4295654296875,20.65445,70.55847
fp_base_main,11,48,99537.92662319295,559621.625,4208549.0,1250.6077880859375,559450.0,559750.0,4208375.0,4208675.0,1167.1566162109375,1350.3902587890625,20.099548,64.58517
fp_base_main,11,49,97267.98801275343,559610.125,4208815.0,1146.6480712890625,559450.0,559750.0,4208675.0,4208975.0,1106.363037109375,1223.4189453125,23.796402,70.91337
fp_base_main,11,50,90369.62719410764,559598.4375,4209110.0,1129.0997314453125,559450.0,559750.0,4208975.0,4209275.0,1113.7882080078125,1146.82177734375,15.10817,84.84699
fp_base_main,11,51,90551.95223912259,559610.8125,4209435.5,1155.14990234375,559450.0,559750.0,4209275.0,4209575.0,1139.1724853515625,1170.815673828125,13.363007,85.120804
fp_base_main,11,52,57838.35284629243,559610.6875,4209651.5,1189.0906982421875,559450.0,559750.0,4209575.0,4209764.0,1165.86328125,1248.2601318359375,176.62723,66.43479
fp_base_main,12,36,16956.950321502656,559988.625,4205052.0,2583.742919921875,559803.5625,560050.0,4204941.5,4205075.0,2573.00927734375,2603.759033203125,158.33047,83.16067
fp_base_main,12,37,92501.75255732491,559926.125,4205228.5,2543.3466796875,559750.0,560050.0,4205075.0,4205375.0,2491.202880859375,2586.643310546875,10.987518,75.74199
fp_base_main,12,38,95770.5244340557,559908.9375,4205518.0,2460.672119140625,559750.0,560050.0,4205375.0,4205675.0,2378.116455078125,2524.421630859375,20.876617,70.343475
fp_base_main,12,39,97376.53115574665,559905.4375,4205845.5,2348.2900390625,559750.0,560050.0,4205675.0,4205975.0,2273.26123046875,2430.065185546875,28.395065,68.190704
fp_base_main,12,40,98080.85700111442,559893.875,4206113.5,2251.062255859375,559750.0,560050.0,4205975.0,4206275.0,2162.02490234375,2329.364013671875,22.803558,66.6435
fp_base_main,12,41,100044.6903498208,559923.0,4206437.0,2113.16357421875,559750.0,560050.0,4206275.0,4206575.0,2009.56640625,2208.661376953125,27.437622,63.560936
fp_base_main,12,42,106793.89158880794,559879.25,4206710.5,1989.0712890625,559750.0,560050.0,4206575.0,4206875.0,1853.335693359375,2096.4091796875,27.959076,57.864193
fp_base_main,12,43,107432.78243512589,559903.5625,4207040.5,1799.038330078125,559750.0,560050.0,4206875.0,4207175.0,1692.867919921875,1938.2353515625,27.802887,57.77691
fp_base_main,12,44,101175.11311874412,559883.375,4207346.5,1651.299072265625,559750.0,560050.0,4207175.0,4207475.0,1554.228759765625,1773.056884765625,27.770462,63.22113
fp_base_main,12,45,98118.42466314012,559893.375,4207630.0,1529.8785400390625,559750.0,560050.0,4207475.0,4207775.0,1440.0137939453125,1619.519287109375,26.800735,66.64259
fp_base_main,12,46,97561.30755866347,559897.4375,4207935.0,1419.4310302734375,559750.0,560050.0,4207775.0,4208075.0,1332.3140869140625,1495.703125,33.199966,68.37131
fp_base_main,12,47,97306.63132906501,559877.5625,4208228.5,1329.5028076171875,559750.0,560050.0,4208075.0,4208375.0,1246.2520751953125,1409.02197265625,34.61847,67.90878
fp_base_main,12,48,101565.98782673343,559919.0,4208559.5,1187.228515625,559750.0,560050.0,4208375.0,4208675.0,1116.581298828125,1308.55224609375,23.280197,63.1712
fp_base_main,12,49,92484.4285066675,559922.4375,4208783.5,1124.1314697265625,559750.0,560050.0,4208675.0,4208975.0,1109.226806640625,1167.1566162109375,5.5962677,87.76151
fp_base_main,12,50,90398.31179712871,559917.75,4209137.5,1139.0438232421875,559750.0,560050.0,4208975.0,4209275.0,1120.28076171875,1154.4735107421875,14.003983,84.60437
fp_base_main,12,51,90526.16321471265,559921.3125,4209453.5,1163.3856201171875,559750.0,560050.0,4209275.0,4209575.0,1146.82177734375,1175.770751953125,16.665787,85.69925
fp_base_main,12,52,68798.78480205912,559917.625,4209677.5,1197.2550048828125,559750.0,560050.0,4209575.0,4209800.5,1170.8155517578125,1257.0301513671875,177.6023,71.16389
fp_base_main,13,36,67296.48190081186,560187.75,4204989.5,2593.5234375,560050.0,560350.0,4204778.5,4205075.0,2545.73779296875,2633.892822265625,18.099884,75.95945
fp_base_main,13,37,95644.51729594269,560143.8125,4205233.0,2525.87158203125,560050.0,560350.0,4205075.0,4205375.0,2450.031982421875,2586.5693359375,23.314392,70.370514
fp_base_main,13,38,98765.1606968964,560168.75,4205522.5,2415.642822265625,560050.0,560350.0,4205375.0,4205675.0,2342.091552734375,2491.202880859375,17.82782,66.58834
fp_base_main,13,39,95210.21251823635,560187.0,4205830.0,2305.72509765625,560050.0,560350.0,4205675.0,4205975.0,2253.08544921875,2378.116455078125,6.813843,72.83472
fp_base_main,13,40,97311.59605038732,560180.875,4206143.5,2197.890380859375,560050.0,560350.0,4205975.0,4206275.0,2135.86181640625,2273.26123046875,7.6177673,68.54711
fp_base_main,13,41,103003.38799025296,560164.9375,4206433.0,2063.994873046875,560050.0,560350.0,4206275.0,4206575.0,1977.693115234375,2162.014892578125,8.711639,61.65057
fp_base_main,13,42,102990.03548845714,560159.3125,4206738.0,1904.08349609375,560050.0,560350.0,4206575.0,4206875.0,1813.7529296875,2009.56640625,12.799561,62.06286
fp_base_main,13,43,103126.83277456713,560166.125,4207022.5,1754.1693115234375,560050.0,560350.0,4206875.0,4207175.0,1644.517333984375,1853.335693359375,13.542419,60.684895
fp_base_main,13,44,102041.89440045357,560192.125,4207362.0,1575.3057861328125,560050.0,560350.0,4207175.0,4207475.0,1481.9632568359375,1692.867919921875,24.869644,61.897568
fp_base_main,13,45,100701.79641572433,560179.8125,4207622.5,1462.2567138671875,560050.0,560350.0,4207475.0,4207775.0,1347.9368896484375,1554.228759765625,33.75975,63.504745
fp_base_main,13,46,98417.03771897816,560186.125,4207932.0,1342.364501953125,560050.0,560350.0,4207775.0,4208075.0,1257.3011474609375,1440.0137939453125,39.0338,66.09981
fp_base_main,13,47,97737.60919375156,560187.8125,4208234.5,1250.9549560546875,560050.0,560350.0,4208075.0,4208375.0,1148.051513671875,1332.3140869140625,43.9505,67.73964
fp_base_main,13,48,98583.39074323195,560191.875,4208540.5,1156.3133544921875,560050.0,560350.0,4208375.0,4208675.0,1120.7222900390625,1246.2520751953125,26.528198,72.68913
fp_base_main,13,49,90373.09923707193,560185.375,4208801.0,1131.055908203125,560050.0,560350.0,4208675.0,4208975.0,1121.7318115234375,1143.3614501953125,115.1586,87.16752
fp_base_main,13,50,90428.35305084054,560231.5625,4209148.0,1147.3438720703125,560050.0,560350.0,4208975.0,4209275.0,1126.726318359375,1162.1279296875,13.265839,84.36268
fp_base_main,13,51,90500.12161406883,560232.1875,4209471.5,1171.626953125,560050.0,560350.0,4209275.0,4209575.0,1154.4735107421875,1180.956298828125,19.341446,86.116356
fp_base_main,13,52,79624.15380548872,560224.75,4209703.5,1205.4207763671875,560050.0,560350.0,4209575.0,4209836.5,1175.7501220703125,1265.8001708984375,178.96686,74.24546
fp_base_main,14,35,25228.91783270708,560566.3125,4204726.5,2641.90087890625,560356.4375,560650.0,4204616.0,4204775.0,2627.10546875,2664.532958984375,3.0897827,75.57828
fp_base_main,14,36,94788.9965916166,560503.8125,4204896.5,2591.93603515625,560350.0,560650.0,4204775.0,4205075.0,2528.541748046875,2634.541748046875,7.2869263,72.393394
fp_base_main,14,37,94878.8066930593,560502.4375,4205257.5,2476.7919921875,560350.0,560650.0,4205075.0,4205375.0,2429.50439453125,2545.73779296875,10.309372,71.696365
fp_base_main,14,38,95070.6165783611,560509.25,4205502.0,2395.512451171875,560350.0,560650.0,4205375.0,4205675.0,2322.199951171875,2450.031982421875,12.395691,71.180504
fp_base_main,14,39,95526.52158581036,560480.0,4205840.5,2286.472900390625,560350.0,560650.0,4205675.0,4205975.0,2219.1533203125,2352.60986328125,22.677673,70.91782
fp_base_main,14,40,97084.54665693842,560498.4375,4206133.0,2184.063232421875,560350.0,560650.0,4205975.0,4206275.0,2119.041748046875,2259.971435546875,13.872589,68.67631
fp_base_main,14,41,100148.1924973315,560507.875,4206446.5,2043.911376953125,560350.0,560650.0,4206275.0,4206575.0,1977.3314208984375,2135.86181640625,2.2597961,64.124146
fp_base_main,14,42,102087.23836769671,560524.75,4206750.5,1890.0206298828125,560350.0,560650.0,4206575.0,4206875.0,1813.280517578125,1983.1090087890625,174.30087,62.321846
fp_base_main,14,43,102554.88811453462,560505.1875,4207036.0,1739.620849609375,560350.0,560650.0,4206875.0,4207175.0,1641.4716796875,1835.8035888671875,168.20352,61.679974
fp_base_main,14,44,105553.55085274288,560507.5625,4207319.0,1582.304931640625,560350.0,560650.0,4207175.0,4207475.0,1472.68798828125,1686.591552734375,165.7431,59.146553
fp_base_main,14,45,101150.88639875599,560507.5,4207649.5,1404.1793212890625,560350.0,560650.0,4207475.0,4207775.0,1338.189453125,1512.45849609375,175.39581,63.53572
fp_base_main,14,46,95923.5753148009,560506.4375,4207905.0,1293.9482421875,560350.0,560650.0,4207775.0,4208075.0,1218.3189697265625,1347.9368896484375,11.794205,70.83819
fp_base_main,14,47,96620.08453622695,560490.625,4208239.5,1182.7320556640625,560350.0,560650.0,4208075.0,4208375.0,1129.4583740234375,1257.3011474609375,14.522827,70.13496
fp_base_main,14,48,91887.88173049717,560474.8125,4208460.5,1142.0560302734375,560350.0,560650.0,4208375.0,4208675.0,1125.1700439453125,1162.7083740234375,53.94191,86.33396
fp_base_main,14,49,90142.56826847716,560449.8125,4208879.5,1141.22509765625,560350.0,560650.0,4208675.0,4208975.0,1132.9090576171875,1156.7451171875,123.19989,86.741005
fp_base_main,14,50,90569.27862107205,560495.0,4209074.0,1147.4500732421875,560350.0,560650.0,4208975.0,4209275.0,1133.2086181640625,1169.6336669921875,18.323608,84.51411
fp_base_main,14,51,90447.83207545309,560522.5,4209460.5,1178.30615234375,560350.0,560650.0,4209275.0,4209575.0,1162.1279296875,1191.38623046875,23.6185,85.99965
fp_base_main,14,52,90590.11038070683,560545.0625,4209695.0,1207.645263671875,560350.0,560650.0,4209575.0,4209873.0,1180.72021484375,1274.5701904296875,1.7442322,77.363174
fp_base_main,15,34,456.8638224532019,560934.625,4204468.5,2693.4580078125,560911.25,560950.0,4204455.5,4204475.0,2689.887939453125,2697.847900390625,41.349762,71.96316
fp_base_main,15,35,75925.159087118,560839.9375,4204632.0,2655.9443359375,560650.0,560950.0,4204475.0,4204775.0,2606.830322265625,2697.5888671875,9.345703,74.967445
fp_base_main,15,36,94278.57409278369,560847.125,4204929.5,2572.564453125,560650.0,560950.0,4204775.0,4205075.0,2528.507080078125,2627.10546875,2.0229797,74.2831
fp_base_main,15,37,94443.40720135796,560843.5625,4205256.0,2476.223876953125,560650.0,560950.0,4205075.0,4205375.0,2429.50244140625,2538.14453125,169.405,73.13446
fp_base_main,15,38,95657.20510278914,560806.375,4205494.5,2394.62158203125,560650.0,560950.0,4205375.0,4205675.0,2323.006591796875,2444.398193359375,174.20013,69.966194
fp_base_main,15,39,96619.95882140833,560829.625,4205815.5,2277.922119140625,560650.0,560950.0,4205675.0,4205975.0,2210.70654296875,2334.33544921875,175.65189,68.96053
fp_base_main,15,40,96333.91282464443,560831.5625,4206143.5,2152.677978515625,560650.0,560950.0,4205975.0,4206275.0,2085.005126953125,2219.1533203125,12.070587,68.483215
fp_base_main,15,41,97894.88241061967,560809.0,4206458.0,2028.01953125,560650.0,560950.0,4206275.0,4206575.0,1973.6923828125,2119.068603515625,7.971924,67.57471
fp_base_main,15,42,98332.99204343476,560817.25,4206744.0,1910.4188232421875,560650.0,560950.0,4206575.0,4206875.0,1835.8035888671875,1985.1357421875,172.16647,67.33132
fp_base_main,15,43,100991.060813182,560843.6875,4207053.5,1777.0677490234375,560650.0,560950.0,4206875.0,4207175.0,1686.591552734375,1873.8775634765625,164.55203,64.34563
fp_base_main,15,44,104478.18216481686,560821.8125,4207320.0,1640.8759765625,560650.0,560950.0,4207175.0,4207475.0,1512.45849609375,1736.1722412109375,160.92218,60.73029
fp_base_main,15,45,105779.74370879994,560825.625,4207625.0,1473.814208984375,560650.0,560950.0,4207475.0,4207775.0,1342.0081787109375,1581.6497802734375,153.80298,58.626087
fp_base_main,15,46,103303.72842283366,560829.1875,4207908.0,1323.3668212890625,560650.0,560950.0,4207775.0,4208075.0,1218.4359130859375,1418.549560546875,155.68146,60.658382
fp_base_main,15,47,95893.66044762309,560843.0,4208294.0,1176.4027099609375,560650.0,560950.0,4208075.0,4208375.0,1142.3406982421875,1257.560302734375,162.13196,74.864235
fp_base_main,15,48,91303.3759043602,560799.8125,4208469.0,1162.0718994140625,560650.0,560950.0,4208375.0,4208675.0,1145.76513671875,1178.5845947265625,86.8819,86.03234
fp_base_main,15,49,90125.26918050175,560804.875,4208842.0,1158.9376220703125,560650.0,560950.0,4208675.0,4208975.0,1148.2667236328125,1170.114501953125,122.34845,86.97891
fp_base_main,15,50,90589.05921917026,560779.5625,4209079.0,1157.1949462890625,560650.0,560950.0,4208975.0,4209275.0,1144.0863037109375,1176.1004638671875,18.17749,85.7119
fp_base_main,15,51,90282.35839013154,560751.75,4209414.5,1182.207763671875,560650.0,560950.0,4209275.0,4209575.0,1169.6324462890625,1199.1082763671875,18.560898,85.59491
fp_base_main,15,52,95625.0231661787,560811.625,4209723.5,1217.6121826171875,560650.0,560950.0,4209575.0,4209875.0,1187.0986328125,1275.05078125,174.8031,78.52421
fp_base_main,15,53,6075.297788917807,560855.5,4209886.5,1272.1341552734375,560666.4375,560950.0,4209875.0,4209909.5,1258.01123046875,1283.3402099609375,175.32086,53.623585
fp_base_main,16,34,31864.29642300928,561138.875,4204407.0,2718.5859375,560950.0,561250.0,4204303.5,4204475.0,2693.073486328125,2745.6650390625,53.785126,79.03198
fp_base_main,16,35,94248.88689351172,561101.0625,4204603.0,2684.991455078125,560950.0,561250.0,4204475.0,4204775.0,2619.0654296875,2735.1201171875,157.15591,74.2066
fp_base_main,16,36,95146.76502361931,561101.4375,4204911.0,2600.948974609375,560950.0,561250.0,4204775.0,4205075.0,2538.14453125,2660.10009765625,163.98523,72.69634
fp_base_main,16,37,96618.5682800662,561104.1875,4205217.5,2501.840576171875,560950.0,561250.0,4205075.0,4205375.0,2437.967041015625,2567.01220703125,175.4223,70.17864
fp_base_main,16,38,97408.19033955186,561106.0,4205537.0,2375.86962890625,560950.0,561250.0,4205375.0,4205675.0,2307.219970703125,2447.4013671875,6.90007,67.77255
fp_base_main,16,39,97856.90891788152,561110.1875,4205824.0,2261.6787109375,560950.0,561250.0,4205675.0,4205975.0,2172.998779296875,2332.25927734375,15.150696,67.30646
fp_base_main,16,40,101470.21835815761,561102.8125,4206124.0,2127.525634765625,560950.0,561250.0,4205975.0,4206275.0,2037.0684814453125,2216.897216796875,19.097137,62.977715
fp_base_main,16,41,96930.60915760712,561119.4375,4206420.0,2001.2110595703125,560950.0,561250.0,4206275.0,4206575.0,1925.7691650390625,2085.005126953125,23.900452,68.323395
fp_base_main,16,42,96639.47546058164,561103.75,4206738.5,1891.02783203125,560950.0,561250.0,4206575.0,4206875.0,1818.7156982421875,1973.6923828125,23.828705,68.718185
fp_base_main,16,43,98466.33101251432,561116.375,4207042.0,1768.5804443359375,560950.0,561250.0,4206875.0,4207175.0,1695.5589599609375,1864.09326171875,17.60466,66.18995
fp_base_main,16,44,99940.2923899582,561123.0,4207316.0,1645.1136474609375,560950.0,561250.0,4207175.0,4207475.0,1557.31591796875,1731.4063720703125,10.677734,64.0122
fp_base_main,16,45,100792.71109445381,561109.9375,4207643.5,1490.2880859375,560950.0,561250.0,4207475.0,4207775.0,1417.6986083984375,1581.011474609375,5.728302,64.221985
fp_base_main,16,46,102246.45188684946,561099.4375,4207921.0,1347.4034423828125,560950.0,561250.0,4207775.0,4208075.0,1257.560302734375,1432.7039794921875,177.17548,61.862057
fp_base_main,16,47,99023.95072784717,561076.5,4208239.0,1202.651611328125,560950.0,561250.0,4208075.0,4208375.0,1161.9642333984375,1271.492919921875,170.91022,72.50632
fp_base_main,16,48,90125.24461115026,561134.25,4208535.0,1182.299072265625,560950.0,561250.0,4208375.0,4208675.0,1170.119873046875,1191.964599609375,122.3244,86.97902
fp_base_main,16,49,90125.23072035059,561090.375,4208842.0,1171.677490234375,560950.0,561250.0,4208675.0,4208975.0,1161.65478515625,1183.497802734375,122.334045,86.97941
fp_base_main,16,50,90597.67886225134,561086.5625,4209097.5,1168.2823486328125,560950.0,561250.0,4208975.0,4209275.0,1155.263671875,1182.57275390625,28.336426,87.167915
fp_base_main,16,51,90311.3792497094,561076.875,4209405.5,1189.38427734375,560950.0,561250.0,4209275.0,4209575.0,1176.1004638671875,1206.7608642578125,17.541351,85.37685
fp_base_main,16,52,92976.87138118061,561117.375,4209738.0,1219.574462890625,560950.0,561250.0,4209575.0,4209875.0,1196.9599609375,1258.01123046875,0.96980286,82.46374
fp_base_main,16,53,19636.974614987834,561116.5,4209896.0,1263.564697265625,560950.0,561250.0,4209875.0,4209946.0,1240.16552734375,1292.1102294921875,175.3418,53.7073
fp_base_main,17,33,1095.537315648837,561534.4375,4204170.5,2747.47607421875,561503.625,561550.0,4204151.5,4204175.0,2740.478271484375,2763.025634765625,19.196106,41.841587
fp_base_main,17,34,81533.21539778094,561437.5625,4204297.5,2743.289794921875,561250.0,561550.0,4204175.0,4204475.0,2717.996826171875,2774.870361328125,116.04968,86.37602
fp_base_main,17,35,94848.2465436722,561394.25,4204626.5,2682.72216796875,561250.0,561550.0,4204475.0,4204775.0,2625.180419921875,2731.19482421875,175.63794,73.42435
fp_base_main,17,36,94830.09586421153,561397.875,4204941.5,2584.96728515625,561250.0,561550.0,4204775.0,4205075.0,2536.693359375,2649.062255859375,3.989914,72.258675
fp_base_main,17,37,96527.03467529594,561396.0625,4205210.0,2492.51171875,561250.0,561550.0,4205075.0,4205375.0,2425.9736328125,2553.562744140625,6.7160645,69.05992
fp_base_main,17,38,99437.92403483072,561394.4375,4205528.5,2359.2900390625,561250.0,561550.0,4205375.0,4205675.0,2284.139892578125,2437.967041015625,5.718506,64.90766
fp_base_main,17,39,100167.5561108647,561395.25,4205831.0,2220.27734375,561250.0,561550.0,4205675.0,4205975.0,2143.847900390625,2307.219970703125,11.991425,64.649605
fp_base_main,17,40,97262.10759775975,561392.6875,4206118.0,2094.32861328125,561250.0,561550.0,4205975.0,4206275.0,2027.169921875,2172.998779296875,6.8099365,68.01675
fp_base_main,17,41,96491.94363750618,561391.5625,4206422.5,1975.714599609375,561250.0,561550.0,4206275.0,4206575.0,1909.4439697265625,2037.0684814453125,0.38427734,68.581985
fp_base_main,17,42,97574.7236323163,561417.6875,4206718.5,1864.068603515625,561250.0,561550.0,4206575.0,4206875.0,1794.0335693359375,1931.9217529296875,3.6676636,69.07041
fp_base_main,17,43,97933.23550393828,561393.875,4207014.5,1745.9539794921875,561250.0,561550.0,4206875.0,4207175.0,1660.162841796875,1818.7156982421875,12.86792,66.42941
fp_base_main,17,44,99562.23696621008,561427.125,4207333.0,1603.50341796875,561250.0,561550.0,4207175.0,4207475.0,1524.5565185546875,1695.5589599609375,13.891022,64.64109
fp_base_main,17,45,99773.52101362239,561402.9375,4207655.5,1456.169189453125,561250.0,561550.0,4207475.0,4207775.0,1390.8519287109375,1557.31591796875,12.1073,64.52555
fp_base_main,17,46,100571.75486755189,561426.5,4207964.0,1309.9462890625,561250.0,561550.0,4207775.0,4208075.0,1242.7198486328125,1417.6986083984375,5.9273376,63.991985
fp_base_main,17,47,94851.43815697418,561429.5625,4208182.0,1224.42431640625,561250.0,561550.0,4208075.0,4208375.0,1187.513427734375,1265.1497802734375,177.88528,79.331
fp_base_main,17,48,90125.18249209433,561408.125,4208542.0,1194.3160400390625,561250.0,561550.0,4208375.0,4208675.0,1183.503662109375,1205.3448486328125,122.3551,86.97976
fp_base_main,17,49,90125.19292183952,561373.3125,4208842.0,1184.294189453125,561250.0,561550.0,4208675.0,4208975.0,1175.031982421875,1196.87548828125,122.34607,86.97953
fp_base_main,17,50,90596.61273815378,561391.1875,4209117.0,1179.2525634765625,561250.0,561550.0,4208975.0,4209275.0,1166.44091796875,1189.0264892578125,66.23959,88.27377
fp_base_main,17,51,90341.18371764958,561391.0,4209416.5,1197.6962890625,561250.0,561550.0,4209275.0,4209575.0,1182.5408935546875,1214.4228515625,16.342316,85.12619
fp_base_main,17,52,90930.46657729811,561374.1875,4209757.5,1224.1556396484375,561250.0,561550.0,4209575.0,4209875.0,1206.7777099609375,1239.8428955078125,7.236557,84.60761
fp_base_main,17,53,32610.07546009827,561422.0625,4209898.5,1248.6202392578125,561250.0,561550.0,4209875.0,4209982.5,1234.624267578125,1300.8802490234375,176.4028,55.372105
fp_base_main,18,33,36951.41107299551,561730.9375,4204109.0,2771.325439453125,561550.0,561850.0,4203999.5,4204175.0,2742.92041015625,2797.052490234375,50.823624,79.79309
fp_base_main,18,34,92124.1093574097,561674.1875,4204308.0,2760.604736328125,561550.0,561850.0,4204175.0,4204475.0,2722.176513671875,2788.327880859375,167.60846,82.107346
fp_base_main,18,35,93586.59316983612,561685.875,4204646.5,2687.87646484375,561550.0,561850.0,4204475.0,4204775.0,2644.326416015625,2740.669189453125,8.586365,75.46862
fp_base_main,18,36,96660.7130110428,561677.4375,4204947.5,2588.82666015625,561550.0,561850.0,4204775.0,4205075.0,2541.239013671875,2665.627685546875,1.716217,69.91543
fp_base_main,18,37,97065.67481754115,561660.5625,4205237.5,2477.669677734375,561550.0,561850.0,4205075.0,4205375.0,2415.239013671875,2543.624267578125,3.4723053,68.18846
fp_base_main,18,38,99099.82704452153,561673.0625,4205504.0,2364.33447265625,561550.0,561850.0,4205375.0,4205675.0,2284.244384765625,2425.9736328125,2.9676514,65.24133
fp_base_main,18,39,98666.32898328504,561684.875,4205805.5,2225.0634765625,561550.0,561850.0,4205675.0,4205975.0,2142.56884765625,2284.6123046875,176.69293,66.12061
fp_base_main,18,40,96430.9472719846,561687.75,4206113.5,2098.323486328125,561550.0,561850.0,4205975.0,4206275.0,2032.6468505859375,2162.54541015625,170.07947,69.35169
fp_base_main,18,41,94922.36352146268,561679.4375,4206426.5,1987.0518798828125,561550.0,561850.0,4206275.0,4206575.0,1931.9217529296875,2048.126708984375,173.55475,71.62269
fp_base_main,18,42,100926.63486594216,561670.75,4206722.0,1870.80322265625,561550.0,561850.0,4206575.0,4206875.0,1793.453125,1945.9173583984375,177.23874,64.16243
fp_base_main,18,43,99366.07958771074,561682.4375,4207044.5,1717.58935546875,561550.0,561850.0,4206875.0,4207175.0,1653.8492431640625,1800.210693359375,1.1848297,65.054504
fp_base_main,18,44,100130.97725264987,561671.1875,4207300.5,1597.1697998046875,561550.0,561850.0,4207175.0,4207475.0,1495.2086181640625,1660.162841796875,7.567108,64.16912
fp_base_main,18,45,98499.5360391534,561679.4375,4207637.0,1444.988525390625,561550.0,561850.0,4207475.0,4207775.0,1377.490478515625,1524.5565185546875,7.9468384,66.33109
fp_base_main,18,46,103009.32207761248,561714.3125,4207962.0,1295.8638916015625,561550.0,561850.0,4207775.0,4208075.0,1235.0487060546875,1390.8519287109375,5.3552856,64.10075
fp_base_main,18,47,90831.86394726801,561694.375,4208161.0,1230.56640625,561550.0,561850.0,4208075.0,4208375.0,1205.3448486328125,1249.63720703125,155.77505,83.04489
fp_base_main,18,48,90125.2957931621,561735.875,4208547.0,1208.7945556640625,561550.0,561850.0,4208375.0,4208675.0,1196.87548828125,1218.72607421875,122.33566,86.97836
fp_base_main,18,49,90125.27201321322,561701.5625,4208847.0,1198.7933349609375,561550.0,561850.0,4208675.0,4208975.0,1188.40625,1210.2545166015625,122.341736,86.9788
fp_base_main,18,50,90587.28329114821,561709.875,4209151.0,1190.419189453125,561550.0,561850.0,4208975.0,4209275.0,1177.6181640625,1201.782958984375,116.146545,87.82961
fp_base_main,18,51,90370.7143120488,561705.6875,4209427.0,1206.0181884765625,561550.0,561850.0,4209275.0,4209575.0,1188.99951171875,1222.070556640625,15.018723,84.85703
fp_base_main,18,52,90768.76037680884,561703.25,4209724.5,1227.0908203125,561550.0,561850.0,4209575.0,4209875.0,1214.4227294921875,1242.1383056640625,14.316376,85.81485
fp_base_main,18,53,43686.09706936278,561704.125,4209924.0,1256.3260498046875,561550.0,561850.0,4209875.0,4210019.0,1237.1766357421875,1309.6502685546875,176.51569,60.99898
fp_base_main,19,32,1805.2707083311805,562130.4375,4203869.5,2805.77587890625,562095.75,562150.0,4203847.5,4203875.0,2790.998779296875,2831.0791015625,23.174591,25.525616
fp_base_main,19,33,82714.53709482317,562025.5,4204033.0,2785.796875,561850.0,562150.0,4203875.0,4204175.0,2752.621826171875,2824.9228515625,30.220703,82.23387
fp_base_main,19,34,92788.85507300292,561969.0,4204308.0,2746.968505859375,561850.0,562150.0,4204175.0,4204475.0,2689.23583984375,2789.30908203125,28.990616,75.904785
fp_base_main,19,35,93596.48640275661,561996.75,4204647.0,2664.23095703125,561850.0,562150.0,4204475.0,4204775.0,2610.00830078125,2722.176513671875,23.320099,74.44589
fp_base_main,19,36,95412.2711230712,562015.875,4204964.0,2564.4580078125,561850.0,562150.0,4204775.0,4205075.0,2511.7734375,2644.326416015625,18.847946,70.66505
fp_base_main,19,37,97890.05177606056,562014.3125,4205201.0,2475.45263671875,561850.0,562150.0,4205075.0,4205375.0,2393.40380859375,2543.8056640625,12.670471,67.01746
fp_base_main,19,38,97868.8755378788,562003.3125,4205497.5,2353.9658203125,561850.0,562150.0,4205375.0,4205675.0,2275.08837890625,2415.239013671875,7.232239,67.054405
fp_base_main,19,39,97026.02723284731,562007.25,4205809.5,2225.10595703125,561850.0,562150.0,4205675.0,4205975.0,2149.72607421875,2284.25732421875,3.7248688,67.95831
fp_base_main,19,40,97801.85664668727,561994.5,4206133.5,2092.620849609375,561850.0,562150.0,4205975.0,4206275.0,2018.6075439453125,2164.00439453125,9.596832,67.26972
fp_base_main,19,41,98378.73568948437,562008.25,4206419.0,1976.964111328125,561850.0,562150.0,4206275.0,4206575.0,1884.92431640625,2050.224365234375,18.712967,66.46707
fp_base_main,19,42,100904.03075699713,562000.625,4206740.0,1837.6614990234375,561850.0,562150.0,4206575.0,4206875.0,1740.18212890625,1937.647216796875,22.870667,63.34666
fp_base_main,19,43,103312.16398309944,562011.9375,4207055.0,1677.705810546875,561850.0,562150.0,4206875.0,4207175.0,1581.7352294921875,1802.0921630859375,25.229614,60.396072
fp_base_main,19,44,102869.11737637127,562016.8125,4207328.5,1540.8795166015625,561850.0,562150.0,4207175.0,4207475.0,1443.39453125,1653.8492431640625,22.516068,61.82835
fp_base_main,19,45,100901.43293710244,562029.1875,4207642.0,1402.6058349609375,561850.0,562150.0,4207475.0,4207775.0,1341.0401611328125,1495.2086181640625,21.980331,68.83202
fp_base_main,19,46,97463.04207433942,561965.75,4207872.0,1326.9805908203125,561850.0,562150.0,4207775.0,4208075.0,1249.6341552734375,1377.490478515625,7.70372,69.68421
fp_base_main,19,47,90860.71653209177,562038.1875,4208230.5,1241.4468994140625,561850.0,562150.0,4208075.0,4208375.0,1218.7275390625,1269.3948974609375,153.68814,82.33294
fp_base_main,19,48,90125.26776905675,562043.1875,4208547.0,1222.5072021484375,561850.0,562150.0,4208375.0,4208675.0,1210.2606201171875,1232.1087646484375,122.326355,86.97867
fp_base_main,19,49,90125.2557882079,562006.875,4208847.0,1212.41796875,561850.0,562150.0,4208675.0,4208975.0,1201.7938232421875,1223.6396484375,122.33496,86.97895
fp_base_main,19,50,90596.60269152078,562017.6875,4209172.0,1201.2958984375,561850.0,562150.0,4208975.0,4209275.0,1188.7955322265625,1215.1705322265625,135.60864,86.94786
fp_base_main,19,51,90399.5210821644,562020.875,4209438.0,1214.364501953125,561850.0,562150.0,4209275.0,4209575.0,1195.48095703125,1229.7213134765625,13.919998,84.59469
fp_base_main,19,52,90743.57720026727,562015.0625,4209742.5,1235.3565673828125,561850.0,562150.0,4209575.0,4209875.0,1222.0706787109375,1247.103515625,19.166763,86.42649
fp_base_main,19,53,54645.27126371287,562011.8125,4209950.0,1264.5076904296875,561850.0,562150.0,4209875.0,4210055.5,1242.138427734375,1318.4202880859375,176.95721,67.629364
fp_base_main,20,32,42647.51959292117,562313.9375,4203829.0,2823.125,562150.0,562450.0,4203695.5,4203875.0,2792.76708984375,2865.10595703125,53.785675,76.9238
fp_base_main,20,33,92925.26606112893,562264.0,4203973.0,2799.255126953125,562150.0,562450.0,4203875.0,4204175.0,2753.8720703125,2848.651611328125,137.87646,76.81235
fp_base_main,20,34,95326.1909887198,562337.25,4204285.5,2737.836669921875,562150.0,562450.0,4204175.0,4204475.0,2666.910400390625,2783.791015625,172.09668,71.56791
fp_base_main,20,35,95774.59291388268,562331.875,4204620.0,2629.793212890625,562150.0,562450.0,4204475.0,4204775.0,2553.52978515625,2689.23583984375,21.676086,69.6207
fp_base_main,20,36,97615.70308684174,562335.3125,4204924.0,2520.964599609375,562150.0,562450.0,4204775.0,4205075.0,2437.63232421875,2610.00830078125,32.14203,66.91833
fp_base_main,20,37,98926.05271765127,562325.3125,4205232.0,2407.5,562150.0,562450.0,4205075.0,4205375.0,2323.32568359375,2511.7734375,31.947021,65.426125
fp_base_main,20,38,99719.339581076,562318.875,4205520.0,2294.171630859375,562150.0,562450.0,4205375.0,4205675.0,2198.95166015625,2393.40380859375,30.672272,64.52923
fp_base_main,20,39,102031.94872818177,562316.1875,4205811.0,2171.366943359375,562150.0,562450.0,4205675.0,4205975.0,2069.341064453125,2275.08837890625,33.31143,62.46485
fp_base_main,20,40,101907.57460000095,562338.5625,4206139.5,2022.1343994140625,562150.0,562450.0,4205975.0,4206275.0,1936.364501953125,2149.72607421875,32.99115,62.697998
fp_base_main,20,41,102419.2050323549,562312.125,4206418.5,1904.45751953125,562150.0,562450.0,4206275.0,4206575.0,1796.2940673828125,2018.6075439453125,32.287018,61.352333
fp_base_main,20,42,103070.5098461196,562328.0625,4206719.5,1761.432861328125,562150.0,562450.0,4206575.0,4206875.0,1659.1815185546875,1884.92431640625,33.247986,60.68861
fp_base_main,20,43,102950.32709885205,562327.0625,4207022.5,1615.1343994140625,562150.0,562450.0,4206875.0,4207175.0,1513.734130859375,1740.18212890625,26.014404,61.62725
fp_base_main,20,44,102788.71392323465,562360.0,4207377.0,1433.5841064453125,562150.0,562450.0,4207175.0,4207475.0,1367.8524169921875,1581.7352294921875,25.962616,61.264145
fp_base_main,20,45,105708.08888506803,562333.1875,4207591.0,1369.37451171875,562150.0,562450.0,4207475.0,4207775.0,1328.8271484375,1443.39453125,31.048721,77.98142
fp_base_main,20,46,91856.30944532547,562288.25,4207885.5,1313.8323974609375,562150.0,562450.0,4207775.0,4208075.0,1269.4085693359375,1341.2557373046875,167.23926,78.7411
fp_base_main,20,47,91032.81787750784,562319.9375,4208236.5,1257.8233642578125,562150.0,562450.0,4208075.0,4208375.0,1232.1087646484375,1289.196044921875,155.79553,81.487724
fp_base_main,20,48,90129.44442122409,562339.875,4208505.5,1237.0865478515625,562150.0,562450.0,4208375.0,4208675.0,1223.6396484375,1246.8551025390625,122.58096,86.8899
fp_base_main,20,49,90125.28328401373,562312.8125,4208847.0,1226.0592041015625,562150.0,562450.0,4208675.0,4208975.0,1215.1705322265625,1237.01953125,122.33975,86.978615
fp_base_main,20,50,90431.62050608607,562298.0625,4209195.5,1213.2252197265625,562150.0,562450.0,4208975.0,4209275.0,1199.9727783203125,1228.548095703125,125.573975,86.01376
fp_base_main,20,51,90584.77902710464,562352.8125,4209378.5,1219.521728515625,562150.0,562450.0,4209275.0,4209575.0,1201.9215087890625,1237.374755859375,25.513275,84.971985
fp_base_main,20,52,90718.51100917262,562327.4375,4209760.5,1243.6339111328125,562150.0,562450.0,4209575.0,4209875.0,1229.72119140625,1253.9659423828125,23.787827,86.856064
fp_base_main,20,53,65583.70938903245,562319.875,4209975.5,1272.696044921875,562150.0,562450.0,4209875.0,4210092.0,1247.1033935546875,1327.1904296875,178.20801,72.25763
fp_base_main,21,31,2594.4294568267146,562735.0625,4203571.0,2857.326904296875,562686.8125,562750.0,4203543.0,4203575.0,2841.51904296875,2899.132568359375,23.683441,24.7133
fp_base_main,21,32,90770.87195452448,562637.75,4203699.5,2843.91259765625,562450.0,562750.0,4203575.0,4203875.0,2800.72802734375,2891.968994140625,23.472382,81.68987
fp_base_main,21,33,93839.03115183214,562618.125,4204044.5,2782.373291015625,562450.0,562750.0,4203875.0,4204175.0,2726.05224609375,2843.137451171875,32.024216,74.5955
fp_base_main,21,34,96639.34141826718,562608.9375,4204308.5,2707.158935546875,562450.0,562750.0,4204175.0,4204475.0,2624.607421875,2775.59814453125,22.433075,68.69934
fp_base_main,21,35,97670.706795312,562602.125,4204621.0,2590.49169921875,562450.0,562750.0,4204475.0,4204775.0,2511.86572265625,2670.40576171875,20.728378,67.34292
fp_base_main,21,36,98001.62262214477,562625.75,4204928.0,2464.804931640625,562450.0,562750.0,4204775.0,4205075.0,2385.42822265625,2553.52978515625,19.941208,66.388756
fp_base_main,21,37,97388.28848430362,562613.875,4205241.5,2345.023681640625,562450.0,562750.0,4205075.0,4205375.0,2278.40087890625,2437.63232421875,24.634583,67.5917
fp_base_main,21,38,96923.57569937612,562618.25,4205524.5,2239.24951171875,562450.0,562750.0,4205375.0,4205675.0,2171.005859375,2323.32568359375,19.235626,68.66985
fp_base_main,21,39,97155.34970341227,562621.3125,4205819.0,2124.855712890625,562450.0,562750.0,4205675.0,4205975.0,2057.1474609375,2198.95166015625,9.623108,68.23761
fp_base_main,21,40,98022.04075238114,562607.875,4206119.5,2004.6002197265625,562450.0,562750.0,4205975.0,4206275.0,1934.5701904296875,2069.341064453125,0.17919922,67.45145
fp_base_main,21,41,100205.63233470527,562617.875,4206428.0,1864.5965576171875,562450.0,562750.0,4206275.0,4206575.0,1787.927001953125,1944.8475341796875,0.6376648,63.791565
fp_base_main,21,42,101287.42391594169,562612.6875,4206738.0,1707.482177734375,562450.0,562750.0,4206575.0,4206875.0,1619.87353515625,1796.2940673828125,8.633148,62.69603
fp_base_main,21,43,101645.72846939981,562594.875,4207012.0,1570.09716796875,562450.0,562750.0,4206875.0,4207175.0,1475.6258544921875,1659.1815185546875,15.615997,62.497383
fp_base_main,21,44,99973.66553045789,562598.5625,4207383.5,1415.2972412109375,562450.0,562750.0,4207175.0,4207475.0,1368.4298095703125,1513.7144775390625,162.10187,73.55592
fp_base_main,21,45,99119.89953372235,562543.9375,4207547.0,1379.9173583984375,562450.0,562750.0,4207475.0,4207775.0,1341.2099609375,1449.510498046875,133.31808,76.0817
fp_base_main,21,46,91456.49967931159,562599.25,4207897.5,1328.314453125,562450.0,562750.0,4207775.0,4208075.0,1289.162841796875,1357.84521484375,159.9798,79.88387
fp_base_main,21,47,91097.97302804745,562599.875,4208219.5,1278.0657958984375,562450.0,562750.0,4208075.0,4208375.0,1246.8629150390625,1308.9329833984375,155.61032,81.137245
fp_base_main,21,48,90238.986077964,562610.875,4208488.5,1251.183349609375,562450.0,562750.0,4208375.0,4208675.0,1237.0194091796875,1266.154052734375,126.641235,86.23605
fp_base_main,21,49,90125.3113389367,562619.1875,4208847.0,1239.724853515625,562450.0,562750.0,4208675.0,4208975.0,1228.5479736328125,1250.4000244140625,122.34534,86.978264
fp_base_main,21,50,90125.28192157637,562590.6875,4209147.0,1229.9810791015625,562450.0,562750.0,4208975.0,4209275.0,1220.07666015625,1241.92626953125,122.35016,86.9787
fp_base_main,21,51,90918.61988454833,562596.0,4209391.0,1228.6175537109375,562450.0,562750.0,4209275.0,4209575.0,1211.1500244140625,1244.83837890625,21.908508,86.16443
fp_base_main,21,52,90685.51171767012,562644.6875,4209762.0,1251.2393798828125,562450.0,562750.0,4209575.0,4209875.0,1237.374755859375,1264.3958740234375,25.644547,87.10315
fp_base_main,21,53,76544.83275488461,562628.5,4210002.0,1280.876708984375,562450.0,562750.0,4209875.0,4210128.5,1252.0272216796875,1335.96044921875,179.78024,75.14922
fp_base_main,22,31,46469.23391567256,562912.6875,4203514.5,2861.977783203125,562750.0,563050.0,4203391.0,4203575.0,2831.65869140625,2933.159423828125,14.936035,64.420265
fp_base_main,22,32,93780.18435481463,562891.625,4203736.5,2806.0234375,562750.0,563050.0,4203575.0,4203875.0,2760.50146484375,2862.33056640625,26.31958,75.25704
fp_base_main,22,33,93794.58973202323,562899.25,4204033.0,2736.4013671875,562750.0,563050.0,4203875.0,4204175.0,2690.33642578125,2800.72802734375,26.613388,75.6317
fp_base_main,22,34,94662.77560352444,562904.9375,4204331.5,2657.70361328125,562750.0,563050.0,4204175.0,4204475.0,2608.746337890625,2726.05224609375,15.993042,72.36489
fp_base_main,22,35,96016.99367839134,562903.5625,4204629.5,2558.02294921875,562750.0,563050.0,4204475.0,4204775.0,2498.780029296875,2624.607421875,6.096405,69.8853
fp_base_main,22,36,98315.39951995174,562888.5,4204940.0,2432.424560546875,562750.0,563050.0,4204775.0,4205075.0,2367.868408203125,2511.86572265625,6.3670044,66.07676
fp_base_main,22,37,94888.44773167203,562881.875,4205241.0,2318.786376953125,562750.0,563050.0,4205075.0,4205375.0,2272.106689453125,2385.42822265625,3.201477,72.08856
fp_base_main,22,38,96310.9825130905,562890.875,4205520.0,2221.778076171875,562750.0,563050.0,4205375.0,4205675.0,2154.208984375,2278.40087890625,5.3923035,69.10895
fp_base_main,22,39,95228.92681234708,562901.5,4205830.0,2107.6943359375,562750.0,563050.0,4205675.0,4205975.0,2053.559814453125,2171.005859375,5.792877,70.87683
fp_base_main,22,40,96720.07387116317,562901.375,4206136.5,1999.8814697265625,562750.0,563050.0,4205975.0,4206275.0,1934.9932861328125,2062.715576171875,4.263031,69.47208
fp_base_main,22,41,102738.46527806413,562885.5,4206424.5,1864.7398681640625,562750.0,563050.0,4206275.0,4206575.0,1769.6082763671875,1951.2176513671875,5.0501556,61.672295
fp_base_main,22,42,104300.67209103369,562893.5,4206736.5,1689.6422119140625,562750.0,563050.0,4206575.0,4206875.0,1599.7960205078125,1787.927001953125,7.2666626,59.634254
fp_base_main,22,43,99359.81426464744,562913.375,4207028.0,1534.47705078125,562750.0,563050.0,4206875.0,4207175.0,1467.5882568359375,1619.87353515625,6.781128,65.2803
fp_base_main,22,44,101062.87416030146,562913.0625,4207305.5,1450.4986572265625,562750.0,563050.0,4207175.0,4207475.0,1409.063232421875,1490.790283203125,153.07489,82.54042
fp_base_main,22,45,92330.36074610344,562903.375,4207648.0,1393.4420166015625,562750.0,563050.0,4207475.0,4207775.0,1357.8505859375,1439.438720703125,169.02057,77.79652
fp_base_main,22,46,91311.27622667848,562896.9375,4207905.5,1345.3721923828125,562750.0,563050.0,4207775.0,4208075.0,1308.9132080078125,1375.0172119140625,158.48334,80.37866
fp_base_main,22,47,91116.59768606548,562908.5625,4208224.5,1297.4901123046875,562750.0,563050.0,4208075.0,4208375.0,1266.1671142578125,1328.6678466796875,155.78363,81.042206
fp_base_main,22,48,90394.77579302977,562923.25,4208508.5,1266.737548828125,562750.0,563050.0,4208375.0,4208675.0,1250.4036865234375,1285.4632568359375,138.76056,85.5113
fp_base_main,22,49,90125.290494738,562926.125,4208847.0,1253.4212646484375,562750.0,563050.0,4208675.0,4208975.0,1241.934814453125,1263.784423828125,122.33725,86.97848
fp_base_main,22,50,90125.26680339748,562893.6875,4209147.0,1243.502685546875,562750.0,563050.0,4208975.0,4209275.0,1233.4658203125,1255.31298828125,122.34491,86.97897
fp_base_main,22,51,90938.12483138932,562889.0625,4209398.5,1238.415771484375,562750.0,563050.0,4209275.0,4209575.0,1222.3272705078125,1251.313720703125,30.363281,87.45134
fp_base_main,22,52,90486.39948518336,562859.5625,4209761.5,1257.6739501953125,562750.0,563050.0,4209575.0,4209875.0,1244.83837890625,1274.3564453125,35.82216,86.20467
fp_base_main,22,53,87676.00702488952,562932.0,4209975.5,1281.396484375,562750.0,563050.0,4209875.0,4210165.0,1256.986083984375,1344.73046875,4.9243317,78.96957
fp_base_main,23,30,3000.5489386316835,563326.25,4203268.5,2931.968505859375,563278.9375,563350.0,4203239.0,4203275.0,2911.026123046875,2967.186279296875,23.098083,26.67907
fp_base_main,23,31,89413.54186632056,563233.5,4203399.0,2885.6201171875,563050.0,563350.0,4203275.0,4203575.0,2830.287841796875,2959.127197265625,7.125824,71.94893
fp_base_main,23,32,92915.33478953778,563183.125,4203714.5,2797.69580078125,563050.0,563350.0,4203575.0,4203875.0,2752.76123046875,2835.289794921875,178.06952,75.983444
fp_base_main,23,33,92590.76205341733,563215.625,4204029.5,2719.37841796875,563050.0,563350.0,4203875.0,4204175.0,2679.918701171875,2760.50146484375,5.8849487,76.24601
fp_base_main,23,34,93443.72926547773,563198.75,4204328.5,2644.4501953125,563050.0,563350.0,4204175.0,4204475.0,2595.11279296875,2690.33642578125,8.8811035,74.442825
fp_base_main,23,35,96059.88906809803,563203.9375,4204635.0,2545.578857421875,563050.0,563350.0,4204475.0,4204775.0,2487.36669921875,2608.746337890625,7.0527344,69.79711
fp_base_main,23,36,97036.53695091931,563182.0625,4204940.5,2426.4140625,563050.0,563350.0,4204775.0,4205075.0,2371.150390625,2498.780029296875,2.3677063,68.03724
fp_base_main,23,37,95461.46011234343,563178.875,4205238.0,2318.33203125,563050.0,563350.0,4205075.0,4205375.0,2254.922119140625,2374.969482421875,5.7968445,71.20212
fp_base_main,23,38,97579.94701464986,563158.0,4205531.5,2206.84423828125,563050.0,563350.0,4205375.0,4205675.0,2131.84033203125,2276.55126953125,10.310303,67.28472
fp_base_main,23,39,97235.20141216638,563169.125,4205811.0,2096.24267578125,563050.0,563350.0,4205675.0,4205975.0,2004.7568359375,2154.208984375,17.020966,68.63074
fp_base_main,23,40,99282.76747243339,563206.875,4206162.0,1954.1778564453125,563050.0,563350.0,4205975.0,4206275.0,1874.4010009765625,2053.559814453125,27.340118,65.45677
fp_base_main,23,41,102366.6316198613,563171.5625,4206436.0,1829.1533203125,563050.0,563350.0,4206275.0,4206575.0,1749.0284423828125,1934.9932861328125,15.808685,61.836983
fp_base_main,23,42,101576.39891289131,563175.4375,4206716.0,1684.8900146484375,563050.0,563350.0,4206575.0,4206875.0,1596.935546875,1769.6082763671875,1.8503113,62.017334
fp_base_main,23,43,98021.03173226977,563199.4375,4207068.5,1519.4422607421875,563050.0,563350.0,4206875.0,4207175.0,1473.0472412109375,1604.3629150390625,174.29346,68.96947
fp_base_main,23,44,98231.11785306456,563166.5625,4207242.5,1475.4971923828125,563050.0,563350.0,4207175.0,4207475.0,1433.41357421875,1524.8326416015625,146.16254,80.85427
fp_base_main,23,45,91756.81041496209,563229.875,4207635.0,1412.813720703125,563050.0,563350.0,4207475.0,4207775.0,1375.0169677734375,1450.0264892578125,162.54315,78.74149
fp_base_main,23,46,91260.70045260001,563227.5,4207947.0,1360.2158203125,563050.0,563350.0,4207775.0,4208075.0,1328.6617431640625,1394.7718505859375,156.92099,80.465294
fp_base_main,23,47,91135.76462101888,563213.8125,4208229.0,1316.7001953125,563050.0,563350.0,4208075.0,4208375.0,1285.463623046875,1348.4119873046875,155.97546,80.94574
fp_base_main,23,48,90550.40464078308,563231.875,4208528.5,1282.041748046875,563050.0,563350.0,4208375.0,4208675.0,1263.7843017578125,1304.7637939453125,147.50977,84.27818
fp_base_main,23,49,90125.31518329805,563233.625,4208847.0,1267.1326904296875,563050.0,563350.0,4208675.0,4208975.0,1255.31298828125,1277.1658935546875,122.34192,86.97815
fp_base_main,23,50,90125.30064899109,563197.875,4209147.0,1257.0657958984375,563050.0,563350.0,4208975.0,4209275.0,1246.8416748046875,1268.6920166015625,122.350525,86.978485
fp_base_main,23,51,90928.61058381222,563197.0625,4209419.5,1249.2896728515625,563050.0,563350.0,4209275.0,4209575.0,1233.504638671875,1260.21826171875,75.68384,88.48081
fp_base_main,23,52,90312.51274735574,563174.0,4209706.0,1264.5614013671875,563050.0,563350.0,4209575.0,4209875.0,1251.302734375,1282.0078125,17.555054,85.36813
fp_base_main,23,53,95241.17563137403,563205.6875,4210018.0,1294.468994140625,563050.0,563350.0,4209875.0,4210175.0,1265.9898681640625,1347.1331787109375,176.01929,79.8285
fp_base_main,23,54,3579.993426829928,563277.4375,4210183.5,1344.916015625,563132.1875,563350.0,4210175.0,4210201.5,1334.1142578125,1353.50048828125,175.32837,53.738697
fp_base_main,24,30,45433.451444839935,563513.625,4203226.5,2925.607666015625,563350.0,563650.0,4203087.0,4203275.0,2901.861328125,3001.212890625,8.078537,66.55531
fp_base_main,24,31,92889.33335479423,563470.8125,4203393.5,2882.00634765625,563350.0,563650.0,4203275.0,4203575.0,2835.289794921875,2921.91552734375,168.52136,76.38883
fp_base_main,24,32,92826.29432122303,563525.375,4203688.5,2811.9443359375,563350.0,563650.0,4203575.0,4203875.0,2758.9267578125,2844.968505859375,172.84494,75.780785
fp_base_main,24,33,93467.91570859203,563516.5625,4204043.5,2718.9404296875,563350.0,563650.0,4203875.0,4204175.0,2678.798583984375,2769.09130859375,174.77148,74.415054
fp_base_main,24,34,93900.64564841319,563502.9375,4204304.5,2642.942138671875,563350.0,563650.0,4204175.0,4204475.0,2591.392822265625,2683.112548828125,179.9566,73.63614
fp_base_main,24,35,95577.95229319498,563488.0625,4204623.0,2542.7568359375,563350.0,563650.0,4204475.0,4204775.0,2485.875244140625,2595.11279296875,179.96106,70.499535
fp_base_main,24,36,96799.86052570498,563524.25,4204956.5,2414.17529296875,563350.0,563650.0,4204775.0,4205075.0,2361.910400390625,2487.7763671875,3.2221375,68.22036
fp_base_main,24,37,97172.30121672168,563502.5,4205232.0,2304.74560546875,563350.0,563650.0,4205075.0,4205375.0,2239.9931640625,2372.047607421875,5.839798,67.98964
fp_base_main,24,38,97485.23094040214,563502.6875,4205538.5,2179.634765625,563350.0,563650.0,4205375.0,4205675.0,2115.53369140625,2254.922119140625,6.4545135,67.43326
fp_base_main,24,39,97926.85279690722,563512.1875,4205821.5,2060.8154296875,563350.0,563650.0,4205675.0,4205975.0,1987.5634765625,2131.84033203125,6.901367,66.85443
fp_base_main,24,40,98294.84218398221,563506.4375,4206149.5,1920.7637939453125,563350.0,563650.0,4205975.0,4206275.0,1859.154541015625,2004.7568359375,8.187408,66.465324
fp_base_main,24,41,97148.26520357365,563517.125,4206452.0,1795.377197265625,563350.0,563650.0,4206275.0,4206575.0,1744.349609375,1874.4010009765625,4.6286926,68.17083
fp_base_main,24,42,99920.13773299809,563503.75,4206721.0,1679.670654296875,563350.0,563650.0,4206575.0,4206875.0,1600.04248046875,1749.0284423828125,0.8346863,64.31982
fp_base_main,24,43,100157.92484948185,563503.5,4207033.0,1549.33740234375,563350.0,563650.0,4206875.0,4207175.0,1496.6934814453125,1606.398681640625,175.91418,74.73421
fp_base_main,24,44,92654.00971659945,563473.625,4207294.5,1496.651123046875,563350.0,563650.0,4207175.0,4207475.0,1450.0673828125,1530.193603515625,171.80237,77.57268
fp_base_main,24,45,91609.82058564076,563509.75,4207614.0,1433.4412841796875,563350.0,563650.0,4207475.0,4207775.0,1394.7711181640625,1466.6842041015625,161.33746,79.243164
fp_base_main,24,46,91260.97786773613,563521.625,4207947.0,1379.586181640625,563350.0,563650.0,4207775.0,4208075.0,1348.4090576171875,1414.5308837890625,156.90695,80.464554
fp_base_main,24,47,91155.92156445749,563517.3125,4208234.0,1335.8084716796875,563350.0,563650.0,4208075.0,4208375.0,1304.755859375,1368.1785888671875,156.17169,80.84903
fp_base_main,24,48,90705.14253314195,563538.5625,4208548.5,1297.21923828125,563350.0,563650.0,4208375.0,4208675.0,1277.1658935546875,1324.0411376953125,152.60406,83.04386
fp_base_main,24,49,90125.3484891465,563541.5,4208847.0,1280.866455078125,563350.0,563650.0,4208675.0,4208975.0,1268.692138671875,1290.5484619140625,122.349304,86.977806
fp_base_main,24,50,90125.31860570025,563503.0,4209147.0,1270.6724853515625,563350.0,563650.0,4208975.0,4209275.0,1260.21826171875,1282.072021484375,122.3537,86.97823
fp_base_main,24,51,90927.56194818385,563505.5625,4209440.5,1260.1700439453125,563350.0,563650.0,4209275.0,4209575.0,1244.681884765625,1273.595703125,128.93127,87.646385
fp_base_main,24,52,90341.82422144947,563490.375,4209716.5,1272.9176025390625,563350.0,563650.0,4209575.0,4209875.0,1257.744140625,1289.650146484375,16.329926,85.120186
fp_base_main,24,53,93093.29782328462,563518.5,4210043.0,1298.7137451171875,563350.0,563650.0,4209875.0,4210175.0,1275.851318359375,1334.1142578125,1.2911224,83.5818
fp_base_main,24,54,16634.861978906607,563516.125,4210193.0,1337.35107421875,563350.0,563650.0,4210175.0,4210238.0,1316.36865234375,1362.2705078125,175.34973,53.822243
fp_base_main,25,29,2887.4817057645732,563921.875,4202967.5,3008.67822265625,563871.0625,563950.0,4202935.0,4202975.0,2990.79541015625,3035.23974609375,20.913055,40.296364
fp_base_main,25,30,87775.6803939934,563828.625,4203124.5,2957.59814453125,563650.0,563950.0,4202975.0,4203275.0,2914.878173828125,3026.285400390625,4.648529,73.995575
fp_base_main,25,31,92770.70358786461,563779.5,4203437.5,2880.2509765625,563650.0,563950.0,4203275.0,4203575.0,2843.793701171875,2924.492431640625,1.3390656,75.95365
fp_base_main,25,32,93741.48350701777,563798.375,4203694.5,2809.1044921875,563650.0,563950.0,4203575.0,4203875.0,2745.863525390625,2846.70947265625,4.506119,73.78154
fp_base_main,25,33,94292.7883519981,563813.75,4204022.5,2716.640380859375,563650.0,563950.0,4203875.0,4204175.0,2654.545166015625,2768.5419921875,15.011963,72.98004
fp_base_main,25,34,95271.11557633753,563817.8125,4204311.5,2624.758056640625,563650.0,563950.0,4204175.0,4204475.0,2552.0517578125,2682.5478515625,18.045395,71.11162
fp_base_main,25,35,96374.56180419025,563812.125,4204618.5,2523.209228515625,563650.0,563950.0,4204475.0,4204775.0,2446.781982421875,2591.392822265625,21.958572,69.110435
fp_base_main,25,36,97339.06715501318,563818.625,4204965.0,2391.1435546875,563650.0,563950.0,4204775.0,4205075.0,2335.171142578125,2485.875244140625,14.233643,68.07806
fp_base_main,25,37,98190.21441164735,563835.0625,4205229.0,2281.638671875,563650.0,563950.0,4205075.0,4205375.0,2206.72998046875,2361.910400390625,12.300293,66.580376
fp_base_main,25,38,97819.70799189413,563849.5,4205535.0,2153.326416015625,563650.0,563950.0,4205375.0,4205675.0,2090.401611328125,2239.9931640625,13.906265,67.35359
fp_base_main,25,39,97272.78309188988,563819.125,4205844.0,2031.51611328125,563650.0,563950.0,4205675.0,4205975.0,1971.5465087890625,2115.53369140625,9.827332,67.84044
fp_base_main,25,40,97130.16932463198,563825.0,4206115.5,1920.393798828125,563650.0,563950.0,4205975.0,4206275.0,1853.4522705078125,1987.5634765625,4.1352844,68.175476
fp_base_main,25,41,96434.49136723531,563847.1875,4206436.5,1796.1221923828125,563650.0,563950.0,4206275.0,4206575.0,1739.0750732421875,1859.704345703125,2.4244385,69.10196
fp_base_main,25,42,97996.67724940709,563827.0,4206738.0,1678.4937744140625,563650.0,563950.0,4206575.0,4206875.0,1602.07373046875,1745.224365234375,178.344,67.955376
fp_base_main,25,43,99881.90587089436,563834.75,4206990.0,1579.3204345703125,563650.0,563950.0,4206875.0,4207175.0,1525.7003173828125,1627.507080078125,162.14294,74.5017
fp_base_main,25,44,91858.26764506978,563820.25,4207342.0,1502.3458251953125,563650.0,563950.0,4207175.0,4207475.0,1466.700927734375,1542.30810546875,164.271,78.45451
fp_base_main,25,45,91461.82429880858,563789.8125,4207598.0,1453.2371826171875,563650.0,563950.0,4207475.0,4207775.0,1414.52294921875,1483.315673828125,160.22446,79.86011
fp_base_main,25,46,91261.2125029584,563817.0625,4207947.0,1399.0318603515625,563650.0,563950.0,4207775.0,4208075.0,1368.156005859375,1434.281005859375,156.9143,80.46361
fp_base_main,25,47,91175.81591405049,563819.75,4208238.0,1354.860107421875,563650.0,563950.0,4208075.0,4208375.0,1324.03076171875,1387.9200439453125,156.36926,80.759514
fp_base_main,25,48,90855.82300555722,563820.1875,4208553.0,1313.1435546875,563650.0,563950.0,4208375.0,4208675.0,1290.53564453125,1343.3250732421875,154.2055,82.22978
fp_base_main,25,49,90130.7333123809,563837.0625,4208806.5,1295.4110107421875,563650.0,563950.0,4208675.0,4208975.0,1282.069580078125,1305.486572265625,122.58203,86.87471
fp_base_main,25,50,90125.24168563717,563808.9375,4209147.0,1284.318603515625,563650.0,563950.0,4208975.0,4209275.0,1273.603515625,1295.44873046875,122.33115,86.97911
fp_base_main,25,51,90927.4036734496,563814.375,4209462.0,1271.0640869140625,563650.0,563950.0,4209275.0,4209575.0,1255.859130859375,1286.9801025390625,143.74338,86.40315
fp_base_main,25,52,90371.99363621003,563807.375,4209727.5,1281.30126953125,563650.0,563950.0,4209575.0,4209875.0,1264.1988525390625,1297.320068359375,14.933044,84.8465
fp_base_main,25,53,91117.12835646003,563775.1875,4210062.5,1303.3533935546875,563650.0,563950.0,4209875.0,4210175.0,1285.7127685546875,1316.0823974609375,8.116638,85.85496
fp_base_main,25,54,29417.214050605333,563821.0,4210197.0,1324.2633056640625,563650.0,563950.0,4210175.0,4210274.0,1311.2823486328125,1371.04052734375,176.51407,55.93877
fp_base_main,26,29,41326.02161488895,564100.375,4202919.0,3019.08056640625,563950.0,564250.0,4202783.0,4202975.0,2983.8720703125,3069.266357421875,169.51599,73.986435
fp_base_main,26,30,93271.16125206194,564068.5625,4203084.5,2972.5068359375,563950.0,564250.0,4202975.0,4203275.0,2918.566162109375,3016.98388671875,157.25162,75.52973
fp_base_main,26,31,93787.21124740764,564111.8125,4203441.5,2884.103515625,563950.0,564250.0,4203275.0,4203575.0,2840.261962890625,2939.9912109375,172.1979,74.22688
fp_base_main,26,32,96635.28353787215,564102.4375,4203721.5,2790.39990234375,563950.0,564250.0,4203575.0,4203875.0,2724.19677734375,2847.400390625,6.135025,68.90328
fp_base_main,26,33,95988.62812172224,564114.9375,4204034.5,2676.7998046875,563950.0,564250.0,4203875.0,4204175.0,2612.237548828125,2745.863525390625,18.820953,70.244255
fp_base_main,26,34,96166.01783313214,564099.25,4204327.5,2577.760498046875,563950.0,564250.0,4204175.0,4204475.0,2507.206787109375,2654.545166015625,22.777283,69.17876
fp_base_main,26,35,96187.84842099022,564118.375,4204634.0,2469.320556640625,563950.0,564250.0,4204475.0,4204775.0,2404.6357421875,2552.0517578125,23.797577,69.36538
fp_base_main,26,36,96959.60063099583,564118.5,4204924.5,2365.2607421875,563950.0,564250.0,4204775.0,4205075.0,2286.58203125,2446.781982421875,21.473694,68.24446
fp_base_main,26,37,98740.18303516462,564134.125,4205239.0,2236.364501953125,563950.0,564250.0,4205075.0,4205375.0,2159.627685546875,2335.171142578125,21.344849,65.74859
fp_base_main,26,38,96978.08733154277,564105.5,4205528.0,2126.09375,563950.0,564250.0,4205375.0,4205675.0,2060.29345703125,2206.72998046875,20.005646,68.817825
fp_base_main,26,39,96866.83561062427,564123.75,4205835.0,2012.9141845703125,563950.0,564250.0,4205675.0,4205975.0,1942.8359375,2090.401611328125,12.922379,68.35379
fp_base_main,26,40,97692.81988489053,564100.625,4206112.5,1902.2862548828125,563950.0,564250.0,4205975.0,4206275.0,1819.8875732421875,1971.5465087890625,13.981537,67.372055
fp_base_main,26,41,96682.81787979176,564106.1875,4206435.5,1776.6097412109375,563950.0,564250.0,4206275.0,4206575.0,1708.603515625,1853.4522705078125,16.113373,68.73899
fp_base_main,26,42,96796.18919757417,564125.3125,4206777.0,1647.4765625,563950.0,564250.0,4206575.0,4206875.0,1606.2774658203125,1739.0750732421875,9.88736,69.65165
fp_base_main,26,43,93541.73224250662,564064.1875,4206972.0,1591.54541015625,563950.0,564250.0,4206875.0,4207175.0,1542.2781982421875,1622.7674560546875,171.40656,77.922356
fp_base_main,26,44,91856.75456621758,564109.6875,4207365.5,1513.88134765625,563950.0,564250.0,4207175.0,4207475.0,1483.3104248046875,1558.921142578125,164.0534,78.46549
fp_base_main,26,45,91315.2532623255,564104.0625,4207606.0,1471.2769775390625,563950.0,564250.0,4207475.0,4207775.0,1434.2733154296875,1500.3966064453125,158.75363,80.39764
fp_base_main,26,46,91261.35326118162,564113.4375,4207947.0,1418.533447265625,563950.0,564250.0,4207775.0,4208075.0,1387.9024658203125,1454.0260009765625,156.92581,80.463
fp_base_main,26,47,91194.81885216244,564121.6875,4208242.5,1373.89208984375,563950.0,564250.0,4208075.0,4208375.0,1343.3232421875,1407.6553955078125,156.55695,80.68077
fp_base_main,26,48,90897.47134963814,564117.375,4208547.0,1332.4632568359375,563950.0,564250.0,4208375.0,4208675.0,1305.483642578125,1362.6123046875,152.98657,81.94213
fp_base_main,26,49,90244.06635195074,564108.25,4208788.5,1309.584228515625,563950.0,564250.0,4208675.0,4208975.0,1295.44873046875,1324.7752685546875,126.84137,86.1901
fp_base_main,26,50,90125.27347718691,564115.5625,4209147.0,1297.9932861328125,563950.0,564250.0,4208975.0,4209275.0,1286.9801025390625,1308.82861328125,122.3374,86.97872
fp_base_main,26,51,90902.6598888885,564097.25,4209471.0,1282.455322265625,563950.0,564250.0,4209275.0,4209575.0,1267.036376953125,1300.3575439453125,143.21683,85.747986
fp_base_main,26,52,90425.57660857143,564146.8125,4209695.5,1286.8873291015625,563950.0,564250.0,4209575.0,4209875.0,1270.6796875,1304.9693603515625,16.227692,84.73424
fp_base_main,26,53,90963.07395673195,564106.625,4210032.0,1307.29736328125,563950.0,564250.0,4209875.0,4210175.0,1295.57421875,1318.457275390625,22.385254,87.188446
fp_base_main,26,54,40484.62745707285,564104.0,4210221.5,1331.733642578125,563950.0,564250.0,4210175.0,4210310.5,1313.4942626953125,1379.810546875,176.6759,62.073444
fp_base_main,27,28,215.03503814758398,564537.5625,4202671.0,3081.021484375,564512.625,564550.0,4202663.5,4202675.0,3080.57958984375,3081.712646484375,61.12967,88.01744
fp_base_main,27,29,80119.45170183817,564395.625,4202841.5,3051.059814453125,564250.0,564550.0,4202675.0,4202975.0,3016.98388671875,3084.862060546875,176.57294,78.180244
fp_base_main,27,30,93072.8332586044,564385.75,4203140.5,2979.589599609375,564250.0,564550.0,4202975.0,4203275.0,2939.9912109375,3026.99267578125,174.27832,75.44969
fp_base_main,27,31,94373.08745097004,564393.0625,4203435.0,2894.064453125,564250.0,564550.0,4203275.0,4203575.0,2845.521728515625,2945.877685546875,179.6831,72.60457
fp_base_main,27,32,97400.54000519426,564399.875,4203729.5,2787.15478515625,564250.0,564550.0,4203575.0,4203875.0,2724.026611328125,2852.074951171875,178.31744,67.505005
fp_base_main,27,33,96656.72674551798,564402.6875,4204020.5,2669.573486328125,564250.0,564550.0,4203875.0,4204175.0,2608.790771484375,2728.29052734375,179.56595,68.7541
fp_base_main,27,34,95799.2083165326,564409.375,4204327.5,2555.436279296875,564250.0,564550.0,4204175.0,4204475.0,2497.763671875,2612.237548828125,1.8875732,70.32713
fp_base_main,27,35,95564.89919198534,564388.6875,4204620.5,2450.979248046875,564250.0,564550.0,4204475.0,4204775.0,2391.458251953125,2507.206787109375,5.4303284,70.496994
fp_base_main,27,36,98273.26432927795,564397.0625,4204919.5,2337.128662109375,564250.0,564550.0,4204775.0,4205075.0,2255.542724609375,2404.6357421875,10.469116,66.50601
fp_base_main,27,37,99086.35552245993,564385.75,4205237.5,2198.926025390625,564250.0,564550.0,4205075.0,4205375.0,2117.931640625,2286.58203125,14.878113,65.38154
fp_base_main,27,38,95279.72776878274,564390.8125,4205530.0,2088.56591796875,564250.0,564550.0,4205375.0,4205675.0,2016.8758544921875,2159.627685546875,26.256409,71.963455
fp_base_main,27,39,97913.99089426523,564388.75,4205826.0,1987.81298828125,564250.0,564550.0,4205675.0,4205975.0,1905.08447265625,2060.29345703125,18.163513,66.7622
fp_base_main,27,40,98093.73781767389,564393.625,4206138.0,1857.7672119140625,564250.0,564550.0,4205975.0,4206275.0,1778.4853515625,1942.8359375,17.758057,66.61956
fp_base_main,27,41,97483.36983164279,564395.875,4206414.5,1747.273681640625,564250.0,564550.0,4206275.0,4206575.0,1657.5050048828125,1819.8875732421875,22.175888,67.38991
fp_base_main,27,42,96367.51123745024,564416.0,4206718.0,1645.983642578125,564250.0,564550.0,4206575.0,4206875.0,1611.6512451171875,1708.603515625,17.074951,76.74454
fp_base_main,27,43,91861.44496150385,564435.125,4207047.0,1594.424560546875,564250.0,564550.0,4206875.0,4207175.0,1558.8690185546875,1634.5206298828125,164.28296,78.44599
fp_base_main,27,44,91763.74146572468,564413.3125,4207350.5,1534.34619140625,564250.0,564550.0,4207175.0,4207475.0,1500.320068359375,1575.4801025390625,162.45764,78.67606
fp_base_main,27,45,91260.43877113599,564440.4375,4207647.0,1486.382080078125,564250.0,564550.0,4207475.0,4207775.0,1453.97314453125,1520.0802001953125,156.90302,80.4668
fp_base_main,27,46,91260.41306478836,564410.375,4207947.0,1438.0543212890625,564250.0,564550.0,4207775.0,4208075.0,1407.6260986328125,1473.7396240234375,156.89597,80.466515
fp_base_main,27,47,91213.9381452301,564423.125,4208246.5,1392.912841796875,564250.0,564550.0,4208075.0,4208375.0,1362.61376953125,1427.3990478515625,156.71555,80.60967
fp_base_main,27,48,90897.04777698177,564425.5,4208547.0,1352.280029296875,564250.0,564550.0,4208375.0,4208675.0,1324.78564453125,1381.901123046875,152.99225,81.94379
fp_base_main,27,49,90399.46525437107,564415.5625,4208808.5,1324.808349609375,564250.0,564550.0,4208675.0,4208975.0,1308.82861328125,1344.0654296875,138.80225,85.51487
fp_base_main,27,50,90125.30586029701,564422.9375,4209147.0,1311.698486328125,564250.0,564550.0,4208975.0,4209275.0,1300.3575439453125,1322.20947265625,122.344666,86.97836
fp_base_main,27,51,90315.6919341642,564399.1875,4209459.5,1300.59375,564250.0,564550.0,4209275.0,4209575.0,1282.111572265625,1313.7357177734375,122.82782,86.16838
fp_base_main,27,52,91041.32800897339,564436.5625,4209702.5,1299.1005859375,564250.0,564550.0,4209575.0,4209875.0,1278.2137451171875,1312.621826171875,35.59845,86.02486
fp_base_main,27,53,90930.65006983974,564421.0625,4210050.0,1315.6065673828125,564250.0,564550.0,4209875.0,4210175.0,1304.9693603515625,1326.9755859375,31.502502,87.64411
fp_base_main,27,54,51445.330366862,564413.375,4210248.5,1339.9345703125,564250.0,564550.0,4210175.0,4210347.0,1318.436767578125,1388.58056640625,177.36597,68.93985
fp_base_main,28,28,17261.265917932786,564733.875,4202654.0,3075.30859375,564550.0,564850.0,4202571.5,4202675.0,3070.90234375,3080.77197265625,57.894485,87.88556
fp_base_main,28,29,92100.5267764747,564686.0,4202808.5,3053.936279296875,564550.0,564850.0,4202675.0,4202975.0,3000.805908203125,3080.57958984375,15.688156,78.723625
fp_base_main,28,30,94204.53326561223,564686.3125,4203124.5,2977.467041015625,564550.0,564850.0,4202975.0,4203275.0,2918.260498046875,3028.39111328125,18.122421,72.8669
fp_base_main,28,31,95263.47672857487,564673.625,4203407.5,2892.021728515625,564550.0,564850.0,4203275.0,4203575.0,2818.622802734375,2943.51806640625,14.418121,71.09089
fp_base_main,28,32,96207.79034113644,564687.875,4203737.5,2774.256103515625,564550.0,564850.0,4203575.0,4203875.0,2715.871826171875,2845.521728515625,11.757843,69.44196
fp_base_main,28,33,96039.81230055774,564698.6875,4204007.5,2673.162353515625,564550.0,564850.0,4203875.0,4204175.0,2611.173095703125,2728.11083984375,3.0169678,69.91124
fp_base_main,28,34,96893.36546689188,564681.75,4204326.0,2553.824462890625,564550.0,564850.0,4204175.0,4204475.0,2480.445068359375,2613.47509765625,5.4766235,68.39352
fp_base_main,28,35,96215.74522457279,564693.875,4204666.0,2425.253173828125,564550.0,564850.0,4204475.0,4204775.0,2374.225341796875,2502.8798828125,9.842773,69.50385
fp_base_main,28,36,99202.7544798927,564669.9375,4204930.0,2315.53759765625,564550.0,564850.0,4204775.0,4205075.0,2241.35107421875,2391.458251953125,7.6047974,65.08356
fp_base_main,28,37,99209.8203370375,564677.25,4205222.5,2181.251708984375,564550.0,564850.0,4205075.0,4205375.0,2105.762451171875,2255.542724609375,5.1691284,65.24285
fp_base_main,28,38,97603.03308668418,564676.6875,4205521.5,2051.615478515625,564550.0,564850.0,4205375.0,4205675.0,1969.7203369140625,2117.931640625,13.837784,68.08815
fp_base_main,28,39,97659.12773611146,564674.375,4205825.0,1942.4893798828125,564550.0,564850.0,4205675.0,4205975.0,1846.5009765625,2016.8758544921875,25.302887,67.42557
fp_base_main,28,40,99246.34227928465,564680.375,4206128.5,1816.7825927734375,564550.0,564850.0,4205975.0,4206275.0,1724.710205078125,1905.08447265625,24.776718,65.15708
fp_base_main,28,41,97006.53821099378,564721.0625,4206458.0,1681.939208984375,564550.0,564850.0,4206275.0,4206575.0,1633.0643310546875,1778.4853515625,19.618164,69.207466
fp_base_main,28,42,95824.30530373083,564704.375,4206678.5,1638.8587646484375,564550.0,564850.0,4206575.0,4206875.0,1609.8021240234375,1668.8497314453125,96.52167,88.57125
fp_base_main,28,43,91858.8465174666,564728.125,4207047.0,1610.5943603515625,564550.0,564850.0,4206875.0,4207175.0,1575.4432373046875,1651.0540771484375,164.26443,78.45403
fp_base_main,28,44,91613.12559454275,564707.4375,4207332.0,1555.4373779296875,564550.0,564850.0,4207175.0,4207475.0,1520.076904296875,1592.0631103515625,161.2761,79.24557
fp_base_main,28,45,91260.61847429317,564734.5,4207647.0,1505.7442626953125,564550.0,564850.0,4207475.0,4207775.0,1473.7249755859375,1539.8365478515625,156.9089,80.46602
fp_base_main,28,46,91260.61065181406,564707.8125,4207947.0,1457.636962890625,564550.0,564850.0,4207775.0,4208075.0,1427.373046875,1493.4893798828125,156.9013,80.46572
fp_base_main,28,47,91233.38209672272,564724.25,4208251.0,1411.94384765625,564550.0,564850.0,4208075.0,4208375.0,1381.90283203125,1447.142333984375,156.88159,80.54647
fp_base_main,28,48,90896.6752558392,564732.5625,4208547.0,1372.025146484375,564550.0,564850.0,4208375.0,4208675.0,1344.0841064453125,1401.18994140625,152.98825,81.945305
fp_base_main,28,49,90554.81186081957,564722.0,4208828.5,1339.9794921875,564550.0,564850.0,4208675.0,4208975.0,1322.2125244140625,1363.361572265625,147.68408,84.32358
fp_base_main,28,50,90125.2777904137,564730.875,4209147.0,1325.4393310546875,564550.0,564850.0,4208975.0,4209275.0,1313.7442626953125,1335.5933837890625,122.33353,86.978584
fp_base_main,28,51,90125.25498343151,564694.375,4209447.0,1315.3426513671875,564550.0,564850.0,4209275.0,4209575.0,1305.27587890625,1327.1224365234375,122.34189,86.97905
fp_base_main,28,52,91260.92965269696,564695.625,4209700.5,1308.7154541015625,564550.0,564850.0,4209575.0,4209875.0,1289.3909912109375,1320.0430908203125,39.758728,87.85234
fp_base_main,28,53,90904.21743251727,564739.5,4210052.5,1323.5037841796875,564550.0,564850.0,4209875.0,4210175.0,1312.6217041015625,1337.405517578125,36.494614,87.86158
fp_base_main,28,54,62392.09445868089,564723.3125,4210274.5,1348.143310546875,564550.0,564850.0,4210175.0,4210383.5,1323.3631591796875,1397.3507080078125,178.94876,73.40767
fp_base_main,29,28,45377.60108810222,565040.375,4202629.5,3057.077880859375,564850.0,565150.0,4202479.5,4202675.0,3033.9248046875,3073.220947265625,35.383728,79.57726
fp_base_main,29,29,93642.99531377766,565001.625,4202796.5,3026.517578125,564850.0,565150.0,4202675.0,4202975.0,2962.492431640625,3070.90234375,29.084381,74.37065
fp_base_main,29,30,93609.72064368126,565012.5,4203130.0,2941.12646484375,564850.0,565150.0,4202975.0,4203275.0,2891.106201171875,3000.805908203125,21.780762,74.4804
fp_base_main,29,31,94961.20274226973,565034.9375,4203423.0,2857.34326171875,564850.0,565150.0,4203275.0,4203575.0,2801.656982421875,2918.260498046875,13.173355,72.04093
fp_base_main,29,32,95511.2637210606,565010.4375,4203727.0,2755.70166015625,564850.0,565150.0,4203575.0,4203875.0,2692.161376953125,2818.622802734375,8.868393,70.4758
fp_base_main,29,33,96219.64883265203,564979.4375,4204020.5,2653.659912109375,564850.0,565150.0,4203875.0,4204175.0,2575.679931640625,2715.871826171875,16.032028,69.74542
fp_base_main,29,34,98925.8127505549,565021.9375,4204313.0,2533.138671875,564850.0,565150.0,4204175.0,4204475.0,2448.3408203125,2612.23046875,14.140472,65.495125
fp_base_main,29,35,96359.49801921171,565005.3125,4204650.0,2400.4375,564850.0,565150.0,4204475.0,4204775.0,2334.629150390625,2480.445068359375,19.81839,68.87318
fp_base_main,29,36,98282.81650647642,564995.375,4204916.0,2296.169921875,564850.0,565150.0,4204775.0,4205075.0,2214.85205078125,2374.225341796875,14.943634,66.24718
fp_base_main,29,37,99639.4161047228,565012.625,4205221.5,2161.461181640625,564850.0,565150.0,4205075.0,4205375.0,2072.65966796875,2241.35107421875,11.203903,64.63311
fp_base_main,29,38,98787.27215115637,565002.0,4205537.5,2017.3990478515625,564850.0,565150.0,4205375.0,4205675.0,1949.96875,2105.762451171875,12.677887,66.00546
fp_base_main,29,39,98083.88873101951,565005.25,4205798.5,1909.1959228515625,564850.0,565150.0,4205675.0,4205975.0,1824.60009765625,1969.7203369140625,8.002716,66.89475
fp_base_main,29,40,97607.2137299947,565002.3125,4206119.0,1774.5263671875,564850.0,565150.0,4205975.0,4206275.0,1700.698974609375,1846.5009765625,9.582581,67.48429
fp_base_main,29,41,95105.8260994278,565002.3125,4206434.0,1658.245361328125,564850.0,565150.0,4206275.0,4206575.0,1608.5699462890625,1724.710205078125,14.303467,72.02147
fp_base_main,29,42,96267.47480981925,565005.5625,4206676.0,1635.4737548828125,564850.0,565150.0,4206575.0,4206875.0,1607.952880859375,1691.8626708984375,10.310654,79.50274
fp_base_main,29,43,91858.95096558581,565021.0,4207047.0,1626.8194580078125,564850.0,565150.0,4206875.0,4207175.0,1592.06298828125,1667.6754150390625,164.26578,78.4537
fp_base_main,29,44,91464.68634807746,565001.4375,4207313.5,1576.53955078125,564850.0,565150.0,4207175.0,4207475.0,1539.8316650390625,1608.681884765625,159.95496,79.89001
fp_base_main,29,45,91260.64576221509,565029.5625,4207647.0,1525.1607666015625,564850.0,565150.0,4207475.0,4207775.0,1493.4755859375,1559.5806884765625,156.93011,80.46535
fp_base_main,29,46,91260.57907042973,565005.75,4207947.0,1477.2347412109375,564850.0,565150.0,4207775.0,4208075.0,1447.1195068359375,1513.2154541015625,156.94296,80.46604
fp_base_main,29,47,91251.67487091511,565007.1875,4208239.5,1432.1640625,564850.0,565150.0,4208075.0,4208375.0,1401.1907958984375,1466.850341796875,157.02405,80.49764
fp_base_main,29,48,90896.38520989977,565035.8125,4208504.0,1396.9166259765625,564850.0,565150.0,4208375.0,4208675.0,1363.3798828125,1420.50634765625,152.97394,81.945335
fp_base_main,29,49,90710.30896764003,565027.875,4208848.5,1355.111328125,564850.0,565150.0,4208675.0,4208975.0,1335.5933837890625,1382.6617431640625,152.69046,83.07938
fp_base_main,29,50,90125.32206587869,565039.375,4209147.0,1339.200927734375,564850.0,565150.0,4208975.0,4209275.0,1327.1224365234375,1348.9754638671875,122.34094,86.978035
fp_base_main,29,51,90125.28997252161,564998.875,4209447.0,1328.9208984375,564850.0,565150.0,4209275.0,4209575.0,1318.6514892578125,1340.501708984375,122.346344,86.97846
fp_base_main,29,52,91270.1117636942,564990.25,4209709.0,1318.9783935546875,564850.0,565150.0,4209575.0,4209875.0,1300.5682373046875,1332.0279541015625,93.7218,88.69961
fp_base_main,29,53,90863.23046575647,564984.9375,4210046.0,1330.169921875,564850.0,565150.0,4209875.0,4210175.0,1320.0430908203125,1347.83544921875,42.218903,87.33172
fp_base_main,29,54,73387.16914060313,565042.5625,4210273.5,1351.625732421875,564850.0,565150.0,4210175.0,4210420.0,1328.3345947265625,1406.1207275390625,1.8127136,77.177444
fp_base_main,30,28,75862.46972645218,565320.0625,4202533.5,3039.06640625,565150.0,565450.0,4202390.5,4202675.0,2977.88134765625,3065.669921875,29.489868,72.28315
fp_base_main,30,29,95499.35201945022,565352.5625,4202847.5,2944.67431640625,565150.0,565450.0,4202675.0,4202975.0,2892.049560546875,3033.9248046875,37.84326,70.88196
fp_base_main,30,30,93681.81322619463,565325.75,4203139.5,2885.798583984375,565150.0,565450.0,4202975.0,4203275.0,2839.3115234375,2962.492431640625,48.302612,74.350525
fp_base_main,30,31,95325.95815926355,565340.75,4203421.0,2815.857666015625,565150.0,565450.0,4203275.0,4203575.0,2748.158447265625,2891.106201171875,29.760986,70.80335
fp_base_main,30,32,96510.80178270608,565315.375,4203730.0,2719.783935546875,565150.0,565450.0,4203575.0,4203875.0,2651.71875,2801.656982421875,25.413086,69.20443
fp_base_main,30,33,96586.6567926138,565330.9375,4204021.5,2613.3740234375,565150.0,565450.0,4203875.0,4204175.0,2542.739501953125,2692.161376953125,18.220612,68.86142
fp_base_main,30,34,98113.05480324787,565331.4375,4204337.5,2488.77978515625,565150.0,565450.0,4204175.0,4204475.0,2422.50390625,2575.679931640625,14.977783,66.65881
fp_base_main,30,35,97705.87113934489,565328.5625,4204601.5,2380.476318359375,565150.0,565450.0,4204475.0,4204775.0,2295.12548828125,2448.3408203125,15.859009,67.16975
fp_base_main,30,36,99068.64787029561,565315.375,4204916.0,2250.20703125,565150.0,565450.0,4204775.0,4205075.0,2153.434326171875,2334.629150390625,20.941376,64.984184
fp_base_main,30,37,100914.73192934543,565316.6875,4205208.0,2121.293212890625,565150.0,565450.0,4205075.0,4205375.0,2015.6064453125,2214.85205078125,24.786469,63.04942
fp_base_main,30,38,99832.5476682901,565329.0625,4205548.5,1962.8624267578125,565150.0,565450.0,4205375.0,4205675.0,1882.9803466796875,2072.65966796875,25.821213,64.58997
fp_base_main,30,39,98921.08108042483,565320.75,4205831.0,1850.8736572265625,565150.0,565450.0,4205675.0,4205975.0,1764.6649169921875,1949.96875,28.91066,65.52398
fp_base_main,30,40,97769.49972091266,565337.125,4206106.5,1737.422607421875,565150.0,565450.0,4205975.0,4206275.0,1655.3609619140625,1824.60009765625,24.687012,67.633705
fp_base_main,30,41,95563.63331112922,565286.1875,4206441.5,1636.2144775390625,565150.0,565450.0,4206275.0,4206575.0,1606.103759765625,1700.698974609375,12.049774,77.682396
fp_base_main,30,42,96613.49613845325,565276.875,4206671.5,1647.0870361328125,565150.0,565450.0,4206575.0,4206875.0,1607.853759765625,1714.8756103515625,30.089905,77.02644
fp_base_main,30,43,91857.86618335308,565339.75,4207074.0,1639.1483154296875,565150.0,565450.0,4206875.0,4207175.0,1608.681884765625,1684.2958984375,164.09644,78.46601
fp_base_main,30,44,91317.40861948159,565324.0625,4207318.0,1595.8817138671875,565150.0,565450.0,4207175.0,4207475.0,1559.5850830078125,1625.6993408203125,158.4848,80.41424
fp_base_main,30,45,91260.7057973149,565325.3125,4207647.0,1544.6297607421875,565150.0,565450.0,4207475.0,4207775.0,1513.2255859375,1579.327392578125,156.94107,80.46508
fp_base_main,30,46,91260.60034479054,565304.0625,4207947.0,1496.8642578125,565150.0,565450.0,4207775.0,4208075.0,1466.865966796875,1532.955322265625,156.95874,80.466034
fp_base_main,30,47,91259.91018033955,565272.125,4208241.5,1449.2305908203125,565150.0,565450.0,4208075.0,4208375.0,1420.5064697265625,1486.583251953125,156.9498,80.46784
fp_base_main,30,48,90906.96185095211,565266.125,4208477.5,1415.1534423828125,565150.0,565450.0,4208375.0,4208675.0,1382.6734619140625,1440.246826171875,152.85095,81.91299
fp_base_main,30,49,90858.60415534713,565306.375,4208852.5,1370.9339599609375,565150.0,565450.0,4208675.0,4208975.0,1348.975341796875,1401.9644775390625,154.0997,82.249626
fp_base_main,30,50,90132.61811276258,565333.625,4209106.5,1353.7181396484375,565150.0,565450.0,4208975.0,4209275.0,1340.5015869140625,1364.166015625,122.60205,86.85468
fp_base_main,30,51,90125.32290427027,565304.5625,4209447.0,1342.553955078125,565150.0,565450.0,4209275.0,4209575.0,1332.02783203125,1353.8818359375,122.35379,86.97813
fp_base_main,30,52,91259.68108791015,565299.75,4209730.5,1329.89111328125,565150.0,565450.0,4209575.0,4209875.0,1311.74560546875,1345.4051513671875,140.4165,87.38334
fp_base_main,30,53,90436.43747732285,565282.5,4210022.0,1340.177734375,565150.0,565450.0,4209875.0,4210175.0,1326.50390625,1357.2548828125,25.46286,85.67345
fp_base_main,30,54,84750.21262425679,565335.0625,4210292.5,1362.0841064453125,565150.0,565450.0,4210175.0,4210456.5,1335.0198974609375,1414.8907470703125,5.7720184,80.434425
fp_base_main,31,27,10450.263788091857,565655.9375,4202360.0,3059.920166015625,565508.875,565750.0,4202311.5,4202375.0,3036.829833984375,3087.7861328125,9.780136,51.008034
fp_base_main,31,28,94002.68722525914,565591.0625,4202459.0,3031.819091796875,565450.0,565750.0,4202375.0,4202675.0,2953.578125,3069.097412109375,17.379913,73.048355
fp_base_main,31,29,93909.87754176662,565557.9375,4202836.0,2923.251953125,565450.0,565750.0,4202675.0,4202975.0,2871.288330078125,2977.88134765625,14.60965,73.4844
fp_base_main,31,30,92302.24709402476,565616.875,4203107.5,2852.641357421875,565450.0,565750.0,4202975.0,4203275.0,2799.7802734375,2892.049560546875,24.762436,77.24622
fp_base_main,31,31,95522.1214155149,565606.875,4203421.5,2775.332275390625,565450.0,565750.0,4203275.0,4203575.0,2705.397216796875,2839.3115234375,22.488281,70.77844
fp_base_main,31,32,95572.49464362985,565616.3125,4203725.5,2673.43408203125,565450.0,565750.0,4203575.0,4203875.0,2606.73828125,2748.158447265625,24.869217,70.48163
fp_base_main,31,33,95788.63466563029,565605.1875,4204038.0,2573.74365234375,565450.0,565750.0,4203875.0,4204175.0,2504.7998046875,2651.71875,22.54245,70.02251
fp_base_main,31,34,96736.19115479727,565614.75,4204344.0,2461.28662109375,565450.0,565750.0,4204175.0,4204475.0,2393.31689453125,2542.739501953125,13.838165,69.20462
fp_base_main,31,35,99868.8475159501,565603.125,4204606.5,2355.068115234375,565450.0,565750.0,4204475.0,4204775.0,2252.582763671875,2422.50390625,12.526733,64.84156
fp_base_main,31,36,101689.49721742701,565605.3125,4204927.0,2201.625732421875,565450.0,565750.0,4204775.0,4205075.0,2103.300537109375,2295.12548828125,18.165298,62.39769
fp_base_main,31,37,101433.29442248323,565614.8125,4205241.5,2045.6092529296875,565450.0,565750.0,4205075.0,4205375.0,1954.37109375,2153.434326171875,21.015106,62.647892
fp_base_main,31,38,100141.76286259836,565622.125,4205538.5,1906.6513671875,565450.0,565750.0,4205375.0,4205675.0,1820.6627197265625,2015.579833984375,24.08908,63.93849
fp_base_main,31,39,99941.14592898103,565610.3125,4205854.0,1773.9161376953125,565450.0,565750.0,4205675.0,4205975.0,1698.7032470703125,1882.9803466796875,29.053421,64.145615
fp_base_main,31,40,96519.61227272211,565611.5,4206102.5,1681.8076171875,565450.0,565750.0,4205975.0,4206275.0,1620.1976318359375,1764.6649169921875,30.903412,70.24593
fp_base_main,31,41,95187.28827791705,565615.5,4206408.5,1632.8323974609375,565450.0,565750.0,4206275.0,4206575.0,1604.2545166015625,1683.5555419921875,3.6140747,84.06824
fp_base_main,31,42,95647.8592634382,565606.1875,4206704.0,1687.9876708984375,565450.0,565750.0,4206575.0,4206875.0,1644.7080078125,1737.888427734375,42.965576,82.57972
fp_base_main,31,43,91765.92474617554,565620.3125,4207051.0,1660.068115234375,565450.0,565750.0,4206875.0,4207175.0,1625.7003173828125,1700.9154052734375,162.4068,78.68304
fp_base_main,31,44,91260.2964513038,565646.875,4207347.0,1612.1876220703125,565450.0,565750.0,4207175.0,4207475.0,1579.356689453125,1645.459228515625,156.90945,80.46702
fp_base_main,31,45,91260.27883939378,565621.6875,4207647.0,1564.1820068359375,565450.0,565750.0,4207475.0,4207775.0,1533.0130615234375,1599.1148681640625,156.91,80.46711
fp_base_main,31,46,91260.29820721934,565602.625,4207947.0,1516.583740234375,565450.0,565750.0,4207775.0,4208075.0,1486.6695556640625,1552.7705078125,156.91162,80.46714
fp_base_main,31,47,91260.38635237394,565575.625,4208241.5,1469.3060302734375,565450.0,565750.0,4208075.0,4208375.0,1440.325927734375,1506.4261474609375,156.91763,80.46695
fp_base_main,31,48,90928.01644764858,565571.6875,4208481.5,1434.605712890625,565450.0,565750.0,4208375.0,4208675.0,1401.9989013671875,1460.070556640625,153.15192,81.85572
fp_base_main,31,49,90897.11908981386,565602.1875,4208847.0,1390.177734375,565450.0,565750.0,4208675.0,4208975.0,1364.1685791015625,1421.302978515625,152.94318,81.94311
fp_base_main,31,50,90251.15592650864,565606.75,4209088.5,1368.120849609375,565450.0,565750.0,4208975.0,4209275.0,1353.88720703125,1383.490234375,127.26523,86.12998
fp_base_main,31,51,90125.30768551833,565611.375,4209447.0,1356.2435302734375,565450.0,565750.0,4209275.0,4209575.0,1345.4163818359375,1367.2674560546875,122.347626,86.97838
fp_base_main,31,52,91268.78652924456,565609.875,4209751.0,1340.8238525390625,565450.0,565750.0,4209575.0,4209875.0,1322.9228515625,1358.793701171875,150.16943,85.804955
fp_base_main,31,53,90342.90211738697,565589.375,4210017.0,1348.1451416015625,565450.0,565750.0,4209875.0,4210175.0,1332.9722900390625,1364.9083251953125,16.309113,85.113014
fp_base_main,31,54,94150.38463707358,565611.0,4210323.0,1372.984375,565450.0,565750.0,4210175.0,4210475.0,1344.8812255859375,1419.3358154296875,178.39966,81.37914
fp_base_main,31,55,1653.5509552458293,565700.6875,4210481.0,1417.8150634765625,565602.0625,565750.0,4210475.0,4210493.0,1410.448486328125,1423.6607666015625,175.3211,53.62947
fp_base_main,32,27,39521.55905361587,565961.4375,4202333.0,3045.20751953125,565750.0,566050.0,4202232.5,4202375.0,3011.563232421875,3111.03662109375,8.974548,55.242348
fp_base_main,32,28,93951.34411366064,565907.0,4202508.0,2988.389404296875,565750.0,566050.0,4202375.0,4202675.0,2926.55712890625,3036.897216796875,19.336716,73.33518
fp_base_main,32,29,93652.21551485948,565889.3125,4202841.5,2896.474609375,565750.0,566050.0,4202675.0,4202975.0,2843.896484375,2953.578125,18.275543,73.99775
fp_base_main,32,30,93563.40340869759,565877.75,4203117.0,2824.6845703125,565750.0,566050.0,4202975.0,4203275.0,2761.375244140625,2871.291015625,23.225769,74.24024
fp_base_main,32,31,94849.15006669756,565888.8125,4203431.0,2737.50732421875,565750.0,566050.0,4203275.0,4203575.0,2674.052490234375,2799.7802734375,21.714233,71.86795
fp_base_main,32,32,95695.16956358158,565906.125,4203746.5,2631.8759765625,565750.0,566050.0,4203575.0,4203875.0,2568.666259765625,2705.397216796875,17.606873,70.23309
fp_base_main,32,33,97044.24291890969,565879.875,4204039.0,2531.5205078125,565750.0,566050.0,4203875.0,4204175.0,2452.9560546875,2606.73828125,23.933472,68.18086
fp_base_main,32,34,98054.47375285922,565893.0,4204317.0,2425.68017578125,565750.0,566050.0,4204175.0,4204475.0,2337.22119140625,2504.7998046875,25.101044,67.0724
fp_base_main,32,35,99214.59186121008,565892.75,4204631.5,2296.30615234375,565750.0,566050.0,4204475.0,4204775.0,2220.880126953125,2393.31689453125,19.379486,65.09214
fp_base_main,32,36,100940.29745209245,565892.1875,4204940.0,2154.461181640625,565750.0,566050.0,4204775.0,4205075.0,2077.999755859375,2252.582763671875,8.555038,63.445534
fp_base_main,32,37,101227.83875228169,565893.9375,4205244.0,2001.66015625,565750.0,566050.0,4205075.0,4205375.0,1927.3388671875,2103.300537109375,6.9219666,63.107815
fp_base_main,32,38,98641.75984592014,565893.4375,4205541.5,1864.99853515625,565750.0,566050.0,4205375.0,4205675.0,1797.6458740234375,1954.37109375,3.2220154,66.77001
fp_base_main,32,39,96522.7299330628,565894.6875,4205849.0,1745.9205322265625,565750.0,566050.0,4205675.0,4205975.0,1690.7840576171875,1820.6627197265625,172.81476,70.332306
fp_base_main,32,40,93185.61396190186,565896.5,4206120.5,1664.40625,565750.0,566050.0,4205975.0,4206275.0,1620.2113037109375,1716.929443359375,165.27881,76.28792
fp_base_main,32,41,97995.09267604077,565899.75,4206374.5,1641.00048828125,565750.0,566050.0,4206275.0,4206575.0,1603.406982421875,1722.2945556640625,19.91417,75.49637
fp_base_main,32,42,94690.08615918847,565883.875,4206697.0,1713.260009765625,565750.0,566050.0,4206575.0,4206875.0,1683.4630126953125,1760.9013671875,84.211,84.03896
fp_base_main,32,43,91617.35020764478,565914.25,4207032.5,1681.1707763671875,565750.0,566050.0,4206875.0,4207175.0,1645.458251953125,1717.5335693359375,161.17297,79.23657
fp_base_main,32,44,91260.41302205116,565941.875,4207347.0,1631.606689453125,565750.0,566050.0,4207175.0,4207475.0,1599.11083984375,1665.2139892578125,156.91605,80.46634
fp_base_main,32,45,91260.36300010483,565918.5625,4207647.0,1583.7247314453125,565750.0,566050.0,4207475.0,4207775.0,1552.763427734375,1618.862060546875,156.92157,80.466736
fp_base_main,32,46,91260.33197268055,565901.625,4207947.0,1536.2574462890625,565750.0,566050.0,4207775.0,4208075.0,1506.416015625,1572.510009765625,156.92847,80.46707
fp_base_main,32,47,91260.15036369681,565878.375,4208240.5,1489.331298828125,565750.0,566050.0,4208075.0,4208375.0,1460.0684814453125,1526.157958984375,156.92981,80.46751
fp_base_main,32,48,90948.04453029046,565876.125,4208485.0,1453.9310302734375,565750.0,566050.0,4208375.0,4208675.0,1421.2672119140625,1479.810546875,153.44684,81.79065
fp_base_main,32,49,90898.03612893377,565906.3125,4208847.0,1409.688720703125,565750.0,566050.0,4208675.0,4208975.0,1383.4144287109375,1440.56103515625,152.9862,81.93955
fp_base_main,32,50,90405.28428224738,565912.6875,4209108.0,1383.2314453125,565750.0,566050.0,4208975.0,4209275.0,1367.257568359375,1402.7135009765625,138.91077,85.466606
fp_base_main,32,51,90125.27311207488,565918.9375,4209447.0,1369.9549560546875,565750.0,566050.0,4209275.0,4209575.0,1358.789794921875,1380.6378173828125,122.335846,86.978714
fp_base_main,32,52,91268.30657078073,565920.5,4209772.0,1351.7657470703125,565750.0,566050.0,4209575.0,4209875.0,1334.10009765625,1372.1671142578125,154.15372,84.944664
fp_base_main,32,53,90371.67858963602,565909.75,4210028.0,1356.602783203125,565750.0,566050.0,4209875.0,4210175.0,1339.4324951171875,1372.5501708984375,14.88414,84.84804
fp_base_main,32,54,93229.57624943128,565919.8125,4210348.0,1377.9033203125,565750.0,566050.0,4210175.0,4210475.0,1354.74267578125,1410.448486328125,2.3775635,84.85293
fp_base_main,32,55,13487.826484241505,565915.0,4210489.5,1411.248291015625,565750.0,566050.0,4210475.0,4210529.5,1392.61376953125,1432.4307861328125,175.34094,53.750477
fp_base_main,33,27,68295.5461274107,566219.3125,4202292.0,3043.3017578125,566050.0,566350.0,4202153.0,4202375.0,2988.371337890625,3134.287353515625,9.594452,55.92608
fp_base_main,33,28,94104.41330231525,566218.0,4202537.5,2948.37646484375,566050.0,566350.0,4202375.0,4202675.0,2899.884765625,3011.563232421875,18.620163,73.13454
fp_base_main,33,29,93388.68519854707,566188.6875,4202830.5,2871.21044921875,566050.0,566350.0,4202675.0,4202975.0,2825.463623046875,2926.55712890625,15.060181,74.79636
fp_base_main,33,30,93620.65567922694,566192.25,4203166.0,2780.3828125,566050.0,566350.0,4202975.0,4203275.0,2740.851806640625,2843.896484375,12.860092,74.354935
fp_base_main,33,31,94174.65820417661,566189.0,4203423.0,2708.099853515625,566050.0,566350.0,4203275.0,4203575.0,2654.3671875,2761.375244140625,12.756851,73.356285
fp_base_main,33,32,95120.92665789425,566183.3125,4203723.0,2613.7890625,566050.0,566350.0,4203575.0,4203875.0,2557.27294921875,2674.052490234375,8.657532,70.91729
fp_base_main,33,33,96631.04737702165,566190.375,4204062.0,2491.797119140625,566050.0,566350.0,4203875.0,4204175.0,2440.07470703125,2568.666259765625,177.99792,69.19525
fp_base_main,33,34,98090.25868551465,566177.3125,4204318.0,2388.743408203125,566050.0,566350.0,4204175.0,4204475.0,2311.0810546875,2454.068603515625,6.472412,67.468796
fp_base_main,33,35,96944.06663904556,566207.375,4204612.5,2268.032958984375,566050.0,566350.0,4204475.0,4204775.0,2184.546630859375,2337.22119140625,13.224701,68.18611
fp_base_main,33,36,98731.43273525928,566171.8125,4204922.0,2145.23388671875,566050.0,566350.0,4204775.0,4205075.0,2057.83984375,2220.880126953125,14.4758,65.91764
fp_base_main,33,37,99355.03449102686,566175.4375,4205249.0,1996.018798828125,566050.0,566350.0,4205075.0,4205375.0,1935.447265625,2086.246337890625,4.750641,64.74508
fp_base_main,33,38,95673.1883751278,566194.75,4205548.5,1878.9715576171875,566050.0,566350.0,4205375.0,4205675.0,1819.6651611328125,1943.22509765625,169.83258,69.8379
fp_base_main,33,39,94760.86956605874,566178.25,4205822.5,1785.174560546875,566050.0,566350.0,4205675.0,4205975.0,1716.929443359375,1846.0396728515625,159.67264,71.60952
fp_base_main,33,40,96716.76301885143,566193.9375,4206170.5,1688.9735107421875,566050.0,566350.0,4205975.0,4206275.0,1645.4775390625,1764.93212890625,151.91592,73.28801
fp_base_main,33,41,98941.74567580047,566161.0625,4206342.5,1667.4342041015625,566050.0,566350.0,4206275.0,4206575.0,1624.4422607421875,1761.0975341796875,24.14331,74.38527
fp_base_main,33,42,93727.93654552945,566186.5625,4206703.5,1742.08349609375,566050.0,566350.0,4206575.0,4206875.0,1717.5335693359375,1783.914306640625,130.448,83.02794
fp_base_main,33,43,91468.75981322477,566207.5625,4207014.0,1702.2373046875,566050.0,566350.0,4206875.0,4207175.0,1665.2147216796875,1734.14990234375,159.83142,79.877
fp_base_main,33,44,91260.46926272893,566237.4375,4207347.0,1651.0654296875,566050.0,566350.0,4207175.0,4207475.0,1618.8638916015625,1684.9647216796875,156.92719,80.46597
fp_base_main,33,45,91260.36198739494,566215.875,4207647.0,1603.2940673828125,566050.0,566350.0,4207475.0,4207775.0,1572.5130615234375,1638.6044921875,156.93771,80.46669
fp_base_main,33,46,91260.24160951095,566200.9375,4207947.0,1555.9537353515625,566050.0,566350.0,4207775.0,4208075.0,1526.162353515625,1592.2442626953125,156.95053,80.467445
fp_base_main,33,47,91259.77361635228,566180.375,4208239.5,1509.407958984375,566050.0,566350.0,4208075.0,4208375.0,1479.8115234375,1545.884033203125,156.94571,80.469025
fp_base_main,33,48,90966.98671821087,566179.75,4208488.5,1473.2105712890625,566050.0,566350.0,4208375.0,4208675.0,1440.563232421875,1499.5479736328125,153.7196,81.72141
fp_base_main,33,49,90897.67977050481,566210.75,4208847.0,1429.273681640625,566050.0,566350.0,4208675.0,4208975.0,1402.718505859375,1459.853515625,152.98886,81.9411
fp_base_main,33,50,90560.783330822,566218.3125,4209128.0,1398.3502197265625,566050.0,566350.0,4208975.0,4209275.0,1380.6378173828125,1422.0101318359375,147.71494,84.29571
fp_base_main,33,51,90125.30431375411,566227.4375,4209447.0,1383.7122802734375,566050.0,566350.0,4209275.0,4209575.0,1372.1671142578125,1394.01904296875,122.34137,86.97823
fp_base_main,33,52,90906.42465155617,566159.1875,4209777.0,1363.4326171875,566050.0,566350.0,4209575.0,4209875.0,1345.27734375,1385.54541015625,133.11227,84.30577
fp_base_main,33,53,90754.19487347362,566208.4375,4210001.0,1363.0655517578125,566050.0,566350.0,4209875.0,4210175.0,1345.87646484375,1380.2178955078125,26.455246,85.08395
fp_base_main,33,54,91312.39206246393,566176.8125,4210367.5,1382.5738525390625,566050.0,566350.0,4210175.0,4210475.0,1364.6041259765625,1392.281982421875,10.912384,87.217064
fp_base_main,33,55,26332.55101988127,566219.6875,4210495.5,1399.90625,566050.0,566350.0,4210475.0,4210566.0,1387.940185546875,1441.2008056640625,176.69025,56.916836
fp_base_main,34,27,95871.7560998018,566550.9375,4202258.5,3036.938232421875,566350.0,566650.0,4202075.0,4202375.0,2965.656982421875,3157.24365234375,7.753479,58.022118
fp_base_main,34,28,93044.00810194071,566499.125,4202543.5,2932.677734375,566350.0,566650.0,4202375.0,4202675.0,2899.38427734375,2988.371337890625,5.0086365,76.0687
fp_base_main,34,29,93122.05362381558,566524.375,4202807.0,2866.8193359375,566350.0,566650.0,4202675.0,4202975.0,2818.010498046875,2901.18310546875,1.7370605,75.062904
fp_base_main,34,30,93582.64943399346,566505.8125,4203134.0,2776.4609375,566350.0,566650.0,4202975.0,4203275.0,2732.94580078125,2825.463623046875,5.0983887,74.117256
fp_base_main,34,31,93883.5110573249,566514.3125,4203450.5,2684.638671875,566350.0,566650.0,4203275.0,4203575.0,2641.7734375,2740.851806640625,6.4778748,73.41263
fp_base_main,34,32,93806.67983447069,566493.375,4203695.0,2612.43798828125,566350.0,566650.0,4203575.0,4203875.0,2556.1552734375,2654.3671875,3.7492676,73.64613
fp_base_main,34,33,94176.85493503026,566508.1875,4204057.5,2505.88330078125,566350.0,566650.0,4203875.0,4204175.0,2454.068603515625,2562.521484375,168.30084,72.919
fp_base_main,34,34,99622.01800774246,566512.8125,4204343.5,2405.513671875,566350.0,566650.0,4204175.0,4204475.0,2312.62548828125,2482.90673828125,153.21036,65.78926
fp_base_main,34,35,102257.05006810832,566504.0,4204636.0,2273.670166015625,566350.0,566650.0,4204475.0,4204775.0,2177.24560546875,2386.855712890625,154.54498,62.34126
fp_base_main,34,36,100334.74941126167,566529.0,4204895.0,2160.6884765625,566350.0,566650.0,4204775.0,4205075.0,2051.17919921875,2238.202392578125,157.08936,64.15135
fp_base_main,34,37,97832.5770438529,566512.3125,4205211.5,2023.2236328125,566350.0,566650.0,4205075.0,4205375.0,1943.22509765625,2101.538818359375,160.5055,67.029915
fp_base_main,34,38,95175.41805964726,566500.8125,4205516.0,1911.7281494140625,566350.0,566650.0,4205375.0,4205675.0,1846.0396728515625,1976.69677734375,164.10736,71.03022
fp_base_main,34,39,94031.89568181257,566548.875,4205809.0,1822.4993896484375,566350.0,566650.0,4205675.0,4205975.0,1764.93212890625,1873.5572509765625,167.82306,73.17614
fp_base_main,34,40,94934.04210347049,566495.8125,4206104.0,1738.315185546875,566350.0,566650.0,4205975.0,4206275.0,1685.21142578125,1779.2197265625,169.15363,76.85374
fp_base_main,34,41,99451.89140824946,566490.4375,4206378.0,1721.29052734375,566350.0,566650.0,4206275.0,4206575.0,1663.2764892578125,1799.8909912109375,28.455338,73.86904
fp_base_main,34,42,92766.75677093305,566521.0625,4206744.0,1763.1934814453125,566350.0,566650.0,4206575.0,4206875.0,1734.14990234375,1806.92724609375,151.95682,80.329666
fp_base_main,34,43,91320.92808554071,566530.375,4207018.0,1721.6488037109375,566350.0,566650.0,4206875.0,4207175.0,1684.9698486328125,1751.0802001953125,158.44296,80.41511
fp_base_main,34,44,91260.64240441355,566533.5,4207347.0,1670.5672607421875,566350.0,566650.0,4207175.0,4207475.0,1638.6160888671875,1704.727294921875,156.9143,80.46572
fp_base_main,34,45,91260.73066731247,566513.625,4207647.0,1622.9034423828125,566350.0,566650.0,4207475.0,4207775.0,1592.2623291015625,1658.37451171875,156.91284,80.46543
fp_base_main,34,46,91260.67804780624,566500.75,4207947.0,1575.702880859375,566350.0,566650.0,4207775.0,4208075.0,1545.9085693359375,1612.0216064453125,156.91208,80.465576
fp_base_main,34,47,91260.87151316628,566481.875,4208237.0,1529.5888671875,566350.0,566650.0,4208075.0,4208375.0,1499.554931640625,1565.6688232421875,156.91904,80.46491
fp_base_main,34,48,90986.5294962342,566482.6875,4208492.0,1492.4432373046875,566350.0,566650.0,4208375.0,4208675.0,1459.857666015625,1519.302734375,153.9834,81.642265
fp_base_main,34,49,90897.46296658408,566515.1875,4208847.0,1448.860107421875,566350.0,566650.0,4208675.0,4208975.0,1422.019775390625,1479.1497802734375,152.97919,81.942116
fp_base_main,34,50,90716.53713136648,566523.75,4209148.0,1413.457275390625,566350.0,566650.0,4208975.0,4209275.0,1394.02099609375,1441.3165283203125,152.68585,83.06124
fp_base_main,34,51,90125.27539737456,566536.8125,4209447.0,1397.5125732421875,566350.0,566650.0,4209275.0,4209575.0,1385.5535888671875,1407.40234375,122.331726,86.97862
fp_base_main,34,52,90182.0674934321,566490.875,4209761.0,1385.928466796875,566350.0,566650.0,4209575.0,4209875.0,1371.74365234375,1398.9317626953125,122.392456,86.59655
fp_base_main,34,53,91516.8283590443,566528.625,4210011.5,1378.4444580078125,566350.0,566650.0,4209875.0,4210175.0,1356.4547119140625,1390.4613037109375,57.85614,87.636604
fp_base_main,34,54,91148.03311116659,566511.8125,4210339.0,1387.5333251953125,566350.0,566650.0,4210175.0,4210475.0,1374.465576171875,1399.9852294921875,45.431366,88.406395
fp_base_main,34,55,37410.23015431184,566504.125,4210520.5,1407.1236572265625,566350.0,566650.0,4210475.0,4210602.5,1389.750732421875,1449.9708251953125,176.92499,63.4308
fp_base_main,35,26,19765.056892631073,566829.625,4202058.0,3133.691162109375,566650.0,566950.0,4201995.0,4202075.0,3100.99658203125,3180.788330078125,10.407867,45.22826
fp_base_main,35,27,102354.89276685513,566815.5,4202213.5,3043.151611328125,566650.0,566950.0,4202075.0,4202375.0,2963.661376953125,3155.536865234375,7.303055,61.988075
fp_base_main,35,28,91776.27338941593,566827.25,4202488.5,2943.064208984375,566650.0,566950.0,4202375.0,4202675.0,2900.816162109375,2972.626708984375,170.45276,78.986435
fp_base_main,35,29,94290.36838880563,566795.75,4202795.5,2870.77001953125,566650.0,566950.0,4202675.0,4202975.0,2812.96142578125,2915.396240234375,174.39987,72.53091
fp_base_main,35,30,93346.83221217857,566835.0625,4203101.0,2782.3525390625,566650.0,566950.0,4202975.0,4203275.0,2733.149658203125,2822.34375,178.6352,74.79883
fp_base_main,35,31,93881.15659650553,566822.4375,4203436.5,2689.6005859375,566650.0,566950.0,4203275.0,4203575.0,2641.984130859375,2738.111083984375,173.3482,73.96021
fp_base_main,35,32,93222.39701673164,566821.1875,4203707.0,2613.46142578125,566650.0,566950.0,4203575.0,4203875.0,2562.25,2657.6845703125,170.40466,74.96945
fp_base_main,35,33,93278.35250194212,566789.6875,4204037.0,2527.307861328125,566650.0,566950.0,4203875.0,4204175.0,2482.90673828125,2579.547607421875,165.68985,75.17151
fp_base_main,35,34,96000.96123086735,566835.75,4204340.5,2439.730712890625,566650.0,566950.0,4204175.0,4204475.0,2376.553955078125,2499.10205078125,169.36444,71.06827
fp_base_main,35,35,98386.01874627158,566774.125,4204675.5,2302.09130859375,566650.0,566950.0,4204475.0,4204775.0,2238.202392578125,2408.590087890625,156.06479,66.481224
fp_base_main,35,36,99964.71506051092,566777.625,4204887.5,2217.606201171875,566650.0,566950.0,4204775.0,4205075.0,2101.538818359375,2298.20849609375,151.24316,64.23666
fp_base_main,35,37,100439.49010373652,566824.5625,4205234.5,2090.300537109375,566650.0,566950.0,4205075.0,4205375.0,1976.69677734375,2186.977294921875,141.36371,63.915016
fp_base_main,35,38,99899.15487169914,566787.4375,4205522.0,1971.8651123046875,566650.0,566950.0,4205375.0,4205675.0,1873.5572509765625,2075.31201171875,136.99698,64.4719
fp_base_main,35,39,99206.02426927444,566803.1875,4205807.5,1872.78076171875,566650.0,566950.0,4205675.0,4205975.0,1775.0379638671875,1966.8875732421875,141.44101,64.81471
fp_base_main,35,40,95569.10859799554,566835.625,4206111.5,1794.0198974609375,566650.0,566950.0,4205975.0,4206275.0,1738.0804443359375,1855.136962890625,125.400024,73.0204
fp_base_main,35,41,100147.50542384048,566815.25,4206412.0,1778.744873046875,566650.0,566950.0,4206275.0,4206575.0,1702.11083984375,1829.940185546875,32.69034,76.54525
fp_base_main,35,42,91866.23553356543,566797.4375,4206704.5,1791.4425048828125,566650.0,566950.0,4206575.0,4206875.0,1751.0799560546875,1826.398681640625,159.07306,78.94591
fp_base_main,35,43,91260.68974134575,566850.6875,4207047.0,1737.8067626953125,566650.0,566950.0,4206875.0,4207175.0,1704.7236328125,1770.8345947265625,156.92032,80.46507
fp_base_main,35,44,91260.6496203549,566830.0625,4207347.0,1690.08984375,566650.0,566950.0,4207175.0,4207475.0,1658.3673095703125,1724.4730224609375,156.92703,80.46546
fp_base_main,35,45,91260.57491869338,566811.75,4207647.0,1642.5240478515625,566650.0,566950.0,4207475.0,4207775.0,1612.010986328125,1678.1114501953125,156.93335,80.46592
fp_base_main,35,46,91260.63138274252,566801.375,4207947.0,1595.4796142578125,566650.0,566950.0,4207775.0,4208075.0,1565.6546630859375,1631.7498779296875,156.94186,80.46605
fp_base_main,35,47,91260.37745832166,566782.625,4208234.0,1549.90966796875,566650.0,566950.0,4208075.0,4208375.0,1519.29833984375,1585.388427734375,156.9386,80.466965
fp_base_main,35,48,91005.43927782278,566784.75,4208495.5,1511.623291015625,566650.0,566950.0,4208375.0,4208675.0,1479.1507568359375,1539.0382080078125,154.2486,81.558
fp_base_main,35,49,90897.26232696213,566819.4375,4208847.0,1468.4365234375,566650.0,566950.0,4208675.0,4208975.0,1441.319091796875,1498.44873046875,152.9585,81.94313
fp_base_main,35,50,90863.67490034008,566800.125,4209152.0,1429.227294921875,566650.0,566950.0,4208975.0,4209275.0,1407.40234375,1460.6312255859375,153.96738,82.235176
fp_base_main,35,51,90134.28970603608,566830.125,4209407.0,1412.0093994140625,566650.0,566950.0,4209275.0,4209575.0,1398.9317626953125,1422.7969970703125,122.57947,86.83895
fp_base_main,35,52,90125.29262023959,566799.9375,4209747.0,1400.7767333984375,566650.0,566950.0,4209575.0,4209875.0,1390.4613037109375,1412.3111572265625,122.348206,86.97852
fp_base_main,35,53,91601.84162356288,566795.3125,4210010.5,1388.8214111328125,566650.0,566950.0,4209875.0,4210175.0,1367.6319580078125,1403.83740234375,112.61481,88.460144
fp_base_main,35,54,91123.8772306535,566832.375,4210342.5,1395.74072265625,566650.0,566950.0,4210175.0,4210475.0,1384.326904296875,1410.4151611328125,59.767685,88.52015
fp_base_main,35,55,48369.35613959913,566815.875,4210546.5,1415.3721923828125,566650.0,566950.0,4210475.0,4210639.0,1394.715576171875,1458.7408447265625,177.9368,70.403015
fp_base_main,36,26,48543.07290446022,567145.8125,4202030.5,3119.278564453125,566950.0,567250.0,4201916.0,4202075.0,3084.733154296875,3204.038818359375,7.5134277,54.966175
fp_base_main,36,27,95991.89049016654,567060.5,4202184.0,3049.86767578125,566950.0,567250.0,4202075.0,4202375.0,2972.626708984375,3100.96240234375,173.29538,70.09478
fp_base_main,36,28,93247.15170739152,567101.375,4202532.0,2957.1640625,566950.0,567250.0,4202375.0,4202675.0,2915.396240234375,3016.83251953125,151.16083,74.9732
fp_base_main,36,29,94127.25951553886,567101.3125,4202833.0,2883.543212890625,566950.0,567250.0,4202675.0,4202975.0,2822.34375,2942.4033203125,154.04654,73.46088
fp_base_main,36,30,95167.58500918714,567094.5,4203115.0,2800.3212890625,566950.0,567250.0,4202975.0,4203275.0,2738.111083984375,2867.5810546875,155.43726,70.956085
fp_base_main,36,31,93820.69024310344,567114.0,4203400.0,2723.02294921875,566950.0,567250.0,4203275.0,4203575.0,2657.6845703125,2778.85986328125,153.87323,74.16317
fp_base_main,36,32,93988.1234110124,567112.125,4203726.0,2636.545166015625,566950.0,567250.0,4203575.0,4203875.0,2579.547607421875,2697.457275390625,154.6864,73.34195
fp_base_main,36,33,93534.35311119081,567117.875,4204019.5,2562.543212890625,566950.0,567250.0,4203875.0,4204175.0,2499.101806640625,2613.363525390625,150.71063,74.44752
fp_base_main,36,34,94632.98028653149,567089.375,4204329.5,2481.581787109375,566950.0,567250.0,4204175.0,4204475.0,2408.590087890625,2547.742919921875,142.37146,72.28019
fp_base_main,36,35,98311.88124771908,567132.375,4204612.0,2403.04833984375,566950.0,567250.0,4204475.0,4204775.0,2298.154052734375,2479.752685546875,145.2414,66.27041
fp_base_main,36,36,98645.25257680063,567113.3125,4204927.5,2285.134521484375,566950.0,567250.0,4204775.0,4205075.0,2186.977294921875,2376.7890625,142.98679,65.8141
fp_base_main,36,37,99151.64193310039,567132.625,4205230.5,2179.98388671875,566950.0,567250.0,4205075.0,4205375.0,2075.31201171875,2270.54345703125,142.2572,65.18248
fp_base_main,36,38,98947.62630879776,567129.3125,4205552.0,2063.16259765625,566950.0,567250.0,4205375.0,4205675.0,1966.8875732421875,2161.084228515625,142.42215,65.46325
fp_base_main,36,39,99141.12867443767,567092.25,4205832.0,1951.89599609375,566950.0,567250.0,4205675.0,4205975.0,1855.136962890625,2048.460693359375,140.22873,65.21542
fp_base_main,36,40,100418.47070204206,567108.0,4206094.0,1862.710693359375,566950.0,567250.0,4205975.0,4206275.0,1787.65234375,1937.692626953125,145.63177,68.098976
fp_base_main,36,41,99561.13090191109,567128.25,4206425.5,1814.385986328125,566950.0,567250.0,4206275.0,4206575.0,1740.945068359375,1852.953125,38.792282,79.632
fp_base_main,36,42,91618.0008838174,567127.0625,4206733.0,1807.19677734375,566950.0,567250.0,4206575.0,4206875.0,1770.8353271484375,1842.9422607421875,161.04077,79.260735
fp_base_main,36,43,91260.90511284323,567146.4375,4207047.0,1757.2803955078125,566950.0,567250.0,4206875.0,4207175.0,1724.4766845703125,1790.5921630859375,156.91678,80.46493
fp_base_main,36,44,91260.91854841448,567127.125,4207347.0,1709.6512451171875,566950.0,567250.0,4207175.0,4207475.0,1678.1180419921875,1744.236083984375,156.91327,80.46478
fp_base_main,36,45,91260.93744527634,567110.375,4207647.0,1662.191650390625,566950.0,567250.0,4207475.0,4207775.0,1631.7593994140625,1697.8800048828125,156.90936,80.46457
fp_base_main,36,46,91261.00883556137,567103.375,4207947.0,1615.373291015625,566950.0,567250.0,4207775.0,4208075.0,1585.4007568359375,1651.52392578125,156.90631,80.46432
fp_base_main,36,47,91261.19085263804,567082.875,4208228.5,1570.5015869140625,566950.0,567250.0,4208075.0,4208375.0,1539.0419921875,1605.1678466796875,156.91568,80.46349
fp_base_main,36,48,91025.13073084866,567086.25,4208499.0,1530.7615966796875,566950.0,567250.0,4208375.0,4208675.0,1498.4427490234375,1558.792236328125,154.51599,81.465385
fp_base_main,36,49,90896.93844656428,567123.5625,4208847.0,1487.987060546875,566950.0,567250.0,4208675.0,4208975.0,1460.6165771484375,1517.7344970703125,152.97144,81.94445
fp_base_main,36,50,90897.06905196895,567095.9375,4209147.0,1448.3896484375,566950.0,567250.0,4208975.0,4209275.0,1422.79052734375,1479.914306640625,152.9639,81.94373
fp_base_main,36,51,90255.94762907975,567105.1875,4209388.0,1426.662109375,566950.0,567250.0,4209275.0,4209575.0,1412.31103515625,1442.0941162109375,127.62842,86.06245
fp_base_main,36,52,90125.31947231748,567106.4375,4209747.0,1414.445556640625,566950.0,567250.0,4209575.0,4209875.0,1403.83740234375,1425.6915283203125,122.35437,86.97822
fp_base_main,36,53,91600.3810657403,567091.875,4210019.5,1399.562744140625,566950.0,567250.0,4209875.0,4210175.0,1378.8092041015625,1417.2144775390625,150.51227,87.08559
fp_base_main,36,54,91111.44506746552,567112.25,4210349.0,1403.0067138671875,566950.0,567250.0,4210175.0,4210475.0,1394.1883544921875,1420.8450927734375,63.498566,88.43046
fp_base_main,36,55,59309.28203927326,567128.5,4210572.5,1423.621826171875,566950.0,567250.0,4210475.0,4210675.5,1399.644775390625,1467.5108642578125,179.89758,74.562645
fp_base_main,37,26,72593.90900463844,567410.5625,4201967.0,3146.83837890625,567250.0,567550.0,4201836.5,4202075.0,3085.159423828125,3227.289306640625,178.17795,66.74626
fp_base_main,37,27,93117.60929461385,567409.3125,4202241.0,3069.638916015625,567250.0,567550.0,4202075.0,4202375.0,3016.730224609375,3125.69189453125,149.3165,75.244835
fp_base_main,37,28,93410.13892878452,567389.375,4202506.0,3004.51904296875,567250.0,567550.0,4202375.0,4202675.0,2942.4033203125,3056.211181640625,149.71387,74.4042
fp_base_main,37,29,94013.89814171822,567381.0625,4202824.0,2926.5146484375,567250.0,567550.0,4202675.0,4202975.0,2867.5810546875,2990.05224609375,146.75919,73.223816
fp_base_main,37,30,94786.67760450997,567370.4375,4203148.0,2838.6796875,567250.0,567550.0,4202975.0,4203275.0,2778.85986328125,2918.177734375,143.95499,71.72428
fp_base_main,37,31,95398.75934277775,567384.5,4203423.5,2763.4853515625,567250.0,567550.0,4203275.0,4203575.0,2697.457275390625,2839.21923828125,147.78851,70.98925
fp_base_main,37,32,94787.79287412838,567385.9375,4203735.0,2674.397216796875,567250.0,567550.0,4203575.0,4203875.0,2613.363525390625,2746.228271484375,151.09402,71.719734
fp_base_main,37,33,93179.3199209703,567403.8125,4203982.5,2614.927490234375,567250.0,567550.0,4203875.0,4204175.0,2547.742919921875,2663.471923828125,138.69742,75.24814
fp_base_main,37,34,93879.42888937345,567438.625,4204325.5,2548.991943359375,567250.0,567550.0,4204175.0,4204475.0,2479.752685546875,2603.541015625,139.99689,73.536896
fp_base_main,37,35,96534.19978385745,567399.1875,4204610.5,2464.877685546875,567250.0,567550.0,4204475.0,4204775.0,2376.7890625,2538.818603515625,147.84299,68.7322
fp_base_main,37,36,97397.46133180072,567388.8125,4204924.5,2357.05908203125,567250.0,567550.0,4204775.0,4205075.0,2270.54345703125,2440.675048828125,147.25766,67.8759
fp_base_main,37,37,98368.07206588786,567405.9375,4205239.5,2246.950927734375,567250.0,567550.0,4205075.0,4205375.0,2161.103515625,2339.057861328125,151.0181,66.703384
fp_base_main,37,38,98216.45079938171,567392.125,4205546.5,2127.544677734375,567250.0,567550.0,4205375.0,4205675.0,2048.460693359375,2218.1875,153.17896,66.473076
fp_base_main,37,39,99045.85223249526,567390.6875,4205814.5,2024.045654296875,567250.0,567550.0,4205675.0,4205975.0,1937.692626953125,2108.6142578125,153.6571,66.388245
fp_base_main,37,40,99904.18003944235,567415.625,4206125.5,1903.6175537109375,567250.0,567550.0,4205975.0,4206275.0,1826.4136962890625,1995.054931640625,156.38013,67.15925
fp_base_main,37,41,98593.77706177057,567412.5,4206417.5,1843.586669921875,567250.0,567550.0,4206275.0,4206575.0,1779.7794189453125,1875.966064453125,62.947083,83.04351
fp_base_main,37,42,91470.50079186012,567419.0,4206714.5,1828.19921875,567250.0,567550.0,4206575.0,4206875.0,1790.589599609375,1859.58154296875,159.60434,79.881805
fp_base_main,37,43,91260.77787047706,567442.625,4207047.0,1776.7755126953125,567250.0,567550.0,4206875.0,4207175.0,1744.2288818359375,1810.3367919921875,156.93274,80.46455
fp_base_main,37,44,91260.64163184204,567424.625,4207347.0,1729.227294921875,567250.0,567550.0,4207175.0,4207475.0,1697.8681640625,1763.9661865234375,156.94296,80.46534
fp_base_main,37,45,91260.53468790588,567409.8125,4207647.0,1681.88671875,567250.0,567550.0,4207475.0,4207775.0,1651.50732421875,1717.595458984375,156.95755,80.46613
fp_base_main,37,46,91260.3864725545,567419.25,4207957.5,1634.5096435546875,567250.0,567550.0,4207775.0,4208075.0,1605.1466064453125,1671.224853515625,156.97061,80.46698
fp_base_main,37,47,91260.16274989452,567396.9375,4208242.0,1589.05224609375,567250.0,567550.0,4208075.0,4208375.0,1558.785888671875,1624.8587646484375,156.95117,80.46813
fp_base_main,37,48,91043.7984192886,567387.0,4208502.5,1549.8515625,567250.0,567550.0,4208375.0,4208675.0,1517.73388671875,1578.519775390625,154.78214,81.372055
fp_base_main,37,49,90896.80157536066,567427.3125,4208847.0,1507.5238037109375,567250.0,567550.0,4208675.0,4208975.0,1479.9127197265625,1537.0250244140625,152.96964,81.94517
fp_base_main,37,50,90896.85336956967,567397.5,4209147.0,1467.789306640625,567250.0,567550.0,4208975.0,4209275.0,1442.091552734375,1499.2095947265625,152.96088,81.94464
fp_base_main,37,51,90411.47542617518,567410.6875,4209407.5,1441.7744140625,567250.0,567550.0,4209275.0,4209575.0,1425.6964111328125,1461.394287109375,139.10641,85.39639
fp_base_main,37,52,90125.30676751245,567414.3125,4209747.0,1428.1842041015625,567250.0,567550.0,4209575.0,4209875.0,1417.22607421875,1439.076904296875,122.34689,86.978355
fp_base_main,37,53,91609.74748011364,567403.625,4210040.5,1410.5408935546875,567250.0,567550.0,4209875.0,4210175.0,1389.9864501953125,1430.6031494140625,155.68658,85.23251
fp_base_main,37,54,90885.684260592,567366.5625,4210356.5,1411.3460693359375,567250.0,567550.0,4210175.0,4210475.0,1401.7193603515625,1431.2750244140625,58.834473,86.64582
fp_base_main,37,55,70497.59489237292,567416.9375,4210575.0,1427.9095458984375,567250.0,567550.0,4210475.0,4210712.0,1404.601318359375,1476.281005859375,2.9702148,77.99581
fp_base_main,38,25,993.8347743015189,567823.0625,4201770.0,3240.691650390625,567783.5625,567850.0,4201757.5,4201775.0,3232.88427734375,3250.539794921875,6.8965454,43.695335
fp_base_main,38,26,91854.46449750129,567712.9375,4201917.5,3190.67236328125,567550.0,567850.0,4201775.0,4202075.0,3125.69189453125,3245.389404296875,151.52982,74.089226
fp_base_main,38,27,93515.61734656605,567683.0,4202215.0,3110.40576171875,567550.0,567850.0,4202075.0,4202375.0,3056.211181640625,3172.1728515625,153.58014,74.35597
fp_base_main,38,28,92735.81578187608,567682.125,4202510.0,3039.6171875,567550.0,567850.0,4202375.0,4202675.0,2990.05224609375,3088.990234375,156.90707,76.15025
fp_base_main,38,29,92970.58661985688,567674.375,4202817.0,2970.440185546875,567550.0,567850.0,4202675.0,4202975.0,2918.177734375,3015.6630859375,161.97775,76.092155
fp_base_main,38,30,93562.76763046526,567683.0625,4203147.0,2888.40576171875,567550.0,567850.0,4202975.0,4203275.0,2839.21923828125,2943.263671875,162.42859,74.9767
fp_base_main,38,31,94506.24521606261,567673.8125,4203378.5,2824.68603515625,567550.0,567850.0,4203275.0,4203575.0,2746.228271484375,2869.305908203125,157.16583,72.029945
fp_base_main,38,32,94708.16016691177,567684.375,4203742.0,2725.22509765625,567550.0,567850.0,4203575.0,4203875.0,2663.471923828125,2800.54736328125,144.35971,71.83778
fp_base_main,38,33,93710.25415375587,567669.6875,4204019.0,2654.643798828125,567550.0,567850.0,4203875.0,4204175.0,2603.541015625,2722.028564453125,142.84921,74.81527
fp_base_main,38,34,93550.55422771667,567668.6875,4204315.5,2586.054443359375,567550.0,567850.0,4204175.0,4204475.0,2538.818603515625,2636.816162109375,167.74936,76.48728
fp_base_main,38,35,95448.45722649491,567666.5,4204609.5,2503.758544921875,567550.0,567850.0,4204475.0,4204775.0,2440.675048828125,2558.516845703125,0.06674194,71.344925
fp_base_main,38,36,95141.90033610308,567685.0,4204926.0,2399.608642578125,567550.0,567850.0,4204775.0,4205075.0,2339.057861328125,2456.013916015625,173.61578,71.09993
fp_base_main,38,37,97187.2157518401,567669.0625,4205214.0,2292.359619140625,567550.0,567850.0,4205075.0,4205375.0,2218.1875,2354.484130859375,172.77905,68.12046
fp_base_main,38,38,95702.65958804838,567674.875,4205541.5,2175.46337890625,567550.0,567850.0,4205375.0,4205675.0,2108.6142578125,2248.30517578125,158.50253,69.83777
fp_base_main,38,39,96757.63544881048,567681.0625,4205850.5,2068.023193359375,567550.0,567850.0,4205675.0,4205975.0,1995.054931640625,2154.828857421875,157.0564,68.825264
fp_base_main,38,40,101395.73961223371,567674.5,4206119.0,1953.300537109375,567550.0,567850.0,4205975.0,4206275.0,1865.201416015625,2044.9725341796875,162.76227,63.372337
fp_base_main,38,41,97630.05197109171,567725.125,4206446.5,1872.513916015625,567550.0,567850.0,4206275.0,4206575.0,1818.6136474609375,1904.1005859375,109.50018,84.39943
fp_base_main,38,42,91323.82822134341,567738.25,4206718.0,1847.4158935546875,567550.0,567850.0,4206575.0,4206875.0,1810.275390625,1876.3829345703125,158.31421,80.4148
fp_base_main,38,43,91260.45510073188,567739.25,4207047.0,1796.251708984375,567550.0,567850.0,4206875.0,4207175.0,1763.9251708984375,1830.0286865234375,156.91925,80.46616
fp_base_main,38,44,91260.38837023768,567722.8125,4207347.0,1748.816650390625,567550.0,567850.0,4207175.0,4207475.0,1717.574951171875,1783.67431640625,156.92355,80.46654
fp_base_main,38,45,91260.3512033563,567711.0625,4207647.0,1701.6923828125,567550.0,567850.0,4207475.0,4207775.0,1671.2247314453125,1737.3199462890625,156.9303,80.46686
fp_base_main,38,46,91260.27955454175,567712.3125,4207943.0,1656.0006103515625,567550.0,567850.0,4207775.0,4208075.0,1624.8746337890625,1690.965576171875,156.93423,80.46727
fp_base_main,38,47,91260.18815358944,567688.375,4208242.0,1608.2308349609375,567550.0,567850.0,4208075.0,4208375.0,1578.5244140625,1644.614501953125,156.93085,80.46741
fp_base_main,38,48,91063.69389743154,567687.125,4208506.0,1568.900634765625,567550.0,567850.0,4208375.0,4208675.0,1537.0123291015625,1598.26611328125,155.04184,81.27228
fp_base_main,38,49,90897.48245695974,567730.8125,4208847.0,1527.0220947265625,567550.0,567850.0,4208675.0,4208975.0,1499.1749267578125,1556.3074951171875,152.96948,81.94244
fp_base_main,38,50,90897.5910599779,567700.0625,4209147.0,1487.2117919921875,567550.0,567850.0,4208975.0,4209275.0,1461.33740234375,1518.48291015625,152.95001,81.9413
fp_base_main,38,51,90566.59903613327,567716.0625,4209427.5,1456.858642578125,567550.0,567850.0,4209275.0,4209575.0,1439.06640625,1480.6583251953125,147.70569,84.25147
fp_base_main,38,52,90125.26407692408,567723.3125,4209747.0,1441.9559326171875,567550.0,567850.0,4209575.0,4209875.0,1430.5994873046875,1452.4468994140625,122.334656,86.978874
fp_base_main,38,53,91599.95270879427,567716.25,4210061.5,1421.5269775390625,567550.0,567850.0,4209875.0,4210175.0,1401.163818359375,1443.9765625,157.4739,84.01103
fp_base_main,38,54,90404.05874181783,567691.625,4210333.0,1423.9425048828125,567550.0,567850.0,4210175.0,4210475.0,1408.169189453125,1440.1541748046875,20.421371,85.31376
fp_base_main,38,55,81809.29525339906,567730.875,4210596.5,1440.338134765625,567550.0,567850.0,4210475.0,4210748.0,1413.9112548828125,1485.051025390625,6.9735107,82.51496
fp_base_main,39,25,2737.1956649493127,567888.875,4201766.5,3246.837158203125,567850.0,568013.625,4201747.5,4201775.0,3240.3203125,3253.446044921875,175.32776,72.06278
fp_base_main,39,26,90602.86387284027,568011.25,4201921.5,3211.169189453125,567850.0,568150.0,4201775.0,4202075.0,3171.806884765625,3247.549560546875,0.7149048,76.72245
fp_base_main,39,27,93493.90785530221,567993.625,4202230.5,3131.79345703125,567850.0,568150.0,4202075.0,4202375.0,3088.990234375,3179.99951171875,175.00574,75.13416
fp_base_main,39,28,92915.21656943462,568009.0,4202545.0,3052.049072265625,567850.0,568150.0,4202375.0,4202675.0,3015.6630859375,3099.205810546875,175.04651,75.72692
fp_base_main,39,29,92569.68000169234,568040.0625,4202801.0,2991.177978515625,567850.0,568150.0,4202675.0,4202975.0,2943.263671875,3022.469482421875,173.23724,77.03481
fp_base_main,39,30,92834.56357532261,568011.8125,4203139.5,2908.828857421875,567850.0,568150.0,4202975.0,4203275.0,2869.305908203125,2956.699951171875,171.00305,75.81253
fp_base_main,39,31,92388.7393455658,568001.5625,4203430.5,2840.07421875,567850.0,568150.0,4203275.0,4203575.0,2800.54736328125,2881.26123046875,170.05188,77.23079
fp_base_main,39,32,93087.58050561779,568006.6875,4203695.0,2779.3154296875,567850.0,568150.0,4203575.0,4203875.0,2722.028564453125,2814.73291015625,167.8306,75.954956
fp_base_main,39,33,93991.23769807558,568013.875,4204038.0,2693.332763671875,567850.0,568150.0,4203875.0,4204175.0,2636.816162109375,2747.374267578125,160.37274,73.84221
fp_base_main,39,34,95839.94297272644,568005.0625,4204344.5,2592.395263671875,567850.0,568150.0,4204175.0,4204475.0,2538.78857421875,2666.84765625,168.45883,70.10079
fp_base_main,39,35,95209.68380563792,568010.125,4204595.5,2506.730712890625,567850.0,568150.0,4204475.0,4204775.0,2438.917724609375,2554.321044921875,175.7279,71.170525
fp_base_main,39,36,95150.17186129917,568008.125,4204949.0,2387.79541015625,567850.0,568150.0,4204775.0,4205075.0,2336.77587890625,2448.72412109375,6.9600677,71.232155
fp_base_main,39,37,95173.34438207699,568019.5625,4205246.0,2282.5087890625,567850.0,568150.0,4205075.0,4205375.0,2230.258056640625,2351.781494140625,7.984314,70.76964
fp_base_main,39,38,95060.20022805141,568001.3125,4205543.5,2187.27734375,567850.0,568150.0,4205375.0,4205675.0,2129.689697265625,2251.68994140625,15.411621,71.4799
fp_base_main,39,39,96205.57355712335,568005.25,4205836.0,2087.22802734375,567850.0,568150.0,4205675.0,4205975.0,2025.394287109375,2159.950439453125,13.295227,69.79204
fp_base_main,39,40,99195.82388878983,567992.1875,4206118.0,1980.0228271484375,567850.0,568150.0,4205975.0,4206275.0,1904.1005859375,2049.412353515625,1.6022949,67.75286
fp_base_main,39,41,96542.00831436057,568027.6875,4206426.0,1902.5975341796875,567850.0,568150.0,4206275.0,4206575.0,1857.447998046875,1936.4505615234375,135.62466,82.236786
fp_base_main,39,42,91260.56917319163,568053.25,4206747.0,1863.282470703125,567850.0,568150.0,4206575.0,4206875.0,1830.030517578125,1896.1392822265625,156.91617,80.46571
fp_base_main,39,43,91260.5467567385,568036.6875,4207047.0,1815.837646484375,567850.0,568150.0,4206875.0,4207175.0,1783.6781005859375,1849.783935546875,156.92035,80.465935
fp_base_main,39,44,91260.51019500797,568022.9375,4207347.0,1768.5771484375,567850.0,568150.0,4207175.0,4207475.0,1737.3255615234375,1803.4287109375,156.92322,80.46614
fp_base_main,39,45,91260.48648448508,568029.8125,4207654.0,1721.5931396484375,567850.0,568150.0,4207475.0,4207775.0,1690.97314453125,1757.073486328125,156.92786,80.4664
fp_base_main,39,46,91260.40226805491,568016.3125,4207942.0,1676.17041015625,567850.0,568150.0,4207775.0,4208075.0,1644.62060546875,1710.7186279296875,156.92923,80.46673
fp_base_main,39,47,91260.47426908587,567978.5,4208242.0,1627.3265380859375,567850.0,568150.0,4208075.0,4208375.0,1598.2681884765625,1664.3651123046875,156.92963,80.46636
fp_base_main,39,48,91083.03407077664,567986.75,4208510.0,1587.9156494140625,567850.0,568150.0,4208375.0,4208675.0,1556.303466796875,1618.011474609375,155.29297,81.17409
fp_base_main,39,49,90897.23659010392,568034.0625,4208847.0,1546.524169921875,567850.0,568150.0,4208675.0,4208975.0,1518.4710693359375,1575.5953369140625,152.97488,81.943375
fp_base_main,39,50,90897.32223031824,568003.0625,4209147.0,1506.7005615234375,567850.0,568150.0,4208975.0,4209275.0,1480.6385498046875,1537.7703857421875,152.96432,81.94265
fp_base_main,39,51,90721.89100890196,568021.5,4209447.0,1471.9617919921875,567850.0,568150.0,4209275.0,4209575.0,1452.44677734375,1499.9454345703125,152.66592,83.03512
fp_base_main,39,52,90125.30920941237,568033.375,4209747.0,1455.7855224609375,567850.0,568150.0,4209575.0,4209875.0,1443.9765625,1465.8284912109375,122.34369,86.97835
fp_base_main,39,53,91474.58723208896,567982.125,4210069.0,1433.5235595703125,567850.0,568150.0,4209875.0,4210175.0,1412.341064453125,1457.3548583984375,147.79971,83.651146
fp_base_main,39,54,90498.13060413807,568018.5,4210290.5,1429.9927978515625,567850.0,568150.0,4210175.0,4210475.0,1414.634033203125,1447.798583984375,21.177338,85.06439
fp_base_main,39,55,92315.95923743158,568016.75,4210627.0,1451.5194091796875,567850.0,568150.0,4210475.0,4210775.0,1423.7725830078125,1491.5384521484375,2.8493195,83.24782
fp_base_main,39,56,459.688664457252,568124.0,4210778.5,1490.7474365234375,568071.9375,568150.0,4210775.0,4210784.5,1486.8829345703125,1493.821044921875,175.3255,53.897503
fp_base_main,40,26,74301.61736360606,568332.5,4201949.5,3222.376220703125,568150.0,568450.0,4201806.0,4202075.0,3173.388671875,3267.5126953125,157.34692,72.25108
fp_base_main,40,27,93265.28719943168,568368.3125,4202178.5,3167.27294921875,568150.0,568450.0,4202075.0,4202375.0,3099.205810546875,3199.0673828125,158.62689,76.87634
fp_base_main,40,28,93314.65198994044,568274.9375,4202564.5,3066.40576171875,568150.0,568450.0,4202375.0,4202675.0,3022.469482421875,3133.284912109375,151.58249,74.56389
fp_base_main,40,29,93095.33901895065,568285.6875,4202804.5,3014.3916015625,568150.0,568450.0,4202675.0,4202975.0,2956.699951171875,3067.483642578125,145.61905,75.19591
fp_base_main,40,30,93649.01470850522,568323.3125,4203129.0,2946.197509765625,568150.0,568450.0,4202975.0,4203275.0,2881.26123046875,2996.906494140625,144.08401,74.41715
fp_base_main,40,31,93616.31201372796,568339.0625,4203419.5,2881.981201171875,568150.0,568450.0,4203275.0,4203575.0,2814.73291015625,2928.9609375,146.30237,74.23862
fp_base_main,40,32,93631.86522963969,568315.625,4203719.5,2806.758544921875,568150.0,568450.0,4203575.0,4203875.0,2747.374267578125,2858.183837890625,149.79193,74.511986
fp_base_main,40,33,94639.03236844132,568303.1875,4204033.0,2720.99072265625,568150.0,568450.0,4203875.0,4204175.0,2666.84765625,2780.42529296875,170.05487,72.27394
fp_base_main,40,34,95707.95952579402,568341.1875,4204351.0,2615.90625,568150.0,568450.0,4204175.0,4204475.0,2554.321044921875,2681.306640625,167.84943,70.20936
fp_base_main,40,35,95824.2415514113,568319.875,4204626.0,2518.81494140625,568150.0,568450.0,4204475.0,4204775.0,2446.217041015625,2581.787109375,163.828,70.232635
fp_base_main,40,36,96975.07482005219,568337.4375,4204951.5,2399.38427734375,568150.0,568450.0,4204775.0,4205075.0,2337.47607421875,2477.679931640625,167.8985,67.92065
fp_base_main,40,37,96081.53901029077,568309.875,4205259.5,2280.65625,568150.0,568450.0,4205075.0,4205375.0,2230.11376953125,2357.70263671875,171.78485,69.48892
fp_base_main,40,38,96316.66478860266,568328.75,4205494.5,2192.452880859375,568150.0,568450.0,4205375.0,4205675.0,2119.921142578125,2245.032470703125,175.67719,68.94031
fp_base_main,40,39,95996.51475888911,568329.125,4205824.5,2072.5498046875,568150.0,568450.0,4205675.0,4205975.0,2008.22705078125,2129.689697265625,4.4861603,70.50711
fp_base_main,40,40,94933.16332801184,568312.4375,4206128.5,1969.6171875,568150.0,568450.0,4205975.0,4206275.0,1924.3289794921875,2025.394287109375,179.71509,73.28219
fp_base_main,40,41,94469.40057153077,568314.6875,4206399.0,1927.66943359375,568150.0,568450.0,4206275.0,4206575.0,1896.1392822265625,1950.56591796875,145.64471,82.41148
fp_base_main,40,42,91260.81377814141,568350.3125,4206747.0,1882.8441162109375,568150.0,568450.0,4206575.0,4206875.0,1849.78466796875,1915.8992919921875,156.9075,80.46561
fp_base_main,40,43,91260.92198164218,568338.9375,4207047.0,1835.7449951171875,568150.0,568450.0,4206875.0,4207175.0,1803.43017578125,1869.551513671875,156.90125,80.46519
fp_base_main,40,44,91260.93707560583,568335.375,4207329.0,1791.8768310546875,568150.0,568450.0,4207175.0,4207475.0,1757.0755615234375,1823.2037353515625,156.89932,80.46402
fp_base_main,40,45,91260.91494996284,568319.5,4207642.0,1742.4903564453125,568150.0,568450.0,4207475.0,4207775.0,1710.7210693359375,1776.8436279296875,156.90689,80.464264
fp_base_main,40,46,91260.87208988721,568291.125,4207942.0,1694.2646484375,568150.0,568450.0,4207775.0,4208075.0,1664.366455078125,1730.4820556640625,156.91623,80.464775
fp_base_main,40,47,91260.75284680234,568267.3125,4208242.0,1646.3389892578125,568150.0,568450.0,4208075.0,4208375.0,1618.011962890625,1684.1204833984375,156.92511,80.46551
fp_base_main,40,48,91102.6034425707,568285.75,4208513.5,1606.89453125,568150.0,568450.0,4208375.0,4208675.0,1575.5938720703125,1637.7589111328125,155.53528,81.07599
fp_base_main,40,49,90897.07064388468,568337.125,4208847.0,1566.014404296875,568150.0,568450.0,4208675.0,4208975.0,1537.7659912109375,1594.88671875,152.96744,81.94429
fp_base_main,40,50,90897.19531262787,568306.3125,4209147.0,1526.2069091796875,568150.0,568450.0,4208975.0,4209275.0,1499.9381103515625,1557.0703125,152.95172,81.943214
fp_base_main,40,51,90867.0113911686,568296.0,4209450.5,1487.7139892578125,568150.0,568450.0,4209275.0,4209575.0,1465.8294677734375,1519.25390625,153.84991,82.22042
fp_base_main,40,52,90136.08533410591,568325.9375,4209707.0,1470.2716064453125,568150.0,568450.0,4209575.0,4209875.0,1457.363037109375,1481.4190673828125,122.546875,86.82418
fp_base_main,40,53,90658.90440537145,568313.75,4210056.5,1457.0255126953125,568150.0,568450.0,4209875.0,4210175.0,1432.48681640625,1470.7412109375,126.17264,85.56356
fp_base_main,40,54,91352.80862377472,568322.75,4210309.0,1444.5653076171875,568150.0,568450.0,4210175.0,4210475.0,1423.518310546875,1461.241455078125,54.148987,86.81491
fp_base_main,40,55,93364.17307038805,568321.5,4210652.5,1457.1553955078125,568150.0,568450.0,4210475.0,4210775.0,1433.634033203125,1486.81494140625,5.1611786,86.28193
fp_base_main,40,56,10338.383770306536,568312.1875,4210786.5,1485.253662109375,568150.0,568450.0,4210775.0,4210821.0,1468.854248046875,1502.591064453125,175.328,53.660408
fp_base_main,41,26,54751.56445019802,568616.5625,4201989.5,3248.568603515625,568450.0,568750.0,4201896.0,4202075.0,3187.6513671875,3295.327392578125,159.19977,62.681744
fp_base_main,41,27,93413.62134382187,568605.8125,4202268.0,3163.609130859375,568450.0,568750.0,4202075.0,4202375.0,3133.284912109375,3215.16943359375,172.22095,79.421234
fp_base_main,41,28,92809.51636570998,568596.75,4202533.0,3107.966796875,568450.0,568750.0,4202375.0,4202675.0,3067.49853515625,3153.312744140625,172.21277,76.9219
fp_base_main,41,29,92754.07893841328,568599.125,4202812.5,3041.5068359375,568450.0,568750.0,4202675.0,4202975.0,2996.906494140625,3081.309326171875,174.51096,76.525276
fp_base_main,41,30,92750.4745915721,568614.5625,4203135.0,2963.34423828125,568450.0,568750.0,4202975.0,4203275.0,2928.9609375,3007.455078125,175.03842,76.37446
fp_base_main,41,31,92531.96677184492,568623.5625,4203412.5,2897.61376953125,568450.0,568750.0,4203275.0,4203575.0,2857.609619140625,2932.2412109375,177.5831,76.65849
fp_base_main,41,32,93081.5263494165,568607.625,4203723.0,2820.74365234375,568450.0,568750.0,4203575.0,4203875.0,2777.8388671875,2860.94287109375,0.26983643,75.322014
fp_base_main,41,33,94251.7611385524,568614.8125,4204037.0,2731.2548828125,568450.0,568750.0,4203875.0,4204175.0,2681.27490234375,2781.445556640625,174.70557,72.98918
fp_base_main,41,34,94917.91527712745,568597.5625,4204325.5,2638.67626953125,568450.0,568750.0,4204175.0,4204475.0,2581.787109375,2696.61083984375,171.22299,71.58635
fp_base_main,41,35,95501.2685678353,568625.3125,4204656.0,2527.317626953125,568450.0,568750.0,4204475.0,4204775.0,2477.679931640625,2597.898681640625,171.4657,70.46229
fp_base_main,41,36,96562.138058219,568604.0,4204937.5,2421.801513671875,568450.0,568750.0,4204775.0,4205075.0,2357.70263671875,2493.4658203125,169.4448,68.84943
fp_base_main,41,37,97133.03166307845,568604.125,4205226.5,2312.084228515625,568450.0,568750.0,4205075.0,4205375.0,2245.032470703125,2382.054931640625,168.43799,68.44391
fp_base_main,41,38,96697.26147206358,568612.5625,4205528.0,2201.0439453125,568450.0,568750.0,4205375.0,4205675.0,2124.06201171875,2267.53466796875,158.4378,69.91122
fp_base_main,41,39,96224.99319154935,568601.6875,4205835.5,2098.675048828125,568450.0,568750.0,4205675.0,4205975.0,2020.8515625,2180.278076171875,147.89484,69.319046
fp_base_main,41,40,96172.71835555878,568606.125,4206109.5,2017.3172607421875,568450.0,568750.0,4205975.0,4206275.0,1945.9036865234375,2090.84814453125,135.42682,70.26483
fp_base_main,41,41,93217.86838931084,568618.0625,4206385.5,1958.2760009765625,568450.0,568750.0,4206275.0,4206575.0,1915.894775390625,2011.910400390625,146.46991,77.92798
fp_base_main,41,42,91260.9455586122,568639.75,4206742.0,1902.6431884765625,568450.0,568750.0,4206575.0,4206875.0,1869.538330078125,1935.6585693359375,156.91165,80.46446
fp_base_main,41,43,91260.90935051926,568620.875,4207042.0,1855.043212890625,568450.0,568750.0,4206875.0,4207175.0,1823.181884765625,1889.2989501953125,156.914,80.46455
fp_base_main,41,44,91260.8579272216,568602.4375,4207342.0,1807.4681396484375,568450.0,568750.0,4207175.0,4207475.0,1776.8253173828125,1842.9393310546875,156.91772,80.46484
fp_base_main,41,45,91260.79620037993,568584.625,4207642.0,1759.939208984375,568450.0,568750.0,4207475.0,4207775.0,1730.4688720703125,1796.5797119140625,156.92294,80.46521
fp_base_main,41,46,91260.78381399796,568568.3125,4207942.0,1712.50927734375,568450.0,568750.0,4207775.0,4208075.0,1684.1124267578125,1750.2200927734375,156.9274,80.465385
fp_base_main,41,47,91260.66498962208,568556.25,4208242.0,1665.35791015625,568450.0,568750.0,4208075.0,4208375.0,1637.7559814453125,1703.860595703125,156.93015,80.46574
fp_base_main,41,48,91121.8447723208,568584.3125,4208517.0,1625.8416748046875,568450.0,568750.0,4208375.0,4208675.0,1594.8836669921875,1657.5009765625,155.76599,80.98094
fp_base_main,41,49,90896.91682664906,568639.9375,4208847.0,1585.486083984375,568450.0,568750.0,4208675.0,4208975.0,1557.0599365234375,1614.173583984375,152.9729,81.9448
fp_base_main,41,50,90896.93632229992,568609.5,4209147.0,1545.7064208984375,568450.0,568750.0,4208975.0,4209275.0,1519.2362060546875,1576.3555908203125,152.96631,81.94445
fp_base_main,41,51,90897.035829619,568607.5,4209462.5,1505.787841796875,568450.0,568750.0,4209275.0,4209575.0,1481.41259765625,1538.53759765625,152.95801,81.943794
fp_base_main,41,52,90261.11490461558,568598.8125,4209687.0,1484.91650390625,568450.0,568750.0,4209575.0,4209875.0,1470.7412109375,1500.71923828125,128.2273,86.044044
fp_base_main,41,53,90127.39937659564,568584.75,4210062.5,1471.33935546875,568450.0,568750.0,4209875.0,4210175.0,1461.2420654296875,1484.12060546875,122.38077,86.91889
fp_base_main,41,54,91903.19011277624,568620.5625,4210320.5,1457.7855224609375,568450.0,568750.0,4210175.0,4210475.0,1434.6956787109375,1475.6470947265625,120.92163,87.90025
fp_base_main,41,55,91535.0144706642,568581.0625,4210672.5,1461.891845703125,568450.0,568750.0,4210475.0,4210775.0,1443.4954833984375,1472.994873046875,21.84761,88.615395
fp_base_main,41,56,23081.05340763116,568619.9375,4210793.5,1475.6292724609375,568450.0,568750.0,4210775.0,4210857.5,1464.7264404296875,1511.361083984375,176.85449,58.21025
fp_base_main,42,26,31653.307729011627,568925.75,4202052.5,3282.418701171875,568750.0,569046.6875,4201986.0,4202075.0,3215.15234375,3322.8330078125,161.229,33.899967
fp_base_main,42,27,97224.33990829361,568965.75,4202160.5,3246.37890625,568750.0,569050.0,4202075.0,4202375.0,3129.964599609375,3323.14208984375,151.66998,65.580574
fp_base_main,42,28,93160.97301124282,568911.5,4202532.0,3111.777587890625,568750.0,569050.0,4202375.0,4202675.0,3068.714111328125,3155.255615234375,159.02188,78.14104
fp_base_main,42,29,93399.05014157592,568893.875,4202828.0,3048.140869140625,568750.0,569050.0,4202675.0,4202975.0,3002.26806640625,3106.4140625,154.99844,75.12208
fp_base_main,42,30,93094.22739526142,568883.3125,4203144.5,2972.74609375,568750.0,569050.0,4202975.0,4203275.0,2932.2412109375,3032.94970703125,154.66766,75.85031
fp_base_main,42,31,93316.12067744692,568893.625,4203425.0,2907.7314453125,568750.0,569050.0,4203275.0,4203575.0,2860.94287109375,2964.991455078125,158.45291,75.079575
fp_base_main,42,32,93580.5205343667,568899.0625,4203739.5,2826.119140625,568750.0,569050.0,4203575.0,4203875.0,2780.547607421875,2886.51953125,161.96259,73.998924
fp_base_main,42,33,93516.36011082391,568895.0625,4204026.0,2750.105224609375,568750.0,569050.0,4203875.0,4204175.0,2696.61083984375,2806.902099609375,159.66028,74.19675
fp_base_main,42,34,95561.06617285867,568892.6875,4204313.0,2665.36865234375,568750.0,569050.0,4204175.0,4204475.0,2597.898681640625,2731.902099609375,160.39563,70.68078
fp_base_main,42,35,95847.7417816347,568903.125,4204626.0,2557.6396484375,568750.0,569050.0,4204475.0,4204775.0,2493.4658203125,2626.8896484375,167.37485,69.87339
fp_base_main,42,36,95573.42631167766,568901.0,4204917.5,2455.133544921875,568750.0,569050.0,4204775.0,4205075.0,2382.054931640625,2514.80517578125,164.2034,70.133995
fp_base_main,42,37,96200.75919470216,568895.6875,4205210.0,2355.732666015625,568750.0,569050.0,4205075.0,4205375.0,2267.53466796875,2421.2451171875,154.58728,69.256134
fp_base_main,42,38,95446.50151426176,568911.5,4205524.0,2257.220947265625,568750.0,569050.0,4205375.0,4205675.0,2180.278076171875,2327.1943359375,145.09036,70.77561
fp_base_main,42,39,95566.04008098898,568905.4375,4205837.0,2167.906005859375,568750.0,569050.0,4205675.0,4205975.0,2090.84814453125,2240.890869140625,143.04971,70.514
fp_base_main,42,40,97317.89135484646,568949.75,4206198.5,2060.4951171875,568750.0,569050.0,4205975.0,4206275.0,2011.910400390625,2158.34228515625,164.33716,70.66566
fp_base_main,42,41,98121.68932574904,568924.875,4206355.0,2002.5242919921875,568750.0,569050.0,4206275.0,4206575.0,1935.664306640625,2047.2681884765625,168.72345,72.30138
fp_base_main,42,42,91259.86837771758,568954.6875,4206747.0,1922.642578125,568750.0,569050.0,4206575.0,4206875.0,1889.3154296875,1955.39208984375,156.94128,80.468735
fp_base_main,42,43,91259.89959423852,568937.0,4207047.0,1875.131103515625,568750.0,569050.0,4206875.0,4207175.0,1842.9666748046875,1909.04541015625,156.93973,80.46857
fp_base_main,42,44,91259.91996853496,568919.8125,4207347.0,1827.651123046875,568750.0,569050.0,4207175.0,4207475.0,1796.6177978515625,1862.69873046875,156.93774,80.468445
fp_base_main,42,45,91259.99044723235,568903.5,4207647.0,1780.228515625,568750.0,569050.0,4207475.0,4207775.0,1750.2689208984375,1816.3521728515625,156.93518,80.46813
fp_base_main,42,46,91259.9998703812,568888.9375,4207947.0,1732.927001953125,568750.0,569050.0,4207775.0,4208075.0,1703.9200439453125,1770.0054931640625,156.93195,80.46805
fp_base_main,42,47,91260.02420732328,568879.5625,4208247.0,1685.9600830078125,568750.0,569050.0,4208075.0,4208375.0,1657.5712890625,1723.658935546875,156.92975,80.46794
fp_base_main,42,48,91141.6001717383,568900.375,4208538.5,1643.3052978515625,568750.0,569050.0,4208375.0,4208675.0,1614.2298583984375,1677.312255859375,155.92163,80.89285
fp_base_main,42,49,90897.44844271216,568942.625,4208847.0,1604.9989013671875,568750.0,569050.0,4208675.0,4208975.0,1576.392578125,1633.5213623046875,152.97623,81.94261
fp_base_main,42,50,90897.52675628701,568912.6875,4209147.0,1565.2410888671875,568750.0,569050.0,4208975.0,4209275.0,1538.555419921875,1595.694091796875,152.96262,81.94182
fp_base_main,42,51,90897.6323223903,568893.0,4209447.0,1526.1412353515625,568750.0,569050.0,4209275.0,4209575.0,1500.7181396484375,1557.86669921875,152.94894,81.940994
fp_base_main,42,52,90417.31389195121,568908.75,4209706.5,1500.372802734375,568750.0,569050.0,4209575.0,4209875.0,1484.12060546875,1520.039306640625,139.22705,85.3099
fp_base_main,42,53,90125.32709058361,568908.5625,4210047.0,1486.3485107421875,568750.0,569050.0,4209875.0,4210175.0,1475.64697265625,1497.50146484375,122.35571,86.97814
fp_base_main,42,54,91933.26667948966,568895.4375,4210320.5,1468.9462890625,568750.0,569050.0,4210175.0,4210475.0,1445.8729248046875,1489.02392578125,152.849,86.542114
fp_base_main,42,55,91336.14492374493,568921.75,4210633.0,1467.9189453125,568750.0,569050.0,4210475.0,4210775.0,1453.35693359375,1483.4248046875,102.787445,88.76247
fp_base_main,42,56,34208.97729812273,568904.125,4210818.5,1482.523681640625,568750.0,569050.0,4210775.0,4210894.0,1466.0626220703125,1520.131103515625,177.21402,64.965744
fp_base_main,43,27,108817.42421379205,569224.9375,4202207.5,3263.62353515625,569050.0,569350.0,4202076.0,4202375.0,3155.349853515625,3350.95654296875,160.40018,58.0168
fp_base_main,43,28,93069.67706307051,569188.9375,4202556.5,3127.365478515625,569050.0,569350.0,4202375.0,4202675.0,3104.626708984375,3182.8017578125,169.12659,78.964264
fp_base_main,43,29,92897.66078923592,569215.6875,4202821.0,3090.30224609375,569050.0,569350.0,4202675.0,4202975.0,3032.94970703125,3115.947021484375,151.488,79.22957
fp_base_main,43,30,93867.99134838577,569248.9375,4203128.0,3032.83740234375,569050.0,569350.0,4202975.0,4203275.0,2964.991455078125,3087.59423828125,144.47049,73.484245
fp_base_main,43,31,94266.40179014979,569174.1875,4203415.5,2949.1748046875,569050.0,569350.0,4203275.0,4203575.0,2886.51953125,3015.326416015625,144.80823,72.76283
fp_base_main,43,32,94689.96810113323,569162.875,4203730.5,2864.9306640625,569050.0,569350.0,4203575.0,4203875.0,2806.902099609375,2943.155517578125,145.07535,71.822525
fp_base_main,43,33,94214.54185074265,569166.25,4204003.0,2794.21337890625,569050.0,569350.0,4203875.0,4204175.0,2731.902099609375,2861.1513671875,145.06793,72.90695
fp_base_main,43,34,96781.20878470186,569164.875,4204319.0,2702.36572265625,569050.0,569350.0,4204175.0,4204475.0,2626.8896484375,2779.9326171875,152.14105,68.278595
fp_base_main,43,35,98010.60979895822,569185.4375,4204643.5,2586.888916015625,569050.0,569350.0,4204475.0,4204775.0,2514.80517578125,2684.826171875,151.40344,66.875046
fp_base_main,43,36,96488.2977307702,569184.25,4204930.0,2485.06396484375,569050.0,569350.0,4204775.0,4205075.0,2421.2451171875,2573.24072265625,153.80554,69.03729
fp_base_main,43,37,94704.89180996516,569186.375,4205231.0,2387.653076171875,569050.0,569350.0,4205075.0,4205375.0,2327.1943359375,2458.6259765625,162.64044,71.90671
fp_base_main,43,38,94574.06210420407,569163.0,4205500.0,2301.892822265625,569050.0,569350.0,4205375.0,4205675.0,2240.890869140625,2356.0654296875,165.69809,72.72259
fp_base_main,43,39,94418.42914991401,569185.125,4205846.5,2203.49853515625,569050.0,569350.0,4205675.0,4205975.0,2152.44091796875,2257.37744140625,177.36935,74.23726
fp_base_main,43,40,102716.78510278251,569181.5,4206140.5,2093.027587890625,569050.0,569350.0,4205975.0,4206275.0,2016.2010498046875,2173.049560546875,3.690033,65.34468
fp_base_main,43,41,92200.83821765892,569210.8125,4206447.5,1988.46044921875,569050.0,569350.0,4206275.0,4206575.0,1955.39208984375,2031.748291015625,161.96906,78.728546
fp_base_main,43,42,91245.73724236316,569271.9375,4206657.5,1956.8468017578125,569050.0,569350.0,4206575.0,4206875.0,1909.04541015625,1974.01953125,157.29901,80.60177
fp_base_main,43,43,91259.82291964583,569242.375,4207047.0,1895.2109375,569050.0,569350.0,4206875.0,4207175.0,1862.69873046875,1928.77392578125,156.94107,80.46897
fp_base_main,43,44,91259.8597933797,569224.25,4207347.0,1847.674072265625,569050.0,569350.0,4207175.0,4207475.0,1816.35205078125,1882.4296875,156.93878,80.468765
fp_base_main,43,45,91259.85993896863,569206.9375,4207647.0,1800.1923828125,569050.0,569350.0,4207475.0,4207775.0,1770.00537109375,1836.08544921875,156.93439,80.46863
fp_base_main,43,46,91259.87216482792,569191.4375,4207947.0,1752.8267822265625,569050.0,569350.0,4207775.0,4208075.0,1723.6588134765625,1789.7412109375,156.93106,80.468445
fp_base_main,43,47,91259.95751523536,569180.6875,4208247.0,1705.7745361328125,569050.0,569350.0,4208075.0,4208375.0,1677.3121337890625,1743.39697265625,156.92877,80.468185
fp_base_main,43,48,91160.7574290923,569201.5625,4208542.5,1662.332763671875,569050.0,569350.0,4208375.0,4208675.0,1633.5196533203125,1697.052734375,156.13995,80.80504
fp_base_main,43,49,90897.23019905058,569245.125,4208847.0,1624.4482421875,569050.0,569350.0,4208675.0,4208975.0,1595.6866455078125,1652.81005859375,152.97546,81.94346
fp_base_main,43,50,90897.34425295322,569215.8125,4209147.0,1584.734375,569050.0,569350.0,4208975.0,4209275.0,1557.8536376953125,1614.985107421875,152.96704,81.94273
fp_base_main,43,51,90897.37425374286,569194.125,4209447.0,1545.5123291015625,569050.0,569350.0,4209275.0,4209575.0,1520.0206298828125,1577.1602783203125,152.9531,81.94211
fp_base_main,43,52,90572.84813461428,569214.3125,4209726.0,1515.4954833984375,569050.0,569350.0,4209575.0,4209875.0,1497.5054931640625,1539.33544921875,147.73001,84.187325
fp_base_main,43,53,90125.30178960529,569218.0,4210047.0,1500.1578369140625,569050.0,569350.0,4209875.0,4210175.0,1489.035888671875,1510.8863525390625,122.345245,86.97842
fp_base_main,43,54,91941.72840207844,569194.4375,4210330.0,1480.1884765625,569050.0,569350.0,4210175.0,4210475.0,1457.0501708984375,1502.4127197265625,161.198,84.74051
fp_base_main,43,55,91330.31583239722,569206.5625,4210640.0,1475.50537109375,569050.0,569350.0,4210475.0,4210775.0,1463.21826171875,1493.854736328125,105.37506,88.400085
fp_base_main,43,56,45156.403495516235,569220.125,4210844.5,1490.82861328125,569050.0,569350.0,4210775.0,4210930.5,1470.9744873046875,1528.901123046875,178.68198,71.90638
fp_base_main,44,27,88848.0145332855,569532.25,4202275.0,3283.357666015625,569350.0,569650.0,4202166.0,4202375.0,3182.8017578125,3378.771240234375,162.90326,42.200504
fp_base_main,44,28,94195.38350664212,569501.625,4202554.0,3144.97607421875,569350.0,569650.0,4202375.0,4202675.0,3103.230712890625,3210.230224609375,164.169,73.315895
fp_base_main,44,29,90974.06375124535,569519.5,4202827.5,3097.8720703125,569350.0,569650.0,4202675.0,4202975.0,3077.857177734375,3120.96923828125,1.7073975,84.482895
fp_base_main,44,30,91817.72605881373,569508.125,4203144.5,3055.62744140625,569350.0,569650.0,4202975.0,4203275.0,3015.326416015625,3087.40869140625,169.93848,79.595474
fp_base_main,44,31,92993.20676676185,569501.4375,4203461.5,2984.354736328125,569350.0,569650.0,4203275.0,4203575.0,2943.155517578125,3040.2919921875,163.72571,75.82663
fp_base_main,44,32,93548.54399580526,569493.125,4203729.0,2915.2998046875,569350.0,569650.0,4203575.0,4203875.0,2861.1513671875,2966.162353515625,162.557,74.40121
fp_base_main,44,33,93715.181187755,569505.5625,4204022.0,2838.5380859375,569350.0,569650.0,4203875.0,4204175.0,2779.9326171875,2891.015625,159.00665,73.998314
fp_base_main,44,34,94483.24032421137,569502.75,4204350.0,2745.664794921875,569350.0,569650.0,4204175.0,4204475.0,2684.826171875,2812.453857421875,159.14417,72.37416
fp_base_main,44,35,96873.81253491787,569499.625,4204632.5,2649.5048828125,569350.0,569650.0,4204475.0,4204775.0,2573.24072265625,2725.517578125,157.34271,68.56875
fp_base_main,44,36,97678.25757723353,569520.8125,4204919.5,2545.4775390625,569350.0,569650.0,4204775.0,4205075.0,2458.6259765625,2622.544921875,159.18494,67.01852
fp_base_main,44,37,96843.2513334558,569501.75,4205211.0,2428.905517578125,569350.0,569650.0,4205075.0,4205375.0,2356.0654296875,2499.093017578125,162.9104,68.78673
fp_base_main,44,38,95811.92690880016,569540.75,4205527.5,2316.177490234375,569350.0,569650.0,4205375.0,4205675.0,2255.5419921875,2382.827880859375,171.89813,69.2995
fp_base_main,44,39,98901.96160744081,569520.9375,4205847.5,2182.123046875,569350.0,569650.0,4205675.0,4205975.0,2108.44775390625,2267.951171875,12.173065,65.318535
fp_base_main,44,40,95625.52524532766,569521.375,4206102.0,2086.890869140625,569350.0,569650.0,4205975.0,4206275.0,2031.6627197265625,2152.44091796875,12.04248,73.15274
fp_base_main,44,41,91966.573885498,569475.375,4206416.5,2010.01708984375,569350.0,569650.0,4206275.0,4206575.0,1974.0169677734375,2047.2579345703125,162.72098,79.254265
fp_base_main,44,42,91184.30079079178,569501.1875,4206687.5,1967.08544921875,569350.0,569650.0,4206575.0,4206875.0,1928.84130859375,1993.0513916015625,156.71057,80.75827
fp_base_main,44,43,91260.28195256271,569548.1875,4207047.0,1915.3892822265625,569350.0,569650.0,4206875.0,4207175.0,1882.4853515625,1948.5721435546875,156.94217,80.467186
fp_base_main,44,44,91260.29553822796,569529.125,4207347.0,1867.7774658203125,569350.0,569650.0,4207175.0,4207475.0,1836.12939453125,1902.21826171875,156.93979,80.46709
fp_base_main,44,45,91260.34116982137,569510.8125,4207647.0,1820.2191162109375,569350.0,569650.0,4207475.0,4207775.0,1789.7734375,1855.8643798828125,156.93787,80.46687
fp_base_main,44,46,91260.36619591633,569494.1875,4207947.0,1772.771728515625,569350.0,569650.0,4207775.0,4208075.0,1743.41748046875,1809.5106201171875,156.93481,80.4667
fp_base_main,44,47,91260.3384419405,569482.0625,4208247.0,1725.618896484375,569350.0,569650.0,4208075.0,4208375.0,1697.0616455078125,1763.15673828125,156.93149,80.466644
fp_base_main,44,48,91180.41899246312,569502.625,4208546.5,1681.3631591796875,569350.0,569650.0,4208375.0,4208675.0,1652.8089599609375,1716.8028564453125,156.35345,80.722664
fp_base_main,44,49,90897.10250639483,569547.375,4208847.0,1643.885009765625,569350.0,569650.0,4208675.0,4208975.0,1614.9798583984375,1672.0975341796875,152.98175,81.94379
fp_base_main,44,50,90897.10075733147,569518.75,4209147.0,1604.2161865234375,569350.0,569650.0,4208975.0,4209275.0,1577.1507568359375,1634.2703857421875,152.97864,81.94371
fp_base_main,44,51,90897.14267164629,569496.0625,4209447.0,1564.92578125,569350.0,569650.0,4209275.0,4209575.0,1539.3216552734375,1596.443115234375,152.97635,81.943474
fp_base_main,44,52,90727.84244430432,569520.0,4209746.0,1530.6229248046875,569350.0,569650.0,4209575.0,4209875.0,1510.8863525390625,1558.615966796875,152.673,82.99661
fp_base_main,44,53,90125.34116423233,569529.0,4210047.0,1514.0279541015625,569350.0,569650.0,4209875.0,4210175.0,1502.4127197265625,1524.268798828125,122.35199,86.97786
fp_base_main,44,54,91940.61212999061,569509.75,4210351.0,1491.253173828125,569350.0,569650.0,4210175.0,4210475.0,1468.2274169921875,1515.791015625,160.4313,83.148964
fp_base_main,44,55,91284.6307691519,569495.1875,4210650.0,1484.2593994140625,569350.0,569650.0,4210475.0,4210775.0,1473.0797119140625,1504.28466796875,84.79999,87.95089
fp_base_main,44,56,56165.40221749,569539.9375,4210851.0,1495.628662109375,569350.0,569650.0,4210775.0,4210967.0,1475.9481201171875,1537.671142578125,1.9205627,76.854034
fp_base_main,45,27,66254.47199531892,569817.1875,4202335.0,3316.880126953125,569650.0,569950.0,4202256.0,4202375.0,3210.230224609375,3406.5859375,163.09686,24.07818
fp_base_main,45,28,96824.62330905048,569842.1875,4202499.0,3204.440673828125,569650.0,569950.0,4202375.0,4202675.0,3121.05615234375,3314.27197265625,158.00479,67.89141
fp_base_main,45,29,92440.1383788471,569810.3125,4202845.0,3101.4453125,569650.0,569950.0,4202675.0,4202975.0,3077.175537109375,3149.149658203125,169.12222,79.59617
fp_base_main,45,30,91476.12938500977,569810.5,4203141.0,3052.708740234375,569650.0,569950.0,4202975.0,4203275.0,3019.81982421875,3080.4326171875,11.35965,80.515686
fp_base_main,45,31,92398.99299256022,569853.875,4203460.0,2985.7626953125,569650.0,569950.0,4203275.0,4203575.0,2957.012451171875,3039.804443359375,12.377335,77.21919
fp_base_main,45,32,92244.79956010883,569839.5,4203686.0,2936.234130859375,569650.0,569950.0,4203575.0,4203875.0,2891.015625,2965.6787109375,179.88315,78.24636
fp_base_main,45,33,92390.38296550742,569833.1875,4204052.0,2856.07470703125,569650.0,569950.0,4203875.0,4204175.0,2812.453857421875,2898.404052734375,164.96973,77.65041
fp_base_main,45,34,94203.0935268416,569842.0625,4204319.0,2790.07666015625,569650.0,569950.0,4204175.0,4204475.0,2725.517578125,2838.0693359375,162.111,73.06338
fp_base_main,45,35,95537.98008289727,569811.875,4204626.0,2691.673828125,569650.0,569950.0,4204475.0,4204775.0,2622.544921875,2753.584228515625,163.67609,70.571915
fp_base_main,45,36,97628.72444599518,569816.8125,4204924.5,2580.557373046875,569650.0,569950.0,4204775.0,4205075.0,2499.093017578125,2652.7197265625,166.12396,67.324646
fp_base_main,45,37,99516.54624091783,569847.4375,4205220.0,2452.60791015625,569650.0,569950.0,4205075.0,4205375.0,2377.27978515625,2531.40185546875,171.42426,63.853886
fp_base_main,45,38,100078.46549582618,569847.8125,4205523.0,2310.873046875,569650.0,569950.0,4205375.0,4205675.0,2226.166748046875,2382.5693359375,7.5807495,64.06926
fp_base_main,45,39,99563.55278170588,569835.875,4205810.5,2174.040283203125,569650.0,569950.0,4205675.0,4205975.0,2093.78662109375,2255.5419921875,7.2248535,65.46242
fp_base_main,45,40,93467.1897984198,569818.375,4206100.0,2080.5732421875,569650.0,569950.0,4205975.0,4206275.0,2047.2579345703125,2108.44775390625,1.6553955,82.83517
fp_base_main,45,41,91718.37273083626,569785.375,4206396.5,2031.48828125,569650.0,569950.0,4206275.0,4206575.0,1993.0345458984375,2062.911865234375,160.8906,79.862946
fp_base_main,45,42,91145.86894879641,569830.8125,4206730.0,1981.841796875,569650.0,569950.0,4206575.0,4206875.0,1948.5721435546875,2012.0347900390625,156.50171,80.94436
fp_base_main,45,43,91260.17426038708,569854.625,4207047.0,1935.5443115234375,569650.0,569950.0,4206875.0,4207175.0,1902.21826171875,1968.3013916015625,156.9415,80.46767
fp_base_main,45,44,91260.19795101418,569834.4375,4207347.0,1887.863525390625,569650.0,569950.0,4207175.0,4207475.0,1855.8643798828125,1921.9498291015625,156.94037,80.46754
fp_base_main,45,45,91260.22010170038,569815.0625,4207647.0,1840.234619140625,569650.0,569950.0,4207475.0,4207775.0,1809.510498046875,1875.598388671875,156.93756,80.46733
fp_base_main,45,46,91260.23626643748,569797.25,4207947.0,1792.7117919921875,569650.0,569950.0,4207775.0,4208075.0,1763.15673828125,1829.246826171875,156.93433,80.46716
fp_base_main,45,47,91260.31922661039,569783.6875,4208247.0,1745.466064453125,569650.0,569950.0,4208075.0,4208375.0,1716.8028564453125,1782.895263671875,156.93207,80.46689
fp_base_main,45,48,91199.80717114423,569803.8125,4208550.5,1700.3900146484375,569650.0,569950.0,4208375.0,4208675.0,1672.0948486328125,1736.543701171875,156.55396,80.64979
fp_base_main,45,49,90897.58993107741,569849.5625,4208847.0,1663.304443359375,569650.0,569950.0,4208675.0,4208975.0,1634.25390625,1691.3848876953125,152.98248,81.942085
fp_base_main,45,50,90897.66832026161,569821.625,4209147.0,1623.6697998046875,569650.0,569950.0,4208975.0,4209275.0,1596.4129638671875,1653.5528564453125,152.97076,81.94137
fp_base_main,45,51,90897.76835601921,569798.3125,4209447.0,1584.3343505859375,569650.0,569950.0,4209275.0,4209575.0,1558.5718994140625,1615.720703125,152.95667,81.94051
fp_base_main,45,52,90870.5561349972,569793.0,4209748.5,1546.3746337890625,569650.0,569950.0,4209575.0,4209875.0,1524.2554931640625,1577.888671875,153.7474,82.20107
fp_base_main,45,53,90138.11971509557,569820.75,4210007.5,1528.486328125,569650.0,569950.0,4209875.0,4210175.0,1515.7861328125,1540.04052734375,122.52124,86.80988
fp_base_main,45,54,91929.69056937224,569805.8125,4210361.0,1503.655029296875,569650.0,569950.0,4210175.0,4210475.0,1479.40478515625,1529.1644287109375,158.71515,82.70215
fp_base_main,45,55,90807.2553120502,569844.875,4210605.0,1496.9200439453125,569650.0,569950.0,4210475.0,4210775.0,1483.39794921875,1514.714599609375,31.399872,86.128555
fp_base_main,45,56,67589.67565504764,569826.375,4210878.5,1507.040283203125,569650.0,569950.0,4210775.0,4211003.5,1482.941162109375,1546.441162109375,6.228134,81.014534
fp_base_main,46,27,7852.001888145501,570005.3125,4202367.0,3388.340576171875,569950.0,570046.6875,4202346.0,4202375.0,3314.346923828125,3415.54833984375,162.02216,16.33597
fp_base_main,46,28,135156.70682800718,570120.75,4202490.0,3299.134765625,569950.0,570250.0,4202375.0,4202675.0,3149.11474609375,3434.400634765625,162.30252,45.731766
fp_base_main,46,29,93705.01179868224,570119.3125,4202869.0,3111.907958984375,569950.0,570250.0,4202675.0,4202975.0,3080.439697265625,3177.2294921875,164.08295,74.70427
fp_base_main,46,30,91724.45465440449,570090.6875,4203132.5,3054.4775390625,569950.0,570250.0,4202975.0,4203275.0,3021.725830078125,3096.39208984375,170.48212,78.94208
fp_base_main,46,31,92022.62899172113,570138.0625,4203418.5,2998.27685546875,569950.0,570250.0,4203275.0,4203575.0,2958.962646484375,3031.972412109375,170.71106,77.940285
fp_base_main,46,32,91941.70860684014,570114.5625,4203746.0,2929.72314453125,569950.0,570250.0,4203575.0,4203875.0,2898.404052734375,2968.82177734375,173.00018,78.38769
fp_base_main,46,33,92203.4556750994,570096.6875,4204036.0,2867.03662109375,569950.0,570250.0,4203875.0,4204175.0,2834.292236328125,2904.540771484375,178.39307,77.7113
fp_base_main,46,34,93046.3877087824,570092.25,4204300.5,2804.970947265625,569950.0,570250.0,4204175.0,4204475.0,2753.584228515625,2838.345458984375,177.88544,75.3425
fp_base_main,46,35,95240.6302422358,570108.0625,4204627.0,2710.55078125,569950.0,570250.0,4204475.0,4204775.0,2652.7197265625,2764.94287109375,171.77124,71.44841
fp_base_main,46,36,97330.08484100224,570127.125,4204945.0,2593.457763671875,569950.0,570250.0,4204775.0,4205075.0,2531.40185546875,2669.3076171875,171.23505,67.853195
fp_base_main,46,37,100358.79070188636,570099.1875,4205213.5,2470.199951171875,569950.0,570250.0,4205075.0,4205375.0,2381.681640625,2548.287109375,174.47156,63.51609
fp_base_main,46,38,99027.25430653371,570116.5625,4205538.5,2318.469970703125,569950.0,570250.0,4205375.0,4205675.0,2236.016845703125,2398.997314453125,170.3471,65.46677
fp_base_main,46,39,100445.19024501395,570123.9375,4205844.0,2176.55810546875,569950.0,570250.0,4205675.0,4205975.0,2099.6884765625,2266.1396484375,169.41345,64.286575
fp_base_main,46,40,95539.37320765595,570119.1875,4206083.0,2092.33447265625,569950.0,570250.0,4205975.0,4206275.0,2062.77734375,2118.84326171875,159.9107,83.62288
fp_base_main,46,41,91464.96745527397,570086.5625,4206392.0,2049.951904296875,569950.0,570250.0,4206275.0,4206575.0,2012.0419921875,2078.41259765625,159.84708,80.329895
fp_base_main,46,42,91137.92186179904,570090.0625,4206755.5,1994.3765869140625,569950.0,570250.0,4206575.0,4206875.0,1968.30126953125,2031.0941162109375,157.3992,80.95385
fp_base_main,46,43,91231.19105872286,570137.3125,4206988.5,1962.8426513671875,569950.0,570250.0,4206875.0,4207175.0,1921.94970703125,1986.26025390625,157.3352,80.604774
fp_base_main,46,44,91260.03392788945,570140.4375,4207347.0,1907.9869384765625,569950.0,570250.0,4207175.0,4207475.0,1875.59814453125,1941.679931640625,156.94095,80.46815
fp_base_main,46,45,91260.05442146512,570119.8125,4207647.0,1860.2801513671875,569950.0,570250.0,4207475.0,4207775.0,1829.2467041015625,1895.3309326171875,156.93774,80.46794
fp_base_main,46,46,91260.07275744205,570100.75,4207947.0,1812.6751708984375,569950.0,570250.0,4207775.0,4208075.0,1782.8951416015625,1848.98193359375,156.93399,80.467735
fp_base_main,46,47,91260.1454962829,570085.625,4208247.0,1765.3310546875,569950.0,570250.0,4208075.0,4208375.0,1736.5435791015625,1802.6329345703125,156.93173,80.467514
fp_base_main,46,48,91219.06282946464,570105.0,4208554.5,1719.4188232421875,569950.0,570250.0,4208375.0,4208675.0,1691.384033203125,1756.283935546875,156.74457,80.586075
fp_base_main,46,49,90897.40062466581,570151.5625,4208847.0,1682.7220458984375,569950.0,570250.0,4208675.0,4208975.0,1653.5469970703125,1710.6727294921875,152.98727,81.942406
fp_base_main,46,50,90897.33670858295,570124.3125,4209147.0,1643.1329345703125,569950.0,570250.0,4208975.0,4209275.0,1615.7099609375,1672.8353271484375,152.98853,81.942604
fp_base_main,46,51,90897.36911316859,570100.8125,4209447.0,1603.7847900390625,569950.0,570250.0,4209275.0,4209575.0,1577.8729248046875,1634.998046875,152.98795,81.94243
fp_base_main,46,52,90897.2992368218,570092.125,4209760.0,1563.732177734375,569950.0,570250.0,4209575.0,4209875.0,1540.035888671875,1597.1607666015625,152.98706,81.9426
fp_base_main,46,53,90265.9021478208,570084.5625,4209987.5,1542.543701171875,569950.0,570250.0,4209875.0,4210175.0,1529.1722412109375,1559.3271484375,128.84195,86.159065
fp_base_main,46,54,91323.19927842602,570088.125,4210348.5,1522.4478759765625,569950.0,570250.0,4210175.0,4210475.0,1493.3724365234375,1542.5504150390625,139.48743,83.84913
fp_base_main,46,55,91009.81502297038,570085.5625,4210611.0,1507.9296875,569950.0,570250.0,4210475.0,4210775.0,1490.58203125,1523.0478515625,33.465286,85.993546
fp_base_main,46,56,78957.74005482353,570126.6875,4210900.5,1518.6002197265625,569950.0,570250.0,4210775.0,4211040.0,1492.8026123046875,1555.2113037109375,10.8784485,85.02684
fp_base_main,47,28,122926.88294963964,570434.25,4202575.0,3299.16943359375,570250.0,570550.0,4202436.0,4202675.0,3177.20947265625,3462.21533203125,165.14621,34.126038
fp_base_main,47,29,93421.1306587176,570404.3125,4202843.0,3146.834716796875,570250.0,570550.0,4202675.0,4202975.0,3096.39208984375,3205.30517578125,156.26184,74.78313
fp_base_main,47,30,93656.421304899,570422.1875,4203152.5,3080.222412109375,570250.0,570550.0,4202975.0,4203275.0,3031.972412109375,3137.5146484375,147.64185,74.35424
fp_base_main,47,31,93022.94733594639,570390.25,4203425.5,3012.812255859375,570250.0,570550.0,4203275.0,4203575.0,2968.82177734375,3070.636474609375,154.79236,76.04875
fp_base_main,47,32,92731.82155696551,570411.75,4203737.5,2945.129638671875,570250.0,570550.0,4203575.0,4203875.0,2903.8984375,2996.734619140625,159.66998,76.49255
fp_base_main,47,33,92729.78563910339,570391.5625,4204003.0,2881.860107421875,570250.0,570550.0,4203875.0,4204175.0,2838.345458984375,2926.4873046875,165.5177,76.46576
fp_base_main,47,34,92426.63905898416,570410.25,4204306.0,2813.92333984375,570250.0,570550.0,4204175.0,4204475.0,2764.94287109375,2850.7509765625,169.37146,76.85391
fp_base_main,47,35,94511.75161925469,570418.25,4204639.0,2724.79150390625,570250.0,570550.0,4204475.0,4204775.0,2669.3076171875,2782.7314453125,172.74283,72.27791
fp_base_main,47,36,97235.94371081788,570397.5,4204918.5,2625.722412109375,570250.0,570550.0,4204775.0,4205075.0,2548.287109375,2686.475341796875,171.48193,69.00872
fp_base_main,47,37,101075.41168014944,570395.0625,4205213.0,2492.511962890625,570250.0,570550.0,4205075.0,4205375.0,2398.997314453125,2572.524658203125,170.57068,63.21699
fp_base_main,47,38,99971.18342185652,570393.625,4205547.5,2330.8173828125,570250.0,570550.0,4205375.0,4205675.0,2265.610107421875,2425.913330078125,170.55951,64.29371
fp_base_main,47,39,101145.03083489595,570379.8125,4205841.5,2187.3203125,570250.0,570550.0,4205675.0,4205975.0,2112.537841796875,2283.564453125,172.4466,63.552242
fp_base_main,47,40,95340.94481716795,570403.5625,4206115.0,2099.490478515625,570250.0,570550.0,4205975.0,4206275.0,2078.41259765625,2138.29443359375,145.23093,84.80895
fp_base_main,47,41,91244.4684181609,570395.0,4206412.5,2065.31005859375,570250.0,570550.0,4206275.0,4206575.0,2031.081787109375,2095.710205078125,158.19818,80.61437
fp_base_main,47,42,91204.5099337972,570394.375,4206734.0,2016.2391357421875,570250.0,570550.0,4206575.0,4206875.0,1986.2613525390625,2050.1123046875,157.48242,80.69679
fp_base_main,47,43,91127.1869114562,570439.25,4207011.0,1978.3919677734375,570250.0,570550.0,4206875.0,4207175.0,1941.679931640625,2004.541748046875,156.58493,81.007454
fp_base_main,47,44,91259.93264056928,570447.0625,4207347.0,1928.154296875,570250.0,570550.0,4207175.0,4207475.0,1895.3309326171875,1961.408447265625,156.94128,80.46858
fp_base_main,47,45,91259.96358587968,570425.125,4207647.0,1880.3614501953125,570250.0,570550.0,4207475.0,4207775.0,1848.98193359375,1915.062255859375,156.93857,80.468376
fp_base_main,47,46,91260.00295996983,570404.625,4207947.0,1832.6661376953125,570250.0,570550.0,4207775.0,4208075.0,1802.6329345703125,1868.716064453125,156.93466,80.468094
fp_base_main,47,47,91260.0110259304,570387.875,4208247.0,1785.2169189453125,570250.0,570550.0,4208075.0,4208375.0,1756.283935546875,1822.3699951171875,156.9306,80.46796
fp_base_main,47,48,91238.27370200523,570406.125,4208558.5,1738.4500732421875,570250.0,570550.0,4208375.0,4208675.0,1710.6729736328125,1776.0238037109375,156.92578,80.53147
fp_base_main,47,49,90897.27527920152,570453.4375,4208847.0,1702.1368408203125,570250.0,570550.0,4208675.0,4208975.0,1672.839599609375,1729.961669921875,152.9791,81.94344
fp_base_main,47,50,90897.35837335512,570426.875,4209147.0,1662.5985107421875,570250.0,570550.0,4208975.0,4209275.0,1635.0062255859375,1692.1363525390625,152.96997,81.94281
fp_base_main,47,51,90897.43908228754,570403.375,4209447.0,1623.257080078125,570250.0,570550.0,4209275.0,4209575.0,1597.1727294921875,1654.31103515625,152.95728,81.94204
fp_base_main,47,52,90897.49271333685,570391.3125,4209747.0,1584.6485595703125,570250.0,570550.0,4209575.0,4209875.0,1559.33935546875,1616.485595703125,152.94473,81.94142
fp_base_main,47,53,90422.35134164193,570406.5625,4210004.5,1559.076904296875,570250.0,570550.0,4209875.0,4210175.0,1542.5504150390625,1578.6602783203125,139.33704,85.18867
fp_base_main,47,54,90413.87463571178,570415.25,4210358.5,1543.244873046875,570250.0,570550.0,4210175.0,4210475.0,1522.0430908203125,1555.9300537109375,122.43359,85.985306
fp_base_main,47,55,91928.68928643581,570426.8125,4210606.5,1525.8345947265625,570250.0,570550.0,4210475.0,4210775.0,1501.75927734375,1547.45654296875,114.12744,87.00963
fp_base_main,47,56,89878.3852876826,570423.3125,4210931.0,1530.0509033203125,570250.0,570550.0,4210775.0,4211075.0,1502.6639404296875,1563.6209716796875,12.459656,85.38051
fp_base_main,47,57,11.418178020714569,570545.9375,4211075.5,1563.4986572265625,570537.6875,570550.0,4211075.0,4211076.5,1562.89404296875,1563.9813232421875,175.34372,53.973667
fp_base_main,48,28,100700.99550685115,570685.0625,4202633.0,3320.1376953125,570550.0,570850.0,4202526.0,4202675.0,3205.30517578125,3490.02978515625,165.05936,24.749924
fp_base_main,48,29,94899.42382375494,570733.5,4202791.0,3204.516845703125,570550.0,570850.0,4202675.0,4202975.0,3137.519775390625,3303.115478515625,149.76263,73.43692
fp_base_main,48,30,92811.98223969124,570682.1875,4203116.5,3124.575439453125,570550.0,570850.0,4202975.0,4203275.0,3070.636474609375,3170.76611328125,150.89441,76.24797
fp_base_main,48,31,93573.70248795398,570681.8125,4203450.5,3044.716796875,570550.0,570850.0,4203275.0,4203575.0,2996.734619140625,3110.216796875,156.79498,74.49624
fp_base_main,48,32,93190.33249627815,570693.75,4203748.0,2971.07470703125,570550.0,570850.0,4203575.0,4203875.0,2926.4873046875,3029.558349609375,159.24316,75.44742
fp_base_main,48,33,93223.23583298974,570693.625,4204033.5,2900.08056640625,570550.0,570850.0,4203875.0,4204175.0,2850.7509765625,2952.5244140625,162.25873,75.0242
fp_base_main,48,34,93331.78777252996,570673.1875,4204344.0,2820.7744140625,570550.0,570850.0,4204175.0,4204475.0,2782.7314453125,2875.846435546875,167.34357,75.51939
fp_base_main,48,35,95102.36239053373,570658.375,4204594.0,2744.9853515625,570550.0,570850.0,4204475.0,4204775.0,2679.49072265625,2787.340087890625,177.07812,71.0514
fp_base_main,48,36,96194.09102752923,570706.1875,4204938.5,2630.209716796875,570550.0,570850.0,4204775.0,4205075.0,2572.524658203125,2693.040283203125,171.43936,69.962166
fp_base_main,48,37,99593.81077646535,570699.4375,4205228.5,2504.954833984375,570550.0,570850.0,4205075.0,4205375.0,2425.913330078125,2584.11181640625,172.48328,64.75521
fp_base_main,48,38,99190.95583674038,570680.125,4205528.5,2365.010986328125,570550.0,570850.0,4205375.0,4205675.0,2283.564453125,2447.659423828125,169.17401,65.04904
fp_base_main,48,39,100438.18679624672,570685.875,4205851.0,2214.06396484375,570550.0,570850.0,4205675.0,4205975.0,2138.29443359375,2315.2802734375,167.77994,63.802746
fp_base_main,48,40,97982.55832936367,570702.875,4206104.5,2120.376708984375,570550.0,570850.0,4205975.0,4206275.0,2090.228515625,2164.64599609375,164.79065,82.62652
fp_base_main,48,41,91209.45557142027,570741.8125,4206447.0,2081.8154296875,570550.0,570850.0,4206275.0,4206575.0,2050.123291015625,2114.7060546875,157.28275,80.65819
fp_base_main,48,42,91209.50294417939,570693.0,4206738.0,2034.5482177734375,570550.0,570850.0,4206575.0,4206875.0,2004.60986328125,2069.1728515625,157.31021,80.65953
fp_base_main,48,43,91082.90098085826,570707.0625,4207026.5,1993.0235595703125,570550.0,570850.0,4206875.0,4207175.0,1961.4798583984375,2023.632080078125,156.03125,81.22529
fp_base_main,48,44,91260.49027171548,570754.5625,4207347.0,1948.4422607421875,570550.0,570850.0,4207175.0,4207475.0,1915.1192626953125,1981.21142578125,156.94308,80.46637
fp_base_main,48,45,91260.5037510683,570731.0625,4207647.0,1900.5379638671875,570550.0,570850.0,4207475.0,4207775.0,1868.7587890625,1934.8531494140625,156.9403,80.466286
fp_base_main,48,46,91260.52316934068,570709.0,4207947.0,1852.7271728515625,570550.0,570850.0,4207775.0,4208075.0,1822.398193359375,1888.4949951171875,156.93771,80.46612
fp_base_main,48,47,91260.59538378155,570690.5,4208247.0,1805.1488037109375,570550.0,570850.0,4208075.0,4208375.0,1776.0377197265625,1842.13671875,156.93524,80.46586
fp_base_main,48,48,91256.80215098457,570692.5625,4208561.5,1756.673095703125,570550.0,570850.0,4208375.0,4208675.0,1729.9615478515625,1795.778564453125,157.00156,80.48484
fp_base_main,48,49,90898.45658767097,570738.8125,4208804.5,1725.804931640625,570550.0,570850.0,4208675.0,4208975.0,1692.131591796875,1749.4202880859375,152.94739,81.93299
fp_base_main,48,50,90897.19029818631,570729.3125,4209147.0,1682.0477294921875,570550.0,570850.0,4208975.0,4209275.0,1654.301513671875,1711.4251708984375,152.97318,81.94347
fp_base_main,48,51,90897.25952272354,570706.0,4209447.0,1642.718994140625,570550.0,570850.0,4209275.0,4209575.0,1616.4715576171875,1673.6007080078125,152.96558,81.94296
fp_base_main,48,52,90897.28412262377,570691.125,4209747.0,1603.936767578125,570550.0,570850.0,4209575.0,4209875.0,1578.6414794921875,1635.7762451171875,152.95679,81.942566
fp_base_main,48,53,90577.83741722233,570712.5,4210024.0,1574.2445068359375,570550.0,570850.0,4209875.0,4210175.0,1555.9300537109375,1597.9517822265625,147.64078,84.10944
fp_base_main,48,54,90125.32988329514,570710.9375,4210347.0,1558.2652587890625,570550.0,570850.0,4210175.0,4210475.0,1547.45654296875,1569.3115234375,122.355255,86.97801
fp_base_main,48,55,92237.86077809187,570704.9375,4210618.0,1537.886474609375,570550.0,570850.0,4210475.0,4210775.0,1512.9366455078125,1560.833251953125,155.3197,85.759384
fp_base_main,48,56,93475.74646850533,570721.0,4210957.5,1536.68603515625,570550.0,570850.0,4210775.0,4211075.0,1512.525390625,1562.8807373046875,8.97757,87.6911
fp_base_main,48,57,7339.334783184095,570695.6875,4211083.0,1559.986572265625,570550.0,570850.0,4211075.0,4211113.0,1545.068115234375,1572.7513427734375,175.33942,53.83753
fp_base_main,49,28,29362.925737166704,570962.4375,4202658.5,3455.79443359375,570850.0,571046.6875,4202616.0,4202675.0,3302.23828125,3508.263916015625,162.14575,16.922949
fp_base_main,49,29,144075.10063105376,571038.0625,4202814.0,3290.3828125,570850.0,571150.0,4202675.0,4202975.0,3170.76611328125,3517.844482421875,149.46613,40.442726
fp_base_main,49,30,91982.87828780308,571013.8125,4203097.0,3164.093994140625,570850.0,571150.0,4202975.0,4203275.0,3110.216796875,3196.6064453125,149.4541,78.86994
fp_base_main,49,31,93919.14315594059,571056.5625,4203489.5,3079.233642578125,570850.0,571150.0,4203275.0,4203575.0,3029.558349609375,3148.883056640625,154.66418,73.38116
fp_base_main,49,32,93993.04132960168,570992.0625,4203740.0,3002.336669921875,570850.0,571150.0,4203575.0,4203875.0,2952.5244140625,3067.298828125,158.90259,73.37281
fp_base_main,49,33,93451.48686706608,571018.6875,4204042.0,2922.1123046875,570850.0,571150.0,4203875.0,4204175.0,2875.846435546875,2980.3662109375,165.26343,74.38702
fp_base_main,49,34,94204.27082494805,570999.625,4204325.5,2839.245849609375,570850.0,571150.0,4204175.0,4204475.0,2786.0400390625,2891.62939453125,170.46915,72.99213
fp_base_main,49,35,94669.94263868692,571004.4375,4204594.5,2755.40185546875,570850.0,571150.0,4204475.0,4204775.0,2693.040283203125,2802.139404296875,171.75366,71.97237
fp_base_main,49,36,95862.78615732543,571001.875,4204937.5,2642.385498046875,570850.0,571150.0,4204775.0,4205075.0,2584.11181640625,2702.62939453125,175.61023,70.60689
fp_base_main,49,37,97754.75581624835,571000.0,4205256.5,2515.223388671875,570850.0,571150.0,4205075.0,4205375.0,2447.659423828125,2599.539794921875,167.3504,67.0306
fp_base_main,49,38,99569.3182879854,571018.125,4205521.0,2403.788330078125,570850.0,571150.0,4205375.0,4205675.0,2315.2802734375,2484.692138671875,165.07382,64.82273
fp_base_main,49,39,100670.4250632353,570996.6875,4205826.5,2256.177978515625,570850.0,571150.0,4205675.0,4205975.0,2164.64599609375,2346.6494140625,168.2066,63.272484
fp_base_main,49,40,97220.28683945273,571009.9375,4206106.0,2144.404052734375,570850.0,571150.0,4205975.0,4206275.0,2099.43798828125,2200.544677734375,147.78265,77.353905
fp_base_main,49,41,91210.52057951092,571056.3125,4206462.5,2099.400146484375,570850.0,571150.0,4206275.0,4206575.0,2069.167236328125,2133.76708984375,157.34186,80.65172
fp_base_main,49,42,91210.05362015765,571018.3125,4206742.0,2054.5361328125,570850.0,571150.0,4206575.0,4206875.0,2023.6290283203125,2088.166748046875,157.35403,80.65898
fp_base_main,49,43,91091.47621918608,570954.5625,4207044.0,2005.96240234375,570850.0,571150.0,4206875.0,4207175.0,1981.2113037109375,2042.63720703125,157.37793,81.204796
fp_base_main,49,44,91213.38859422864,571022.9375,4207292.5,1974.152587890625,570850.0,571150.0,4207175.0,4207475.0,1934.85302734375,1998.6915283203125,157.46826,80.65543
fp_base_main,49,45,91260.39530480487,571037.8125,4207647.0,1920.7149658203125,570850.0,571150.0,4207475.0,4207775.0,1888.494873046875,1954.58544921875,156.94064,80.46673
fp_base_main,49,46,91260.43906690026,571013.9375,4207947.0,1872.7918701171875,570850.0,571150.0,4207775.0,4208075.0,1842.1365966796875,1908.2298583984375,156.93839,80.46654
fp_base_main,49,47,91260.40894724107,570993.5625,4208247.0,1825.0887451171875,570850.0,571150.0,4208075.0,4208375.0,1795.7784423828125,1861.874267578125,156.93402,80.46644
fp_base_main,49,48,91260.47804078143,570985.6875,4208547.0,1778.2196044921875,570850.0,571150.0,4208375.0,4208675.0,1749.420166015625,1815.5186767578125,156.9325,80.466255
fp_base_main,49,49,90913.97165206962,570992.625,4208791.5,1743.913818359375,570850.0,571150.0,4208675.0,4208975.0,1711.4227294921875,1769.1630859375,152.95941,81.89211
fp_base_main,49,50,90896.87350874514,571031.625,4209147.0,1701.484619140625,570850.0,571150.0,4208975.0,4209275.0,1673.595947265625,1730.70751953125,152.98807,81.94448
fp_base_main,49,51,90896.88025499042,571008.5625,4209447.0,1662.1724853515625,570850.0,571150.0,4209275.0,4209575.0,1635.7691650390625,1692.8770751953125,152.99341,81.94463
fp_base_main,49,52,90896.7931252881,570992.0625,4209747.0,1623.2806396484375,570850.0,571150.0,4209575.0,4209875.0,1597.9423828125,1655.046630859375,152.99973,81.945145
fp_base_main,49,53,90732.37688395378,571018.75,4210043.5,1589.4317626953125,570850.0,571150.0,4209875.0,4210175.0,1569.314453125,1617.21630859375,152.62411,82.95829
fp_base_main,49,54,90125.2827138701,571022.8125,4210347.0,1572.1829833984375,570850.0,571150.0,4210175.0,4210475.0,1560.8455810546875,1582.6959228515625,122.341,86.97861
fp_base_main,49,55,92275.19531403821,570995.9375,4210630.0,1549.10986328125,570850.0,571150.0,4210475.0,4210775.0,1524.1138916015625,1574.2222900390625,161.96204,84.07535
fp_base_main,49,56,91750.91832166968,570988.4375,4210965.5,1541.3662109375,570850.0,571150.0,4210775.0,4211075.0,1522.3868408203125,1556.4344482421875,118.42264,89.384735
fp_base_main,49,57,19979.104426762016,571017.5,4211092.0,1551.2801513671875,570850.0,571150.0,4211075.0,4211149.5,1541.3843994140625,1581.5213623046875,177.0965,60.03401
fp_base_main,50,29,148547.70159893352,571255.75,4202899.5,3288.15380859375,571150.0,571450.0,4202706.0,4202975.0,3196.6064453125,3545.6591796875,166.37158,38.039967
fp_base_main,50,30,91776.48686446421,571287.5,4203103.0,3191.538818359375,571150.0,571450.0,4202975.0,4203275.0,3148.878662109375,3228.312255859375,144.58234,79.426254
fp_base_main,50,31,93940.81366851475,571336.625,4203417.0,3132.754150390625,571150.0,571450.0,4203275.0,4203575.0,3067.298828125,3184.3271484375,156.00525,73.365364
fp_base_main,50,32,94245.17832812745,571287.5625,4203750.5,3033.007568359375,571150.0,571450.0,4203575.0,4203875.0,2980.3662109375,3103.1826171875,156.34512,72.699715
fp_base_main,50,33,94798.03219702106,571272.0,4204003.5,2957.001708984375,571150.0,571450.0,4203875.0,4204175.0,2891.62939453125,3018.24169921875,158.36945,71.778786
fp_base_main,50,34,94706.97673172997,571345.375,4204357.5,2854.445556640625,571150.0,571450.0,4204175.0,4204475.0,2802.139404296875,2924.20751953125,162.50815,71.67525
fp_base_main,50,35,94796.06291304302,571341.875,4204616.0,2773.47021484375,571150.0,571450.0,4204475.0,4204775.0,2702.62939453125,2828.901611328125,162.509,71.814445
fp_base_main,50,36,95018.38003481826,571325.75,4204946.0,2672.759521484375,571150.0,571450.0,4204775.0,4205075.0,2599.539794921875,2736.322509765625,152.48901,71.86521
fp_base_main,50,37,98144.36749266117,571350.25,4205261.5,2561.8212890625,571150.0,571450.0,4205075.0,4205375.0,2484.692138671875,2649.5595703125,159.97015,66.33056
fp_base_main,50,38,99121.66578428897,571324.8125,4205507.0,2455.93017578125,571150.0,571450.0,4205375.0,4205675.0,2346.6494140625,2527.31005859375,160.49808,65.761765
fp_base_main,50,39,101402.17805018733,571332.125,4205815.0,2319.887451171875,571150.0,571450.0,4205675.0,4205975.0,2200.544677734375,2403.626220703125,152.7901,62.937725
fp_base_main,50,40,98390.95443780468,571323.0,4206147.5,2179.4423828125,571150.0,571450.0,4205975.0,4206275.0,2130.2861328125,2276.38525390625,153.06097,68.75509
fp_base_main,50,41,91209.92767073947,571343.25,4206442.0,2120.697021484375,571150.0,571450.0,4206275.0,4206575.0,2088.2158203125,2152.76806640625,157.35919,80.65731
fp_base_main,50,42,91209.97197018357,571295.75,4206742.0,2072.141845703125,571150.0,571450.0,4206575.0,4206875.0,2042.658203125,2107.218994140625,157.34802,80.656815
fp_base_main,50,43,91179.29703675845,571292.1875,4207034.0,2027.751708984375,571150.0,571450.0,4206875.0,4207175.0,1998.6846923828125,2061.669677734375,157.75879,80.7884
fp_base_main,50,44,91088.34991576715,571352.5,4207312.5,1991.4273681640625,571150.0,571450.0,4207175.0,4207475.0,1954.58544921875,2016.12060546875,156.5747,81.2567
fp_base_main,50,45,91260.22170361865,571345.4375,4207647.0,1940.9530029296875,571150.0,571450.0,4207475.0,4207775.0,1908.2298583984375,1974.316162109375,156.94138,80.467384
fp_base_main,50,46,91260.25359429242,571319.6875,4207947.0,1892.9034423828125,571150.0,571450.0,4207775.0,4208075.0,1861.874267578125,1927.9635009765625,156.9386,80.46722
fp_base_main,50,47,91260.29668236076,571297.125,4208247.0,1845.0618896484375,571150.0,571450.0,4208075.0,4208375.0,1815.5186767578125,1881.61083984375,156.93472,80.466965
fp_base_main,50,48,91260.42523878487,571286.0625,4208547.0,1797.9827880859375,571150.0,571450.0,4208375.0,4208675.0,1769.1630859375,1835.25830078125,156.9317,80.46656
fp_base_main,50,49,90933.21498054692,571293.75,4208795.5,1762.9420166015625,571150.0,571450.0,4208675.0,4208975.0,1730.713623046875,1788.9056396484375,153.19183,81.84133
fp_base_main,50,50,90896.86158933897,571333.875,4209147.0,1720.9207763671875,571150.0,571450.0,4208975.0,4209275.0,1692.8897705078125,1750.0008544921875,152.98288,81.94476
fp_base_main,50,51,90896.84742015535,571311.125,4209447.0,1681.6328125,571150.0,571450.0,4209275.0,4209575.0,1655.06591796875,1712.1761474609375,152.9834,81.94482
fp_base_main,50,52,90896.81185899345,571293.5,4209747.0,1642.677490234375,571150.0,571450.0,4209575.0,4209875.0,1617.2420654296875,1674.3515625,152.98322,81.94489
fp_base_main,50,53,90872.75567032691,571290.25,4210045.0,1605.277099609375,571150.0,571450.0,4209875.0,4210175.0,1582.69580078125,1636.5269775390625,153.64288,82.183075
fp_base_main,50,54,90140.80858163563,571313.6875,4210308.0,1586.634521484375,571150.0,571450.0,4210175.0,4210475.0,1574.2222900390625,1598.7166748046875,122.49939,86.79514
fp_base_main,50,55,92281.43185554337,571298.6875,4210640.5,1560.8848876953125,571150.0,571450.0,4210475.0,4210775.0,1535.2911376953125,1587.6004638671875,164.16135,82.49428
fp_base_main,50,56,91550.32553607506,571296.0,4210931.0,1547.937255859375,571150.0,571450.0,4210775.0,4211075.0,1532.2481689453125,1566.8643798828125,134.5763,87.83416
fp_base_main,50,57,31015.147437833126,571304.25,4211117.0,1557.912109375,571150.0,571450.0,4211075.0,4211185.5,1542.32421875,1590.2913818359375,177.61685,66.70043
fp_base_main,51,29,116934.61385906479,571590.0625,4202909.5,3392.688720703125,571450.0,571750.0,4202796.0,4202975.0,3228.312255859375,3573.473876953125,161.90454,26.357391
fp_base_main,51,30,98006.91590982562,571622.0625,4203138.5,3231.932373046875,571450.0,571750.0,4202975.0,4203275.0,3184.319091796875,3350.072998046875,143.48444,73.46582
fp_base_main,51,31,93841.83601734796,571596.125,4203428.0,3161.81640625,571450.0,571750.0,4203275.0,4203575.0,3103.1826171875,3216.0380859375,156.45746,73.60705
fp_base_main,51,32,94232.1220004213,571656.5625,4203714.0,3089.908447265625,571450.0,571750.0,4203575.0,4203875.0,3018.24169921875,3140.74365234375,156.5556,72.805984
fp_base_main,51,33,94805.07862483147,571626.6875,4204025.5,2994.728271484375,571450.0,571750.0,4203875.0,4204175.0,2924.20556640625,3052.258056640625,156.6101,71.81868
fp_base_main,51,34,95194.77704147979,571595.3125,4204349.0,2890.989013671875,571450.0,571750.0,4204175.0,4204475.0,2828.901611328125,2968.110595703125,153.37427,70.93989
fp_base_main,51,35,95883.64977718159,571605.9375,4204616.5,2806.848876953125,571450.0,571750.0,4204475.0,4204775.0,2736.322509765625,2875.9912109375,155.9989,69.893364
fp_base_main,51,36,95215.73430823821,571625.0,4204941.5,2700.423828125,571450.0,571750.0,4204775.0,4205075.0,2649.5595703125,2772.66357421875,168.44977,70.95039
fp_base_main,51,37,96259.43660381355,571619.8125,4205252.5,2589.418212890625,571450.0,571750.0,4205075.0,4205375.0,2527.31005859375,2659.202880859375,170.26642,69.26203
fp_base_main,51,38,97161.88393746257,571614.75,4205558.0,2471.1103515625,571450.0,571750.0,4205375.0,4205675.0,2403.626220703125,2555.77001953125,163.27985,67.84194
fp_base_main,51,39,98715.82560412274,571618.8125,4205823.5,2363.074462890625,571450.0,571750.0,4205675.0,4205975.0,2276.38525390625,2439.9560546875,165.47064,66.068665
fp_base_main,51,40,98410.34920279968,571579.875,4206171.0,2215.84521484375,571450.0,571750.0,4205975.0,4206275.0,2152.76806640625,2306.69091796875,155.72473,68.944244
fp_base_main,51,41,97759.7557545181,571631.5,4206346.0,2180.046142578125,571450.0,571750.0,4206275.0,4206575.0,2107.218994140625,2226.1123046875,142.83038,70.97235
fp_base_main,51,42,91211.02721727775,571625.125,4206747.0,2092.317138671875,571450.0,571750.0,4206575.0,4206875.0,2061.669677734375,2126.2802734375,157.30539,80.65262
fp_base_main,51,43,91211.05489552808,571590.4375,4207047.0,2044.552978515625,571450.0,571750.0,4206875.0,4207175.0,2016.12060546875,2080.712646484375,157.331,80.653725
fp_base_main,51,44,91019.80575181733,571599.3125,4207324.0,2005.060302734375,571450.0,571750.0,4207175.0,4207475.0,1974.316162109375,2035.144775390625,155.64307,81.48068
fp_base_main,51,45,91259.97752223758,571652.1875,4207604.5,1967.6334228515625,571450.0,571750.0,4207475.0,4207775.0,1927.9635009765625,1993.932373046875,156.95538,80.47382
fp_base_main,51,46,91260.16094219597,571626.3125,4207947.0,1913.0714111328125,571450.0,571750.0,4207775.0,4208075.0,1881.61083984375,1947.6954345703125,156.9389,80.46767
fp_base_main,51,47,91260.11948847787,571601.3125,4208247.0,1865.0755615234375,571450.0,571750.0,4208075.0,4208375.0,1835.2581787109375,1901.3463134765625,156.93414,80.46761
fp_base_main,51,48,91260.16769086628,571586.875,4208547.0,1817.7781982421875,571450.0,571750.0,4208375.0,4208675.0,1788.9056396484375,1854.9970703125,156.92932,80.46727
fp_base_main,51,49,90952.46095008601,571594.875,4208799.5,1781.971923828125,571450.0,571750.0,4208675.0,4208975.0,1750.00390625,1808.6478271484375,153.43164,81.78159
fp_base_main,51,50,90896.80580580312,571635.9375,4209147.0,1740.3504638671875,571450.0,571750.0,4208975.0,4209275.0,1712.182861328125,1769.29541015625,152.97156,81.94515
fp_base_main,51,51,90896.83393900418,571613.5625,4209447.0,1701.0902099609375,571450.0,571750.0,4209275.0,4209575.0,1674.3619384765625,1731.4788818359375,152.96487,81.94485
fp_base_main,51,52,90896.92583763409,571595.3125,4209747.0,1662.0992431640625,571450.0,571750.0,4209575.0,4209875.0,1636.5408935546875,1693.662353515625,152.95935,81.94439
fp_base_main,51,53,90897.0066133891,571583.5,4210055.5,1622.3994140625,571450.0,571750.0,4209875.0,4210175.0,1598.719970703125,1655.8458251953125,152.95453,81.943886
fp_base_main,51,54,90272.74899169282,571574.75,4210288.0,1600.5101318359375,571450.0,571750.0,4210175.0,4210475.0,1587.6004638671875,1618.025634765625,129.20544,86.19071
fp_base_main,51,55,92272.28386578581,571620.6875,4210662.0,1572.114501953125,571450.0,571750.0,4210475.0,4210775.0,1546.4683837890625,1600.9805908203125,163.1651,81.42272
fp_base_main,51,56,91546.62987324792,571630.25,4210953.0,1556.7498779296875,571450.0,571750.0,4210775.0,4211075.0,1542.109619140625,1577.2943115234375,137.45755,88.02543
fp_base_main,51,57,41954.71175575339,571628.6875,4211142.5,1566.358154296875,571450.0,571750.0,4211075.0,4211222.0,1547.2647705078125,1599.0614013671875,179.82275,73.54773
fp_base_main,52,29,61237.573202046784,571907.5,4202954.5,3508.595703125,571750.0,572046.6875,4202886.0,4202975.0,3349.908203125,3600.82470703125,162.133,19.216482
fp_base_main,52,30,128992.81723330656,571965.375,4203088.0,3389.861328125,571750.0,572050.0,4202975.0,4203275.0,3216.0380859375,3601.288330078125,158.33606,39.71048
fp_base_main,52,31,92620.16732444632,571922.8125,4203438.5,3187.394775390625,571750.0,572050.0,4203275.0,4203575.0,3140.74365234375,3231.657958984375,163.32007,76.70731
fp_base_main,52,32,95299.6634383271,571900.375,4203728.5,3110.2763671875,571750.0,572050.0,4203575.0,4203875.0,3052.258056640625,3172.712646484375,162.64694,72.06952
fp_base_main,52,33,93845.14427327798,571904.5,4204039.5,3015.685791015625,571750.0,572050.0,4203875.0,4204175.0,2968.110595703125,3073.401611328125,167.00922,73.86863
fp_base_main,52,34,94298.62583748315,571912.25,4204351.5,2933.47265625,571750.0,572050.0,4204175.0,4204475.0,2875.9912109375,2988.277587890625,156.67291,74.27669
fp_base_main,52,35,96319.08999812073,571895.625,4204614.5,2847.11376953125,571750.0,572050.0,4204475.0,4204775.0,2772.66357421875,2920.654296875,162.51495,69.303085
fp_base_main,52,36,97100.91574841579,571894.8125,4204938.0,2727.83447265625,571750.0,572050.0,4204775.0,4205075.0,2659.202880859375,2806.43310546875,163.30066,68.04662
fp_base_main,52,37,95975.95075206211,571894.25,4205235.0,2617.0791015625,571750.0,572050.0,4205075.0,4205375.0,2555.77001953125,2692.888427734375,165.5177,69.86529
fp_base_main,52,38,97395.97750041241,571908.75,4205530.5,2505.80029296875,571750.0,572050.0,4205375.0,4205675.0,2439.9560546875,2577.75048828125,171.58728,67.74686
fp_base_main,52,39,98499.57772833447,571901.875,4205823.0,2384.89306640625,571750.0,572050.0,4205675.0,4205975.0,2306.69091796875,2456.0458984375,168.73218,66.96023
fp_base_main,52,40,96796.81592490742,571879.5,4206122.5,2272.55712890625,571750.0,572050.0,4205975.0,4206275.0,2220.7998046875,2338.898193359375,150.57019,73.47066
fp_base_main,52,41,108464.04120751427,571929.75,4206415.0,2221.05810546875,571750.0,572050.0,4206275.0,4206575.0,2126.2939453125,2283.18017578125,148.11243,64.0479
fp_base_main,52,42,91235.36795718236,571944.625,4206704.5,2119.982177734375,571750.0,572050.0,4206575.0,4206875.0,2080.752685546875,2152.14501953125,156.4433,80.30534
fp_base_main,52,43,91210.62819651906,571902.625,4207047.0,2064.417724609375,571750.0,572050.0,4206875.0,4207175.0,2035.211669921875,2099.80029296875,157.32239,80.65493
fp_base_main,52,44,91051.84297536656,571869.625,4207324.5,2021.552734375,571750.0,572050.0,4207175.0,4207475.0,1993.998779296875,2054.239501953125,156.96436,81.3718
fp_base_main,52,45,91190.9054265749,571912.625,4207596.5,1985.6419677734375,571750.0,572050.0,4207475.0,4207775.0,1947.75439453125,2011.1025390625,157.50848,80.72183
fp_base_main,52,46,91260.92413987109,571934.0,4207947.0,1933.3638916015625,571750.0,572050.0,4207775.0,4208075.0,1901.3865966796875,1967.489990234375,156.9422,80.46481
fp_base_main,52,47,91260.88252303979,571906.3125,4208247.0,1885.171875,571750.0,572050.0,4208075.0,4208375.0,1855.018798828125,1921.1246337890625,156.93927,80.4648
fp_base_main,52,48,91260.93641431919,571888.3125,4208547.0,1837.6224365234375,571750.0,572050.0,4208375.0,4208675.0,1808.6510009765625,1874.75927734375,156.93542,80.46448
fp_base_main,52,49,90972.29955015163,571896.125,4208803.5,1801.0020751953125,571750.0,572050.0,4208675.0,4208975.0,1769.28369140625,1828.39404296875,153.68835,81.71012
fp_base_main,52,50,90897.1963120698,571937.9375,4209147.0,1759.7525634765625,571750.0,572050.0,4208975.0,4209275.0,1731.4530029296875,1788.5750732421875,152.97766,81.94348
fp_base_main,52,51,90897.24860860781,571915.9375,4209447.0,1720.507080078125,571750.0,572050.0,4209275.0,4209575.0,1693.622314453125,1750.7484130859375,152.97256,81.94309
fp_base_main,52,52,90897.31304818254,571897.375,4209747.0,1681.4835205078125,571750.0,572050.0,4209575.0,4209875.0,1655.7916259765625,1712.921875,152.96616,81.94264
fp_base_main,52,53,90897.29183202598,571908.5625,4210062.0,1642.47705078125,571750.0,572050.0,4209875.0,4210175.0,1617.9609375,1675.09521484375,152.96039,81.94259
fp_base_main,52,54,90427.11029775241,571900.875,4210301.5,1617.701416015625,571750.0,572050.0,4210175.0,4210475.0,1600.9814453125,1637.268310546875,139.76764,85.05321
fp_base_main,52,55,91982.85028738008,571869.625,4210666.5,1584.6961669921875,571750.0,572050.0,4210475.0,4210775.0,1557.645751953125,1614.3594970703125,149.01825,81.63487
fp_base_main,52,56,91585.89975830387,571880.875,4210928.0,1566.576416015625,571750.0,572050.0,4210775.0,4211075.0,1551.9710693359375,1587.7242431640625,93.90991,86.46912
fp_base_main,52,57,53176.92759194944,571914.0,4211153.0,1571.892822265625,571750.0,572050.0,4211075.0,4211258.5,1552.2164306640625,1607.8314208984375,3.7965088,78.031006
fp_base_main,53,30,163006.6733111431,572188.0625,4203185.5,3359.50732421875,572050.0,572350.0,4202976.0,4203275.0,3231.642333984375,3629.10302734375,159.67938,36.61776
fp_base_main,53,31,100485.47433943459,572200.75,4203400.5,3244.765380859375,572050.0,572350.0,4203275.0,4203575.0,3172.712646484375,3332.01904296875,121.69568,69.21187
fp_base_main,53,32,97722.48858807699,572220.8125,4203769.0,3155.22705078125,572050.0,572350.0,4203575.0,4203875.0,3073.401611328125,3260.84765625,140.87189,67.87177
fp_base_main,53,33,97952.51622114558,572189.0625,4204027.5,3066.497314453125,572050.0,572350.0,4203875.0,4204175.0,2988.277587890625,3156.766845703125,132.60391,68.43033
fp_base_main,53,34,97414.65490051678,572228.875,4204335.5,2997.854248046875,572050.0,572350.0,4204175.0,4204475.0,2920.654296875,3076.47509765625,137.22556,68.693436
fp_base_main,53,35,100486.01300462347,572175.5625,4204611.5,2894.87939453125,572050.0,572350.0,4204475.0,4204775.0,2806.43310546875,2995.905517578125,135.92609,65.54686
fp_base_main,53,36,102142.47427618213,572193.375,4204928.5,2794.732421875,572050.0,572350.0,4204775.0,4205075.0,2692.888427734375,2908.95654296875,134.69135,62.003826
fp_base_main,53,37,105377.28690761293,572190.5,4205233.0,2681.92919921875,572050.0,572350.0,4205075.0,4205375.0,2577.75048828125,2811.826171875,128.61356,60.096222
fp_base_main,53,38,108585.84953169106,572183.75,4205533.0,2568.8037109375,572050.0,572350.0,4205375.0,4205675.0,2456.0458984375,2714.992919921875,123.765564,57.05197
fp_base_main,53,39,110631.19518857723,572176.9375,4205849.0,2442.990478515625,572050.0,572350.0,4205675.0,4205975.0,2338.898193359375,2619.109619140625,124.804565,54.81224
fp_base_main,53,40,106021.88715519677,572169.875,4206136.0,2339.5751953125,572050.0,572350.0,4205975.0,4206275.0,2265.569580078125,2501.87939453125,125.15588,63.28719
fp_base_main,53,41,100487.99799580825,572227.3125,4206385.0,2301.23046875,572050.0,572350.0,4206275.0,4206575.0,2151.540771484375,2352.33203125,116.9064,73.17196
fp_base_main,53,42,109873.29471671699,572245.25,4206697.5,2190.97314453125,572050.0,572350.0,4206575.0,4206875.0,2099.7529296875,2321.513427734375,145.7077,57.110203
fp_base_main,53,43,91210.14180783008,572221.125,4207047.0,2084.598876953125,572050.0,572350.0,4206875.0,4207175.0,2054.22119140625,2118.805419921875,157.311,80.656166
fp_base_main,53,44,91141.15538919889,572204.9375,4207346.0,2038.6009521484375,572050.0,572350.0,4207175.0,4207475.0,2011.1064453125,2073.2529296875,157.60388,80.90781
fp_base_main,53,45,91062.93848070173,572241.5625,4207631.5,2000.7486572265625,572050.0,572350.0,4207475.0,4207775.0,1967.5025634765625,2028.21728515625,156.3299,81.33557
fp_base_main,53,46,91259.73092335358,572243.0625,4207947.0,1953.7159423828125,572050.0,572350.0,4207775.0,4208075.0,1921.1572265625,1987.229736328125,156.93967,80.4694
fp_base_main,53,47,91259.73691588327,572212.1875,4208247.0,1905.3428955078125,572050.0,572350.0,4208075.0,4208375.0,1874.8118896484375,1940.8890380859375,156.93338,80.4691
fp_base_main,53,48,91259.78625722398,572190.3125,4208547.0,1857.5604248046875,572050.0,572350.0,4208375.0,4208675.0,1828.466552734375,1894.54833984375,156.9273,80.468735
fp_base_main,53,49,90992.18358792775,572197.375,4208807.5,1820.087890625,572050.0,572350.0,4208675.0,4208975.0,1788.6279296875,1848.2076416015625,153.95569,81.628654
fp_base_main,53,50,90897.42860721597,572239.875,4209147.0,1779.2110595703125,572050.0,572350.0,4208975.0,4209275.0,1750.7880859375,1807.9127197265625,152.9972,81.94192
fp_base_main,53,51,90897.36442741829,572218.25,4209447.0,1739.978515625,572050.0,572350.0,4209275.0,4209575.0,1712.9482421875,1770.0672607421875,153.00562,81.94245
fp_base_main,53,52,90897.2228080979,572199.5625,4209747.0,1700.931640625,572050.0,572350.0,4209575.0,4209875.0,1675.1085205078125,1732.2218017578125,153.01395,81.94321
fp_base_main,53,53,90897.21686831462,572191.3125,4210047.0,1662.5611572265625,572050.0,572350.0,4209875.0,4210175.0,1637.2686767578125,1694.376220703125,153.02225,81.943436
fp_base_main,53,54,90581.86432295131,572210.375,4210319.5,1633.27001953125,572050.0,572350.0,4210175.0,4210475.0,1614.3594970703125,1656.53076171875,147.51486,83.9744
fp_base_main,53,55,91057.74799236002,572212.9375,4210651.5,1611.142822265625,572050.0,572350.0,4210475.0,4210775.0,1582.9227294921875,1627.7396240234375,136.1427,84.92368
fp_base_main,53,56,91926.58198659797,572224.875,4210927.5,1588.469970703125,572050.0,572350.0,4210775.0,4211075.0,1568.822998046875,1611.577392578125,93.30777,87.03649
fp_base_main,53,57,64703.0452100821,572233.4375,4211182.0,1586.027587890625,572050.0,572350.0,4211075.0,4211295.0,1561.83251953125,1616.6014404296875,18.985016,84.73315
fp_base_main,54,30,121633.72801304652,572488.5625,4203181.5,3500.441162109375,572350.0,572650.0,4203066.0,4203275.0,3309.308349609375,3656.917724609375,159.57397,33.581814
fp_base_main,54,31,108358.22724898276,572519.0,4203439.0,3361.520751953125,572350.0,572650.0,4203275.0,4203575.0,3260.84765625,3454.294921875,112.38422,66.718796
fp_base_main,54,32,109602.17202696817,572527.1875,4203744.0,3299.367919921875,572350.0,572650.0,4203575.0,4203875.0,3156.766845703125,3388.20703125,105.3963,57.455452
fp_base_main,54,33,111167.50952591054,572514.1875,4204052.0,3215.098876953125,572350.0,572650.0,4203875.0,4204175.0,3076.47509765625,3359.95703125,113.36804,53.63751
fp_base_main,54,34,108741.39413958421,572494.25,4204320.0,3123.68017578125,572350.0,572650.0,4204175.0,4204475.0,2995.905517578125,3265.804443359375,115.50012,55.67312
fp_base_main,54,35,106499.22494158105,572511.5,4204637.5,3036.5966796875,572350.0,572650.0,4204475.0,4204775.0,2908.95654296875,3167.105712890625,120.38956,57.43004
fp_base_main,54,36,104950.49096653823,572501.625,4204904.0,2945.079833984375,572350.0,572650.0,4204775.0,4205075.0,2811.826171875,3063.174072265625,123.36728,58.659
fp_base_main,54,37,104118.59501287215,572508.8125,4205253.5,2830.318115234375,572350.0,572650.0,4205075.0,4205375.0,2714.992919921875,2957.72607421875,126.73355,60.218155
fp_base_main,54,38,103063.91992252812,572514.875,4205518.0,2742.85791015625,572350.0,572650.0,4205375.0,4205675.0,2619.109619140625,2851.082275390625,133.63483,61.98296
fp_base_main,54,39,102823.94554981457,572500.0,4205819.0,2616.58740234375,572350.0,572650.0,4205675.0,4205975.0,2501.87939453125,2725.207763671875,144.27069,62.66538
fp_base_main,54,40,105033.1137551787,572497.625,4206137.0,2469.0908203125,572350.0,572650.0,4205975.0,4206275.0,2352.33203125,2588.421875,151.12067,60.246246
fp_base_main,54,41,95754.22559264535,572466.375,4206384.5,2368.885986328125,572350.0,572650.0,4206275.0,4206575.0,2321.525390625,2446.99365234375,114.72485,72.31343
fp_base_main,54,42,127276.08098980504,572538.5,4206712.5,2277.420166015625,572350.0,572650.0,4206575.0,4206875.0,2118.805419921875,2397.316162109375,155.92139,48.551445
fp_base_main,54,43,91933.30091694635,572534.6875,4207008.5,2115.546142578125,572350.0,572650.0,4206875.0,4207175.0,2073.2529296875,2174.4833984375,152.20749,78.47494
fp_base_main,54,44,91208.21397032942,572488.5,4207360.0,2054.080078125,572350.0,572650.0,4207175.0,4207475.0,2028.2159423828125,2092.302978515625,157.45325,80.68067
fp_base_main,54,45,90962.95276111513,572518.0,4207637.5,2016.64794921875,572350.0,572650.0,4207475.0,4207775.0,1987.229736328125,2046.7247314453125,155.58841,81.667114
fp_base_main,54,46,91256.0391971421,572542.125,4207907.5,1979.377197265625,572350.0,572650.0,4207775.0,4208075.0,1940.8890380859375,2006.352783203125,157.03867,80.50626
fp_base_main,54,47,91259.45875645925,572519.3125,4208247.0,1925.5457763671875,572350.0,572650.0,4208075.0,4208375.0,1894.54833984375,1960.618408203125,156.93335,80.470184
fp_base_main,54,48,91259.53442363863,572493.125,4208547.0,1877.4830322265625,572350.0,572650.0,4208375.0,4208675.0,1848.20751953125,1914.2830810546875,156.92798,80.46979
fp_base_main,54,49,91011.44466289444,572498.75,4208811.5,1839.132568359375,572350.0,572650.0,4208675.0,4208975.0,1807.918701171875,1867.94775390625,154.21143,81.54305
fp_base_main,54,50,90897.37667249884,572541.6875,4209147.0,1798.622802734375,572350.0,572650.0,4208975.0,4209275.0,1770.0819091796875,1827.20751953125,152.98917,81.94253
fp_base_main,54,51,90897.36324638285,572520.4375,4209447.0,1759.421875,572350.0,572650.0,4209275.0,4209575.0,1732.2451171875,1789.37109375,152.98718,81.942535
fp_base_main,54,52,90897.38296759606,572501.6875,4209747.0,1720.3790283203125,572350.0,572650.0,4209575.0,4209875.0,1694.4083251953125,1751.5345458984375,152.98694,81.94245
fp_base_main,54,53,90897.39195791198,572491.125,4210047.0,1681.861572265625,572350.0,572650.0,4209875.0,4210175.0,1656.571533203125,1713.697998046875,152.98642,81.94242
fp_base_main,54,54,90738.25699095194,572517.625,4210338.0,1648.602783203125,572350.0,572650.0,4210175.0,4210475.0,1627.739501953125,1675.861572265625,152.51459,82.88445
fp_base_main,54,55,90243.99889317984,572514.875,4210660.0,1628.91162109375,572350.0,572650.0,4210475.0,4210775.0,1611.55029296875,1641.1217041015625,121.86975,86.44943
fp_base_main,54,56,92431.88487514378,572501.3125,4210927.5,1604.487060546875,572350.0,572650.0,4210775.0,4211075.0,1580.000244140625,1632.6424560546875,152.46967,85.908356
fp_base_main,54,57,75966.86624144526,572522.5625,4211204.5,1596.8681640625,572350.0,572650.0,4211075.0,4211331.5,1571.69384765625,1625.37158203125,30.676056,87.82838
fp_base_main,55,30,75511.28153047446,572828.4375,4203233.5,3599.314453125,572650.0,572950.0,4203156.0,4203275.0,3451.507080078125,3684.732421875,160.87622,28.008625
fp_base_main,55,31,116019.37519914335,572817.4375,4203425.0,3494.5322265625,572650.0,572950.0,4203275.0,4203575.0,3376.9306640625,3598.209228515625,105.15744,62.940094
fp_base_main,55,32,101543.14547494597,572799.5625,4203737.0,3426.317626953125,572650.0,572950.0,4203575.0,4203875.0,3359.95703125,3559.60009765625,120.25568,66.54726
fp_base_main,55,33,96492.67672621715,572844.5,4204008.0,3371.32080078125,572650.0,572950.0,4203875.0,4204175.0,3265.804443359375,3428.591552734375,134.47144,70.17645
fp_base_main,55,34,100850.55849402443,572857.0,4204352.5,3263.472900390625,572650.0,572950.0,4204175.0,4204475.0,3167.105712890625,3361.463623046875,145.87537,63.817863
fp_base_main,55,35,98148.7407077138,572833.8125,4204655.5,3155.28857421875,572650.0,572950.0,4204475.0,4204775.0,3063.174072265625,3246.98974609375,133.298,67.179665
fp_base_main,55,36,100177.23600056407,572812.5625,4204888.0,3079.098876953125,572650.0,572950.0,4204775.0,4205075.0,2957.72607421875,3162.140869140625,132.62372,64.76391
fp_base_main,55,37,102865.8662496655,572792.6875,4205283.0,2941.891357421875,572650.0,572950.0,4205075.0,4205375.0,2851.082275390625,3078.30224609375,128.34045,61.815666
fp_base_main,55,38,104450.909462937,572774.1875,4205468.0,2863.7763671875,572650.0,572950.0,4205375.0,4205675.0,2725.207763671875,2972.21923828125,134.2721,60.019917
fp_base_main,55,39,107194.64286890242,572802.8125,4205799.0,2744.00390625,572650.0,572950.0,4205675.0,4205975.0,2588.421875,2868.451904296875,131.34656,57.098877
fp_base_main,55,40,110218.10806411193,572803.1875,4206136.5,2587.76806640625,572650.0,572950.0,4205975.0,4206275.0,2446.99365234375,2739.55419921875,135.17908,54.851036
fp_base_main,55,41,100854.98718884902,572816.625,4206392.5,2480.184814453125,572650.0,572950.0,4206275.0,4206575.0,2387.884521484375,2589.4052734375,130.48602,64.096214
fp_base_main,55,42,113183.88619504469,572828.9375,4206718.0,2385.99560546875,572650.0,572950.0,4206575.0,4206875.0,2174.146240234375,2463.57373046875,139.95056,57.52709
fp_base_main,55,43,116821.49578251631,572828.4375,4207014.0,2182.43994140625,572650.0,572950.0,4206875.0,4207175.0,2092.25927734375,2378.212646484375,149.35535,52.873234
fp_base_main,55,44,91210.91800913193,572814.5,4207347.0,2076.67724609375,572650.0,572950.0,4207175.0,4207475.0,2046.7171630859375,2111.31689453125,157.31805,80.65344
fp_base_main,55,45,91011.90665479712,572772.875,4207614.5,2035.0384521484375,572650.0,572950.0,4207475.0,4207775.0,2006.3524169921875,2065.746826171875,156.48578,81.542206
fp_base_main,55,46,91166.40594850073,572814.875,4207902.0,1997.63720703125,572650.0,572950.0,4207775.0,4208075.0,1960.6182861328125,2023.4617919921875,157.30554,80.81332
fp_base_main,55,47,91259.21918977704,572828.0625,4208247.0,1945.850830078125,572650.0,572950.0,4208075.0,4208375.0,1914.2830810546875,1980.344482421875,156.93427,80.47126
fp_base_main,55,48,91259.2672061929,572796.875,4208547.0,1897.4674072265625,572650.0,572950.0,4208375.0,4208675.0,1867.94775390625,1934.0157470703125,156.92578,80.47078
fp_base_main,55,49,91030.52924905505,572800.25,4208815.5,1858.1859130859375,572650.0,572950.0,4208675.0,4208975.0,1827.209228515625,1887.68701171875,154.4679,81.450935
fp_base_main,55,50,90897.19221318087,572843.4375,4209147.0,1818.0238037109375,572650.0,572950.0,4208975.0,4209275.0,1789.375244140625,1846.495849609375,152.98999,81.94304
fp_base_main,55,51,90897.15399759258,572822.625,4209447.0,1778.851806640625,572650.0,572950.0,4209275.0,4209575.0,1751.541259765625,1808.6588134765625,152.99365,81.94332
fp_base_main,55,52,90897.12094393712,572803.9375,4209747.0,1739.8157958984375,572650.0,572950.0,4209575.0,4209875.0,1713.7073974609375,1770.8218994140625,152.99896,81.94362
fp_base_main,55,53,90897.09167711047,572791.8125,4210047.0,1701.2010498046875,572650.0,572950.0,4209875.0,4210175.0,1675.8734130859375,1732.98486328125,153.004,81.94388
fp_base_main,55,54,90875.52274279612,572788.125,4210337.5,1664.6685791015625,572650.0,572950.0,4210175.0,4210475.0,1641.123046875,1695.1478271484375,153.52838,82.15827
fp_base_main,55,55,90143.1345072571,572804.1875,4210608.0,1644.658203125,572650.0,572950.0,4210475.0,4210775.0,1632.6556396484375,1657.3389892578125,122.49188,86.792564
fp_base_main,55,56,92588.83975302381,572803.1875,4210927.5,1617.6385498046875,572650.0,572950.0,4210775.0,4211075.0,1591.177490234375,1646.0318603515625,162.57568,83.215
fp_base_main,55,57,86881.33584446939,572821.1875,4211226.0,1606.539794921875,572650.0,572950.0,4211075.0,4211368.0,1581.5552978515625,1634.1416015625,52.50769,88.48648
fp_base_main,56,30,12326.986385903348,572989.875,4203269.5,3636.60595703125,572950.0,573046.6875,4203246.0,4203275.0,3598.774658203125,3693.54052734375,167.24683,11.14719
fp_base_main,56,31,135989.46810667316,573098.875,4203393.0,3627.5888671875,572950.0,573250.0,4203275.0,4203575.0,3489.735595703125,3712.547119140625,122.39157,71.349754
fp_base_main,56,32,111089.11242839006,573111.5625,4203709.5,3574.6240234375,572950.0,573250.0,4203575.0,4203875.0,3428.591552734375,3690.51220703125,126.62854,57.94349
fp_base_main,56,33,106536.32734626968,573070.6875,4204047.0,3454.1953125,572950.0,573250.0,4203875.0,4204175.0,3361.463623046875,3593.504638671875,112.512054,57.04291
fp_base_main,56,34,108406.45361612966,573102.8125,4204308.0,3392.154052734375,572950.0,573250.0,4204175.0,4204475.0,3246.98974609375,3533.364990234375,125.26825,55.043427
fp_base_main,56,35,106494.27967257422,573107.4375,4204653.0,3279.77880859375,572950.0,573250.0,4204475.0,4204775.0,3162.140869140625,3406.932861328125,118.28058,58.153996
fp_base_main,56,36,103614.3280559663,573103.5625,4204920.5,3193.45703125,572950.0,573250.0,4204775.0,4205075.0,3078.30224609375,3317.08984375,121.57489,60.373642
fp_base_main,56,37,103731.24397752323,573082.125,4205225.5,3088.42041015625,572950.0,573250.0,4205075.0,4205375.0,2972.21923828125,3217.47900390625,128.00891,60.237225
fp_base_main,56,38,102809.99420953271,573074.6875,4205553.5,2965.18603515625,572950.0,573250.0,4205375.0,4205675.0,2868.451904296875,3103.92236328125,128.53223,61.462376
fp_base_main,56,39,107126.68578621649,573058.75,4205801.0,2865.705322265625,572950.0,573250.0,4205675.0,4205975.0,2739.55419921875,3005.85302734375,132.81631,57.39979
fp_base_main,56,40,109643.09621159207,573112.9375,4206111.0,2750.268798828125,572950.0,573250.0,4205975.0,4206275.0,2589.4052734375,2878.343017578125,134.88702,55.695377
fp_base_main,56,41,111251.97520599214,573079.875,4206413.5,2590.773193359375,572950.0,573250.0,4206275.0,4206575.0,2463.573974609375,2742.801025390625,129.78772,55.129402
fp_base_main,56,42,100514.81670467184,573111.625,4206721.0,2487.278564453125,572950.0,573250.0,4206575.0,4206875.0,2378.26904296875,2620.235107421875,130.97906,64.93208
fp_base_main,56,43,143096.82811292785,573111.125,4207037.0,2282.519287109375,572950.0,573250.0,4206875.0,4207175.0,2111.331298828125,2484.28271484375,156.35962,40.664658
fp_base_main,56,44,93603.03530490538,573122.4375,4207312.5,2111.025634765625,572950.0,573250.0,4207175.0,4207475.0,2065.80224609375,2197.11279296875,147.96484,76.14662
fp_base_main,56,45,91101.81201761353,573102.4375,4207636.5,2051.8359375,572950.0,573250.0,4207475.0,4207775.0,2023.5277099609375,2084.838134765625,157.26862,81.07254
fp_base_main,56,46,91039.30537948284,573136.6875,4207936.5,2012.4271240234375,572950.0,573250.0,4207775.0,4208075.0,1980.406982421875,2040.638427734375,156.10663,81.42217
fp_base_main,56,47,91260.21601821737,573139.0,4208247.0,1966.349365234375,572950.0,573250.0,4208075.0,4208375.0,1934.0521240234375,2000.137451171875,156.94034,80.46758
fp_base_main,56,48,91260.20914151544,573101.9375,4208547.0,1917.5574951171875,572950.0,573250.0,4208375.0,4208675.0,1887.6973876953125,1953.7877197265625,156.9328,80.467255
fp_base_main,56,49,91050.21328050963,573102.0,4208819.5,1877.2581787109375,572950.0,573250.0,4208675.0,4208975.0,1846.499267578125,1907.43798828125,154.72552,81.351974
fp_base_main,56,50,90897.20415210753,573145.0625,4209147.0,1837.4246826171875,572950.0,573250.0,4208975.0,4209275.0,1808.66796875,1865.7901611328125,152.97882,81.943474
fp_base_main,56,51,90897.26673903421,573124.6875,4209447.0,1798.2847900390625,572950.0,573250.0,4209275.0,4209575.0,1770.8367919921875,1827.963623046875,152.97311,81.94308
fp_base_main,56,52,90897.31356729493,573106.1875,4209747.0,1759.2640380859375,572950.0,573250.0,4209575.0,4209875.0,1733.0054931640625,1790.136962890625,152.96573,81.942665
fp_base_main,56,53,90897.35426708686,573093.0,4210047.0,1720.591796875,572950.0,573250.0,4209875.0,4210175.0,1695.17431640625,1752.3104248046875,152.9578,81.94228
fp_base_main,56,54,90897.50433024045,573077.3125,4210346.5,1681.76318359375,572950.0,573250.0,4210175.0,4210475.0,1657.343017578125,1714.48388671875,152.95828,81.94174
fp_base_main,56,55,90277.95271313675,573064.75,4210588.5,1658.47705078125,572950.0,573250.0,4210475.0,4210775.0,1646.0318603515625,1676.6500244140625,129.34222,86.21907
fp_base_main,56,56,92606.93171926713,573097.625,4210939.5,1629.3428955078125,572950.0,573250.0,4210775.0,4211075.0,1602.3548583984375,1659.4100341796875,164.98068,81.65829
fp_base_main,56,57,93369.68562596141,573116.0625,4211244.0,1615.80126953125,572950.0,573250.0,4211075.0,4211375.0,1591.416748046875,1635.823486328125,60.72026,89.50579
fp_base_main,56,58,4437.94606805057,573169.1875,4211385.0,1633.3455810546875,573007.5625,573250.0,4211375.0,4211404.5,1621.301513671875,1642.91162109375,175.3252,53.687847
fp_base_main,57,31,108653.12683079888,573438.0,4203484.0,3687.99072265625,573250.0,573550.0,4203336.0,4203575.0,3579.94921875,3740.361572265625,75.73596,78.48983
fp_base_main,57,32,99955.66872673131,573416.125,4203695.5,3696.2919921875,573250.0,573550.0,4203575.0,4203875.0,3593.504638671875,3739.90966796875,110.67059,74.63
fp_base_main,57,33,102074.80076926522,573436.3125,4204000.5,3646.4033203125,573250.0,573550.0,4203875.0,4204175.0,3533.364990234375,3721.87939453125,133.75275,64.87865
fp_base_main,57,34,101247.44776657577,573386.0625,4204308.0,3526.694580078125,573250.0,573550.0,4204175.0,4204475.0,3406.932861328125,3590.101318359375,135.63776,66.166084
fp_base_main,57,35,102525.59688493439,573410.0,4204650.0,3428.28125,573250.0,573550.0,4204475.0,4204775.0,3317.08984375,3535.872802734375,131.40048,62.451782
fp_base_main,57,36,103831.25321069223,573400.25,4204920.5,3334.353759765625,573250.0,573550.0,4204775.0,4205075.0,3217.47900390625,3431.90771484375,127.905396,61.76761
fp_base_main,57,37,102857.8292642456,573386.1875,4205208.5,3232.476806640625,573250.0,573550.0,4205075.0,4205375.0,3103.92236328125,3328.076416015625,125.66217,61.14242
fp_base_main,57,38,107395.5902880563,573417.75,4205537.0,3127.5107421875,573250.0,573550.0,4205375.0,4205675.0,3005.85302734375,3255.3388671875,130.82669,57.827007
fp_base_main,57,39,104590.261544313,573408.0625,4205839.0,3010.5244140625,573250.0,573550.0,4205675.0,4205975.0,2878.343017578125,3119.387451171875,130.76105,59.68772
fp_base_main,57,40,107676.49652475525,573367.8125,4206086.0,2885.017822265625,573250.0,573550.0,4205975.0,4206275.0,2742.801025390625,3017.772705078125,136.5408,56.91008
fp_base_main,57,41,107242.28059741762,573403.9375,4206440.5,2736.241455078125,573250.0,573550.0,4206275.0,4206575.0,2620.235107421875,2858.498046875,143.78973,59.878372
fp_base_main,57,42,104144.67439661217,573394.375,4206723.5,2591.942138671875,573250.0,573550.0,4206575.0,4206875.0,2484.286376953125,2716.939208984375,146.10052,60.466816
fp_base_main,57,43,127299.29762825351,573434.0,4206972.5,2482.482421875,573250.0,573550.0,4206875.0,4207175.0,2196.726318359375,2585.06689453125,148.96246,48.349422
fp_base_main,57,44,122796.79867204936,573422.4375,4207316.5,2187.516845703125,573250.0,573550.0,4207175.0,4207475.0,2084.800537109375,2400.73486328125,151.03168,48.851543
fp_base_main,57,45,91186.91534321874,573416.75,4207655.0,2068.2744140625,573250.0,573550.0,4207475.0,4207775.0,2040.6390380859375,2103.842529296875,157.7085,80.747604
fp_base_main,57,46,90926.83865860682,573426.5,4207935.5,2029.806396484375,573250.0,573550.0,4207775.0,4208075.0,2000.137451171875,2058.298583984375,155.80527,81.80351
fp_base_main,57,47,91249.03910865815,573430.5,4208210.5,1991.008056640625,573250.0,573550.0,4208075.0,4208375.0,1953.7877197265625,2018.788330078125,157.16498,80.53983
fp_base_main,57,48,91259.89399844036,573408.625,4208547.0,1937.736083984375,573250.0,573550.0,4208375.0,4208675.0,1907.4378662109375,1973.520751953125,156.93155,80.468414
fp_base_main,57,49,91069.35391692829,573404.125,4208823.5,1896.3463134765625,573250.0,573550.0,4208675.0,4208975.0,1865.7889404296875,1927.17724609375,154.9765,81.25132
fp_base_main,57,50,90897.08293680106,573446.625,4209147.0,1856.815673828125,573250.0,573550.0,4208975.0,4209275.0,1827.9603271484375,1885.0784912109375,152.97891,81.943924
fp_base_main,57,51,90897.13718226676,573426.6875,4209447.0,1817.7047119140625,573250.0,573550.0,4209275.0,4209575.0,1790.131591796875,1847.2528076171875,152.97647,81.943634
fp_base_main,57,52,90897.15794618972,573408.375,4209747.0,1778.6998291015625,573250.0,573550.0,4209575.0,4209875.0,1752.302978515625,1809.4271240234375,152.97153,81.943405
fp_base_main,57,53,90897.22205276735,573394.625,4210047.0,1739.990234375,573250.0,573550.0,4209875.0,4210175.0,1714.474365234375,1771.601318359375,152.96808,81.943115
fp_base_main,57,54,90897.23690675001,573391.125,4210351.0,1701.3924560546875,573250.0,573550.0,4210175.0,4210475.0,1676.6456298828125,1733.775634765625,152.96457,81.94283
fp_base_main,57,55,90433.56482023044,573382.25,4210602.0,1675.11181640625,573250.0,573550.0,4210475.0,4210775.0,1659.4100341796875,1695.9488525390625,140.95117,85.19475
fp_base_main,57,56,92612.79672103493,573407.625,4210951.5,1641.755126953125,573250.0,573550.0,4210775.0,4211075.0,1613.5321044921875,1672.7906494140625,164.987,80.51922
fp_base_main,57,57,91999.81157601553,573405.5625,4211230.5,1620.6583251953125,573250.0,573550.0,4211075.0,4211375.0,1601.2781982421875,1639.8740234375,150.46777,87.16846
fp_base_main,57,58,16738.060622854875,573471.4375,4211396.5,1629.130126953125,573250.0,573550.0,4211375.0,4211441.0,1618.170654296875,1651.681640625,176.70358,63.068638
fp_base_main,58,31,69063.76189648977,573726.3125,4203528.0,3737.63525390625,573550.0,573850.0,4203426.0,4203575.0,3655.280517578125,3768.956298828125,18.380219,70.58974
fp_base_main,58,32,95125.73426347012,573692.875,4203710.0,3724.8193359375,573550.0,573850.0,4203575.0,4203875.0,3661.58642578125,3759.036865234375,9.534485,79.87765
fp_base_main,58,33,97954.83777931092,573705.5,4204023.5,3645.779296875,573550.0,573850.0,4203875.0,4204175.0,3577.201416015625,3718.84765625,14.200958,69.9848
fp_base_main,58,34,94294.62238865378,573709.375,4204304.0,3565.18505859375,573550.0,573850.0,4204175.0,4204475.0,3524.3994140625,3616.496337890625,160.1091,79.55028
fp_base_main,58,35,94775.15958731667,573686.875,4204651.0,3478.09423828125,573550.0,573850.0,4204475.0,4204775.0,3431.90771484375,3535.826171875,1.8707428,72.43987
fp_base_main,58,36,95232.22451609059,573714.8125,4204909.0,3398.357421875,573550.0,573850.0,4204775.0,4205075.0,3328.076416015625,3449.34716796875,1.3903046,72.68941
fp_base_main,58,37,95363.36584591196,573729.1875,4205251.5,3288.547119140625,573550.0,573850.0,4205075.0,4205375.0,3246.0107421875,3348.88818359375,176.68134,73.270836
fp_base_main,58,38,97870.42505348558,573691.4375,4205523.5,3191.463623046875,573550.0,573850.0,4205375.0,4205675.0,3119.387451171875,3255.27880859375,179.98273,67.8619
fp_base_main,58,39,96240.58498309075,573706.3125,4205807.0,3084.218505859375,573550.0,573850.0,4205675.0,4205975.0,3017.772705078125,3137.488525390625,176.8742,70.40441
fp_base_main,58,40,99244.56350953932,573693.5625,4206144.0,2948.269287109375,573550.0,573850.0,4205975.0,4206275.0,2858.498046875,3033.655029296875,160.9173,65.19154
fp_base_main,58,41,102575.01254798636,573679.4375,4206440.5,2817.55712890625,573550.0,573850.0,4206275.0,4206575.0,2716.939208984375,2934.666015625,150.09583,61.89448
fp_base_main,58,42,106693.73221240261,573701.0,4206717.0,2690.723388671875,573550.0,573850.0,4206575.0,4206875.0,2585.06689453125,2813.857421875,146.30157,60.73181
fp_base_main,58,43,107966.59849931502,573726.0,4206991.5,2596.025146484375,573550.0,573850.0,4206875.0,4207175.0,2400.88671875,2674.261474609375,137.22058,60.066586
fp_base_main,58,44,153228.55854895475,573721.4375,4207325.5,2330.0634765625,573550.0,573850.0,4207175.0,4207475.0,2103.842529296875,2564.568115234375,154.32062,37.046116
fp_base_main,58,45,96239.56841587173,573703.5,4207616.0,2106.03857421875,573550.0,573850.0,4207475.0,4207775.0,2058.29833984375,2219.637451171875,145.67947,73.79178
fp_base_main,58,46,90972.67064349708,573673.625,4207905.0,2048.42822265625,573550.0,573850.0,4207775.0,4208075.0,2018.771728515625,2077.33251953125,156.0427,81.69353
fp_base_main,58,47,91142.67876037605,573714.75,4208205.0,2009.74462890625,573550.0,573850.0,4208075.0,4208375.0,1973.5206298828125,2035.872802734375,157.19446,80.92193
fp_base_main,58,48,91259.54318313464,573717.6875,4208547.0,1958.0712890625,573550.0,573850.0,4208375.0,4208675.0,1927.17724609375,1993.2501220703125,156.93146,80.46987
fp_base_main,58,49,91088.73425583268,573706.625,4208827.5,1915.46240234375,573550.0,573850.0,4208675.0,4208975.0,1885.072998046875,1946.9149169921875,155.2254,81.148705
fp_base_main,58,50,90897.30318778874,573748.125,4209147.0,1876.1888427734375,573550.0,573850.0,4208975.0,4209275.0,1847.236328125,1904.3604736328125,152.99142,81.94259
fp_base_main,58,51,90897.28072382469,573728.5625,4209447.0,1837.0946044921875,573550.0,573850.0,4209275.0,4209575.0,1809.399658203125,1866.52099609375,152.9946,81.94275
fp_base_main,58,52,90897.23330529316,573710.5,4209747.0,1798.0963134765625,573550.0,573850.0,4209575.0,4209875.0,1771.56298828125,1828.681640625,152.99805,81.94308
fp_base_main,58,53,90897.17742702016,573696.5,4210047.0,1759.3564453125,573550.0,573850.0,4209875.0,4210175.0,1733.7261962890625,1790.8421630859375,153.0018,81.94335
fp_base_main,58,54,90897.16300042433,573701.125,4210354.5,1720.8253173828125,573550.0,573850.0,4210175.0,4210475.0,1695.8895263671875,1753.002685546875,153.00366,81.94353
fp_base_main,58,55,90587.37367345541,573697.125,4210615.5,1691.5384521484375,573550.0,573850.0,4210475.0,4210775.0,1672.790283203125,1715.1710205078125,148.02966,83.91715
fp_base_main,58,56,92518.45228632951,573695.875,4210958.5,1655.015869140625,573550.0,573850.0,4210775.0,4211075.0,1624.7093505859375,1686.16845703125,159.67612,80.44257
fp_base_main,58,57,91859.73974335,573726.0,4211214.5,1630.9393310546875,573550.0,573850.0,4211075.0,4211375.0,1611.1395263671875,1650.303955078125,148.08093,86.75249
fp_base_main,58,58,27942.96088525735,573704.8125,4211415.0,1633.294189453125,573550.0,573850.0,4211375.0,4211477.5,1618.580078125,1660.45166015625,178.1401,68.670364
fp_base_main,59,31,22638.091783467262,573924.0625,4203554.5,3752.4560546875,573850.0,574046.6875,4203516.0,4203575.0,3678.37939453125,3774.24169921875,167.05887,16.878613
fp_base_main,59,32,99552.10614103399,574024.75,4203699.5,3738.703369140625,573850.0,574150.0,4203575.0,4203875.0,3684.732177734375,3780.85107421875,158.73071,81.61302
fp_base_main,59,33,95301.70395704695,574009.6875,4204042.5,3665.4794921875,573850.0,574150.0,4203875.0,4204175.0,3605.797607421875,3729.083984375,158.50052,74.11792
fp_base_main,59,34,95792.60707366336,574000.75,4204317.0,3585.090087890625,573850.0,574150.0,4204175.0,4204475.0,3524.549560546875,3638.910400390625,174.75146,71.79242
fp_base_main,59,35,95863.0772781932,573993.375,4204633.5,3479.903564453125,573850.0,574150.0,4204475.0,4204775.0,3426.7080078125,3538.776611328125,6.4414062,71.00263
fp_base_main,59,36,93906.44734609679,573973.75,4204900.5,3401.719970703125,573850.0,574150.0,4204775.0,4205075.0,3347.623779296875,3441.552978515625,1.7236176,73.98399
fp_base_main,59,37,93972.9195575283,573982.0,4205243.5,3297.992919921875,573850.0,574150.0,4205075.0,4205375.0,3245.580322265625,3354.66650390625,172.74463,73.85641
fp_base_main,59,38,97220.12348081457,573982.0625,4205507.5,3214.403076171875,573850.0,574150.0,4205375.0,4205675.0,3135.1533203125,3276.635498046875,164.57526,69.007225
fp_base_main,59,39,96377.58889738069,574022.125,4205806.5,3110.147216796875,573850.0,574150.0,4205675.0,4205975.0,3033.655029296875,3172.6953125,160.68561,70.04154
fp_base_main,59,40,94593.89886292425,574005.9375,4206127.0,3009.900634765625,573850.0,574150.0,4205975.0,4206275.0,2934.666015625,3068.893798828125,152.53326,72.6032
fp_base_main,59,41,97660.36670529461,574019.5625,4206455.0,2910.037353515625,573850.0,574150.0,4206275.0,4206575.0,2813.857421875,2982.633056640625,142.70935,67.82211
fp_base_main,59,42,107030.43289522977,574000.6875,4206723.5,2811.10107421875,573850.0,574150.0,4206575.0,4206875.0,2674.261474609375,2905.164794921875,138.09402,61.135666
fp_base_main,59,43,105416.27099499562,573994.625,4207016.0,2693.74951171875,573850.0,574150.0,4206875.0,4207175.0,2564.568115234375,2794.67919921875,138.48492,60.19978
fp_base_main,59,44,141376.78106403782,574041.1875,4207303.5,2533.76708984375,573850.0,574150.0,4207175.0,4207475.0,2219.783447265625,2660.6435546875,149.31912,40.304283
fp_base_main,59,45,128810.9197712091,573997.875,4207612.5,2190.431884765625,573850.0,574150.0,4207475.0,4207775.0,2077.33251953125,2423.426025390625,153.40198,45.725067
fp_base_main,59,46,91061.11313977948,574010.6875,4207927.0,2065.69970703125,573850.0,574150.0,4207775.0,4208075.0,2035.9195556640625,2096.353515625,156.84784,81.24175
fp_base_main,59,47,91014.40083793004,574033.875,4208238.0,2024.5579833984375,573850.0,574150.0,4208075.0,4208375.0,1993.3087158203125,2053.021240234375,155.94379,81.520615
fp_base_main,59,48,91261.091248466,574030.5625,4208547.0,1978.6912841796875,573850.0,574150.0,4208375.0,4208675.0,1946.9359130859375,2013.0450439453125,156.94101,80.46416
fp_base_main,59,49,91108.82496183261,574009.875,4208831.5,1934.637939453125,573850.0,574150.0,4208675.0,4208975.0,1904.36279296875,1966.6768798828125,155.46912,81.044395
fp_base_main,59,50,90897.24011620227,574049.5625,4209147.0,1895.5728759765625,573850.0,574150.0,4208975.0,4209275.0,1866.5286865234375,1923.650634765625,152.9877,81.942894
fp_base_main,59,51,90897.21388149429,574030.4375,4209447.0,1856.5081787109375,573850.0,574150.0,4209275.0,4209575.0,1828.694580078125,1885.81494140625,152.98914,81.94307
fp_base_main,59,52,90897.20360508365,574012.6875,4209747.0,1817.5328369140625,573850.0,574150.0,4209575.0,4209875.0,1790.8603515625,1847.9791259765625,152.99228,81.94323
fp_base_main,59,53,90897.16525656555,573998.5625,4210047.0,1778.7911376953125,573850.0,574150.0,4209875.0,4210175.0,1753.0262451171875,1810.1434326171875,152.9949,81.94345
fp_base_main,59,54,90897.13219429165,574008.125,4210357.0,1740.258544921875,573850.0,574150.0,4210175.0,4210475.0,1715.1920166015625,1772.3077392578125,152.99454,81.943436
fp_base_main,59,55,90743.14285813925,574010.25,4210629.0,1707.862060546875,573850.0,574150.0,4210475.0,4210775.0,1686.1683349609375,1734.4757080078125,152.58786,82.79035
fp_base_main,59,56,91730.98206018652,574005.625,4210943.5,1678.047607421875,573850.0,574150.0,4210775.0,4211075.0,1643.693359375,1699.5489501953125,146.79071,83.11812
fp_base_main,59,57,92583.14051827208,573998.375,4211228.5,1643.127685546875,573850.0,574150.0,4211075.0,4211375.0,1621.0009765625,1672.3551025390625,144.15594,84.81182
fp_base_main,59,58,38949.702657456706,574037.9375,4211428.5,1639.706787109375,573850.0,574150.0,4211375.0,4211514.0,1623.559326171875,1669.2216796875,2.0718079,76.37331
fp_base_main,60,32,79575.79295873092,574295.5,4203771.0,3736.8984375,574150.0,574450.0,4203606.0,4203875.0,3701.478271484375,3775.58544921875,20.417023,85.99617
fp_base_main,60,33,94747.98940807692,574316.5625,4204028.0,3676.547119140625,574150.0,574450.0,4203875.0,4204175.0,3618.83984375,3731.457763671875,4.256958,71.99447
fp_base_main,60,34,94651.47413537161,574302.4375,4204332.0,3577.293212890625,574150.0,574450.0,4204175.0,4204475.0,3525.131591796875,3636.720458984375,9.490097,72.012794
fp_base_main,60,35,95362.12663718885,574299.1875,4204599.0,3491.42822265625,574150.0,574450.0,4204475.0,4204775.0,3425.126220703125,3539.69677734375,179.54114,72.180725
fp_base_main,60,36,94467.81437966475,574309.5,4204942.0,3392.384521484375,574150.0,574450.0,4204775.0,4205075.0,3349.850341796875,3454.1982421875,1.1094666,74.41842
fp_base_main,60,37,93620.67136737704,574268.1875,4205212.5,3320.33984375,574150.0,574450.0,4205075.0,4205375.0,3274.946533203125,3367.10009765625,176.70325,76.44995
fp_base_main,60,38,94857.49021610584,574301.75,4205528.0,3234.2626953125,574150.0,574450.0,4205375.0,4205675.0,3172.6953125,3287.92041015625,173.3169,72.88255
fp_base_main,60,39,95918.99614652427,574284.4375,4205803.0,3145.19091796875,574150.0,574450.0,4205675.0,4205975.0,3068.893798828125,3205.52880859375,160.22876,70.31909
fp_base_main,60,40,95022.72993700922,574311.875,4206132.0,3041.91943359375,574150.0,574450.0,4205975.0,4206275.0,2982.633056640625,3109.904541015625,162.60974,71.68835
fp_base_main,60,41,94886.3120999928,574302.9375,4206435.0,2950.143310546875,574150.0,574450.0,4206275.0,4206575.0,2896.291748046875,3011.3095703125,163.42389,73.299255
fp_base_main,60,42,96924.92400192266,574308.5,4206724.5,2847.691162109375,574150.0,574450.0,4206575.0,4206875.0,2784.74267578125,2915.364990234375,177.56421,68.64607
fp_base_main,60,43,98873.37168590297,574290.0,4207000.5,2743.054443359375,574150.0,574450.0,4206875.0,4207175.0,2658.153076171875,2797.5625,5.525757,65.98124
fp_base_main,60,44,108709.31316698914,574300.375,4207322.0,2580.27490234375,574150.0,574450.0,4207175.0,4207475.0,2423.426025390625,2665.519775390625,3.5455322,59.952583
fp_base_main,60,45,149109.05045422408,574332.6875,4207583.5,2371.929443359375,574150.0,574450.0,4207475.0,4207775.0,2096.353515625,2520.024169921875,157.70966,40.173637
fp_base_main,60,46,99794.1106950676,574325.4375,4207942.0,2096.645751953125,574150.0,574450.0,4207775.0,4208075.0,2053.014404296875,2242.259521484375,149.39264,69.0242
fp_base_main,60,47,90909.43278896848,574312.875,4208249.5,2039.556396484375,574150.0,574450.0,4208075.0,4208375.0,2013.0450439453125,2070.112548828125,156.03448,81.87669
fp_base_main,60,48,91237.43289900428,574314.1875,4208513.0,2002.322021484375,574150.0,574450.0,4208375.0,4208675.0,1966.6768798828125,2031.18603515625,157.32117,80.57716
fp_base_main,60,49,91128.06358007352,574314.375,4208835.5,1953.8853759765625,574150.0,574450.0,4208675.0,4208975.0,1923.652099609375,1986.4161376953125,155.69727,80.94673
fp_base_main,60,50,90897.1739472645,574350.9375,4209147.0,1914.9521484375,574150.0,574450.0,4208975.0,4209275.0,1885.8204345703125,1942.9403076171875,152.98575,81.94342
fp_base_main,60,51,90897.17539740019,574332.25,4209447.0,1875.917724609375,574150.0,574450.0,4209275.0,4209575.0,1847.98876953125,1905.1082763671875,152.98688,81.9434
fp_base_main,60,52,90897.1549247623,574314.8125,4209747.0,1836.9683837890625,574150.0,574450.0,4209575.0,4209875.0,1810.1571044921875,1867.2762451171875,152.98596,81.943436
fp_base_main,60,53,90897.13486189031,574300.9375,4210047.0,1798.2408447265625,574150.0,574450.0,4209875.0,4210175.0,1772.325439453125,1829.4442138671875,152.98611,81.943474
fp_base_main,60,54,90897.12811624327,574312.0625,4210358.0,1759.7227783203125,574150.0,574450.0,4210175.0,4210475.0,1734.4937744140625,1791.6121826171875,152.98587,81.94346
fp_base_main,60,55,90878.46594691684,574299.75,4210638.5,1723.8426513671875,574150.0,574450.0,4210475.0,4210775.0,1699.5489501953125,1753.781982421875,153.60254,82.118324
fp_base_main,60,56,90820.97517561824,574328.6875,4210938.0,1700.1888427734375,574150.0,574450.0,4210775.0,4211075.0,1672.3494873046875,1715.964111328125,130.15009,85.317375
fp_base_main,60,57,93008.18511046944,574317.125,4211230.5,1664.0845947265625,574150.0,574450.0,4211075.0,4211375.0,1637.263427734375,1701.01611328125,148.01935,83.43658
fp_base_main,60,58,50410.57700424746,574320.125,4211456.0,1650.8131103515625,574150.0,574450.0,4211375.0,4211550.5,1630.8624267578125,1677.99169921875,7.834015,82.06783
fp_base_main,61,32,36894.18656848071,574569.4375,4203811.0,3714.117919921875,574450.0,574750.0,4203696.0,4203875.0,3679.73583984375,3739.88427734375,56.48163,82.719604
fp_base_main,61,33,94275.8681066305,574580.8125,4204035.5,3656.19580078125,574450.0,574750.0,4203875.0,4204175.0,3612.9091796875,3723.383544921875,15.369232,72.53743
fp_base_main,61,34,93292.3462604086,574606.25,4204294.0,3581.95703125,574450.0,574750.0,4204175.0,4204475.0,3526.2626953125,3618.83984375,178.70148,74.82856
fp_base_main,61,35,95269.52462908693,574594.0,4204622.5,3491.299560546875,574450.0,574750.0,4204475.0,4204775.0,3436.580322265625,3540.53271484375,171.60388,73.025696
fp_base_main,61,36,94718.30603504153,574584.1875,4204935.0,3392.100830078125,574450.0,574750.0,4204775.0,4205075.0,3341.6689453125,3445.518798828125,176.00012,73.82742
fp_base_main,61,37,94102.95355437785,574604.375,4205243.0,3298.00634765625,574450.0,574750.0,4205075.0,4205375.0,3249.613525390625,3357.34765625,10.73172,74.211586
fp_base_main,61,38,93910.19113815126,574588.625,4205505.0,3227.38525390625,574450.0,574750.0,4205375.0,4205675.0,3166.26904296875,3274.946533203125,15.8272705,73.76432
fp_base_main,61,39,94205.729871915,574610.375,4205812.0,3141.273681640625,574450.0,574750.0,4205675.0,4205975.0,3072.0908203125,3197.23681640625,20.311981,72.735176
fp_base_main,61,40,94906.47743645258,574560.625,4206149.5,3043.8984375,574450.0,574750.0,4205975.0,4206275.0,2987.27978515625,3111.13525390625,18.802277,72.14138
fp_base_main,61,41,95722.177816804,574613.875,4206430.0,2951.154052734375,574450.0,574750.0,4206275.0,4206575.0,2891.3095703125,3017.451171875,14.465927,70.68832
fp_base_main,61,42,99270.29980829556,574594.1875,4206724.5,2840.478515625,574450.0,574750.0,4206575.0,4206875.0,2759.5419921875,2915.072021484375,9.478455,66.85034
fp_base_main,61,43,99558.6560217429,574596.0625,4207025.0,2711.330078125,574450.0,574750.0,4206875.0,4207175.0,2618.451171875,2787.559326171875,18.476486,66.57221
fp_base_main,61,44,108085.30781362862,574609.4375,4207328.0,2550.308349609375,574450.0,574750.0,4207175.0,4207475.0,2445.14306640625,2658.153076171875,9.261337,57.902695
fp_base_main,61,45,111329.48072196878,574629.375,4207618.0,2388.97119140625,574450.0,574750.0,4207475.0,4207775.0,2242.259521484375,2491.753173828125,9.686554,60.804043
fp_base_main,61,46,128942.81798350578,574625.625,4207907.0,2201.92822265625,574450.0,574750.0,4207775.0,4208075.0,2070.174560546875,2354.1552734375,162.8966,52.34592
fp_base_main,61,47,90933.37190972238,574623.4375,4208248.5,2057.720703125,574450.0,574750.0,4208075.0,4208375.0,2031.1912841796875,2088.880859375,156.02899,81.79825
fp_base_main,61,48,91119.56458430667,574605.1875,4208502.0,2022.18310546875,574450.0,574750.0,4208375.0,4208675.0,1986.416015625,2048.29833984375,157.11295,81.07225
fp_base_main,61,49,91147.18872036449,574621.0625,4208839.5,1973.279541015625,574450.0,574750.0,4208675.0,4208975.0,1942.941162109375,2006.1522216796875,155.91302,80.8547
fp_base_main,61,50,90897.1772355125,574652.1875,4209147.0,1934.3299560546875,574450.0,574750.0,4208975.0,4209275.0,1905.11181640625,1962.2315673828125,152.9762,81.94401
fp_base_main,61,51,90897.26500871418,574633.9375,4209447.0,1895.3289794921875,574450.0,574750.0,4209275.0,4209575.0,1867.282470703125,1924.40966796875,152.96735,81.94336
fp_base_main,61,52,90897.3630304839,574617.0625,4209747.0,1856.4132080078125,574450.0,574750.0,4209575.0,4209875.0,1829.453125,1886.587890625,152.95706,81.94264
fp_base_main,61,53,90897.47621169666,574603.625,4210047.0,1817.7242431640625,574450.0,574750.0,4209875.0,4210175.0,1791.623779296875,1848.76611328125,152.94495,81.94185
fp_base_main,61,54,90897.55599126972,574613.375,4210356.0,1779.3861083984375,574450.0,574750.0,4210175.0,4210475.0,1753.7945556640625,1810.9442138671875,152.93518,81.94119
fp_base_main,61,55,90897.82688778339,574586.3125,4210642.0,1741.5570068359375,574450.0,574750.0,4210475.0,4210775.0,1715.9652099609375,1773.1180419921875,152.95547,81.94031
fp_base_main,61,56,90304.31309117687,574549.3125,4210906.5,1715.19140625,574450.0,574750.0,4210775.0,4211075.0,1701.2005615234375,1735.27294921875,130.15027,86.082466
fp_base_main,61,57,93093.64915629357,574613.125,4211232.5,1682.948974609375,574450.0,574750.0,4211075.0,4211375.0,1658.2412109375,1717.8414306640625,159.41187,82.10896
fp_base_main,61,58,61921.62485175631,574639.8125,4211478.5,1665.404052734375,574450.0,574750.0,4211375.0,4211587.0,1640.723876953125,1686.76171875,94.18588,87.639015
fp_base_main,62,32,495.6069928853052,574753.0625,4203873.5,3692.64306640625,574750.0,574766.6875,4203864.5,4203875.0,3679.504150390625,3724.963134765625,148.13205,10.314242
fp_base_main,62,33,81076.92028358726,574877.9375,4204037.0,3659.914794921875,574750.0,575050.0,4203875.0,4204175.0,3611.60546875,3724.651611328125,153.12857,71.48931
fp_base_main,62,34,93035.28354636078,574888.4375,4204304.5,3585.472412109375,574750.0,575050.0,4204175.0,4204475.0,3540.53271484375,3637.485595703125,170.3038,75.395226
fp_base_main,62,35,94225.34371659314,574892.0,4204643.5,3496.551025390625,574750.0,575050.0,4204475.0,4204775.0,3441.126220703125,3546.393310546875,173.1853,73.90902
fp_base_main,62,36,96123.7083634819,574892.0625,4204932.5,3399.236572265625,574750.0,575050.0,4204775.0,4205075.0,3342.257080078125,3467.59423828125,178.65045,72.82033
fp_base_main,62,37,97423.85535939659,574897.5,4205213.0,3301.222412109375,574750.0,575050.0,4205075.0,4205375.0,3227.027587890625,3365.0703125,7.8789215,67.68254
fp_base_main,62,38,94199.06907124826,574921.1875,4205571.0,3182.897216796875,574750.0,575050.0,4205375.0,4205675.0,3138.71435546875,3249.613525390625,14.763641,73.760056
fp_base_main,62,39,95700.09322215493,574900.6875,4205810.0,3108.43115234375,574750.0,575050.0,4205675.0,4205975.0,3038.658203125,3166.26904296875,17.607513,70.53943
fp_base_main,62,40,94798.08688217033,574915.875,4206115.0,3009.09130859375,574750.0,575050.0,4205975.0,4206275.0,2949.225341796875,3072.0908203125,21.16864,72.3125
fp_base_main,62,41,95805.60756869099,574871.125,4206441.0,2915.83642578125,574750.0,575050.0,4206275.0,4206575.0,2843.827392578125,2987.27978515625,24.493958,70.568245
fp_base_main,62,42,100172.10400834173,574882.1875,4206739.0,2798.962158203125,574750.0,575050.0,4206575.0,4206875.0,2704.537109375,2891.3095703125,20.101654,65.06293
fp_base_main,62,43,104239.08396423439,574897.8125,4207016.5,2661.56689453125,574750.0,575050.0,4206875.0,4207175.0,2544.13720703125,2759.5419921875,19.048126,60.73089
fp_base_main,62,44,105551.25766447894,574898.0625,4207335.0,2494.31494140625,574750.0,575050.0,4207175.0,4207475.0,2390.685302734375,2618.451171875,19.762177,59.448475
fp_base_main,62,45,106989.13261737795,574898.4375,4207646.5,2314.660400390625,574750.0,575050.0,4207475.0,4207775.0,2212.110595703125,2445.14306640625,18.561554,58.680004
fp_base_main,62,46,116221.1490818788,574922.625,4207925.0,2191.2998046875,574750.0,575050.0,4207775.0,4208075.0,2088.880859375,2310.964111328125,15.647369,69.323586
fp_base_main,62,47,100892.92946942488,574962.375,4208166.5,2114.676025390625,574750.0,575050.0,4208075.0,4208375.0,2048.30419921875,2188.113525390625,153.35919,71.697624
fp_base_main,62,48,90992.81776178101,574924.3125,4208525.5,2038.28466796875,574750.0,575050.0,4208375.0,4208675.0,2006.1522216796875,2065.44482421875,155.80972,81.62713
fp_base_main,62,49,91166.05691226695,574932.625,4208843.5,1992.989501953125,574750.0,575050.0,4208675.0,4208975.0,1962.22998046875,2025.8817138671875,156.1185,80.770424
fp_base_main,62,50,90896.99200225565,574953.5625,4209147.0,1953.697509765625,574750.0,575050.0,4208975.0,4209275.0,1924.4029541015625,1981.517578125,152.98587,81.944046
fp_base_main,62,51,90896.96549048842,574935.6875,4209447.0,1914.727294921875,574750.0,575050.0,4209275.0,4209575.0,1886.5758056640625,1943.68798828125,152.98898,81.94425
fp_base_main,62,52,90896.93367030955,574919.4375,4209747.0,1875.8504638671875,574750.0,575050.0,4209575.0,4209875.0,1848.748779296875,1905.8585205078125,152.99136,81.94442
fp_base_main,62,53,90896.89757972337,574907.25,4210047.0,1837.2393798828125,574750.0,575050.0,4209875.0,4210175.0,1810.921630859375,1868.0289306640625,152.99524,81.94467
fp_base_main,62,54,90896.87301624271,574912.25,4210348.5,1799.5035400390625,574750.0,575050.0,4210175.0,4210475.0,1773.0946044921875,1830.199462890625,152.99548,81.94484
fp_base_main,62,55,90896.75563197068,574887.5625,4210642.0,1760.92138671875,574750.0,575050.0,4210475.0,4210775.0,1735.2674560546875,1792.3760986328125,152.97784,81.94511
fp_base_main,62,56,90438.38484961554,574863.9375,4210902.5,1732.5946044921875,574750.0,575050.0,4210775.0,4211075.0,1717.8414306640625,1754.56298828125,141.49536,85.30623
fp_base_main,62,57,92920.72688993192,574896.75,4211235.5,1697.3446044921875,574750.0,575050.0,4211075.0,4211375.0,1669.41845703125,1731.2196044921875,166.56104,80.81976
fp_base_main,62,58,72958.70406156627,574913.375,4211499.5,1675.5953369140625,574750.0,575050.0,4211375.0,4211623.0,1650.585205078125,1695.53173828125,141.31616,87.69743
fp_base_main,63,33,20063.209487095188,575101.4375,4204156.0,3663.032470703125,575050.0,575242.0625,4204054.0,4204175.0,3637.485595703125,3719.357177734375,149.1189,56.175808
fp_base_main,63,34,100480.73200276385,575184.625,4204317.0,3618.552490234375,575050.0,575350.0,4204175.0,4204475.0,3527.01611328125,3715.76806640625,148.64133,64.516914
fp_base_main,63,35,97665.5654140918,575200.75,4204623.0,3505.4326171875,575050.0,575350.0,4204475.0,4204775.0,3441.429931640625,3595.260986328125,175.39911,70.44027
fp_base_main,63,36,96087.90880221446,575205.25,4204918.0,3406.65380859375,575050.0,575350.0,4204775.0,4205075.0,3342.391357421875,3466.13134765625,177.97504,70.75047
fp_base_main,63,37,98158.92945612884,575203.5625,4205252.0,3277.3525390625,575050.0,575350.0,4205075.0,4205375.0,3219.51513671875,3360.573486328125,176.2933,66.85141
fp_base_main,63,38,95066.31993684504,575217.375,4205529.5,3187.24365234375,575050.0,575350.0,4205375.0,4205675.0,3139.16455078125,3231.466064453125,177.75122,76.49103
fp_base_main,63,39,98102.13168793663,575205.375,4205819.0,3094.5322265625,575050.0,575350.0,4205675.0,4205975.0,3026.9775390625,3150.86181640625,170.1391,71.17041
fp_base_main,63,40,96295.67730292426,575193.375,4206111.0,2999.205322265625,575050.0,575350.0,4205975.0,4206275.0,2937.575439453125,3068.154541015625,171.49786,71.21563
fp_base_main,63,41,94144.3827957672,575216.6875,4206435.0,2902.27880859375,575050.0,575350.0,4206275.0,4206575.0,2846.24951171875,2951.302978515625,171.30795,73.63128
fp_base_main,63,42,97503.93005013789,575215.6875,4206710.5,2808.93408203125,575050.0,575350.0,4206575.0,4206875.0,2720.88330078125,2879.044189453125,160.47476,69.26014
fp_base_main,63,43,104893.21770522333,575208.625,4207020.5,2680.06591796875,575050.0,575350.0,4206875.0,4207175.0,2558.04833984375,2771.486328125,159.06598,61.02258
fp_base_main,63,44,109847.79761688311,575195.6875,4207324.0,2523.8037109375,575050.0,575350.0,4207175.0,4207475.0,2392.694091796875,2651.563720703125,147.39664,57.940483
fp_base_main,63,45,109345.24944122908,575197.5,4207626.0,2367.133544921875,575050.0,575350.0,4207475.0,4207775.0,2219.839599609375,2519.034912109375,135.73672,55.66886
fp_base_main,63,46,106894.18509804564,575191.125,4207910.0,2235.166259765625,575050.0,575350.0,4207775.0,4208075.0,2120.279052734375,2375.258056640625,130.37708,57.996574
fp_base_main,63,47,100579.48116796104,575187.375,4208204.5,2132.048583984375,575050.0,575350.0,4208075.0,4208375.0,2065.439697265625,2237.284912109375,144.1903,66.69294
fp_base_main,63,48,91713.20940603,575226.75,4208481.0,2067.51708984375,575050.0,575350.0,4208375.0,4208675.0,2025.9521484375,2111.506103515625,149.03873,80.09546
fp_base_main,63,49,91148.31279552003,575222.6875,4208838.0,2012.519287109375,575050.0,575350.0,4208675.0,4208975.0,1981.5184326171875,2043.6083984375,156.69934,80.86704
fp_base_main,63,50,90896.9433505638,575254.6875,4209147.0,1973.0673828125,575050.0,575350.0,4208975.0,4209275.0,1943.6934814453125,2000.8070068359375,152.97858,81.944664
fp_base_main,63,51,90896.99231594797,575237.625,4209447.0,1934.143798828125,575050.0,575350.0,4209275.0,4209575.0,1905.8685302734375,1962.985595703125,152.97516,81.9444
fp_base_main,63,52,90897.05060118654,575222.4375,4209747.0,1895.3475341796875,575050.0,575350.0,4209575.0,4209875.0,1868.0435791015625,1925.1640625,152.97073,81.94407
fp_base_main,63,53,90897.0748594688,575214.5625,4210047.0,1857.0123291015625,575050.0,575350.0,4209875.0,4210175.0,1830.21875,1887.3426513671875,152.96326,81.943756
fp_base_main,63,54,90897.09276607461,575208.9375,4210331.0,1820.8392333984375,575050.0,575350.0,4210175.0,4210475.0,1792.393798828125,1849.5211181640625,152.9606,81.94334
fp_base_main,63,55,90897.12163891643,575183.4375,4210642.0,1779.9676513671875,575050.0,575350.0,4210475.0,4210775.0,1754.56884765625,1811.6964111328125,152.962,81.94327
fp_base_main,63,56,90594.24313239027,575175.5625,4210916.0,1748.7862548828125,575050.0,575350.0,4210775.0,4211075.0,1731.2196044921875,1773.87109375,148.62283,84.02544
fp_base_main,63,57,92938.22964872344,575202.625,4211249.5,1709.7818603515625,575050.0,575350.0,4211075.0,4211375.0,1680.5958251953125,1744.60107421875,166.18475,79.53191
fp_base_main,63,58,83874.82016737091,575230.5,4211521.0,1685.8642578125,575050.0,575350.0,4211375.0,4211659.5,1660.4466552734375,1704.3018798828125,138.55664,87.407974
fp_base_main,64,34,55166.06577401136,575466.4375,4204423.0,3644.818603515625,575350.0,575650.0,4204243.0,4204475.0,3595.277099609375,3713.751220703125,150.3754,62.897705
fp_base_main,64,35,108093.11484854005,575520.1875,4204579.0,3579.695068359375,575350.0,575650.0,4204475.0,4204775.0,3427.12841796875,3661.972412109375,152.52075,58.47479
fp_base_main,64,36,101021.43598519194,575518.9375,4204946.5,3393.01806640625,575350.0,575650.0,4204775.0,4205075.0,3331.972412109375,3517.388671875,173.57974,65.13572
fp_base_main,64,37,95286.72042602589,575497.1875,4205200.5,3304.759765625,575350.0,575650.0,4205075.0,4205375.0,3231.466064453125,3357.697021484375,179.89975,72.79705
fp_base_main,64,38,94398.89044028922,575509.125,4205562.5,3197.76953125,575350.0,575650.0,4205375.0,4205675.0,3150.86181640625,3267.359375,165.91681,74.1082
fp_base_main,64,39,94378.42915660111,575501.0625,4205846.0,3119.964599609375,575350.0,575650.0,4205675.0,4205975.0,3068.154541015625,3171.92236328125,163.509,74.890564
fp_base_main,64,40,97429.80128475864,575497.0,4206087.0,3050.66748046875,575350.0,575650.0,4205975.0,4206275.0,2951.302978515625,3101.9189453125,152.63583,69.609634
fp_base_main,64,41,95467.53253759383,575503.1875,4206413.0,2955.47021484375,575350.0,575650.0,4206275.0,4206575.0,2879.044189453125,3029.408935546875,135.39484,70.531006
fp_base_main,64,42,97861.44920697201,575526.1875,4206742.5,2869.384765625,575350.0,575650.0,4206575.0,4206875.0,2771.486328125,2949.264892578125,138.46942,67.166595
fp_base_main,64,43,100409.86218786926,575467.3125,4207013.5,2758.8447265625,575350.0,575650.0,4206875.0,4207175.0,2651.563720703125,2864.0712890625,138.08447,63.635742
fp_base_main,64,44,104635.72882328198,575506.0625,4207309.0,2656.24658203125,575350.0,575650.0,4207175.0,4207475.0,2519.034912109375,2762.38232421875,141.03778,60.192795
fp_base_main,64,45,106408.09296188674,575519.6875,4207652.0,2508.689453125,575350.0,575650.0,4207475.0,4207775.0,2375.258056640625,2629.656005859375,136.40826,58.52903
fp_base_main,64,46,107250.46458855082,575517.375,4207946.5,2365.5791015625,575350.0,575650.0,4207775.0,4208075.0,2237.284912109375,2507.333251953125,140.94073,57.220573
fp_base_main,64,47,104142.3597470257,575509.375,4208238.5,2225.23291015625,575350.0,575650.0,4208075.0,4208375.0,2111.506103515625,2351.66748046875,140.65598,60.11562
fp_base_main,64,48,101424.49586961685,575547.375,4208552.5,2108.46240234375,575350.0,575650.0,4208375.0,4208675.0,2043.6082763671875,2213.820556640625,141.11188,63.793903
fp_base_main,64,49,91746.56137790345,575584.5625,4208758.0,2058.052490234375,575350.0,575650.0,4208675.0,4208975.0,2000.8681640625,2097.49462890625,153.53067,77.32979
fp_base_main,64,50,90897.09386344715,575555.9375,4209147.0,1992.4893798828125,575350.0,575650.0,4208975.0,4209275.0,1963.0361328125,2020.15576171875,152.99033,81.94307
fp_base_main,64,51,90896.99813532733,575540.5625,4209447.0,1953.664306640625,575350.0,575650.0,4209275.0,4209575.0,1925.2041015625,1982.31689453125,152.9978,81.94366
fp_base_main,64,52,90896.92585485455,575545.375,4209760.0,1914.4986572265625,575350.0,575650.0,4209575.0,4209875.0,1887.3720703125,1944.4781494140625,153.01105,81.94418
fp_base_main,64,53,90896.8810371061,575537.25,4210042.0,1878.38232421875,575350.0,575650.0,4209875.0,4210175.0,1849.5400390625,1906.640625,153.00436,81.94532
fp_base_main,64,54,90896.99514086446,575504.1875,4210342.0,1838.4288330078125,575350.0,575650.0,4210175.0,4210475.0,1811.7080078125,1868.8175048828125,152.99362,81.94444
fp_base_main,64,55,90897.02713948845,575474.3125,4210642.0,1798.6829833984375,575350.0,575650.0,4210475.0,4210775.0,1773.8759765625,1830.994384765625,152.9787,81.94365
fp_base_main,64,56,90749.82249032028,575487.0625,4210929.5,1764.9368896484375,575350.0,575650.0,4210775.0,4211075.0,1744.60693359375,1793.17138671875,152.77386,82.848145
fp_base_main,64,57,92950.40032064906,575522.125,4211249.5,1725.438232421875,575350.0,575650.0,4211075.0,4211375.0,1691.7730712890625,1757.98876953125,165.6619,79.152336
fp_base_main,64,58,92562.80875855629,575532.5625,4211546.0,1695.889892578125,575350.0,575650.0,4211375.0,4211675.0,1670.30810546875,1712.8836669921875,140.16937,87.98077
fp_base_main,64,59,2255.5636515585047,575612.9375,4211678.5,1702.7552490234375,575477.375,575650.0,4211675.0,4211696.0,1698.361083984375,1713.0718994140625,175.35959,53.892056
fp_base_main,65,34,3576.6711236355336,575680.4375,4204462.0,3684.115234375,575650.0,575717.4375,4204432.5,4204475.0,3661.972412109375,3708.145263671875,151.70776,31.472893
fp_base_main,65,35,88687.76179500592,575796.375,4204623.5,3642.702880859375,575650.0,575950.0,4204475.0,4204775.0,3517.360595703125,3706.884765625,147.23001,60.855335
fp_base_main,65,36,112642.07926320349,575765.625,4204975.5,3432.5087890625,575650.0,575950.0,4204775.0,4205075.0,3332.14111328125,3620.518798828125,149.48975,53.379673
fp_base_main,65,37,97321.40304600612,575790.5,4205204.5,3336.031005859375,575650.0,575950.0,4205075.0,4205375.0,3267.22900390625,3439.732421875,137.73444,70.19595
fp_base_main,65,38,95190.85915936029,575761.25,4205517.0,3250.468017578125,575650.0,575950.0,4205375.0,4205675.0,3171.92236328125,3322.764892578125,128.42755,70.745766
fp_base_main,65,39,104657.90752303286,575803.875,4205844.0,3185.6064453125,575650.0,575950.0,4205675.0,4205975.0,3101.9189453125,3277.3486328125,122.03668,61.736275
fp_base_main,65,40,99158.94936590322,575790.25,4206109.0,3112.75830078125,575650.0,575950.0,4205975.0,4206275.0,3029.408935546875,3234.015380859375,119.10681,66.358444
fp_base_main,65,41,100244.70207946897,575825.125,4206439.5,3051.219970703125,575650.0,575950.0,4206275.0,4206575.0,2949.264892578125,3140.53271484375,122.764404,64.81239
fp_base_main,65,42,100440.26903667187,575784.5625,4206747.5,2945.474609375,575650.0,575950.0,4206575.0,4206875.0,2864.0712890625,3069.44482421875,132.24884,64.901665
fp_base_main,65,43,99772.52786751887,575798.0,4207006.5,2863.355224609375,575650.0,575950.0,4206875.0,4207175.0,2762.38232421875,2962.54296875,135.87787,64.96936
fp_base_main,65,44,102924.5846658032,575784.25,4207330.5,2740.370361328125,575650.0,575950.0,4207175.0,4207475.0,2629.656005859375,2866.752197265625,140.70514,61.0839
fp_base_main,65,45,103721.03247036184,575800.75,4207618.5,2615.81982421875,575650.0,575950.0,4207475.0,4207775.0,2507.333251953125,2738.170654296875,149.39316,60.88128
fp_base_main,65,46,104492.52419865961,575807.3125,4207969.0,2439.32080078125,575650.0,575950.0,4207775.0,4208075.0,2351.66748046875,2581.6669921875,157.39465,59.97409
fp_base_main,65,47,100995.60628091622,575822.0625,4208228.0,2313.1865234375,575650.0,575950.0,4208075.0,4208375.0,2213.820556640625,2419.7236328125,158.2138,63.235096
fp_base_main,65,48,97940.7243519393,575820.25,4208547.5,2177.200439453125,575650.0,575950.0,4208375.0,4208675.0,2097.49462890625,2266.427734375,157.23676,66.72715
fp_base_main,65,49,97268.1788134329,575809.8125,4208830.0,2069.408447265625,575650.0,575950.0,4208675.0,4208975.0,2020.1556396484375,2143.8173828125,155.02722,70.661095
fp_base_main,65,50,90945.35336139148,575891.4375,4209058.5,2026.536376953125,575650.0,575950.0,4208975.0,4209275.0,1982.3167724609375,2042.9730224609375,151.98294,81.545
fp_base_main,65,51,90897.2961909623,575840.0,4209442.0,1973.5050048828125,575650.0,575950.0,4209275.0,4209575.0,1944.4779052734375,2001.60302734375,152.98834,81.94268
fp_base_main,65,52,90897.36794010576,575818.875,4209742.0,1934.310302734375,575650.0,575950.0,4209575.0,4209875.0,1906.6390380859375,1963.7672119140625,152.98532,81.94238
fp_base_main,65,53,90897.44374879006,575798.25,4210042.0,1895.14990234375,575650.0,575950.0,4209875.0,4210175.0,1868.8001708984375,1925.931396484375,152.97995,81.941956
fp_base_main,65,54,90897.47132199179,575778.75,4210342.0,1856.05712890625,575650.0,575950.0,4210175.0,4210475.0,1830.9613037109375,1888.0955810546875,152.97443,81.941696
fp_base_main,65,55,90897.52434606405,575761.75,4210642.0,1817.128173828125,575650.0,575950.0,4210475.0,4210775.0,1793.1224365234375,1850.259765625,152.97104,81.94136
fp_base_main,65,56,90881.55705586867,575770.1875,4210939.0,1780.5162353515625,575650.0,575950.0,4210775.0,4211075.0,1757.9765625,1812.424072265625,153.55048,82.13385
fp_base_main,65,57,92426.06034044604,575800.0,4211221.5,1747.66064453125,575650.0,575950.0,4211075.0,4211375.0,1704.439453125,1774.5882568359375,152.63034,80.660484
fp_base_main,65,58,92818.86015698704,575809.375,4211517.5,1704.7122802734375,575650.0,575950.0,4211375.0,4211675.0,1680.1695556640625,1733.2122802734375,154.14066,84.2787
fp_base_main,65,59,13498.965208748308,575849.5625,4211692.5,1703.677978515625,575650.0,575950.0,4211675.0,4211732.5,1694.8287353515625,1721.8419189453125,177.33444,65.594055
fp_base_main,66,35,26663.45690472791,576044.9375,4204743.5,3658.31591796875,575950.0,576193.625,4204621.5,4204775.0,3620.518798828125,3702.539306640625,148.96704,60.581215
fp_base_main,66,36,106385.47056945419,576134.1875,4204862.5,3626.197265625,575950.0,576250.0,4204775.0,4205075.0,3439.732421875,3697.986328125,148.73755,58.444935
fp_base_main,66,37,104491.50708018351,576121.25,4205240.5,3418.097412109375,575950.0,576250.0,4205075.0,4205375.0,3322.7392578125,3557.947265625,145.98547,59.74179
fp_base_main,66,38,93820.58414048457,576103.3125,4205520.5,3331.7109375,575950.0,576250.0,4205375.0,4205675.0,3277.3486328125,3396.906494140625,128.83823,74.20269
fp_base_main,66,39,92329.25667066968,576075.1875,4205854.0,3281.09375,575950.0,576250.0,4205675.0,4205975.0,3234.015380859375,3335.078857421875,118.927795,76.622284
fp_base_main,66,40,99605.06307523165,576126.0,4206131.0,3242.762939453125,575950.0,576250.0,4205975.0,4206275.0,3140.53271484375,3304.612548828125,127.39743,68.83278
fp_base_main,66,41,98308.5698140679,576086.125,4206424.5,3159.346435546875,575950.0,576250.0,4206275.0,4206575.0,3069.44482421875,3247.602783203125,125.18854,66.42495
fp_base_main,66,42,101140.79935686196,576108.8125,4206725.5,3080.391357421875,575950.0,576250.0,4206575.0,4206875.0,2962.54296875,3172.217529296875,131.47986,63.472466
fp_base_main,66,43,101823.200382964,576098.25,4207022.0,2977.095947265625,575950.0,576250.0,4206875.0,4207175.0,2866.752197265625,3076.333984375,129.005,63.250507
fp_base_main,66,44,104156.68297684765,576105.4375,4207310.0,2866.7802734375,575950.0,576250.0,4207175.0,4207475.0,2738.170654296875,2976.035400390625,145.48407,59.427887
fp_base_main,66,45,105049.4770714201,576106.0625,4207643.5,2713.37158203125,575950.0,576250.0,4207475.0,4207775.0,2581.6669921875,2834.568603515625,140.3493,59.20613
fp_base_main,66,46,111649.9725944139,576102.6875,4207935.5,2560.928955078125,575950.0,576250.0,4207775.0,4208075.0,2419.7236328125,2717.609619140625,142.95837,54.384457
fp_base_main,66,47,110467.18353343754,576109.6875,4208234.0,2390.288330078125,575950.0,576250.0,4208075.0,4208375.0,2266.427734375,2550.1123046875,148.31113,54.60618
fp_base_main,66,48,103906.13053478031,576120.8125,4208535.0,2230.5576171875,575950.0,576250.0,4208375.0,4208675.0,2143.8173828125,2363.744384765625,155.45212,61.716656
fp_base_main,66,49,99447.76581507902,576115.1875,4208845.5,2101.799072265625,575950.0,576250.0,4208675.0,4208975.0,2036.991943359375,2209.998046875,152.05484,68.43423
fp_base_main,66,50,95470.32270138626,576138.75,4209080.5,2044.649169921875,575950.0,576250.0,4208975.0,4209275.0,2001.60302734375,2093.9912109375,141.24207,79.71424
fp_base_main,66,51,90898.01456524307,576155.4375,4209447.0,1993.2176513671875,575950.0,576250.0,4209275.0,4209575.0,1963.7672119140625,2020.92724609375,152.9469,81.93943
fp_base_main,66,52,90897.98012557157,576136.125,4209747.0,1954.131591796875,575950.0,576250.0,4209575.0,4209875.0,1925.931396484375,1983.0882568359375,152.9509,81.93965
fp_base_main,66,53,90897.93087612028,576117.3125,4210047.0,1915.0848388671875,575950.0,576250.0,4209875.0,4210175.0,1888.0955810546875,1945.249267578125,152.9549,81.93997
fp_base_main,66,54,90897.86993786565,576099.6875,4210347.0,1876.1131591796875,575950.0,576250.0,4210175.0,4210475.0,1850.259765625,1907.4102783203125,152.95892,81.94033
fp_base_main,66,55,90897.81524525327,576084.8125,4210647.0,1837.314208984375,575950.0,576250.0,4210475.0,4210775.0,1812.4239501953125,1869.5714111328125,152.9628,81.94057
fp_base_main,66,56,90897.77678519281,576078.625,4210947.0,1799.082275390625,575950.0,576250.0,4210775.0,4211075.0,1774.5882568359375,1831.732421875,152.96774,81.94083
fp_base_main,66,57,91627.33881037254,576087.0625,4211225.0,1768.282470703125,575950.0,576250.0,4211075.0,4211375.0,1733.2352294921875,1793.8934326171875,147.13202,82.74854
fp_base_main,66,58,93461.14666898262,576120.75,4211527.5,1720.5592041015625,575950.0,576250.0,4211375.0,4211675.0,1690.0308837890625,1761.8699951171875,161.72675,80.57054
fp_base_main,66,59,24731.219937476766,576140.5625,4211709.5,1708.248046875,575950.0,576250.0,4211675.0,4211769.0,1694.8953857421875,1730.6119384765625,179.9068,72.40974
fp_base_main,67,36,62631.54553310437,576390.25,4204996.0,3640.07763671875,576250.0,576550.0,4204810.5,4205075.0,3557.863037109375,3696.933349609375,148.73355,62.177895
fp_base_main,67,37,109461.84609748746,576416.8125,4205220.0,3529.0244140625,576250.0,576550.0,4205075.0,4205375.0,3396.88525390625,3645.946533203125,151.10022,56.76967
fp_base_main,67,38,95195.24806816023,576439.4375,4205486.5,3415.868408203125,576250.0,576550.0,4205375.0,4205675.0,3335.04833984375,3480.16455078125,137.07492,70.84817
fp_base_main,67,39,92106.58802119196,576427.625,4205847.0,3351.857177734375,576250.0,576550.0,4205675.0,4205975.0,3304.608154296875,3392.803466796875,117.79248,77.72257
fp_base_main,67,40,94564.51284384649,576379.125,4206153.5,3290.678466796875,576250.0,576550.0,4205975.0,4206275.0,3247.602783203125,3362.3642578125,148.14246,73.76022
fp_base_main,67,41,93240.42832034577,576408.125,4206435.5,3221.46484375,576250.0,576550.0,4206275.0,4206575.0,3172.217529296875,3276.435302734375,163.42609,75.988144
fp_base_main,67,42,94428.49520808738,576390.375,4206722.0,3144.701171875,576250.0,576550.0,4206575.0,4206875.0,3076.333984375,3194.925048828125,159.8819,73.062096
fp_base_main,67,43,95717.68738492786,576406.875,4207012.5,3058.311279296875,576250.0,576550.0,4206875.0,4207175.0,2976.035400390625,3120.558349609375,152.73999,70.91323
fp_base_main,67,44,100034.35622253924,576391.75,4207335.0,2940.219482421875,576250.0,576550.0,4207175.0,4207475.0,2834.5498046875,3031.042724609375,147.262,63.887447
fp_base_main,67,45,101888.41324604563,576395.8125,4207619.0,2836.467041015625,576250.0,576550.0,4207475.0,4207775.0,2717.609619140625,2930.50048828125,130.28186,62.986683
fp_base_main,67,46,110345.19511370169,576404.6875,4207936.5,2705.23291015625,576250.0,576550.0,4207775.0,4208075.0,2550.1123046875,2851.62353515625,136.91522,54.64599
fp_base_main,67,47,115660.74129236692,576384.6875,4208216.0,2532.506591796875,576250.0,576550.0,4208075.0,4208375.0,2363.744384765625,2706.861572265625,140.6792,50.97426
fp_base_main,67,48,111854.69709544096,576413.5625,4208539.0,2366.0703125,576250.0,576550.0,4208375.0,4208675.0,2209.998046875,2515.240478515625,132.23792,53.98604
fp_base_main,67,49,110844.57037015825,576398.125,4208814.5,2236.028076171875,576250.0,576550.0,4208675.0,4208975.0,2093.9912109375,2378.46630859375,126.29224,55.265858
fp_base_main,67,50,107883.60512630575,576393.8125,4209160.5,2091.651611328125,576250.0,576550.0,4208975.0,4209275.0,2020.8651123046875,2251.776123046875,141.00131,60.322884
fp_base_main,67,51,94145.03090085307,576465.6875,4209343.0,2043.832763671875,576250.0,576550.0,4209275.0,4209575.0,1983.0360107421875,2075.755859375,145.27103,76.11006
fp_base_main,67,52,90897.6239309882,576450.5,4209747.0,1974.3304443359375,576250.0,576550.0,4209575.0,4209875.0,1945.2069091796875,2002.354248046875,152.94958,81.94117
fp_base_main,67,53,90897.59147420483,576429.3125,4210047.0,1935.135498046875,576250.0,576550.0,4209875.0,4210175.0,1907.377685546875,1964.5223388671875,152.95242,81.941376
fp_base_main,67,54,90897.57429594471,576409.125,4210347.0,1896.005859375,576250.0,576550.0,4210175.0,4210475.0,1869.548583984375,1926.6904296875,152.95709,81.94162
fp_base_main,67,55,90897.52994722777,576391.1875,4210647.0,1857.0196533203125,576250.0,576550.0,4210475.0,4210775.0,1831.719482421875,1888.8585205078125,152.9614,81.941925
fp_base_main,67,56,90897.45816533419,576379.875,4210947.0,1818.4610595703125,576250.0,576550.0,4210775.0,4211075.0,1793.8902587890625,1851.026611328125,152.96451,81.94219
fp_base_main,67,57,90850.10133868406,576382.9375,4211231.5,1788.4183349609375,576250.0,576550.0,4211075.0,4211375.0,1761.990966796875,1813.1947021484375,141.47186,84.03375
fp_base_main,67,58,94108.9075634867,576420.125,4211521.0,1743.301025390625,576250.0,576550.0,4211375.0,4211675.0,1700.056640625,1789.651123046875,160.88577,77.52612
fp_base_main,67,59,35979.77317375207,576411.6875,4211729.5,1716.006103515625,576250.0,576550.0,4211675.0,4211805.5,1699.892333984375,1739.3819580078125,5.3029785,78.46896
fp_base_main,68,36,7033.41171160175,576599.0625,4205056.0,3668.16845703125,576550.0,576669.0625,4205000.0,4205075.0,3645.924560546875,3691.327392578125,149.84601,57.47851
fp_base_main,68,37,95136.56892812597,576709.625,4205203.5,3631.60595703125,576550.0,576850.0,4205075.0,4205375.0,3480.164306640625,3689.102783203125,147.06766,59.433304
fp_base_main,68,38,100708.68085994391,576697.4375,4205535.5,3471.540283203125,576550.0,576850.0,4205375.0,4205675.0,3392.803466796875,3598.43017578125,141.99121,65.02321
fp_base_main,68,39,92385.65820352352,576700.125,4205813.0,3409.345458984375,576550.0,576850.0,4205675.0,4205975.0,3362.3642578125,3461.690673828125,118.41354,76.90534
fp_base_main,68,40,95290.4022822017,576708.0,4206109.5,3355.1044921875,576550.0,576850.0,4205975.0,4206275.0,3276.41796875,3420.120361328125,149.37695,70.891
fp_base_main,68,41,95489.1030754634,576713.4375,4206459.5,3256.0625,576550.0,576850.0,4206275.0,4206575.0,3194.925048828125,3328.62060546875,138.9071,72.13478
fp_base_main,68,42,95149.64991915599,576694.3125,4206747.0,3175.93701171875,576550.0,576850.0,4206575.0,4206875.0,3120.558349609375,3261.890625,144.0661,71.12988
fp_base_main,68,43,95334.36962015116,576689.0625,4207010.5,3106.0615234375,576550.0,576850.0,4206875.0,4207175.0,3031.042724609375,3165.678955078125,141.62204,71.597694
fp_base_main,68,44,96480.82754538977,576676.375,4207338.5,3007.8017578125,576550.0,576850.0,4207175.0,4207475.0,2930.50048828125,3101.436767578125,141.87079,68.46831
fp_base_main,68,45,95819.62969269605,576660.875,4207628.0,2923.040771484375,576550.0,576850.0,4207475.0,4207775.0,2851.62353515625,3007.885009765625,135.58969,70.7701
fp_base_main,68,46,101825.12109191023,576666.0625,4207912.5,2824.75439453125,576550.0,576850.0,4207775.0,4208075.0,2706.861572265625,2920.254638671875,150.72119,62.485348
fp_base_main,68,47,111352.43317871183,576663.9375,4208221.5,2663.5458984375,576550.0,576850.0,4208075.0,4208375.0,2515.240478515625,2806.616943359375,146.2821,53.42684
fp_base_main,68,48,108332.08467882955,576656.8125,4208533.5,2497.0498046875,576550.0,576850.0,4208375.0,4208675.0,2378.46630859375,2665.821533203125,132.29407,56.61237
fp_base_main,68,49,107287.53105055101,576703.8125,4208816.0,2401.817626953125,576550.0,576850.0,4208675.0,4208975.0,2251.776123046875,2523.39892578125,132.7326,57.963535
fp_base_main,68,50,114590.455846268,576674.0625,4209104.5,2241.267333984375,576550.0,576850.0,4208975.0,4209275.0,2075.755859375,2400.03466796875,141.1557,52.338493
fp_base_main,68,51,108334.55004559689,576681.3125,4209387.0,2090.314208984375,576550.0,576850.0,4209275.0,4209575.0,2002.3541259765625,2235.888427734375,137.73758,59.98331
fp_base_main,68,52,92404.23352983441,576732.3125,4209727.0,2000.9117431640625,576550.0,576850.0,4209575.0,4209875.0,1964.522216796875,2063.00390625,147.43045,77.69455
fp_base_main,68,53,90897.7437339951,576744.4375,4210047.0,1955.4259033203125,576550.0,576850.0,4209875.0,4210175.0,1926.6903076171875,1983.8419189453125,152.95062,81.94058
fp_base_main,68,54,90897.75944006674,576721.1875,4210347.0,1916.0946044921875,576550.0,576850.0,4210175.0,4210475.0,1888.8583984375,1946.006591796875,152.95416,81.940704
fp_base_main,68,55,90897.67251162813,576699.8125,4210647.0,1876.884033203125,576550.0,576850.0,4210475.0,4210775.0,1851.0264892578125,1908.1712646484375,152.95975,81.94122
fp_base_main,68,56,90897.69581050074,576683.5625,4210947.0,1838.0052490234375,576550.0,576850.0,4210775.0,4211075.0,1813.194580078125,1870.3359375,152.96478,81.94128
fp_base_main,68,57,90599.63381832564,576667.625,4211234.0,1805.361083984375,576550.0,576850.0,4211075.0,4211375.0,1789.651123046875,1832.5006103515625,149.39609,84.166145
fp_base_main,68,58,93931.55938628956,576702.9375,4211535.0,1760.6646728515625,576550.0,576850.0,4211375.0,4211675.0,1723.093505859375,1803.029296875,164.81091,77.49742
fp_base_main,68,59,47513.09376026203,576725.6875,4211759.0,1729.7432861328125,576550.0,576850.0,4211675.0,4211842.0,1709.7537841796875,1748.1519775390625,41.42563,87.19959
fp_base_main,69,37,33698.68736304559,576966.8125,4205338.5,3645.00830078125,576850.0,577144.4375,4205189.0,4205375.0,3598.43017578125,3685.721435546875,148.82422,64.22781
fp_base_main,69,38,103897.43142257472,577037.3125,4205471.5,3602.324462890625,576850.0,577150.0,4205375.0,4205675.0,3461.690673828125,3680.218994140625,149.78387,61.54444
fp_base_main,69,39,93710.16140884013,577018.375,4205827.5,3473.990478515625,576850.0,577150.0,4205675.0,4205975.0,3420.071533203125,3536.444580078125,129.82886,75.17172
fp_base_main,69,40,95254.03144518404,577044.9375,4206157.5,3399.244384765625,576850.0,577150.0,4205975.0,4206275.0,3328.59130859375,3470.735595703125,150.5668,71.02752
fp_base_main,69,41,94207.43437400393,577024.1875,4206430.5,3321.401123046875,576850.0,577150.0,4206275.0,4206575.0,3261.890625,3381.923583984375,149.69003,73.68676
fp_base_main,69,42,94983.38401043355,577042.1875,4206757.5,3233.747314453125,576850.0,577150.0,4206575.0,4206875.0,3165.678955078125,3299.23046875,153.1384,71.78661
fp_base_main,69,43,93716.39023095435,576978.375,4207024.5,3154.4248046875,576850.0,577150.0,4206875.0,4207175.0,3101.436767578125,3215.670166015625,152.44476,74.83356
fp_base_main,69,44,94903.96512296205,577005.375,4207366.5,3058.944091796875,576850.0,577150.0,4207175.0,4207475.0,3007.885009765625,3132.154296875,163.7337,71.9695
fp_base_main,69,45,94195.97086746183,576994.0,4207628.5,2982.033935546875,576850.0,577150.0,4207475.0,4207775.0,2920.254638671875,3040.34619140625,157.40552,72.99179
fp_base_main,69,46,96768.72653156774,576995.25,4207913.5,2895.01806640625,576850.0,577150.0,4207775.0,4208075.0,2806.616943359375,2961.744384765625,153.30078,68.72527
fp_base_main,69,47,99077.75606673167,576962.8125,4208217.0,2770.978515625,576850.0,577150.0,4208075.0,4208375.0,2665.821533203125,2860.348876953125,152.48517,65.06766
fp_base_main,69,48,104649.19941537104,576990.5,4208562.5,2639.595458984375,576850.0,577150.0,4208375.0,4208675.0,2523.39892578125,2751.80810546875,133.8276,59.630314
fp_base_main,69,49,107476.26259488144,576979.75,4208822.0,2527.3173828125,576850.0,577150.0,4208675.0,4208975.0,2400.03466796875,2666.159912109375,129.50507,57.020878
fp_base_main,69,50,113674.89526267709,577002.3125,4209129.0,2400.08740234375,576850.0,577150.0,4208975.0,4209275.0,2235.888427734375,2548.15087890625,132.4834,52.923965
fp_base_main,69,51,119108.5636957333,576993.25,4209443.5,2217.476318359375,576850.0,577150.0,4209275.0,4209575.0,2062.981689453125,2408.27197265625,133.99606,49.309452
fp_base_main,69,52,110169.06856173507,577054.6875,4209676.0,2125.537109375,576850.0,577150.0,4209575.0,4209875.0,1983.7845458984375,2238.181396484375,135.45264,53.703762
fp_base_main,69,53,91534.7926597612,577039.6875,4210019.0,1981.7684326171875,576850.0,577150.0,4209875.0,4210175.0,1945.96142578125,2030.0064697265625,149.26682,79.69871
fp_base_main,69,54,90897.2830839162,577036.875,4210347.0,1936.3760986328125,576850.0,577150.0,4210175.0,4210475.0,1908.1383056640625,1965.273681640625,152.95428,81.942726
fp_base_main,69,55,90897.2844619049,577011.3125,4210647.0,1896.9105224609375,576850.0,577150.0,4210475.0,4210775.0,1870.3150634765625,1927.4478759765625,152.9562,81.94285
fp_base_main,69,56,90897.19398631426,576989.9375,4210947.0,1857.7083740234375,576850.0,577150.0,4210775.0,4211075.0,1832.491943359375,1889.6219482421875,152.96057,81.943306
fp_base_main,69,57,90755.13051132028,576993.1875,4211249.0,1821.718994140625,576850.0,577150.0,4211075.0,4211375.0,1803.029296875,1851.7960205078125,152.86194,82.84363
fp_base_main,69,58,93385.80148743675,577006.8125,4211552.0,1775.683837890625,576850.0,577150.0,4211375.0,4211675.0,1746.2259521484375,1816.413330078125,165.40375,78.06841
fp_base_main,69,59,59004.48530175592,577035.625,4211781.0,1743.7459716796875,576850.0,577150.0,4211675.0,4211878.5,1719.615234375,1765.0333251953125,149.10632,84.96619
fp_base_main,70,38,71029.90207678256,577297.5,4205584.5,3623.2158203125,577150.0,577450.0,4205378.5,4205675.0,3536.4326171875,3680.115234375,147.65268,61.306362
fp_base_main,70,39,96583.8768182808,577341.3125,4205805.5,3554.368408203125,577150.0,577450.0,4205675.0,4205975.0,3470.742919921875,3628.44580078125,140.7012,68.55947
fp_base_main,70,40,95123.00484972737,577327.3125,4206149.5,3454.244873046875,577150.0,577450.0,4205975.0,4206275.0,3381.923583984375,3526.12744140625,142.58997,71.16507
fp_base_main,70,41,95581.93416519096,577315.25,4206426.5,3372.804443359375,577150.0,577450.0,4206275.0,4206575.0,3299.23046875,3446.333984375,144.88895,70.285286
fp_base_main,70,42,95089.94021466249,577328.8125,4206755.0,3278.57470703125,577150.0,577450.0,4206575.0,4206875.0,3215.670166015625,3356.66162109375,152.3233,71.06544
fp_base_main,70,43,94822.66100023562,577332.4375,4207073.0,3180.21728515625,577150.0,577450.0,4206875.0,4207175.0,3132.154296875,3258.888427734375,159.50583,71.62645
fp_base_main,70,44,94203.64960926125,577334.25,4207293.0,3115.71826171875,577150.0,577450.0,4207175.0,4207475.0,3040.34619140625,3161.586181640625,154.80798,73.33153
fp_base_main,70,45,93963.88577290253,577313.0,4207655.0,3015.41845703125,577150.0,577450.0,4207475.0,4207775.0,2961.744384765625,3084.14306640625,153.9176,73.294785
fp_base_main,70,46,96010.68362055723,577285.625,4207926.5,2931.779541015625,577150.0,577450.0,4207775.0,4208075.0,2860.348876953125,2998.889892578125,161.57477,70.58873
fp_base_main,70,47,97375.46149765071,577339.5,4208240.0,2816.558349609375,577150.0,577450.0,4208075.0,4208375.0,2751.80810546875,2894.684326171875,165.55286,68.3728
fp_base_main,70,48,97126.89906408377,577326.25,4208562.0,2696.176025390625,577150.0,577450.0,4208375.0,4208675.0,2637.328125,2773.4443359375,6.224304,69.11255
fp_base_main,70,49,99024.52710076999,577316.25,4208799.0,2605.386962890625,577150.0,577450.0,4208675.0,4208975.0,2514.72119140625,2668.306884765625,8.514313,67.72831
fp_base_main,70,50,99827.6215395662,577311.4375,4209135.5,2467.3642578125,577150.0,577450.0,4208975.0,4209275.0,2388.4541015625,2546.42236328125,4.997452,67.0029
fp_base_main,70,51,102183.32568390337,577353.8125,4209455.0,2316.005615234375,577150.0,577450.0,4209275.0,4209575.0,2238.181396484375,2411.623291015625,176.22833,63.20842
fp_base_main,70,52,110051.30112655558,577324.875,4209736.0,2187.948486328125,577150.0,577450.0,4209575.0,4209875.0,2030.0064697265625,2273.299560546875,144.49954,64.32152
fp_base_main,70,53,107021.75821446211,577362.6875,4209946.5,2107.80810546875,577150.0,577450.0,4209875.0,4210175.0,1965.273681640625,2183.928955078125,142.73285,55.495293
fp_base_main,70,54,91034.2364940576,577346.3125,4210311.0,1962.6162109375,577150.0,577450.0,4210175.0,4210475.0,1927.44775390625,1997.0494384765625,151.38605,81.12646
fp_base_main,70,55,90897.42455836202,577327.1875,4210647.0,1917.2408447265625,577150.0,577450.0,4210475.0,4210775.0,1889.6219482421875,1946.76123046875,152.95447,81.94213
fp_base_main,70,56,90897.40419031586,577299.8125,4210947.0,1877.6500244140625,577150.0,577450.0,4210775.0,4211075.0,1851.7960205078125,1908.9317626953125,152.96017,81.94243
fp_base_main,70,57,90884.07014644379,577284.125,4211260.0,1837.4866943359375,577150.0,577450.0,4211075.0,4211375.0,1816.4163818359375,1871.102294921875,153.57608,82.10588
fp_base_main,70,58,93316.00912624142,577311.6875,4211547.0,1793.35546875,577150.0,577450.0,4211375.0,4211675.0,1758.8367919921875,1833.2728271484375,165.70807,77.596565
fp_base_main,70,59,70063.41103730469,577329.875,4211795.5,1755.5435791015625,577150.0,577450.0,4211675.0,4211915.0,1729.4765625,1775.4632568359375,157.40887,84.36003
fp_base_main,71,38,10858.620441236704,577541.0625,4205641.5,3663.2763671875,577450.0,577620.1875,4205567.5,4205675.0,3628.462890625,3674.50927734375,149.04437,65.01194
fp_base_main,71,39,92251.23422551708,577612.9375,4205800.5,3622.198486328125,577450.0,577750.0,4205675.0,4205975.0,3526.12744140625,3671.3291015625,144.22137,67.73636
fp_base_main,71,40,96121.84598759156,577617.125,4206147.0,3520.0,577450.0,577750.0,4205975.0,4206275.0,3446.268310546875,3601.861083984375,138.85327,69.55972
fp_base_main,71,41,97177.29660143486,577620.4375,4206460.0,3421.755859375,577450.0,577750.0,4206275.0,4206575.0,3356.653076171875,3516.840576171875,150.8023,68.66279
fp_base_main,71,42,96491.35001152937,577588.5625,4206714.0,3331.458251953125,577450.0,577750.0,4206575.0,4206875.0,3258.888427734375,3409.666015625,154.10126,69.87206
fp_base_main,71,43,95641.49320956253,577622.6875,4207034.0,3237.4140625,577450.0,577750.0,4206875.0,4207175.0,3161.586181640625,3312.6474609375,147.82932,70.34976
fp_base_main,71,44,95548.73260702213,577614.375,4207346.5,3150.31640625,577450.0,577750.0,4207175.0,4207475.0,3084.14306640625,3222.520751953125,139.54749,71.36257
fp_base_main,71,45,95632.86359003052,577614.75,4207634.0,3064.32568359375,577450.0,577750.0,4207475.0,4207775.0,2998.889892578125,3154.72998046875,152.2934,70.40396
fp_base_main,71,46,95824.013394286,577609.4375,4207937.0,2966.28466796875,577450.0,577750.0,4207775.0,4208075.0,2894.684326171875,3037.2861328125,159.18869,69.935265
fp_base_main,71,47,97577.18557216838,577611.9375,4208231.0,2862.388671875,577450.0,577750.0,4208075.0,4208375.0,2773.4443359375,2935.02978515625,152.35193,68.339745
fp_base_main,71,48,98713.0379088478,577605.75,4208539.0,2745.171875,577450.0,577750.0,4208375.0,4208675.0,2651.716064453125,2845.116455078125,146.71143,65.56516
fp_base_main,71,49,97801.44235417638,577609.625,4208813.5,2650.40771484375,577450.0,577750.0,4208675.0,4208975.0,2541.862060546875,2727.508056640625,137.89075,67.420265
fp_base_main,71,50,103684.06958649623,577621.3125,4209132.0,2531.246337890625,577450.0,577750.0,4208975.0,4209275.0,2409.5009765625,2639.80126953125,147.82983,60.48912
fp_base_main,71,51,102145.459873081,577613.1875,4209443.5,2384.255859375,577450.0,577750.0,4209275.0,4209575.0,2273.299560546875,2494.117431640625,146.45187,61.866203
fp_base_main,71,52,98721.79599886462,577597.3125,4209676.5,2283.62255859375,577450.0,577750.0,4209575.0,4209875.0,2183.7744140625,2362.22802734375,142.29819,66.849945
fp_base_main,71,53,111800.2026809995,577616.8125,4210068.0,2136.043701171875,577450.0,577750.0,4209875.0,4210175.0,1997.04931640625,2252.267333984375,143.27951,56.78506
fp_base_main,71,54,102440.56517584829,577675.8125,4210257.0,2063.211181640625,577450.0,577750.0,4210175.0,4210475.0,1946.7611083984375,2143.038818359375,144.6983,58.59782
fp_base_main,71,55,90897.65245602184,577649.6875,4210647.0,1938.0050048828125,577450.0,577750.0,4210475.0,4210775.0,1908.931640625,1966.080322265625,152.95065,81.94099
fp_base_main,71,56,90897.645310199,577614.8125,4210947.0,1897.9212646484375,577450.0,577750.0,4210775.0,4211075.0,1871.102294921875,1928.2459716796875,152.95822,81.941284
fp_base_main,71,57,90897.55855714233,577588.6875,4211247.0,1858.414794921875,577450.0,577750.0,4211075.0,4211375.0,1833.2728271484375,1890.41162109375,152.96341,81.94173
fp_base_main,71,58,93198.68352752677,577572.125,4211537.0,1811.9639892578125,577450.0,577750.0,4211375.0,4211675.0,1770.0140380859375,1852.5772705078125,159.11017,76.96858
fp_base_main,71,59,81259.84222741085,577627.6875,4211799.5,1768.871826171875,577450.0,577750.0,4211675.0,4211951.5,1739.3380126953125,1794.125244140625,155.00882,83.56333
fp_base_main,72,39,33577.237056733604,577851.8125,4205905.5,3643.22119140625,577750.0,577992.25,4205757.0,4205975.0,3601.861083984375,3668.9033203125,146.4791,71.31048
fp_base_main,72,40,96912.7302818007,577930.625,4206141.5,3605.496337890625,577750.0,578050.0,4205975.0,4206275.0,3516.840576171875,3657.27587890625,121.12848,71.89373
fp_base_main,72,41,104866.27813955606,577923.6875,4206403.0,3542.019775390625,577750.0,578050.0,4206275.0,4206575.0,3409.666015625,3636.611328125,123.1044,59.818596
fp_base_main,72,42,105998.8412363602,577890.4375,4206738.5,3416.256103515625,577750.0,578050.0,4206575.0,4206875.0,3312.6474609375,3558.81396484375,124.00345,58.688644
fp_base_main,72,43,105624.67620516205,577892.125,4207034.5,3322.221923828125,577750.0,578050.0,4206875.0,4207175.0,3222.520751953125,3462.42041015625,123.655396,58.86098
fp_base_main,72,44,101813.5152810915,577928.6875,4207333.0,3259.23974609375,577750.0,578050.0,4207175.0,4207475.0,3154.72998046875,3366.80859375,112.723816,64.45442
fp_base_main,72,45,106396.77137234887,577928.625,4207632.5,3155.983154296875,577750.0,578050.0,4207475.0,4207775.0,3037.2861328125,3282.31884765625,139.85455,57.901203
fp_base_main,72,46,99740.8443047461,577890.875,4207913.0,3028.06689453125,577750.0,578050.0,4207775.0,4208075.0,2935.02978515625,3139.92919921875,136.70111,65.48699
fp_base_main,72,47,97545.1882421518,577923.375,4208239.5,2935.43896484375,577750.0,578050.0,4208075.0,4208375.0,2845.116455078125,3024.664306640625,134.91711,67.60668
fp_base_main,72,48,100819.06105027067,577920.3125,4208530.5,2827.39306640625,577750.0,578050.0,4208375.0,4208675.0,2727.508056640625,2930.67236328125,148.02698,63.49231
fp_base_main,72,49,96454.50548877339,577883.125,4208836.0,2706.1005859375,577750.0,578050.0,4208675.0,4208975.0,2639.80126953125,2797.60302734375,148.07239,69.65183
fp_base_main,72,50,100769.12567232999,577882.875,4209131.0,2587.752685546875,577750.0,578050.0,4208975.0,4209275.0,2494.117431640625,2684.6376953125,160.44043,63.142506
fp_base_main,72,51,100597.22989543258,577888.6875,4209404.0,2465.284912109375,577750.0,578050.0,4209275.0,4209575.0,2362.22802734375,2550.9150390625,154.63666,64.32482
fp_base_main,72,52,97482.82382557614,577891.0,4209697.5,2343.380126953125,577750.0,578050.0,4209575.0,4209875.0,2252.258544921875,2422.51171875,149.85352,67.679146
fp_base_main,72,53,97217.09516003313,577885.375,4210033.0,2228.890380859375,577750.0,578050.0,4209875.0,4210175.0,2143.040283203125,2317.003662109375,145.3569,67.660286
fp_base_main,72,54,113124.91101111396,577890.625,4210364.0,2083.07763671875,577750.0,578050.0,4210175.0,4210475.0,1966.0172119140625,2221.42138671875,144.60345,56.0247
fp_base_main,72,55,98388.38181597657,577949.625,4210565.0,2009.3868408203125,577750.0,578050.0,4210475.0,4210775.0,1928.182861328125,2086.55615234375,140.82245,64.30399
fp_base_main,72,56,90897.93758379521,577938.0,4210947.0,1918.6707763671875,577750.0,578050.0,4210775.0,4211075.0,1890.3485107421875,1947.504638671875,152.95319,81.93969
fp_base_main,72,57,90897.92743859615,577899.3125,4211247.0,1878.338623046875,577750.0,578050.0,4211075.0,4211375.0,1852.5142822265625,1909.663330078125,152.96423,81.94026
fp_base_main,72,58,92460.7878597805,577883.3125,4211531.0,1837.990478515625,577750.0,578050.0,4211375.0,4211675.0,1794.0106201171875,1871.8218994140625,155.59894,79.178925
fp_base_main,72,59,92248.95813871101,577923.3125,4211845.0,1780.3563232421875,577750.0,578050.0,4211675.0,4211975.0,1749.199462890625,1822.671142578125,157.9094,82.24185
fp_base_main,72,60,848.3213354769982,578019.6875,4211978.0,1777.8975830078125,577943.125,578050.0,4211975.0,4211988.0,1775.343017578125,1783.232177734375,175.68118,56.33409
fp_base_main,73,40,24408.32420400426,578137.3125,4206225.0,3600.191650390625,578050.0,578231.0625,4206047.5,4206275.0,3570.28662109375,3640.998779296875,105.38739,63.875366
fp_base_main,73,41,94066.39748475657,578199.0,4206445.5,3587.567626953125,578050.0,578350.0,4206275.0,4206575.0,3523.516845703125,3635.341796875,98.67645,74.461174
fp_base_main,73,42,101211.08936209533,578196.75,4206705.0,3571.73779296875,578050.0,578350.0,4206575.0,4206875.0,3462.42041015625,3615.948486328125,135.82379,71.69984
fp_base_main,73,43,105592.93569206866,578201.625,4207045.0,3489.88818359375,578050.0,578350.0,4206875.0,4207175.0,3366.80859375,3592.77587890625,120.77591,59.972836
fp_base_main,73,44,104362.83407407776,578181.625,4207353.0,3375.891357421875,578050.0,578350.0,4207175.0,4207475.0,3282.25732421875,3517.625,133.67331,61.5097
fp_base_main,73,45,106534.92494719871,578181.9375,4207619.5,3271.992431640625,578050.0,578350.0,4207475.0,4207775.0,3139.92919921875,3377.90478515625,132.03107,59.08797
fp_base_main,73,46,108967.78340341648,578176.625,4207908.5,3147.65673828125,578050.0,578350.0,4207775.0,4208075.0,3024.664306640625,3305.365234375,132.49713,56.07504
fp_base_main,73,47,100029.69786465277,578176.1875,4208249.5,3009.6923828125,578050.0,578350.0,4208075.0,4208375.0,2930.762939453125,3143.45947265625,139.9422,65.33824
fp_base_main,73,48,101299.21379264264,578204.375,4208500.0,2920.52734375,578050.0,578350.0,4208375.0,4208675.0,2797.60302734375,3007.1943359375,145.57455,63.000404
fp_base_main,73,49,101252.86535607587,578227.25,4208855.5,2778.199951171875,578050.0,578350.0,4208675.0,4208975.0,2684.6376953125,2891.269775390625,145.33087,62.992897
fp_base_main,73,50,100892.01414260599,578184.875,4209124.0,2652.758056640625,578050.0,578350.0,4208975.0,4209275.0,2550.9150390625,2762.698486328125,145.53387,62.91097
fp_base_main,73,51,101341.98224861256,578236.9375,4209470.0,2535.134521484375,578050.0,578350.0,4209275.0,4209575.0,2422.51171875,2643.10888671875,139.32358,62.5215
fp_base_main,73,52,104933.06212308207,578189.125,4209708.0,2420.146728515625,578050.0,578350.0,4209575.0,4209875.0,2317.003662109375,2533.434814453125,133.80304,61.432213
fp_base_main,73,53,100113.59048373243,578187.375,4210068.0,2288.760986328125,578050.0,578350.0,4209875.0,4210175.0,2221.298095703125,2428.01220703125,142.67703,66.07367
fp_base_main,73,54,98834.0995926411,578198.1875,4210318.5,2197.318603515625,578050.0,578350.0,4210175.0,4210475.0,2086.55810546875,2293.170166015625,145.4609,64.17829
fp_base_main,73,55,112424.93714177895,578190.5,4210646.5,2049.539794921875,578050.0,578350.0,4210475.0,4210775.0,1947.5045166015625,2186.283935546875,144.06555,56.745094
fp_base_main,73,56,95247.3841868986,578266.0,4210856.5,1984.6864013671875,578050.0,578350.0,4210775.0,4211075.0,1909.6632080078125,2044.8048095703125,140.41922,69.25739
fp_base_main,73,57,90898.28385830735,578220.5,4211247.0,1899.017822265625,578050.0,578350.0,4211075.0,4211375.0,1871.8218994140625,1928.98779296875,152.96005,81.93831
fp_base_main,73,58,91683.1963027801,578200.3125,4211552.5,1858.6605224609375,578050.0,578350.0,4211375.0,4211675.0,1822.756103515625,1891.13525390625,152.4899,81.26041
fp_base_main,73,59,94623.1367612211,578222.5625,4211846.5,1793.960693359375,578050.0,578350.0,4211675.0,4211975.0,1759.060791015625,1851.490966796875,165.70862,76.671745
fp_base_main,73,60,10377.637837432361,578223.0625,4211993.0,1780.2581787109375,578050.0,578350.0,4211975.0,4212024.5,1771.723876953125,1792.002197265625,177.51245,68.042145
fp_base_main,74,41,9590.155917506609,578381.0,4206553.0,3522.662353515625,578350.0,578469.75,4206424.5,4206575.0,3503.5419921875,3549.38037109375,89.0744,72.30053
fp_base_main,74,42,85460.47278265945,578491.375,4206769.0,3504.1591796875,578350.0,578650.0,4206575.0,4206875.0,3442.14306640625,3594.22607421875,108.77319,58.865585
fp_base_main,74,43,106217.90216375717,578535.5625,4207005.5,3511.14404296875,578350.0,578650.0,4206875.0,4207175.0,3430.87841796875,3586.46044921875,118.58258,71.52927
fp_base_main,74,44,99580.87291997534,578551.375,4207304.0,3489.086181640625,578350.0,578650.0,4207175.0,4207475.0,3377.90478515625,3547.299560546875,156.83606,67.309975
fp_base_main,74,45,94729.3074690105,578483.75,4207629.5,3373.484130859375,578350.0,578650.0,4207475.0,4207775.0,3305.365234375,3449.114013671875,141.59738,73.0289
fp_base_main,74,46,102573.74076438455,578452.625,4207945.0,3244.774658203125,578350.0,578650.0,4207775.0,4208075.0,3143.45947265625,3350.966552734375,155.78082,60.53296
fp_base_main,74,47,103593.32883890125,578514.625,4208215.5,3127.955078125,578350.0,578650.0,4208075.0,4208375.0,3007.1943359375,3226.27490234375,144.72882,61.74782
fp_base_main,74,48,100710.14527526282,578500.625,4208537.0,2989.718505859375,578350.0,578650.0,4208375.0,4208675.0,2891.306640625,3104.2900390625,144.15479,63.155327
fp_base_main,74,49,100885.70479175847,578489.5,4208810.5,2871.591552734375,578350.0,578650.0,4208675.0,4208975.0,2762.698486328125,2971.4990234375,148.26624,63.214996
fp_base_main,74,50,99456.32851754535,578476.875,4209147.5,2733.299072265625,578350.0,578650.0,4208975.0,4209275.0,2643.10888671875,2842.77587890625,139.73944,64.54983
fp_base_main,74,51,101153.42200621673,578494.5,4209441.0,2641.0029296875,578350.0,578650.0,4209275.0,4209575.0,2533.434814453125,2750.762451171875,130.6463,62.629913
fp_base_main,74,52,102447.64414109656,578512.8125,4209764.5,2537.168212890625,578350.0,578650.0,4209575.0,4209875.0,2428.01220703125,2657.17138671875,130.7248,61.915806
fp_base_main,74,53,105646.39255051114,578515.5625,4210052.0,2421.000732421875,578350.0,578650.0,4209875.0,4210175.0,2293.170166015625,2552.38720703125,137.28479,58.7534
fp_base_main,74,54,104358.69014537026,578515.1875,4210304.5,2309.986572265625,578350.0,578650.0,4210175.0,4210475.0,2186.203125,2420.466552734375,137.37189,59.670933
fp_base_main,74,55,102757.98551749684,578519.5625,4210603.5,2182.01025390625,578350.0,578650.0,4210475.0,4210775.0,2044.921630859375,2286.23876953125,143.26013,60.28742
fp_base_main,74,56,109854.35243682179,578515.875,4210932.0,2024.615966796875,578350.0,578650.0,4210775.0,4211075.0,1928.9365234375,2151.08984375,144.56503,58.264618
fp_base_main,74,57,92955.92915618482,578564.625,4211160.5,1951.5443115234375,578350.0,578650.0,4211075.0,4211375.0,1891.11376953125,2003.20947265625,142.88028,75.20671
fp_base_main,74,58,90958.08607870905,578490.1875,4211560.0,1877.9375,578350.0,578650.0,4211375.0,4211675.0,1851.49951171875,1910.4228515625,151.4928,82.23741
fp_base_main,74,59,95084.71665600923,578496.5625,4211861.0,1808.9122314453125,578350.0,578650.0,4211675.0,4211975.0,1768.9222412109375,1874.8389892578125,166.49075,73.60272
fp_base_main,74,60,21739.52019343943,578515.8125,4212007.0,1783.45556640625,578350.0,578650.0,4211975.0,4212061.0,1771.4866943359375,1800.772216796875,1.4372559,74.61328
fp_base_main,75,42,2182.650640702925,578669.5,4206850.5,3444.049072265625,578650.0,578708.5,4206801.5,4206875.0,3436.79736328125,3453.14990234375,31.798218,80.058174
fp_base_main,75,43,62016.092476275124,578778.625,4207098.5,3413.787353515625,578650.0,578947.1875,4206875.0,4207175.0,3370.052734375,3540.86376953125,107.4628,64.9057
fp_base_main,75,44,114205.61652603332,578827.625,4207314.0,3421.161376953125,578650.0,578950.0,4207175.0,4207475.0,3338.240234375,3544.75439453125,99.592896,62.400528
fp_base_main,75,45,99434.05396079966,578845.375,4207598.0,3416.8642578125,578650.0,578950.0,4207475.0,4207775.0,3350.966552734375,3480.418701171875,179.42181,76.0829
fp_base_main,75,46,97771.05825536721,578822.3125,4207954.0,3291.043212890625,578650.0,578950.0,4207775.0,4208075.0,3226.27490234375,3376.25927734375,168.95248,66.87945
fp_base_main,75,47,96474.44024036427,578795.375,4208201.0,3195.083984375,578650.0,578950.0,4208075.0,4208375.0,3104.2900390625,3253.543701171875,162.39752,69.54846
fp_base_main,75,48,100344.30923429407,578819.9375,4208501.5,3074.573974609375,578650.0,578950.0,4208375.0,4208675.0,2971.4990234375,3148.335205078125,163.42291,63.52174
fp_base_main,75,49,97136.62605823757,578819.4375,4208816.5,2939.024658203125,578650.0,578950.0,4208675.0,4208975.0,2842.77587890625,3004.035400390625,155.28271,68.70339
fp_base_main,75,50,97349.25862745744,578815.75,4209093.0,2844.048583984375,578650.0,578950.0,4208975.0,4209275.0,2750.762451171875,2907.14599609375,146.89246,68.877594
fp_base_main,75,51,95740.70736464208,578803.125,4209419.5,2733.528564453125,578650.0,578950.0,4209275.0,4209575.0,2657.17138671875,2802.165771484375,155.64346,70.42504
fp_base_main,75,52,96779.28867768796,578822.375,4209739.5,2625.688232421875,578650.0,578950.0,4209575.0,4209875.0,2552.38720703125,2704.099365234375,160.29187,68.2889
fp_base_main,75,53,97966.24880502642,578832.375,4210065.0,2508.10888671875,578650.0,578950.0,4209875.0,4210175.0,2420.466552734375,2591.32666015625,151.57245,67.02615
fp_base_main,75,54,100645.7068719231,578822.8125,4210330.5,2406.716552734375,578650.0,578950.0,4210175.0,4210475.0,2286.23876953125,2498.150634765625,143.2667,64.153534
fp_base_main,75,55,104513.0852592045,578806.5625,4210624.0,2274.549072265625,578650.0,578950.0,4210475.0,4210775.0,2151.090087890625,2390.332763671875,141.08313,59.691986
fp_base_main,75,56,107294.26775722412,578804.4375,4210931.0,2129.783935546875,578650.0,578950.0,4210775.0,4211075.0,2003.1842041015625,2260.705810546875,141.93646,57.65691
fp_base_main,75,57,105596.65364373739,578834.4375,4211230.0,1990.26220703125,578650.0,578950.0,4211075.0,4211375.0,1910.4228515625,2116.800048828125,145.94025,60.60815
fp_base_main,75,58,91493.8304982766,578859.1875,4211467.5,1923.3458251953125,578650.0,578950.0,4211375.0,4211675.0,1874.8389892578125,1961.4747314453125,147.72989,79.06351
fp_base_main,75,59,94785.22762111397,578812.375,4211827.5,1841.3603515625,578650.0,578950.0,4211675.0,4211975.0,1786.004150390625,1891.8975830078125,165.58994,72.90704
fp_base_main,75,60,33092.48108052372,578818.0,4212031.0,1795.3858642578125,578650.0,578950.0,4211975.0,4212097.0,1778.78369140625,1809.542236328125,26.690765,85.68062
fp_base_main,76,44,36314.380671474864,579003.3125,4207438.0,3340.1328125,578950.0,579185.9375,4207178.5,4207475.0,3303.30859375,3371.2822265625,80.42944,75.64271
fp_base_main,76,45,104116.64560562606,579090.6875,4207668.5,3330.496826171875,578950.0,579250.0,4207475.0,4207775.0,3252.635009765625,3428.192138671875,102.43713,62.305527
fp_base_main,76,46,100965.9048981296,579137.1875,4207881.5,3301.052490234375,578950.0,579250.0,4207775.0,4208075.0,3245.601806640625,3381.008544921875,49.591156,71.55361
fp_base_main,76,47,96791.4791795736,579112.9375,4208248.5,3190.104736328125,578950.0,579250.0,4208075.0,4208375.0,3137.062744140625,3264.20849609375,4.6660767,68.728584
fp_base_main,76,48,97002.55151024323,579110.75,4208522.0,3085.6484375,578950.0,579250.0,4208375.0,4208675.0,3004.035400390625,3146.302978515625,173.01031,68.47399
fp_base_main,76,49,96155.18271488536,579099.125,4208825.0,2971.447021484375,578950.0,579250.0,4208675.0,4208975.0,2907.14599609375,3046.0859375,160.38947,69.378746
fp_base_main,76,50,95249.1362826085,579123.75,4209109.5,2875.42333984375,578950.0,579250.0,4208975.0,4209275.0,2802.165771484375,2931.448486328125,167.64221,70.81004
fp_base_main,76,51,95557.78238943858,579110.8125,4209422.5,2767.297607421875,578950.0,579250.0,4209275.0,4209575.0,2704.099365234375,2826.704345703125,168.42938,70.49536
fp_base_main,76,52,95721.12287747263,579116.25,4209749.5,2653.56103515625,578950.0,579250.0,4209575.0,4209875.0,2591.2314453125,2720.161865234375,168.07175,70.34899
fp_base_main,76,53,94562.4446840304,579112.8125,4210045.0,2566.09130859375,578950.0,579250.0,4209875.0,4210175.0,2498.150634765625,2621.11376953125,151.40704,74.039024
fp_base_main,76,54,97293.52674501832,579114.5,4210344.0,2472.496337890625,578950.0,579250.0,4210175.0,4210475.0,2390.332763671875,2546.53271484375,154.41113,68.86387
fp_base_main,76,55,99195.74201049948,579112.4375,4210601.0,2378.511474609375,578950.0,579250.0,4210475.0,4210775.0,2260.705810546875,2444.12158203125,153.169,65.38482
fp_base_main,76,56,103497.10887184968,579126.25,4210940.0,2236.013671875,578950.0,579250.0,4210775.0,4211075.0,2116.800048828125,2329.30615234375,150.84976,61.709812
fp_base_main,76,57,107808.43556928281,579108.75,4211257.0,2060.81982421875,578950.0,579250.0,4211075.0,4211375.0,1961.470458984375,2203.130859375,153.11346,57.454845
fp_base_main,76,58,98404.12495702089,579127.3125,4211496.0,1955.9107666015625,578950.0,579250.0,4211375.0,4211675.0,1891.8887939453125,2033.8834228515625,149.62872,68.694244
fp_base_main,76,59,94367.3622639698,579145.875,4211812.5,1870.585693359375,578950.0,579250.0,4211675.0,4211975.0,1809.033447265625,1915.2579345703125,165.20038,73.68439
fp_base_main,76,60,44617.51058955434,579129.4375,4212058.0,1809.2149658203125,578950.0,579250.0,4211975.0,4212133.5,1788.6451416015625,1832.097900390625,148.87039,84.41485
fp_base_main,77,45,19464.47433383379,579308.25,4207701.5,3258.1943359375,579250.0,579424.6875,4207555.5,4207775.0,3236.56396484375,3285.398681640625,31.613403,80.05423
fp_base_main,77,46,86592.04515840809,579354.1875,4207993.0,3238.0810546875,579250.0,579550.0,4207775.0,4208075.0,3180.229736328125,3292.573486328125,85.332855,73.85683
fp_base_main,77,47,97553.57210423231,579405.125,4208183.5,3189.763671875,579250.0,579550.0,4208075.0,4208375.0,3131.241455078125,3253.063720703125,22.399963,72.31468
fp_base_main,77,48,93225.37996883749,579402.125,4208523.5,3094.135986328125,579250.0,579550.0,4208375.0,4208675.0,3046.0859375,3137.062744140625,179.80878,75.70538
fp_base_main,77,49,97044.68354963113,579388.9375,4208811.0,3003.35205078125,579250.0,579550.0,4208675.0,4208975.0,2931.448486328125,3061.31982421875,176.58923,68.02613
fp_base_main,77,50,95790.26168952778,579395.0625,4209123.5,2884.502685546875,579250.0,579550.0,4208975.0,4209275.0,2826.704345703125,2941.684326171875,173.61621,70.79342
fp_base_main,77,51,95707.1590657371,579410.0625,4209459.5,2766.229248046875,579250.0,579550.0,4209275.0,4209575.0,2720.161865234375,2841.33544921875,172.38986,69.92322
fp_base_main,77,52,94931.58544053699,579385.125,4209714.5,2677.422607421875,579250.0,579550.0,4209575.0,4209875.0,2618.920654296875,2733.19091796875,171.53348,71.79857
fp_base_main,77,53,94464.05349040787,579387.25,4210025.0,2579.943115234375,579250.0,579550.0,4209875.0,4210175.0,2525.961181640625,2634.203857421875,176.39764,73.18539
fp_base_main,77,54,94656.59602819492,579382.75,4210315.5,2489.73779296875,579250.0,579550.0,4210175.0,4210475.0,2428.914794921875,2537.41259765625,176.14978,72.60125
fp_base_main,77,55,95610.25894745717,579406.8125,4210646.5,2383.46533203125,579250.0,579550.0,4210475.0,4210775.0,2329.30615234375,2452.94482421875,166.65317,70.27586
fp_base_main,77,56,98311.28524145324,579385.6875,4210920.5,2280.6552734375,579250.0,579550.0,4210775.0,4211075.0,2203.130859375,2358.22998046875,161.30478,68.13142
fp_base_main,77,57,101467.01332782937,579396.125,4211231.5,2146.147705078125,579250.0,579550.0,4211075.0,4211375.0,2033.8834228515625,2248.79638671875,154.09293,62.12541
fp_base_main,77,58,101282.58466875246,579374.625,4211562.0,1999.0125732421875,579250.0,579550.0,4211375.0,4211675.0,1915.2579345703125,2127.177001953125,142.42865,63.103607
fp_base_main,77,59,99258.74914290025,579361.8125,4211832.5,1891.051513671875,579250.0,579550.0,4211675.0,4211975.0,1832.112548828125,2008.0113525390625,153.12152,67.24535
fp_base_main,77,60,56130.18682315276,579440.8125,4212049.0,1830.376953125,579250.0,579550.0,4211975.0,4212170.0,1798.5064697265625,1854.8013916015625,161.61237,79.307846
fp_base_main,78,46,8201.20038572158,579587.8125,4208027.5,3183.868896484375,579550.0,579663.375,4207932.5,4208075.0,3169.8193359375,3201.52294921875,31.696701,80.054985
fp_base_main,78,47,69692.39419766047,579648.375,4208288.5,3140.540771484375,579550.0,579850.0,4208075.0,4208375.0,3107.876220703125,3180.26416015625,33.99591,79.803474
fp_base_main,78,48,94647.7436707157,579702.5,4208517.5,3092.284912109375,579550.0,579850.0,4208375.0,4208675.0,3040.497314453125,3131.241455078125,3.4403687,76.896675
fp_base_main,78,49,95657.21764376713,579731.4375,4208846.0,2988.8798828125,579550.0,579850.0,4208675.0,4208975.0,2936.594970703125,3054.1455078125,0.66122437,70.196594
fp_base_main,78,50,94206.86002800555,579682.5,4209111.0,2900.527587890625,579550.0,579850.0,4208975.0,4209275.0,2841.33544921875,2949.239990234375,171.01837,72.85468
fp_base_main,78,51,95642.08333194342,579706.1875,4209394.5,2808.763427734375,579550.0,579850.0,4209275.0,4209575.0,2733.19091796875,2858.467041015625,169.59735,70.33082
fp_base_main,78,52,95100.94406329049,579680.75,4209735.5,2690.903564453125,579550.0,579850.0,4209575.0,4209875.0,2634.203857421875,2757.802001953125,166.17072,71.16275
fp_base_main,78,53,94930.44109099037,579723.75,4210072.5,2583.318359375,579550.0,579850.0,4209875.0,4210175.0,2537.41259765625,2658.321533203125,167.06274,71.432785
fp_base_main,78,54,93780.84715559588,579753.3125,4210306.5,2514.18603515625,579550.0,579850.0,4210175.0,4210475.0,2452.94482421875,2558.8408203125,166.55164,73.79615
fp_base_main,78,55,94340.02552592063,579674.8125,4210631.5,2414.2265625,579550.0,579850.0,4210475.0,4210775.0,2358.22998046875,2468.656982421875,170.71088,72.78316
fp_base_main,78,56,96153.64472397383,579689.1875,4210950.5,2306.862548828125,579550.0,579850.0,4210775.0,4211075.0,2248.79638671875,2376.05322265625,171.40106,69.69739
fp_base_main,78,57,97898.38097730352,579682.5,4211223.5,2199.614990234375,579550.0,579850.0,4211075.0,4211375.0,2127.177001953125,2267.62548828125,176.22778,67.55173
fp_base_main,78,58,97073.25745525706,579690.6875,4211535.5,2078.89208984375,579550.0,579850.0,4211375.0,4211675.0,2008.0113525390625,2151.129638671875,174.11176,70.441246
fp_base_main,78,59,102292.86359475748,579667.625,4211807.5,1963.6898193359375,579550.0,579850.0,4211675.0,4211975.0,1854.8013916015625,2046.872802734375,162.73383,61.580143
fp_base_main,78,60,70265.93564098218,579692.4375,4212078.5,1843.2017822265625,579550.0,579850.0,4211975.0,4212206.5,1808.367919921875,1910.1041259765625,162.16006,72.73999
fp_base_main,79,47,1733.1351335459353,579867.375,4208353.0,3109.53125,579850.0,579902.125,4208309.5,4208375.0,3103.07470703125,3117.647216796875,31.66809,80.0553
fp_base_main,79,48,52592.63385539365,579929.9375,4208626.5,3065.58251953125,579850.0,580140.875,4208375.0,4208675.0,3036.330078125,3107.87255859375,37.651657,80.22122
fp_base_main,79,49,98520.16245306053,579998.0,4208832.5,3015.702880859375,579850.0,580150.0,4208675.0,4208975.0,2949.239990234375,3070.376953125,161.24805,74.50633
fp_base_main,79,50,95676.88296992882,580034.9375,4209106.5,2942.950439453125,579850.0,580150.0,4208975.0,4209275.0,2858.467041015625,3012.840087890625,145.64496,70.175285
fp_base_main,79,51,97427.5061376395,579969.75,4209413.5,2828.0009765625,579850.0,580150.0,4209275.0,4209575.0,2757.796630859375,2916.337646484375,157.90564,68.60227
fp_base_main,79,52,95112.25172755553,579992.25,4209755.5,2716.055908203125,579850.0,580150.0,4209575.0,4209875.0,2658.318603515625,2787.68896484375,158.62274,71.20819
fp_base_main,79,53,95807.76773532893,580020.375,4210063.5,2621.392822265625,579850.0,580150.0,4209875.0,4210175.0,2558.840576171875,2698.239990234375,154.44604,70.257256
fp_base_main,79,54,97039.88193071829,579955.0625,4210294.5,2529.4794921875,579850.0,580150.0,4210175.0,4210475.0,2464.512939453125,2603.88134765625,168.49316,69.128365
fp_base_main,79,55,94114.96267539583,579986.125,4210664.5,2409.734619140625,579850.0,580150.0,4210475.0,4210775.0,2373.03369140625,2468.13427734375,179.64157,73.23573
fp_base_main,79,56,95440.64283909652,579998.375,4210925.5,2336.191162109375,579850.0,580150.0,4210775.0,4211075.0,2261.153076171875,2382.189208984375,159.24872,71.73617
fp_base_main,79,57,99313.16519445932,580013.6875,4211243.5,2219.228271484375,579850.0,580150.0,4211075.0,4211375.0,2134.48046875,2313.330322265625,154.66473,65.58253
fp_base_main,79,58,96604.95974340502,580014.4375,4211526.0,2112.024169921875,579850.0,580150.0,4211375.0,4211675.0,2046.872802734375,2195.12158203125,154.36072,69.183
fp_base_main,79,59,99636.70715277117,580058.0,4211783.5,2022.5501708984375,579850.0,580150.0,4211675.0,4211975.0,1910.1041259765625,2080.414794921875,164.95822,65.46292
fp_base_main,79,60,82942.86963510732,579987.375,4212114.0,1869.8775634765625,579850.0,580150.0,4211975.0,4212241.5,1818.2293701171875,1955.7779541015625,157.94711,66.46509
fp_base_main,80,49,33978.76194860796,580205.8125,4208935.0,2996.46923828125,580150.0,580380.0,4208686.0,4208975.0,2969.474365234375,3033.771728515625,53.532166,79.51061
fp_base_main,80,50,93576.79270058127,580279.0,4209158.0,2952.73486328125,580150.0,580450.0,4208975.0,4209275.0,2916.337646484375,3012.744140625,179.65387,78.56313
fp_base_main,80,51,97364.30040977462,580304.375,4209412.5,2887.711669921875,580150.0,580450.0,4209275.0,4209575.0,2787.68896484375,2955.302978515625,152.6206,67.83208
fp_base_main,80,52,98916.95147000738,580347.8125,4209714.0,2777.56689453125,580150.0,580450.0,4209575.0,4209875.0,2698.239990234375,2863.3486328125,156.51782,64.24401
fp_base_main,80,53,95860.95405946512,580294.5,4210059.0,2643.769287109375,580150.0,580450.0,4209875.0,4210175.0,2595.03759765625,2716.361328125,0.74824524,69.952286
fp_base_main,80,54,98533.5898709656,580307.0625,4210322.0,2536.72998046875,580150.0,580450.0,4210175.0,4210475.0,2463.196533203125,2604.279541015625,178.07733,66.28862
fp_base_main,80,55,95506.18176513448,580334.6875,4210618.0,2424.144775390625,580150.0,580450.0,4210475.0,4210775.0,2354.39990234375,2478.3486328125,3.9823456,71.80434
fp_base_main,80,56,98455.84352322642,580323.375,4210944.5,2313.700927734375,580150.0,580450.0,4210775.0,4211075.0,2241.158935546875,2393.132568359375,28.522064,67.093994
fp_base_main,80,57,97455.80044664913,580353.625,4211244.5,2203.29443359375,580150.0,580450.0,4211075.0,4211375.0,2157.17236328125,2309.809326171875,25.180939,71.11334
fp_base_main,80,58,95885.5711789808,580266.1875,4211548.5,2110.539794921875,580150.0,580450.0,4211375.0,4211675.0,2050.588623046875,2191.641845703125,14.458313,70.71937
fp_base_main,80,59,101298.92508284864,580278.875,4211797.5,2009.26904296875,580150.0,580450.0,4211675.0,4211975.0,1899.721923828125,2077.79833984375,10.2478485,63.452866
fp_base_main,80,60,96021.57443482552,580344.6875,4212114.0,1866.263427734375,580150.0,580450.0,4211975.0,4212245.0,1799.97998046875,1952.931396484375,19.018219,70.70085
fp_base_main,81,50,18372.29334570591,580489.0625,4209245.5,2925.565673828125,580450.0,580618.6875,4209063.0,4209275.0,2902.729736328125,2949.89599609375,66.06941,78.44899
fp_base_main,81,51,85334.91132265469,580590.3125,4209444.5,2894.600830078125,580450.0,580750.0,4209275.0,4209575.0,2852.815673828125,2946.48046875,35.281754,80.99413
fp_base_main,81,52,100690.05355914793,580624.25,4209691.5,2818.59765625,580450.0,580750.0,4209575.0,4209875.0,2716.361328125,2888.478759765625,171.69507,64.68748
fp_base_main,81,53,97121.16569880825,580618.4375,4210035.0,2672.7431640625,580450.0,580750.0,4209875.0,4210175.0,2600.808349609375,2749.5810546875,164.70477,67.91133
fp_base_main,81,54,97168.42774030322,580620.875,4210334.0,2557.015625,580450.0,580750.0,4210175.0,4210475.0,2478.3486328125,2630.085205078125,161.9256,68.1018
fp_base_main,81,55,97584.29325981587,580611.1875,4210625.0,2442.415771484375,580450.0,580750.0,4210475.0,4210775.0,2363.71337890625,2524.243896484375,160.8274,67.180565
fp_base_main,81,56,98533.04717529105,580605.125,4210953.0,2306.13232421875,580450.0,580750.0,4210775.0,4211075.0,2245.4990234375,2396.7900390625,170.79291,66.17673
fp_base_main,81,57,95835.85300625494,580602.625,4211204.5,2208.814697265625,580450.0,580750.0,4211075.0,4211375.0,2139.73193359375,2267.97119140625,174.53235,71.59093
fp_base_main,81,58,96190.64237012673,580632.0,4211555.5,2087.127685546875,580450.0,580750.0,4211375.0,4211675.0,2033.0819091796875,2158.550048828125,179.16647,70.35335
fp_base_main,81,59,97790.13549635359,580619.25,4211839.0,1980.8734130859375,580450.0,580750.0,4211675.0,4211975.0,1904.043212890625,2051.353759765625,172.38623,67.89667
fp_base_main,81,60,95400.61065690556,580612.5625,4212126.5,1874.0526123046875,580450.0,580750.0,4211975.0,4212248.0,1807.138916015625,1941.5428466796875,162.50723,70.84453
fp_base_main,82,51,7545.901717147224,580774.4375,4209556.0,2854.53515625,580750.0,580857.4375,4209440.0,4209575.0,2835.985107421875,2866.020263671875,86.96735,74.23637
fp_base_main,82,52,72935.33561563426,580872.6875,4209726.5,2810.83544921875,580750.0,581050.0,4209575.0,4209875.0,2749.562255859375,2871.67333984375,174.03632,72.06029
fp_base_main,82,53,97001.11531337348,580908.6875,4210070.5,2687.5556640625,580750.0,581050.0,4209875.0,4210175.0,2630.085205078125,2773.06103515625,165.02435,68.4426
fp_base_main,82,54,96805.7203317278,580888.8125,4210318.0,2603.94287109375,580750.0,581050.0,4210175.0,4210475.0,2524.243896484375,2674.16162109375,143.96509,70.05931
fp_base_main,82,55,101883.51884456698,580894.5625,4210642.5,2474.783447265625,580750.0,581050.0,4210475.0,4210775.0,2396.7900390625,2614.773193359375,162.59839,63.319088
fp_base_main,82,56,97831.15775717764,580895.125,4210916.5,2357.385498046875,580750.0,581050.0,4210775.0,4211075.0,2267.97119140625,2431.940185546875,156.83334,67.08601
fp_base_main,82,57,97679.38636300674,580888.0625,4211203.5,2245.67333984375,580750.0,581050.0,4211075.0,4211375.0,2158.550048828125,2326.21533203125,154.67752,67.14502
fp_base_main,82,58,96672.82733990814,580913.75,4211588.5,2105.677734375,580750.0,581050.0,4211375.0,4211675.0,2051.353759765625,2203.28564453125,158.98682,68.65285
fp_base_main,82,59,97250.03444531134,580899.25,4211822.5,2014.76025390625,580750.0,581050.0,4211675.0,4211975.0,1941.5428466796875,2090.907470703125,166.39966,67.93798
fp_base_main,82,60,89911.22981031798,580886.25,4212103.0,1908.0880126953125,580750.0,581050.0,4211975.0,4212249.5,1841.50146484375,1961.787353515625,170.59607,70.103165
fp_base_main,83,52,1444.528487306071,581065.9375,4209857.5,2775.99658203125,581050.0,581096.125,4209817.0,4209875.0,2769.24560546875,2783.293701171875,45.569366,79.868546
fp_base_main,83,53,42658.90887111924,581094.6875,4210007.0,2737.60009765625,581050.0,581250.0,4209875.0,4210175.0,2674.16162109375,2774.977783203125,126.443085,65.0137
fp_base_main,83,54,86764.4987730894,581174.75,4210352.5,2691.099853515625,581050.0,581350.0,4210175.0,4210475.0,2614.773193359375,2756.249267578125,115.14496,65.49174
fp_base_main,83,55,119238.12553848929,581195.6875,4210624.5,2576.919189453125,581050.0,581350.0,4210475.0,4210775.0,2431.940185546875,2739.70703125,137.69193,52.08311
fp_base_main,83,56,109236.10570383916,581179.3125,4210965.0,2420.3271484375,581050.0,581350.0,4210775.0,4211075.0,2326.21533203125,2604.127685546875,122.014984,55.00034
fp_base_main,83,57,108055.45253880927,581194.8125,4211233.5,2313.742431640625,581050.0,581350.0,4211075.0,4211375.0,2203.28564453125,2485.377197265625,133.21301,56.979713
fp_base_main,83,58,105052.10595011734,581188.4375,4211537.0,2188.22021484375,581050.0,581350.0,4211375.0,4211675.0,2086.98974609375,2322.305419921875,134.00592,60.6517
fp_base_main,83,59,107437.33422057019,581202.4375,4211843.0,2066.140625,581050.0,581350.0,4211675.0,4211975.0,1953.42578125,2203.076904296875,131.63147,57.727116
fp_base_main,83,60,96516.52576281462,581193.1875,4212087.5,1966.83447265625,581050.0,581350.0,4211975.0,4212238.5,1861.3875732421875,2091.152587890625,128.84561,60.10452
fp_base_main,84,54,1576.2632802273201,581362.0625,4210448.5,2749.733154296875,581350.0,581386.125,4210395.5,4210475.0,2739.70703125,2754.976318359375,115.10385,65.64331
fp_base_main,84,55,15004.020757592105,581365.9375,4210592.0,2694.590087890625,581350.0,581387.5,4210475.0,4210775.0,2604.127685546875,2754.516357421875,124.008606,52.706207
fp_base_main,84,56,14894.582502704752,581368.4375,4210967.0,2540.99755859375,581350.0,581387.5,4210775.0,4211075.0,2485.377197265625,2633.38916015625,119.27664,50.49325
fp_base_main,84,57,14728.385708252088,581370.3125,4211262.0,2393.623779296875,581350.0,581387.5,4211075.0,4211375.0,2322.305419921875,2510.34326171875,132.52628,50.206177
fp_base_main,84,58,13310.262958001287,581371.0,4211560.0,2259.808349609375,581350.0,581387.5,4211375.0,4211675.0,2203.076904296875,2340.805419921875,128.10818,57.42135
fp_base_main,84,59,13885.458011203282,581370.9375,4211841.5,2153.208740234375,581350.0,581387.5,4211675.0,4211975.0,2091.152587890625,2222.692626953125,120.89627,54.836475
fp_base_main,84,60,11519.887053006605,581366.625,4212067.5,2058.600830078125,581350.0,581387.5,4211975.0,4212218.0,1977.2021484375,2114.73974609375,130.17108,53.916344
fp_che251,67,13,9335.099422030144,576483.875,4198157.0,2791.576904296875,576387.5,576550.0,4198097.5,4198175.0,2742.2490234375,2814.891845703125,148.5683,53.202835
fp_che251,67,14,60887.17499630148,576480.375,4198344.0,2671.474853515625,576387.5,576550.0,4198175.0,4198475.0,2550.732666015625,2805.64501953125,147.37152,53.13793
fp_che251,67,15,28267.01636698373,576458.0625,4198521.5,2551.723388671875,576387.5,576550.0,4198475.0,4198661.5,2492.0009765625,2619.85888671875,144.10928,53.231945
fp_che251,68,13,337.7759999322795,576562.4375,4198170.5,2813.5830078125,576550.0,576587.3125,4198160.5,4198175.0,2805.64501953125,2820.212158203125,148.4834,53.262985
fp_che251,68,14,91840.1515004763,576698.0625,4198366.0,2743.10205078125,576550.0,576850.0,4198175.0,4198475.0,2619.85888671875,2827.366943359375,148.76642,55.303394
fp_che251,68,15,96078.48102498606,576713.9375,4198596.0,2612.04541015625,576550.0,576850.0,4198475.0,4198775.0,2507.79736328125,2736.25146484375,147.99268,54.367786
fp_che251,68,16,1828.2946011817464,576823.4375,4198787.5,2535.988525390625,576770.3125,576850.0,4198775.0,4198812.5,2524.90966796875,2552.982421875,150.02933,54.808643
fp_che251,69,14,39943.44739430051,576988.875,4198429.0,2796.510498046875,576850.0,577150.0,4198287.5,4198475.0,2736.25146484375,2823.579833984375,155.85559,62.361988
fp_che251,69,15,110188.5089852938,577014.4375,4198627.0,2694.3310546875,576850.0,577150.0,4198475.0,4198775.0,2552.982421875,2813.08154296875,154.87292,55.31244
fp_che251,69,16,35275.64800037044,577030.625,4198832.0,2564.568115234375,576850.0,577150.0,4198775.0,4198923.5,2530.07373046875,2635.27197265625,159.28961,53.25447
fp_che251,70,14,3667.1222321501477,577190.9375,4198462.5,2815.5859375,577150.0,577279.375,4198418.5,4198475.0,2813.08154296875,2818.233154296875,166.98593,85.189606
fp_che251,70,15,98911.06102627421,577317.125,4198620.0,2759.251708984375,577150.0,577450.0,4198475.0,4198775.0,2635.27197265625,2815.92724609375,164.73541,57.58066
fp_che251,70,16,75690.36598379313,577330.1875,4198889.5,2580.207275390625,577150.0,577450.0,4198775.0,4199030.5,2517.923095703125,2673.85986328125,169.03711,55.334644
fp_che251,71,15,60712.63554569913,577582.5,4198691.0,2756.85888671875,577450.0,577750.0,4198549.5,4198775.0,2673.85986328125,2812.886474609375,162.87793,52.166973
fp_che251,71,16,106045.74056699066,577597.3125,4198949.5,2584.970703125,577450.0,577750.0,4198775.0,4199075.0,2520.21826171875,2732.27294921875,166.54944,58.493847
fp_che251,71,17,5723.2868213402035,577668.5,4199093.0,2536.25146484375,577576.1875,577750.0,4199075.0,4199137.0,2528.0,2541.447021484375,163.26617,77.8195
fp_che251,72,15,13425.815918702305,577867.0625,4198760.5,2788.900390625,577750.0,577942.5625,4198684.5,4198775.0,2732.27294921875,2816.464111328125,155.45093,43.357815
fp_che251,72,16,117794.40721771735,577900.4375,4198889.0,2702.29541015625,577750.0,578050.0,4198775.0,4199075.0,2532.146484375,2818.9013671875,152.7763,48.685055
fp_che251,72,17,38265.80516043557,577909.4375,4199146.5,2547.644287109375,577750.0,578050.0,4199075.0,4199244.0,2531.235107421875,2627.483154296875,149.80914,70.39008
fp_che251,73,16,27412.25834573516,578079.6875,4198955.0,2732.132080078125,578050.0,578137.5,4198825.5,4199075.0,2627.483154296875,2820.885986328125,143.99976,47.928932
fp_che251,73,17,21126.06257131508,578076.0,4199178.5,2584.376953125,578050.0,578137.5,4199075.0,4199275.0,2542.251953125,2680.31005859375,142.63214,53.49343
fp_che441_bei,56,19,22437.07332255625,573218.9375,4199889.5,2916.7734375,573137.5,573250.0,4199686.5,4199975.0,2889.58056640625,2963.80810546875,20.73993,74.02878
fp_che441_bei,56,20,36096.328206455575,573194.8125,4200136.0,2833.459228515625,573137.5,573250.0,4199975.0,4200275.0,2779.407470703125,2897.434326171875,4.299591,69.4686
fp_che441_bei,56,21,37385.20000179336,573197.75,4200431.5,2708.837890625,573137.5,573250.0,4200275.0,4200575.0,2636.90380859375,2781.616943359375,3.0766296,64.9366
fp_che441_bei,56,22,21524.961753739663,573213.5625,4200650.5,2595.419189453125,573137.5,573250.0,4200575.0,4200746.0,2542.22265625,2640.584228515625,1.8668518,60.274216
fp_che441_bei,57,17,13405.126566196248,573508.375,4199328.5,3015.78271484375,573428.1875,573550.0,4199162.0,4199375.0,3004.937744140625,3047.240478515625,18.736664,78.32181
fp_che441_bei,57,18,63980.89822911278,573418.125,4199556.0,2977.965087890625,573256.5625,573550.0,4199375.0,4199675.0,2935.66845703125,3013.3583984375,21.749756,78.09037
fp_che441_bei,57,19,94622.83656889302,573364.6875,4199791.0,2929.339599609375,573250.0,573550.0,4199675.0,4199975.0,2853.8798828125,2965.637451171875,21.304016,74.23594
fp_che441_bei,57,20,96154.32727610461,573388.4375,4200138.0,2820.8984375,573250.0,573550.0,4199975.0,4200275.0,2757.892578125,2889.58056640625,16.682861,70.31899
fp_che441_bei,57,21,99870.74741834567,573393.875,4200429.0,2704.005615234375,573250.0,573550.0,4200275.0,4200575.0,2629.655517578125,2779.407470703125,4.019928,64.913025
fp_che441_bei,57,22,63023.14330977439,573395.625,4200652.5,2591.416259765625,573250.0,573550.0,4200575.0,4200774.5,2532.3203125,2636.90380859375,0.44543457,62.11793
fp_che441_bei,58,16,19202.890262143534,573708.0625,4199052.0,3056.051513671875,573599.75,573850.0,4198978.0,4199075.0,3038.790283203125,3071.574951171875,18.811646,75.63973
fp_che441_bei,58,17,90597.54002509394,573681.25,4199211.5,3023.033447265625,573550.0,573850.0,4199075.0,4199375.0,2972.285400390625,3061.07763671875,23.451233,76.80108
fp_che441_bei,58,18,93282.24541212193,573691.4375,4199527.0,2950.628662109375,573550.0,573850.0,4199375.0,4199675.0,2902.4111328125,3004.937744140625,22.01332,75.60137
fp_che441_bei,58,19,93916.98858720425,573676.75,4199857.0,2869.782470703125,573550.0,573850.0,4199675.0,4199975.0,2829.765869140625,2935.66845703125,17.402374,75.02571
fp_che441_bei,58,20,94568.67516127623,573694.0,4200117.5,2794.18701171875,573550.0,573850.0,4199975.0,4200275.0,2736.33447265625,2853.8798828125,11.087555,72.4258
fp_che441_bei,58,21,96291.22328784455,573663.25,4200435.5,2688.14306640625,573550.0,573850.0,4200275.0,4200575.0,2629.626708984375,2757.892578125,6.229187,69.17353
fp_che441_bei,58,22,67541.18435071874,573658.625,4200654.5,2593.951904296875,573550.0,573850.0,4200575.0,4200783.0,2530.10791015625,2637.27099609375,177.02509,64.01323
fp_che441_bei,59,16,19969.27819112452,573981.25,4199050.5,3036.759765625,573850.0,574148.25,4198972.5,4199075.0,3021.033203125,3062.62109375,13.5672455,75.89334
fp_che441_bei,59,17,92663.2260498816,573991.9375,4199218.0,2997.029296875,573850.0,574150.0,4199075.0,4199375.0,2949.11865234375,3038.790283203125,15.500366,76.44615
fp_che441_bei,59,18,92798.7525212127,574002.5625,4199521.5,2925.704345703125,573850.0,574150.0,4199375.0,4199675.0,2874.307373046875,2972.285400390625,19.640366,75.796715
fp_che441_bei,59,19,93453.80450970482,574012.1875,4199864.0,2839.89599609375,573850.0,574150.0,4199675.0,4199975.0,2794.1943359375,2902.4111328125,23.768295,74.39044
fp_che441_bei,59,20,95365.72100233404,574008.5,4200090.0,2775.683349609375,573850.0,574150.0,4199975.0,4200275.0,2696.15283203125,2829.765869140625,22.037872,70.78841
fp_che441_bei,59,21,96037.91458562337,574013.8125,4200437.5,2659.665283203125,573850.0,574150.0,4200275.0,4200575.0,2593.604248046875,2736.33447265625,21.601654,69.69876
fp_che441_bei,59,22,59600.66615574385,574014.0,4200657.0,2578.603271484375,573850.0,574150.0,4200575.0,4200770.0,2529.26513671875,2630.28466796875,14.890106,67.14638
fp_che441_bei,60,17,22667.95342321891,574199.0625,4199276.5,2981.503662109375,574150.0,574297.3125,4199078.5,4199375.0,2950.889404296875,3021.925048828125,149.47934,74.4581
fp_che441_bei,60,18,68943.35325423755,574289.625,4199583.5,2917.988037109375,574150.0,574441.0,4199375.0,4199675.0,2876.0712890625,2971.696044921875,152.8518,74.1241
fp_che441_bei,60,19,93928.0225581579,574307.6875,4199848.5,2848.166748046875,574150.0,574450.0,4199675.0,4199975.0,2795.835693359375,2910.7548828125,159.14368,73.21226
fp_che441_bei,60,20,95242.94214762971,574331.1875,4200119.0,2767.721923828125,574150.0,574450.0,4199975.0,4200275.0,2697.421630859375,2825.4287109375,162.62659,70.87025
fp_che441_bei,60,21,96860.45222055724,574356.625,4200435.5,2653.43017578125,574150.0,574450.0,4200275.0,4200575.0,2592.8701171875,2725.721435546875,174.0683,67.433
fp_che441_bei,60,22,52573.22219930606,574307.75,4200643.5,2565.346923828125,574150.0,574450.0,4200575.0,4200745.0,2513.2529296875,2598.894775390625,6.2162476,64.28706
fp_che441_bei,61,19,18490.267285940663,574492.25,4199881.5,2855.076416015625,574450.0,574576.6875,4199695.0,4199975.0,2825.4287109375,2905.65869140625,166.5029,73.581154
fp_che441_bei,61,20,55333.73825674833,574515.375,4200150.0,2772.697509765625,574450.0,574637.5,4199975.0,4200275.0,2725.721435546875,2834.141845703125,169.52148,70.84604
fp_che441_bei,61,21,61565.838437019724,574514.5625,4200438.5,2657.98974609375,574450.0,574637.5,4200275.0,4200575.0,2594.6220703125,2733.529052734375,175.25986,66.31138
fp_che441_bei,61,22,28368.160535170784,574525.75,4200629.0,2568.33056640625,574450.0,574637.5,4200575.0,4200718.5,2518.520263671875,2599.4580078125,177.04135,62.111332
fp_F_ch6,12,18,18930.843752993267,560006.3125,4199599.5,1977.1568603515625,559887.5,560050.0,4199516.0,4199675.0,1916.127685546875,2033.9288330078125,176.93597,53.73972
fp_F_ch6,12,19,61110.10031903571,559989.0625,4199866.0,1775.6968994140625,559887.5,560050.0,4199675.0,4199975.0,1690.6688232421875,1922.77783203125,178.807,52.922375
fp_F_ch6,12,20,33563.557401044876,560011.125,4200070.5,1631.9149169921875,559887.5,560050.0,4199975.0,4200149.0,1580.1939697265625,1697.78955078125,176.53918,56.80854
fp_F_ch6,13,17,395.68263481242116,560332.5,4199369.0,2043.6405029296875,560315.1875,560350.0,4199356.5,4199375.0,2041.29248046875,2046.037841796875,34.536224,76.17531
fp_F_ch6,13,18,82788.71076442832,560216.25,4199523.5,1994.8524169921875,560050.0,560350.0,4199375.0,4199675.0,1889.704345703125,2046.632080078125,18.535461,60.8471
fp_F_ch6,13,19,110523.79656870099,560172.75,4199850.0,1792.930908203125,560050.0,560350.0,4199675.0,4199975.0,1693.7265625,1928.412109375,3.4677887,53.9898
fp_F_ch6,13,20,69118.89889580719,560224.8125,4200096.5,1630.470703125,560050.0,560350.0,4199975.0,4200175.0,1585.3153076171875,1713.381591796875,174.62244,60.297062
fp_F_ch6,14,17,34265.57489745315,560532.0,4199310.5,2039.92578125,560350.0,560650.0,4199196.5,4199375.0,1974.6209716796875,2058.133056640625,30.710892,67.190544
fp_F_ch6,14,18,105497.07363444802,560456.4375,4199503.0,1968.5782470703125,560350.0,560650.0,4199375.0,4199675.0,1835.048095703125,2049.310791015625,21.927505,59.280075
fp_F_ch6,14,19,108467.99654080205,560546.75,4199852.0,1742.8511962890625,560350.0,560650.0,4199675.0,4199975.0,1646.4371337890625,1889.704345703125,15.089905,56.429867
fp_F_ch6,14,20,74392.43874923154,560541.1875,4200078.5,1632.6497802734375,560350.0,560650.0,4199975.0,4200201.0,1593.0570068359375,1693.7265625,172.25964,79.839836
fp_F_ch6,15,16,1814.9998868691384,560913.875,4199064.0,2056.476806640625,560878.5,560950.0,4199037.0,4199075.0,2037.242431640625,2061.9130859375,27.596024,54.599747
fp_F_ch6,15,17,90645.86801656167,560822.3125,4199196.5,2013.3450927734375,560650.0,560950.0,4199075.0,4199375.0,1892.2130126953125,2061.9130859375,28.100983,59.9481
fp_F_ch6,15,18,103489.35122184653,560818.375,4199546.5,1843.0970458984375,560650.0,560950.0,4199375.0,4199675.0,1745.226806640625,1974.6209716796875,32.16829,60.454594
fp_F_ch6,15,19,104023.98260665558,560814.5625,4199841.0,1697.365234375,560650.0,560950.0,4199675.0,4199975.0,1623.3135986328125,1835.048095703125,19.643158,60.6321
fp_F_ch6,15,20,78381.39303083264,560819.4375,4200107.5,1633.6602783203125,560650.0,560950.0,4199975.0,4200227.5,1603.0704345703125,1654.2921142578125,37.655273,85.58459
fp_F_ch6,16,16,23501.289744618094,561107.875,4199056.5,2056.682861328125,560950.0,561250.0,4198998.5,4199075.0,2033.14404296875,2086.752685546875,166.92706,68.21455
fp_F_ch6,16,17,101072.87458011572,561122.9375,4199161.5,2011.3409423828125,560950.0,561250.0,4199075.0,4199375.0,1893.5478515625,2071.889404296875,169.21579,62.808525
fp_F_ch6,16,18,101311.38467347002,561115.0625,4199547.0,1814.6751708984375,560950.0,561250.0,4199375.0,4199675.0,1740.66015625,1909.7115478515625,174.2963,62.784576
fp_F_ch6,16,19,99058.60244460855,561109.3125,4199857.0,1668.73193359375,560950.0,561250.0,4199675.0,4199975.0,1619.2144775390625,1756.765380859375,177.22534,66.93143
fp_F_ch6,16,20,86648.37831195735,561120.5,4200123.5,1651.1759033203125,560950.0,561250.0,4199975.0,4200253.5,1614.5142822265625,1674.92431640625,37.573288,82.662125
fp_F_ch6,17,16,24765.62495982317,561403.0625,4199038.5,2091.8349609375,561250.0,561550.0,4198992.0,4199075.0,2071.889404296875,2118.129150390625,158.86566,76.17376
fp_F_ch6,17,17,103229.10042394984,561398.1875,4199192.5,2022.6453857421875,561250.0,561550.0,4199075.0,4199375.0,1909.73388671875,2095.8544921875,168.82361,61.149185
fp_F_ch6,17,18,101685.61254085643,561381.5,4199533.0,1844.5057373046875,561250.0,561550.0,4199375.0,4199675.0,1756.765380859375,1945.8802490234375,164.34747,62.54744
fp_F_ch6,17,19,101835.96239301347,561410.1875,4199855.5,1702.2889404296875,561250.0,561550.0,4199675.0,4199975.0,1625.958251953125,1809.44677734375,153.98022,65.34373
fp_F_ch6,17,20,93418.51271877532,561428.375,4200158.5,1680.637451171875,561250.0,561550.0,4199975.0,4200275.0,1646.4183349609375,1702.5831298828125,88.78644,84.828606
fp_F_ch6,17,21,294.3482366072326,561532.25,4200277.0,1690.9310302734375,561498.0625,561550.0,4200275.0,4200279.5,1685.468994140625,1695.556396484375,176.78973,24.419498
fp_F_ch6,18,16,27173.034795309537,561713.625,4199040.5,2119.116943359375,561550.0,561850.0,4198985.5,4199075.0,2095.866943359375,2149.505615234375,163.10394,72.28601
fp_F_ch6,18,17,99746.19125500578,561716.6875,4199209.0,2054.28515625,561550.0,561850.0,4199075.0,4199375.0,1945.8802490234375,2120.787353515625,163.80615,64.91759
fp_F_ch6,18,18,100963.86754141898,561694.6875,4199569.5,1886.0025634765625,561550.0,561850.0,4199375.0,4199675.0,1809.44677734375,2006.814453125,157.07568,63.508823
fp_F_ch6,18,19,101689.21109995693,561684.0625,4199832.5,1766.415771484375,561550.0,561850.0,4199675.0,4199975.0,1682.2908935546875,1865.531005859375,159.49219,64.91207
fp_F_ch6,18,20,92648.48051833162,561679.9375,4200143.0,1703.05615234375,561550.0,561850.0,4199975.0,4200275.0,1679.5921630859375,1733.5919189453125,116.67792,84.05967
fp_F_ch6,18,21,8754.922425004708,561727.0625,4200284.0,1700.48486328125,561550.0,561850.0,4200275.0,4200305.5,1683.7073974609375,1716.1885986328125,92.333405,85.55241
fp_F_ch6,19,16,29346.627057898026,562005.4375,4199047.5,2144.915771484375,561850.0,562150.0,4198979.0,4199075.0,2120.78466796875,2180.882080078125,163.04874,71.46904
fp_F_ch6,19,17,97455.83148699996,561982.9375,4199202.0,2090.811279296875,561850.0,562150.0,4199075.0,4199375.0,2006.814453125,2150.1181640625,161.67276,69.01629
fp_F_ch6,19,18,99532.87232736699,562000.8125,4199528.5,1963.0718994140625,561850.0,562150.0,4199375.0,4199675.0,1865.6644287109375,2052.283447265625,157.62274,64.680824
fp_F_ch6,19,19,99940.37266617808,561979.1875,4199851.0,1820.7493896484375,561850.0,562150.0,4199675.0,4199975.0,1733.5919189453125,1927.3529052734375,150.69177,64.51785
fp_F_ch6,19,20,94195.69113445145,562011.1875,4200097.0,1747.806884765625,561850.0,562150.0,4199975.0,4200275.0,1701.923828125,1806.3001708984375,141.11514,76.4811
fp_F_ch6,19,21,17724.28876842289,562033.375,4200301.0,1720.7149658203125,561850.0,562150.0,4200275.0,4200331.5,1701.766357421875,1736.8206787109375,29.197754,83.568405
fp_F_ch6,20,16,31267.89028276057,562321.0625,4199047.5,2176.872802734375,562150.0,562450.0,4198972.5,4199075.0,2150.13330078125,2212.258544921875,159.92676,72.57606
fp_F_ch6,20,17,95338.87208602214,562280.0625,4199190.5,2130.02099609375,562150.0,562450.0,4199075.0,4199375.0,2052.283447265625,2185.36767578125,159.96503,70.94403
fp_F_ch6,20,18,97956.42656565031,562337.25,4199509.0,2020.640380859375,562150.0,562450.0,4199375.0,4199675.0,1927.3529052734375,2085.947998046875,163.22003,67.02256
fp_F_ch6,20,19,97208.31808220294,562346.4375,4199858.0,1886.6922607421875,562150.0,562450.0,4199675.0,4199975.0,1806.3001708984375,1967.35302734375,154.37054,68.34339
fp_F_ch6,20,20,96072.9504012391,562313.125,4200127.0,1787.24365234375,562150.0,562450.0,4199975.0,4200275.0,1727.233642578125,1862.6170654296875,157.29547,69.6796
fp_F_ch6,20,21,26319.886130255745,562314.9375,4200319.0,1740.069580078125,562150.0,562450.0,4200275.0,4200357.5,1720.19384765625,1757.452880859375,109.29379,85.6099
fp_F_ch6,21,16,32614.027924185244,562602.625,4199036.5,2218.32666015625,562450.0,562750.0,4198968.5,4199075.0,2185.338134765625,2257.407470703125,142.72925,74.71157
fp_F_ch6,21,17,96223.11876084853,562560.5,4199200.0,2160.746337890625,562450.0,562750.0,4199075.0,4199375.0,2085.947998046875,2232.6708984375,158.85449,69.46168
fp_F_ch6,21,18,96932.71356453367,562572.625,4199568.0,2028.11572265625,562450.0,562750.0,4199375.0,4199675.0,1967.353515625,2124.0068359375,159.04681,67.85946
fp_F_ch6,21,19,96801.10138154062,562560.9375,4199833.0,1928.3857421875,562450.0,562750.0,4199675.0,4199975.0,1862.6170654296875,2014.644775390625,158.20285,68.4984
fp_F_ch6,21,20,97391.48361922105,562583.625,4200172.5,1806.3416748046875,562450.0,562750.0,4199975.0,4200275.0,1756.251953125,1904.0216064453125,160.00018,68.568794
fp_F_ch6,21,21,35218.34248188127,562651.6875,4200320.0,1768.5665283203125,562450.0,562750.0,4200275.0,4200383.5,1738.621337890625,1791.4686279296875,152.28015,79.524315
fp_F_ch6,22,16,28720.155827029095,562883.5625,4199034.0,2257.880859375,562750.0,563050.0,4198975.0,4199075.0,2232.6708984375,2290.880615234375,160.08844,72.36967
fp_F_ch6,22,17,95802.77458649586,562888.875,4199235.0,2188.940673828125,562750.0,563050.0,4199075.0,4199375.0,2124.0068359375,2261.954833984375,163.9881,69.85701
fp_F_ch6,22,18,96375.27377938801,562890.8125,4199527.0,2085.259765625,562750.0,563050.0,4199375.0,4199675.0,2014.644775390625,2158.2998046875,161.96942,69.2166
fp_F_ch6,22,19,96409.12073013805,562882.9375,4199817.5,1978.7208251953125,562750.0,563050.0,4199675.0,4199975.0,1904.0216064453125,2050.128662109375,161.5888,68.97416
fp_F_ch6,22,20,97030.99961767113,562895.25,4200169.5,1849.890625,562750.0,563050.0,4199975.0,4200275.0,1791.4686279296875,1942.0389404296875,161.51883,68.35845
fp_F_ch6,22,21,44765.98498285695,562888.3125,4200331.5,1790.6593017578125,562750.0,563050.0,4200275.0,4200409.5,1757.048828125,1829.9407958984375,159.16443,72.506454
fp_F_ch6,23,16,17393.704293158546,563163.875,4199054.0,2293.626220703125,563050.0,563350.0,4198999.0,4199075.0,2261.954833984375,2333.918701171875,151.12982,67.41189
fp_F_ch6,23,17,98718.703552254,563202.875,4199209.0,2253.957763671875,563050.0,563350.0,4199075.0,4199375.0,2158.2998046875,2323.561767578125,142.39862,68.52179
fp_F_ch6,23,18,99895.03613847613,563161.8125,4199460.0,2156.78125,563050.0,563350.0,4199375.0,4199675.0,2050.128662109375,2237.085693359375,149.77222,64.59997
fp_F_ch6,23,19,97289.3640006805,563216.875,4199819.0,2026.982666015625,563050.0,563350.0,4199675.0,4199975.0,1942.0389404296875,2107.7607421875,154.57776,67.652245
fp_F_ch6,23,20,97531.64041166782,563179.25,4200163.0,1891.799560546875,563050.0,563350.0,4199975.0,4200275.0,1829.9407958984375,1991.78857421875,158.06018,67.57884
fp_F_ch6,23,21,53696.26601757572,563188.0625,4200341.5,1823.836669921875,563050.0,563350.0,4200275.0,4200436.0,1775.476318359375,1874.1676025390625,162.14621,67.66356
fp_F_ch6,24,16,3579.052254667146,563420.8125,4199064.5,2340.623779296875,563350.0,563562.375,4199043.5,4199075.0,2323.568359375,2364.3837890625,149.67691,69.160194
fp_F_ch6,24,17,96303.33234044134,563521.5,4199210.5,2312.628662109375,563350.0,563650.0,4199075.0,4199375.0,2237.085693359375,2376.956787109375,154.82938,70.35015
fp_F_ch6,24,18,98108.4382831376,563502.75,4199520.0,2199.542724609375,563350.0,563650.0,4199375.0,4199675.0,2107.7607421875,2279.662109375,159.3648,66.5278
fp_F_ch6,24,19,98079.60726657286,563510.9375,4199833.5,2073.193359375,563350.0,563650.0,4199675.0,4199975.0,1991.76025390625,2161.580078125,158.14758,66.74891
fp_F_ch6,24,20,97229.85304315717,563491.75,4200130.0,1958.047119140625,563350.0,563650.0,4199975.0,4200275.0,1874.1676025390625,2034.5205078125,151.18494,67.789955
fp_F_ch6,24,21,56991.75126781229,563503.4375,4200338.5,1884.2637939453125,563350.0,563650.0,4200275.0,4200450.0,1803.2276611328125,1940.356201171875,149.15656,64.50679
fp_F_ch6,25,17,76650.50198366075,563767.625,4199254.0,2328.743896484375,563650.0,563950.0,4199088.0,4199375.0,2279.399658203125,2393.095947265625,162.1778,67.44658
fp_F_ch6,25,18,96775.90843826735,563805.875,4199525.5,2231.8330078125,563650.0,563950.0,4199375.0,4199675.0,2161.580078125,2302.485595703125,170.32825,68.94371
fp_F_ch6,25,19,97771.06218985857,563788.9375,4199805.0,2118.227294921875,563650.0,563950.0,4199675.0,4199975.0,2034.5205078125,2185.09521484375,168.02762,67.218735
fp_F_ch6,25,20,96056.50415924887,563820.5625,4200120.5,1998.7025146484375,563650.0,563950.0,4199975.0,4200275.0,1937.9749755859375,2066.6611328125,168.05438,69.38226
fp_F_ch6,25,21,33201.99123451668,563812.6875,4200318.5,1929.4986572265625,563650.0,563950.0,4200275.0,4200426.0,1881.43017578125,1947.9527587890625,179.0538,73.00963
fp_F_ch6,26,17,8036.362525013785,563977.1875,4199325.5,2334.356689453125,563950.0,564012.5,4199240.5,4199375.0,2302.485595703125,2369.50244140625,148.6482,60.762363
fp_F_ch6,26,18,21011.517518960485,563978.0625,4199569.0,2229.915283203125,563950.0,564012.5,4199375.0,4199675.0,2184.73046875,2322.041259765625,159.37314,65.89594
fp_F_ch6,26,19,20421.180226110984,563978.625,4199805.5,2132.640869140625,563950.0,564012.5,4199675.0,4199975.0,2057.82421875,2188.56884765625,1.8571014,67.83488
fp_F_ch6,26,20,20683.95131493581,563972.875,4200128.5,1997.871337890625,563950.0,564012.5,4199975.0,4200275.0,1927.4932861328125,2067.3330078125,20.682343,65.14162
fp_F_ch6,26,21,1400.1627745073658,563971.0625,4200284.0,1931.0096435546875,563950.0,564012.5,4200275.0,4200311.5,1924.7607421875,1937.9749755859375,24.730652,68.21412
fp_F_che142,73,7,12422.20690749839,578328.75,4196320.0,2340.813232421875,578276.6875,578350.0,4196134.5,4196375.0,2155.9130859375,2397.55517578125,176.7601,45.277603
fp_F_che142,73,8,12306.85466633596,578310.3125,4196417.5,2432.971435546875,578257.625,578350.0,4196375.0,4196525.0,2391.38037109375,2518.49560546875,170.27142,48.888577
fp_F_che142,74,6,19184.886419871502,578571.5,4196061.0,2076.910400390625,578368.125,578650.0,4196011.5,4196075.0,2032.324951171875,2096.128662109375,178.45874,45.461826
fp_F_che142,74,7,121287.75133654346,578502.5,4196236.0,2240.438720703125,578350.0,578650.0,4196075.0,4196375.0,2085.61865234375,2391.38037109375,173.90207,47.717316
fp_F_che142,74,8,101340.01775547536,578544.0625,4196547.5,2502.802978515625,578350.0,578650.0,4196375.0,4196675.0,2338.438720703125,2619.604736328125,167.2248,48.896454
fp_F_che142,74,9,4973.741914524819,578624.25,4196695.0,2608.6025390625,578543.125,578650.0,4196675.0,4196742.5,2583.765625,2628.540771484375,153.78085,50.91504
fp_F_che142,75,6,2538.732353399894,578694.1875,4196068.0,2066.994384765625,578650.0,578774.0625,4196041.5,4196075.0,2055.351318359375,2085.61865234375,163.87167,47.45954
fp_F_che142,75,7,117238.22940275147,578812.875,4196208.5,2153.012451171875,578650.0,578950.0,4196075.0,4196375.0,2053.8857421875,2338.438720703125,161.29541,47.437683
fp_F_che142,75,8,121612.99860645802,578812.875,4196532.0,2437.481201171875,578650.0,578950.0,4196375.0,4196675.0,2259.516357421875,2583.765625,167.55692,47.950684
fp_F_che142,75,9,56907.30758200573,578827.125,4196750.0,2598.872314453125,578650.0,578950.0,4196675.0,4196927.0,2536.0458984375,2630.126220703125,159.1867,69.32287
fp_F_che142,76,7,82481.268361569,579098.1875,4196283.5,2143.892333984375,578950.0,579250.0,4196122.5,4196375.0,2050.7529296875,2259.516357421875,166.09283,49.50383
fp_F_che142,76,8,121990.05567174201,579110.0625,4196521.0,2344.34619140625,578950.0,579250.0,4196375.0,4196675.0,2185.582763671875,2536.0458984375,160.61377,48.032776
fp_F_che142,76,9,106153.72133206572,579105.125,4196834.5,2572.19921875,578950.0,579250.0,4196675.0,4196975.0,2429.618896484375,2630.539794921875,156.95642,61.43037
fp_F_che142,76,10,16124.207541857173,579154.25,4197014.0,2622.86083984375,579028.25,579250.0,4196975.0,4197111.0,2616.957763671875,2631.711669921875,146.03339,84.39538
fp_F_che142,77,7,43977.69166856701,579374.5625,4196334.0,2112.826416015625,579250.0,579550.0,4196209.0,4196375.0,2048.8330078125,2185.582763671875,157.55023,49.37024
fp_F_che142,77,8,119710.39516971954,579398.625,4196521.5,2254.2890625,579250.0,579550.0,4196375.0,4196675.0,2084.998779296875,2429.618896484375,156.09265,48.450836
fp_F_che142,77,9,119296.07396313871,579375.5,4196839.0,2505.4091796875,579250.0,579550.0,4196675.0,4196975.0,2308.046142578125,2616.957763671875,151.806,50.255383
fp_F_che142,77,10,73552.39038237622,579437.375,4197081.5,2609.869873046875,579250.0,579550.0,4196975.0,4197275.0,2534.281005859375,2633.120849609375,140.02255,78.753716
fp_F_che142,77,11,448.5333555957374,579540.875,4197281.0,2626.405517578125,579516.6875,579550.0,4197275.0,4197295.5,2618.24560546875,2633.297119140625,148.63467,49.522724
fp_F_che142,78,7,3373.159905662926,579611.3125,4196366.5,2062.2724609375,579550.0,579652.0,4196325.0,4196375.0,2052.44580078125,2084.998779296875,156.55856,54.4381
fp_F_che142,78,8,99499.51078944208,579687.1875,4196533.5,2136.949462890625,579550.0,579850.0,4196375.0,4196675.0,2052.3115234375,2308.046142578125,142.29721,49.180363
fp_F_che142,78,9,123752.04344470485,579708.6875,4196826.5,2337.645263671875,579550.0,579850.0,4196675.0,4196975.0,2141.13330078125,2534.281005859375,146.00284,46.327595
fp_F_che142,78,10,114334.23210910136,579701.875,4197143.5,2552.353271484375,579550.0,579850.0,4196975.0,4197275.0,2382.9560546875,2618.16552734375,149.23639,57.86607
fp_F_che142,78,11,36723.47195266989,579757.5,4197314.0,2614.214111328125,579550.0,579850.0,4197275.0,4197479.5,2596.002197265625,2634.88232421875,154.27377,84.36699
fp_F_che142,79,8,18782.745842434902,579933.75,4196643.5,2079.564697265625,579850.0,580046.25,4196525.5,4196675.0,2050.390625,2141.13330078125,141.83185,53.959
fp_F_che142,79,9,117366.83966130926,579999.375,4196811.0,2167.119384765625,579850.0,580150.0,4196675.0,4196975.0,2049.375732421875,2382.9560546875,143.38617,47.16031
fp_F_che142,79,10,124222.57959673119,580014.9375,4197141.5,2399.501708984375,579850.0,580150.0,4196975.0,4197275.0,2190.44140625,2596.002197265625,139.86163,46.400997
fp_F_che142,79,11,100043.13228730735,580025.25,4197430.5,2579.5009765625,579850.0,580150.0,4197275.0,4197575.0,2417.725341796875,2635.702880859375,139.10376,57.192253
fp_F_che142,79,12,7888.709258107109,580108.8125,4197593.5,2614.211669921875,580005.3125,580150.0,4197575.0,4197664.0,2605.128662109375,2636.4677734375,149.17508,69.8478
fp_F_che142,80,9,37112.949691654205,580253.4375,4196907.5,2103.200439453125,580150.0,580404.375,4196754.0,4196975.0,2048.6240234375,2190.44140625,146.14746,52.26033
fp_F_che142,80,10,124509.41669584278,580329.875,4197127.5,2194.3466796875,580150.0,580450.0,4196975.0,4197275.0,2084.900146484375,2417.725341796875,127.169495,48.82137
fp_F_che142,80,11,132300.76660207805,580293.6875,4197453.5,2436.26123046875,580150.0,580450.0,4197275.0,4197575.0,2177.19140625,2605.128662109375,133.23523,43.687046
fp_F_che142,80,12,72104.86688354853,580334.75,4197660.5,2557.4755859375,580150.0,580450.0,4197575.0,4197848.0,2403.115234375,2638.05322265625,144.07404,44.94903
fp_F_che142,81,10,38288.65982286713,580567.125,4197219.5,2109.81787109375,580450.0,580712.0625,4197019.5,4197275.0,2086.330810546875,2177.19140625,146.82715,75.92999
fp_F_che142,81,11,131307.21612547265,580637.125,4197384.0,2168.638427734375,580450.0,580750.0,4197275.0,4197575.0,2089.20947265625,2403.115234375,143.15564,51.960575
fp_F_che142,81,12,134302.22497231694,580582.875,4197763.5,2507.971923828125,580450.0,580750.0,4197575.0,4197875.0,2222.9990234375,2638.284912109375,152.71606,42.747772
fp_F_che142,81,13,24639.19827082082,580661.8125,4197913.5,2604.3486328125,580493.875,580750.0,4197875.0,4198032.5,2534.289794921875,2639.638427734375,149.96289,54.15673
fp_F_che142,82,11,41239.663781421514,580869.25,4197519.0,2137.14892578125,580750.0,581019.75,4197312.0,4197575.0,2106.439453125,2222.9990234375,145.25604,66.722115
fp_F_che142,82,12,134797.0317359136,580922.4375,4197694.5,2252.904296875,580750.0,581050.0,4197575.0,4197875.0,2121.946044921875,2534.289794921875,146.55682,43.005157
fp_F_che142,82,13,109558.93504752919,580895.9375,4198003.0,2542.39892578125,580750.0,581050.0,4197875.0,4198175.0,2321.6259765625,2640.866455078125,143.1575,41.88714
fp_F_che142,82,14,1975.3187432326336,581014.0625,4198183.5,2626.4111328125,580982.375,581050.0,4198175.0,4198209.0,2593.892578125,2640.97412109375,140.45511,41.15735
fp_F_che142,83,12,50852.08348246677,581163.8125,4197800.5,2182.059814453125,581050.0,581327.4375,4197604.5,4197875.0,2123.685302734375,2321.6259765625,140.81793,44.139626
fp_F_che142,83,13,137809.23416846074,581239.6875,4197999.5,2301.832275390625,581050.0,581350.0,4197875.0,4198175.0,2139.634033203125,2593.892578125,141.85712,41.693947
fp_F_che142,83,14,47448.97006840002,581222.25,4198206.0,2495.47314453125,581050.0,581350.0,4198175.0,4198345.5,2377.91650390625,2625.487060546875,140.27094,41.920376
fp_F_che142,84,13,40553.45513211666,581384.0625,4198038.0,2225.9013671875,581350.0,581498.125,4197897.0,4198175.0,2124.339111328125,2377.91650390625,133.65002,38.183216
fp_F_che142,84,14,29591.636016429406,581398.9375,4198233.0,2383.7353515625,581350.0,581503.875,4198175.0,4198362.5,2241.196533203125,2527.1572265625,134.09528,38.114906
fp_F_che16-2,32,11,36998.1278127356,565988.6875,4197491.5,2032.21533203125,565887.5,566050.0,4197383.5,4197575.0,1958.4932861328125,2094.281494140625,2.7941437,54.442528
fp_F_che16-2,32,12,60680.49847388045,565971.375,4197733.0,2206.695556640625,565887.5,566050.0,4197575.0,4197875.0,2089.178466796875,2324.15185546875,5.779892,53.436962
fp_F_che16-2,32,13,24230.074323376983,565976.75,4197933.0,2348.91357421875,565887.5,566050.0,4197875.0,4198049.0,2304.5302734375,2400.86376953125,12.212051,60.837776
fp_F_che16-2,33,11,73893.9510737189,566191.9375,4197487.0,2035.4317626953125,566050.0,566350.0,4197361.0,4197575.0,1954.4468994140625,2103.856689453125,1.0544434,55.67404
fp_F_che16-2,33,12,114259.64499611809,566174.75,4197731.0,2214.625244140625,566050.0,566350.0,4197575.0,4197875.0,2089.845458984375,2337.431884765625,177.56436,52.07743
fp_F_che16-2,33,13,88150.70534240652,566197.5625,4197988.5,2392.76904296875,566050.0,566350.0,4197875.0,4198175.0,2314.272216796875,2472.75,3.1729279,62.790916
fp_F_che16-2,33,14,2450.3271790230406,566320.1875,4198193.0,2467.830078125,566260.5625,566350.0,4198175.0,4198228.5,2454.073486328125,2476.66650390625,70.68227,77.522545
fp_F_che16-2,34,11,52545.93281897668,566475.0625,4197506.0,2030.946044921875,566350.0,566650.0,4197358.0,4197575.0,1953.9410400390625,2091.562255859375,167.40564,57.207775
fp_F_che16-2,34,12,117886.07546739017,566504.5,4197702.0,2171.12890625,566350.0,566650.0,4197575.0,4197875.0,2048.250244140625,2329.73486328125,174.13727,49.84716
fp_F_che16-2,34,13,109823.65720716807,566508.375,4198040.0,2435.0751953125,566350.0,566650.0,4197875.0,4198175.0,2309.982177734375,2534.400146484375,10.185699,55.011444
fp_F_che16-2,34,14,44090.01566317639,566536.0,4198222.5,2515.0595703125,566350.0,566650.0,4198175.0,4198408.0,2472.755126953125,2552.469482421875,70.804504,77.529625
fp_F_che16-2,35,11,3618.4559574538744,566684.9375,4197554.5,2036.5992431640625,566650.0,566754.8125,4197513.0,4197575.0,2017.989990234375,2048.250244140625,174.75958,63.890514
fp_F_che16-2,35,12,103947.79771407017,566828.875,4197751.0,2153.050537109375,566650.0,566950.0,4197575.0,4197875.0,2043.5579833984375,2313.0634765625,164.30359,49.177044
fp_F_che16-2,35,13,130062.33900153232,566814.25,4198044.0,2436.4765625,566650.0,566950.0,4197875.0,4198175.0,2241.153076171875,2576.918701171875,176.1991,43.707073
fp_F_che16-2,35,14,89139.0517635487,566834.9375,4198325.0,2581.1259765625,566650.0,566950.0,4198175.0,4198475.0,2534.400146484375,2618.97607421875,54.56143,77.96181
fp_F_che16-2,35,15,10830.354643902623,566900.0,4198498.0,2610.9560546875,566762.0,566950.0,4198475.0,4198587.5,2580.763427734375,2628.272216796875,68.42432,77.63503
fp_F_che16-2,36,12,40016.62794675169,567085.75,4197823.5,2163.45458984375,566950.0,567250.0,4197690.5,4197875.0,2091.188720703125,2241.153076171875,163.9563,45.457317
fp_F_che16-2,36,13,126967.25505613613,567106.5,4198034.5,2356.988525390625,566950.0,567250.0,4197875.0,4198175.0,2161.142578125,2556.03173828125,154.63004,45.20504
fp_F_che16-2,36,14,111988.08733892618,567090.9375,4198374.0,2594.046630859375,566950.0,567250.0,4198175.0,4198475.0,2400.738037109375,2665.70068359375,155.91565,57.199814
fp_F_che16-2,36,15,64134.64073819213,567130.1875,4198532.0,2659.390625,566950.0,567250.0,4198475.0,4198767.0,2616.7529296875,2704.074951171875,54.276184,79.14306
fp_F_che16-2,37,12,59.60480214611256,567253.9375,4197872.5,2157.302734375,567250.0,567261.8125,4197868.0,4197875.0,2154.462890625,2161.142578125,156.7425,43.963387
fp_F_che16-2,37,13,83249.6190631257,567356.1875,4198066.0,2273.283935546875,567250.0,567550.0,4197875.0,4198175.0,2156.302490234375,2400.738037109375,152.68811,48.847126
fp_F_che16-2,37,14,116857.97302470364,567403.125,4198323.5,2443.701171875,567250.0,567550.0,4198175.0,4198475.0,2278.98193359375,2616.7529296875,150.3685,50.472305
fp_F_che16-2,37,15,111017.96175270979,567364.5625,4198647.5,2655.5380859375,567250.0,567550.0,4198475.0,4198775.0,2488.289306640625,2739.91162109375,156.47632,60.269905
fp_F_che16-2,37,16,26730.01058585898,567428.25,4198825.5,2736.071533203125,567263.4375,567550.0,4198775.0,4198946.0,2692.006103515625,2779.8779296875,177.53897,66.34427
fp_F_che16-2,38,13,6957.2030417202095,567604.8125,4198157.5,2244.03125,567550.0,567637.5,4198079.0,4198175.0,2208.011474609375,2278.98193359375,151.29822,49.957207
fp_F_che16-2,38,14,34070.90521763327,567596.8125,4198317.0,2357.53857421875,567550.0,567637.5,4198175.0,4198475.0,2242.9619140625,2488.289306640625,146.75293,50.68154
fp_F_che16-2,38,15,34106.00125442805,567594.1875,4198647.0,2583.63623046875,567550.0,567637.5,4198475.0,4198775.0,2446.614013671875,2692.006103515625,144.92429,50.32215
fp_F_che16-2,38,16,21804.939823952987,567577.0,4198871.5,2737.383056640625,567550.0,567637.5,4198775.0,4198998.5,2650.26611328125,2801.987060546875,150.31757,54.70193
fp_F_che20_bei,10,15,14712.091493499564,559428.75,4198722.5,1727.902099609375,559363.875,559450.0,4198551.0,4198775.0,1607.304931640625,1772.515380859375,153.10498,53.319885
fp_F_che20_bei,10,16,2662.099815135882,559435.375,4198801.0,1776.3284912109375,559401.125,559450.0,4198775.0,4198849.5,1755.5390625,1795.945068359375,146.28357,55.487198
fp_F_che20_bei,11,14,1011.079774922831,559524.6875,4198471.5,1531.21435546875,559498.0,559562.875,4198452.0,4198475.0,1520.916015625,1540.9862060546875,161.29553,52.914032
fp_F_che20_bei,11,15,100162.93799292493,559612.5625,4198649.5,1617.27978515625,559450.0,559750.0,4198475.0,4198775.0,1522.285400390625,1755.5390625,151.849,55.241257
fp_F_che20_bei,11,16,78246.17759508674,559639.9375,4198887.5,1748.6031494140625,559450.0,559750.0,4198775.0,4199075.0,1641.35595703125,1836.595947265625,148.51654,56.426807
fp_F_che20_bei,11,17,2402.9342948282506,559718.1875,4199094.0,1845.1468505859375,559679.0625,559750.0,4199075.0,4199133.0,1830.8563232421875,1866.3941650390625,172.32751,58.28423
fp_F_che20_bei,12,15,50124.644719533564,559869.625,4198705.5,1588.5123291015625,559750.0,560050.0,4198560.5,4198775.0,1542.7886962890625,1641.35595703125,175.49359,68.00839
fp_F_che20_bei,12,16,113319.5297638007,559901.0625,4198922.0,1709.276611328125,559750.0,560050.0,4198775.0,4199075.0,1580.259765625,1830.8563232421875,168.63199,55.76264
fp_F_che20_bei,12,17,51217.622264765596,559915.125,4199137.0,1844.90625,559750.0,560050.0,4199075.0,4199307.0,1788.616943359375,1909.9940185546875,165.60059,59.561806
fp_F_che20_bei,13,15,7504.52207488766,560131.5,4198756.5,1609.2958984375,560050.0,560219.6875,4198697.5,4198775.0,1591.113037109375,1621.591796875,35.295868,80.798615
fp_F_che20_bei,13,16,99839.54683948134,560185.625,4198939.5,1703.2813720703125,560050.0,560350.0,4198775.0,4199075.0,1607.129638671875,1788.616943359375,178.14108,60.389523
fp_F_che20_bei,13,17,97551.46063950949,560184.375,4199179.5,1838.34716796875,560050.0,560350.0,4199075.0,4199375.0,1776.2891845703125,1943.2232666015625,176.60193,61.75352
fp_F_che20_bei,13,18,5075.890681794779,560302.1875,4199386.5,1937.4832763671875,560171.875,560350.0,4199375.0,4199422.5,1922.9317626953125,1944.26953125,124.22778,81.826866
fp_F_che20_bei,14,16,62938.096564388725,560477.8125,4199005.0,1720.1243896484375,560350.0,560650.0,4198834.5,4199075.0,1639.4375,1778.5,165.9313,56.905296
fp_F_che20_bei,14,17,94822.2481580615,560478.0625,4199214.5,1860.4154052734375,560350.0,560650.0,4199075.0,4199375.0,1746.4478759765625,1963.0699462890625,10.134659,54.19075
fp_F_che20_bei,14,18,494.1909485663835,560376.1875,4199378.0,1945.8150634765625,560350.0,560396.25,4199375.0,4199393.0,1942.8631591796875,1949.253662109375,80.96265,84.25081
fp_F_che20_bei,15,16,3135.706280470995,560668.3125,4199055.5,1721.5604248046875,560650.0,560707.75,4199024.5,4199075.0,1691.322998046875,1746.4478759765625,167.40866,43.26366
fp_F_che20_bei,15,17,5033.7360374504815,560667.4375,4199115.0,1792.630859375,560650.0,560702.25,4199075.0,4199194.5,1735.8192138671875,1895.6256103515625,170.74384,38.331074
fp_F_che252_T5,59,14,55241.628323855664,574076.125,4198411.0,2376.900146484375,573887.5,574150.0,4198281.5,4198475.0,2284.716064453125,2465.183837890625,167.06757,50.091503
fp_F_che252_T5,59,15,102583.90687483696,574041.875,4198672.0,2596.77392578125,573887.5,574150.0,4198475.0,4198775.0,2415.100830078125,2708.17138671875,166.12637,50.03815
fp_F_che252_T5,59,16,36695.65346995042,574078.9375,4198819.5,2708.250244140625,573906.375,574150.0,4198775.0,4199007.5,2657.369873046875,2844.822509765625,165.62634,50.12877
fp_F_che252_T5,60,14,39913.41953713047,574320.0,4198423.0,2333.90869140625,574150.0,574450.0,4198323.5,4198475.0,2291.942138671875,2415.100830078125,164.34125,53.106354
fp_F_che252_T5,60,15,118701.80576067542,574317.875,4198674.0,2536.581298828125,574150.0,574450.0,4198475.0,4198775.0,2346.908447265625,2657.369873046875,164.99078,49.3132
fp_F_che252_T5,60,16,114886.10312705777,574275.25,4198925.0,2752.72509765625,574150.0,574450.0,4198775.0,4199075.0,2591.87060546875,2884.5205078125,165.74707,49.68975
fp_F_che252_T5,60,17,31366.001938778838,574334.25,4199112.5,2894.0498046875,574220.75,574450.0,4199075.0,4199274.0,2841.482666015625,3004.25634765625,166.11331,50.50871
fp_F_che252_T5,61,14,7175.85730179774,574527.4375,4198460.0,2322.64501953125,574450.0,574646.625,4198414.5,4198475.0,2307.708251953125,2346.908447265625,163.63623,54.43403
fp_F_che252_T5,61,15,116420.5668065769,574611.3125,4198610.0,2410.44091796875,574450.0,574750.0,4198475.0,4198775.0,2310.2802734375,2591.89306640625,156.18784,50.247128
fp_F_che252_T5,61,16,122689.23069310376,574600.75,4198937.5,2690.860107421875,574450.0,574750.0,4198775.0,4199075.0,2496.6943359375,2841.482666015625,162.77374,46.90388
fp_F_che252_T5,61,17,104185.56644634892,574649.625,4199209.5,2915.820068359375,574450.0,574750.0,4199075.0,4199375.0,2788.103759765625,3030.48193359375,168.81873,50.35469
fp_F_che252_T5,61,18,718.8740350934399,574730.6875,4199381.5,3005.763427734375,574692.125,574750.0,4199375.0,4199394.5,2998.06494140625,3013.2587890625,170.81421,51.71619
fp_F_che252_T5,62,15,85054.86847058356,574891.4375,4198658.5,2376.677734375,574750.0,575050.0,4198507.0,4198775.0,2309.3798828125,2496.6943359375,168.79333,51.1203
fp_F_che252_T5,62,16,125686.17800659155,574879.375,4198929.5,2626.525390625,574750.0,575050.0,4198775.0,4199075.0,2456.830322265625,2788.103759765625,171.29333,45.80534
fp_F_che252_T5,62,17,119128.72118733323,574872.5,4199259.5,2926.80517578125,574750.0,575050.0,4199075.0,4199375.0,2733.661865234375,3022.998291015625,169.30042,49.45902
fp_F_che252_T5,62,18,25608.91857275243,574950.25,4199401.0,3001.120361328125,574750.0,575050.0,4199375.0,4199496.0,2957.1171875,3021.045166015625,2.3244934,71.71378
fp_F_che252_T5,63,15,51233.962263134104,575192.6875,4198713.5,2360.386474609375,575050.0,575350.0,4198599.5,4198775.0,2308.4794921875,2456.830322265625,160.90259,47.491768
fp_F_che252_T5,63,16,125648.45103383133,575210.125,4198908.0,2526.10595703125,575050.0,575350.0,4198775.0,4199075.0,2355.41650390625,2733.661865234375,157.06122,45.762512
fp_F_che252_T5,63,17,126714.97758165958,575169.875,4199242.5,2839.437744140625,575050.0,575350.0,4199075.0,4199375.0,2616.20849609375,2993.759033203125,157.91031,45.864166
fp_F_che252_T5,63,18,65104.725508979885,575222.8125,4199443.5,2976.18603515625,575050.0,575350.0,4199375.0,4199597.5,2901.8134765625,3013.545166015625,106.700836,84.81315
fp_F_che252_T5,64,15,12486.32079833347,575452.75,4198754.5,2324.487060546875,575350.0,575592.125,4198692.0,4198775.0,2307.836669921875,2355.41650390625,161.5839,59.087704
fp_F_che252_T5,64,16,116885.7095828687,575503.3125,4198899.5,2419.644775390625,575350.0,575650.0,4198775.0,4199075.0,2307.7236328125,2616.20849609375,161.77576,49.575035
fp_F_che252_T5,64,17,129959.05888411957,575529.3125,4199224.0,2695.770751953125,575350.0,575650.0,4199075.0,4199375.0,2529.521728515625,2901.8134765625,161.13947,45.31328
fp_F_che252_T5,64,18,107487.45971812747,575515.9375,4199496.0,2909.054443359375,575350.0,575650.0,4199375.0,4199675.0,2766.987060546875,2991.6640625,139.87646,58.88062
fp_F_che252_T5,64,19,1077.584119400327,575626.3125,4199683.0,2884.580810546875,575579.0625,575650.0,4199675.0,4199699.0,2875.221923828125,2893.61572265625,170.89642,52.181927
fp_F_che252_T5,65,16,84425.73519132429,575832.1875,4198997.5,2396.731689453125,575650.0,575950.0,4198799.0,4199075.0,2307.138427734375,2529.521728515625,154.9231,48.629692
fp_F_che252_T5,65,17,119824.38901309,575806.5625,4199216.5,2570.28466796875,575650.0,575950.0,4199075.0,4199375.0,2409.346923828125,2766.987060546875,144.65,49.18295
fp_F_che252_T5,65,18,124703.59135193296,575824.125,4199529.5,2798.450439453125,575650.0,575950.0,4199375.0,4199675.0,2619.747314453125,2939.6005859375,149.23065,48.808353
fp_F_che252_T5,65,19,29076.486298422522,575873.1875,4199695.0,2872.702392578125,575650.0,575950.0,4199675.0,4199800.0,2834.2744140625,2912.780029296875,29.49524,76.9381
fp_F_che252_T5,66,16,32331.09863407347,576094.125,4199038.5,2338.678466796875,575950.0,576250.0,4198923.0,4199075.0,2306.553466796875,2409.346923828125,156.84064,55.042057
fp_F_che252_T5,66,17,115971.66228892314,576072.375,4199224.0,2474.55126953125,575950.0,576250.0,4199075.0,4199375.0,2316.58935546875,2619.747314453125,156.49866,51.416973
fp_F_che252_T5,66,18,119294.64104314867,576079.9375,4199493.5,2680.195556640625,575950.0,576250.0,4199375.0,4199675.0,2532.763671875,2848.25439453125,157.7124,49.860687
fp_F_che252_T5,66,19,67024.96156655178,576125.3125,4199763.5,2818.67041015625,575950.0,576250.0,4199675.0,4199901.5,2744.021728515625,2887.537109375,133.13986,68.189766
fp_F_che252_T5,67,16,861.8353432364537,576261.4375,4199061.5,2308.8349609375,576250.0,576301.1875,4199047.5,4199075.0,2300.1455078125,2316.58935546875,142.24597,63.618774
fp_F_che252_T5,67,17,97702.639010394,576371.125,4199247.0,2387.4208984375,576250.0,576550.0,4199075.0,4199375.0,2265.2490234375,2532.763671875,149.27094,48.216007
fp_F_che252_T5,67,18,116405.06024029851,576396.3125,4199513.5,2588.69384765625,576250.0,576550.0,4199375.0,4199675.0,2413.2109375,2744.06494140625,154.45483,49.55354
fp_F_che252_T5,67,19,101440.8326740913,576429.375,4199830.0,2742.28466796875,576250.0,576550.0,4199675.0,4199975.0,2642.478271484375,2835.473876953125,141.25488,61.832996
fp_F_che252_T5,67,20,1466.37509044914,576522.4375,4199984.5,2763.295654296875,576467.25,576550.0,4199975.0,4200003.0,2752.379150390625,2773.832763671875,170.89795,52.193085
fp_F_che252_T5,68,17,18729.316629598394,576626.375,4199347.0,2348.5546875,576550.0,576718.25,4199228.0,4199375.0,2277.626220703125,2413.2109375,147.01736,41.27303
fp_F_che252_T5,68,18,124716.2005151927,576666.0625,4199531.0,2470.798095703125,576550.0,576850.0,4199375.0,4199675.0,2315.930419921875,2642.478271484375,136.0899,41.7682
fp_F_che252_T5,68,19,115478.53458316482,576675.375,4199883.0,2675.744384765625,576550.0,576850.0,4199675.0,4199975.0,2426.61083984375,2783.410400390625,135.49338,53.884815
fp_F_che252_T5,68,20,32830.0701556624,576708.625,4200012.0,2731.525634765625,576550.0,576850.0,4199975.0,4200104.0,2639.2666015625,2777.77587890625,146.4491,52.531826
fp_F_che252_T5,69,18,18263.716966729025,576915.625,4199646.0,2367.3427734375,576850.0,577030.4375,4199501.5,4199675.0,2339.116455078125,2426.61083984375,143.69946,58.733868
fp_F_che252_T5,69,19,113290.25153315198,576968.5,4199854.5,2491.766357421875,576850.0,577150.0,4199675.0,4199975.0,2356.004638671875,2639.5126953125,144.71973,48.22062
fp_F_che252_T5,69,20,77228.1443113494,576988.0,4200041.5,2621.65380859375,576850.0,577150.0,4199975.0,4200205.5,2480.162109375,2731.34716796875,148.5416,45.823643
fp_F_che252_T5,70,19,21113.34731692865,577227.3125,4199913.5,2412.351806640625,577150.0,577342.6875,4199790.0,4199975.0,2385.154296875,2480.162109375,150.26517,57.22982
fp_F_che252_T5,70,20,87229.95289994581,577277.0625,4200131.5,2561.426025390625,577150.0,577387.5,4199975.0,4200275.0,2413.24462890625,2679.28369140625,152.21167,47.372025
fp_F_che252_T5,70,21,230.315269098918,577372.125,4200277.0,2638.072265625,577356.3125,577387.5,4200275.0,4200285.5,2629.570068359375,2642.796630859375,151.64932,47.08387
fp_F_che31_xi,8,25,39062.56446901422,558785.75,4201698.0,1997.7762451171875,558630.125,558850.0,4201550.0,4201775.0,1867.6751708984375,2073.72412109375,158.02393,59.15078
fp_F_che31_xi,8,26,82100.97333010822,558713.1875,4201934.5,2098.968505859375,558578.1875,558850.0,4201775.0,4202075.0,2016.027099609375,2165.75341796875,141.04468,69.39039
fp_F_che31_xi,8,27,59974.09245055466,558765.3125,4202210.5,2175.279296875,558622.5,558850.0,4202075.0,4202375.0,2102.962158203125,2254.5068359375,141.83783,64.287445
fp_F_che31_xi,8,28,23077.9614232806,558790.0625,4202452.5,2254.51318359375,558719.125,558850.0,4202375.0,4202675.0,2209.584228515625,2300.13427734375,131.3515,65.486336
fp_F_che31_xi,9,24,36324.791656185225,559066.875,4201427.0,1746.2386474609375,558923.3125,559150.0,4201256.0,4201475.0,1616.5416259765625,1832.187255859375,152.56964,54.943485
fp_F_che31_xi,9,25,107550.30480528263,559011.9375,4201629.5,1878.0889892578125,558850.0,559150.0,4201475.0,4201775.0,1750.5078125,2016.027099609375,142.40356,57.31859
fp_F_che31_xi,9,26,100796.92860573773,559073.75,4201908.5,1966.377197265625,558850.0,559150.0,4201775.0,4202075.0,1888.294189453125,2102.962158203125,129.42358,62.77617
fp_F_che31_xi,9,27,100761.79015369654,559049.25,4202227.0,2083.903076171875,558850.0,559150.0,4202075.0,4202375.0,1994.5050048828125,2209.584228515625,135.65823,63.40622
fp_F_che31_xi,9,28,99674.61089209479,559025.5625,4202543.0,2201.112548828125,558850.0,559150.0,4202375.0,4202675.0,2100.767822265625,2300.049560546875,133.99783,64.66423
fp_F_che31_xi,9,29,65759.36639403533,559064.5,4202772.5,2267.152099609375,558850.0,559150.0,4202675.0,4202975.0,2203.6220703125,2334.0048828125,139.1196,64.80912
fp_F_che31_xi,9,30,4839.409950926101,559136.8125,4203026.0,2335.31787109375,559059.0,559150.0,4202975.0,4203071.0,2314.946044921875,2347.68798828125,148.67853,68.43796
fp_F_che31_xi,10,24,58504.66474571307,559304.0625,4201418.5,1663.4248046875,559150.0,559450.0,4201259.5,4201475.0,1598.10205078125,1750.5078125,148.23526,56.408485
fp_F_che31_xi,10,25,105241.19667398933,559307.3125,4201620.0,1760.1182861328125,559150.0,559450.0,4201475.0,4201775.0,1636.92529296875,1888.294189453125,139.85242,58.941734
fp_F_che31_xi,10,26,101193.17926065526,559306.375,4201920.0,1881.743408203125,559150.0,559450.0,4201775.0,4202075.0,1775.2723388671875,1994.5050048828125,132.09085,63.002018
fp_F_che31_xi,10,27,101460.69275755968,559320.625,4202217.5,1981.9512939453125,559150.0,559450.0,4202075.0,4202375.0,1878.4222412109375,2100.767822265625,135.13647,62.27415
fp_F_che31_xi,10,28,100576.69874553848,559324.0,4202534.5,2095.87548828125,559150.0,559450.0,4202375.0,4202675.0,1994.0633544921875,2203.6220703125,137.46979,63.660004
fp_F_che31_xi,10,29,100372.83039501177,559311.0,4202801.5,2201.74365234375,559150.0,559450.0,4202675.0,4202975.0,2108.576171875,2314.946044921875,141.26172,63.76153
fp_F_che31_xi,10,30,72254.3825945612,559352.4375,4203105.5,2306.37255859375,559150.0,559450.0,4202975.0,4203275.0,2225.936279296875,2353.194580078125,145.77805,63.61204
fp_F_che31_xi,10,31,1114.122020073359,559432.9375,4203289.0,2350.90673828125,559398.75,559450.0,4203275.0,4203317.0,2345.197265625,2354.328369140625,144.33093,75.01804
fp_F_che31_xi,11,24,4843.14079674865,559489.5625,4201450.5,1609.8131103515625,559450.0,559549.0,4201390.0,4201475.0,1598.3919677734375,1636.92529296875,139.49359,59.408833
fp_F_che31_xi,11,25,83188.04600020208,559560.9375,4201644.0,1670.468994140625,559450.0,559750.0,4201475.0,4201775.0,1598.8511962890625,1775.2723388671875,139.83167,59.34568
fp_F_che31_xi,11,26,101645.72918303884,559584.5,4201940.5,1781.5426025390625,559450.0,559750.0,4201775.0,4202075.0,1661.4210205078125,1878.4222412109375,131.95587,62.625004
fp_F_che31_xi,11,27,103197.5085026378,559562.875,4202211.5,1888.0684814453125,559450.0,559750.0,4202075.0,4202375.0,1762.9605712890625,1994.0633544921875,133.73209,60.70614
fp_F_che31_xi,11,28,102299.44128314672,559597.25,4202511.0,1990.6693115234375,559450.0,559750.0,4202375.0,4202675.0,1875.575439453125,2108.576171875,135.61075,61.395042
fp_F_che31_xi,11,29,102405.66451087619,559594.5625,4202797.5,2106.556396484375,559450.0,559750.0,4202675.0,4202975.0,2000.7393798828125,2225.936279296875,139.9679,61.530132
fp_F_che31_xi,11,30,105696.37772272354,559587.9375,4203150.5,2260.78662109375,559450.0,559750.0,4202975.0,4203275.0,2128.9462890625,2345.1708984375,150.40472,60.897724
fp_F_che31_xi,11,31,51744.676525237504,559646.9375,4203326.0,2323.034423828125,559450.0,559750.0,4203275.0,4203563.0,2284.421630859375,2360.96875,144.42178,72.88799
fp_F_che31_xi,12,25,5651.811593463026,559771.6875,4201740.0,1640.67333984375,559750.0,559843.4375,4201671.5,4201775.0,1620.6741943359375,1662.418212890625,131.17621,58.780193
fp_F_che31_xi,12,26,76358.39902963796,559862.3125,4201969.5,1683.66455078125,559750.0,560050.0,4201775.0,4202075.0,1611.2623291015625,1762.9605712890625,128.84607,62.0978
fp_F_che31_xi,12,27,102488.1431834805,559929.75,4202206.0,1738.915283203125,559750.0,560050.0,4202075.0,4202375.0,1642.0635986328125,1875.575439453125,133.38705,61.557453
fp_F_che31_xi,12,28,104780.12387787754,559881.8125,4202528.5,1884.330810546875,559750.0,560050.0,4202375.0,4202675.0,1752.2109375,2000.7393798828125,134.65561,59.627945
fp_F_che31_xi,12,29,106778.44722217503,559877.1875,4202807.5,2010.1220703125,559750.0,560050.0,4202675.0,4202975.0,1877.415771484375,2128.9462890625,139.72772,58.523624
fp_F_che31_xi,12,30,106171.58111704988,559902.25,4203140.5,2156.1171875,559750.0,560050.0,4202975.0,4203275.0,2023.0294189453125,2284.421630859375,142.21808,57.968563
fp_F_che31_xi,12,31,102039.71600750872,559896.9375,4203399.0,2280.504150390625,559750.0,560050.0,4203275.0,4203575.0,2157.767578125,2361.292724609375,140.95477,63.16114
fp_F_che31_xi,12,32,34614.25590406976,559977.75,4203613.5,2336.324462890625,559764.625,560050.0,4203575.0,4203809.0,2311.45654296875,2367.609375,144.46918,74.82861
fp_F_che31_xi,13,26,1719.239941828912,560065.3125,4202056.5,1620.9281005859375,560050.0,560096.0625,4202019.5,4202075.0,1609.4581298828125,1642.0635986328125,128.09756,48.029465
fp_F_che31_xi,13,27,64310.3970675894,560153.25,4202307.0,1679.6573486328125,560050.0,560345.0,4202075.0,4202375.0,1599.7054443359375,1752.2109375,127.44086,56.94698
fp_F_che31_xi,13,28,107509.55486982438,560227.3125,4202502.5,1725.5286865234375,560050.0,560350.0,4202375.0,4202675.0,1599.5103759765625,1877.415771484375,134.14435,57.850403
fp_F_che31_xi,13,29,107360.39005913991,560196.9375,4202819.0,1886.0587158203125,560050.0,560350.0,4202675.0,4202975.0,1751.77392578125,2023.0294189453125,139.47641,57.243324
fp_F_che31_xi,13,30,107952.48239167735,560176.875,4203143.5,2044.0419921875,560050.0,560350.0,4202975.0,4203275.0,1888.444580078125,2157.767578125,134.59805,57.040558
fp_F_che31_xi,13,31,109239.09223893913,560192.3125,4203400.5,2156.220947265625,560050.0,560350.0,4203275.0,4203575.0,2022.2930908203125,2311.45654296875,131.77771,56.114887
fp_F_che31_xi,13,32,104917.45500620986,560208.625,4203716.0,2284.625,560050.0,560350.0,4203575.0,4203875.0,2143.734375,2369.3935546875,127.76053,56.862564
fp_F_che31_xi,13,33,16003.615946539985,560265.25,4203894.5,2330.22216796875,560130.625,560350.0,4203875.0,4203983.0,2278.945068359375,2372.31298828125,134.74542,56.762066
fp_F_che31_xi,14,28,48460.84058436804,560426.375,4202612.0,1671.7342529296875,560350.0,560594.3125,4202381.0,4202675.0,1589.940673828125,1751.77392578125,127.30081,50.194447
fp_F_che31_xi,14,29,113401.8457554788,560510.125,4202820.5,1718.3900146484375,560350.0,560650.0,4202675.0,4202975.0,1588.248046875,1888.444580078125,126.54547,51.169277
fp_F_che31_xi,14,30,112173.41389426895,560491.5625,4203134.5,1874.16943359375,560350.0,560650.0,4202975.0,4203275.0,1707.913818359375,2022.2930908203125,128.00735,53.40188
fp_F_che31_xi,14,31,110795.24183666488,560500.5,4203406.5,1989.4539794921875,560350.0,560650.0,4203275.0,4203575.0,1843.448486328125,2143.734375,126.07892,54.466824
fp_F_che31_xi,14,32,83486.96969357935,560467.25,4203674.0,2125.9794921875,560350.0,560650.0,4203575.0,4203875.0,1982.3265380859375,2278.945068359375,131.54431,54.93506
fp_F_che31_xi,14,33,1500.9617507591308,560366.5625,4203886.0,2275.55810546875,560350.0,560407.75,4203875.0,4203918.0,2250.00732421875,2298.644287109375,132.44833,55.82536
fp_F_che31_xi,15,29,27488.637807783518,560715.875,4202909.0,1634.9019775390625,560650.0,560838.4375,4202742.5,4202975.0,1589.284423828125,1707.913818359375,134.5032,52.257862
fp_F_che31_xi,15,30,83575.0098903205,560759.0,4203114.0,1711.88623046875,560650.0,560909.375,4202975.0,4203275.0,1604.9088134765625,1843.448486328125,130.55728,54.772724
fp_F_che31_xi,15,31,51294.12311052369,560720.5625,4203374.0,1846.8646240234375,560650.0,560843.3125,4203275.0,4203575.0,1736.22119140625,1982.3265380859375,130.92068,54.67545
fp_F_che31_xi,15,32,4223.469874625309,560670.875,4203611.0,1989.6031494140625,560650.0,560712.625,4203575.0,4203682.5,1947.964599609375,2038.5184326171875,133.61014,52.844246
fp_F_che32_bei,13,21,12178.009797706114,560312.6875,4200521.0,1797.7503662109375,560237.9375,560350.0,4200412.5,4200575.0,1703.3382568359375,1877.58056640625,139.03876,48.388546
fp_F_che32_bei,13,22,75357.19215164531,560268.0625,4200797.0,2014.757568359375,560131.8125,560350.0,4200575.0,4200875.0,1812.3319091796875,2129.703125,139.6897,47.259357
fp_F_che32_bei,13,23,43332.94241011829,560301.875,4201000.5,2131.91748046875,560162.375,560350.0,4200875.0,4201175.0,2020.962646484375,2222.520751953125,137.94876,50.085083
fp_F_che32_bei,13,24,1872.5955874080862,560338.4375,4201194.0,2224.997314453125,560308.9375,560350.0,4201175.0,4201259.0,2216.3984375,2248.509765625,157.94568,67.34914
fp_F_che32_bei,14,21,44046.593411053895,560489.375,4200545.0,1707.3746337890625,560350.0,560630.9375,4200358.0,4200575.0,1645.0439453125,1812.3319091796875,138.30301,48.404747
fp_F_che32_bei,14,22,122723.63420134361,560529.1875,4200728.0,1802.459716796875,560350.0,560650.0,4200575.0,4200875.0,1656.88232421875,2020.962646484375,135.68167,47.659126
fp_F_che32_bei,14,23,125685.1285940269,560530.125,4201028.0,2014.541748046875,560350.0,560650.0,4200875.0,4201175.0,1825.0634765625,2216.3984375,140.42368,46.00571
fp_F_che32_bei,14,24,97863.81563715915,560544.8125,4201297.5,2180.84716796875,560350.0,560650.0,4201175.0,4201475.0,2052.7001953125,2315.373046875,132.74548,52.707104
fp_F_che32_bei,14,25,40842.47418372353,560596.25,4201541.0,2282.26025390625,560455.625,560650.0,4201475.0,4201739.0,2213.765380859375,2381.153076171875,136.37378,51.4065
fp_F_che32_bei,15,22,55925.96065113173,560803.0625,4200807.5,1702.029541015625,560650.0,560950.0,4200592.0,4200875.0,1657.8096923828125,1825.0634765625,142.94672,52.911674
fp_F_che32_bei,15,23,121673.94051618502,560829.125,4200992.5,1820.0552978515625,560650.0,560950.0,4200875.0,4201175.0,1678.19873046875,2052.7001953125,143.87695,48.43665
fp_F_che32_bei,15,24,116607.35762560835,560804.5625,4201334.0,2055.263671875,560650.0,560950.0,4201175.0,4201475.0,1880.074951171875,2213.765380859375,137.86981,51.179146
fp_F_che32_bei,15,25,112037.98029162541,560804.4375,4201601.5,2215.405029296875,560650.0,560950.0,4201475.0,4201775.0,2064.689453125,2369.375,139.68686,53.50359
fp_F_che32_bei,15,26,24119.40708342425,560847.125,4201817.5,2313.012939453125,560713.3125,560950.0,4201775.0,4201909.5,2242.243896484375,2361.13134765625,142.3826,50.874485
fp_F_che32_bei,16,22,182.89183749104214,560956.6875,4200871.5,1676.7034912109375,560950.0,560966.875,4200860.0,4200875.0,1672.3990478515625,1680.186279296875,142.99484,54.017853
fp_F_che32_bei,16,23,67726.0530377135,561050.1875,4201053.0,1749.9295654296875,560950.0,561250.0,4200875.0,4201175.0,1673.2191162109375,1880.074951171875,143.6912,50.45444
fp_F_che32_bei,16,24,115184.55057874124,561107.3125,4201315.0,1883.734619140625,560950.0,561250.0,4201175.0,4201475.0,1730.5618896484375,2064.689453125,139.6268,51.365154
fp_F_che32_bei,16,25,116363.66876432224,561096.1875,4201606.0,2071.285400390625,560950.0,561250.0,4201475.0,4201775.0,1906.3623046875,2242.243896484375,139.54602,51.23936
fp_F_che32_bei,16,26,91595.13525431136,561124.625,4201902.5,2237.784912109375,560950.0,561250.0,4201775.0,4202075.0,2096.397216796875,2330.33203125,143.663,52.214535
fp_F_che32_bei,16,27,56.69919097953024,561247.375,4202076.5,2287.014892578125,561241.1875,561250.0,4202075.0,4202080.0,2284.131103515625,2292.433837890625,148.7251,24.005135
fp_F_che32_bei,17,23,619.219670672171,561262.3125,4201168.5,1725.3304443359375,561250.0,561284.4375,4201141.0,4201175.0,1719.8388671875,1730.5618896484375,155.74826,73.6149
fp_F_che32_bei,17,24,66822.56195319873,561348.0625,4201354.0,1790.4017333984375,561250.0,561550.0,4201175.0,4201475.0,1724.702392578125,1906.3623046875,142.20148,54.11805
fp_F_che32_bei,17,25,118293.18147590078,561423.25,4201584.0,1891.1146240234375,561250.0,561550.0,4201475.0,4201775.0,1768.8800048828125,2096.397216796875,141.94598,51.000465
fp_F_che32_bei,17,26,114375.95766514304,561417.5,4201915.5,2109.659912109375,561250.0,561550.0,4201775.0,4202075.0,1956.4747314453125,2284.860107421875,144.2655,51.95026
fp_F_che32_bei,17,27,14505.390285836687,561347.6875,4202086.5,2248.2470703125,561250.0,561517.8125,4202075.0,4202158.0,2163.4931640625,2291.288818359375,143.0437,52.88214
fp_F_che32_bei,18,24,748.7347381368971,561562.6875,4201462.5,1767.5814208984375,561550.0,561588.0,4201437.5,4201475.0,1762.180419921875,1773.019287109375,153.50632,72.10206
fp_F_che32_bei,18,25,69228.87377583563,561657.625,4201655.5,1827.6533203125,561550.0,561850.0,4201475.0,4201775.0,1767.544677734375,1956.4747314453125,145.78131,53.462242
fp_F_che32_bei,18,26,71670.89043086002,561666.5,4201828.5,1938.5771484375,561550.0,561850.0,4201775.0,4202054.5,1818.9307861328125,2136.34912109375,146.30258,51.0776
fp_F_che32_bei,19,25,957.8720677666247,561864.6875,4201762.5,1809.638427734375,561850.0,561892.0625,4201733.5,4201775.0,1804.5220947265625,1818.9307861328125,154.03192,72.07473
fp_F_che32_bei,19,26,5620.76714046768,561876.125,4201801.0,1830.1640625,561850.0,561930.0625,4201775.0,4201863.5,1809.0277099609375,1883.343017578125,151.88596,51.311493
fp_F_che32_xi,8,20,25596.499271318404,558797.5,4200219.0,1810.071533203125,558698.375,558850.0,4200081.0,4200275.0,1693.0941162109375,1866.7222900390625,154.18677,52.68549
fp_F_che32_xi,8,21,25870.444492719973,558813.5,4200374.0,1876.711181640625,558727.3125,558850.0,4200275.0,4200575.0,1833.22119140625,1922.3739013671875,174.39136,76.92146
fp_F_che32_xi,8,22,974.3813949040995,558842.1875,4200598.5,1915.3369140625,558826.5,558850.0,4200575.0,4200646.0,1906.197265625,1920.3751220703125,91.2525,58.891098
fp_F_che32_xi,9,19,183.3078643537891,559017.75,4199974.5,1546.195556640625,559001.125,559037.8125,4199967.0,4199975.0,1542.156005859375,1552.7481689453125,160.34958,48.451218
fp_F_che32_xi,9,20,105548.90797791605,559045.9375,4200143.5,1669.5986328125,558850.0,559150.0,4199975.0,4200275.0,1542.29736328125,1833.22119140625,157.08939,49.972965
fp_F_che32_xi,9,21,112326.91233011319,559055.9375,4200420.5,1855.009033203125,558850.0,559150.0,4200275.0,4200575.0,1740.3946533203125,1979.24560546875,155.91406,58.194225
fp_F_che32_xi,9,22,93931.88087439095,559066.1875,4200722.0,1974.600341796875,558850.0,559150.0,4200575.0,4200875.0,1910.1776123046875,2039.75927734375,16.214752,78.9506
fp_F_che32_xi,9,23,61239.28631700159,559070.9375,4201021.5,2021.8277587890625,558925.8125,559150.0,4200875.0,4201175.0,1962.177001953125,2073.82861328125,51.831055,76.64482
fp_F_che32_xi,9,24,26439.914787197504,559114.0625,4201283.5,2064.844482421875,559025.0625,559150.0,4201175.0,4201475.0,2018.1666259765625,2091.544677734375,83.01947,67.15494
fp_F_che32_xi,9,25,1160.304758456374,559141.4375,4201501.0,2084.139892578125,559124.375,559150.0,4201475.0,4201552.5,2074.15625,2089.643310546875,91.25116,58.84655
fp_F_che32_xi,10,20,81826.19518480719,559312.5625,4200190.5,1622.4739990234375,559150.0,559450.0,4200010.5,4200275.0,1542.92431640625,1740.3946533203125,154.62305,52.386166
fp_F_che32_xi,10,21,109344.76501152114,559294.1875,4200437.0,1769.6446533203125,559150.0,559450.0,4200275.0,4200575.0,1615.2015380859375,1910.1776123046875,135.71579,55.759197
fp_F_che32_xi,10,22,107908.7819094799,559277.5,4200739.0,1895.778564453125,559150.0,559450.0,4200575.0,4200875.0,1749.951416015625,1997.099609375,118.730316,57.662975
fp_F_che32_xi,10,23,101283.08321099581,559282.5625,4201026.5,1961.3048095703125,559150.0,559450.0,4200875.0,4201175.0,1844.4052734375,2054.2216796875,112.68939,62.899483
fp_F_che32_xi,10,24,102751.90936883465,559313.25,4201337.0,2019.2816162109375,559150.0,559450.0,4201175.0,4201475.0,1924.6226806640625,2107.9052734375,124.72479,66.72386
fp_F_che32_xi,10,25,91694.47751975685,559322.0625,4201618.0,2075.236083984375,559150.0,559450.0,4201475.0,4201775.0,2008.595458984375,2141.989501953125,124.53815,70.07901
fp_F_che32_xi,10,26,50777.43715669574,559380.0,4201858.0,2106.052001953125,559223.625,559450.0,4201775.0,4202075.0,2063.212890625,2160.451904296875,121.328186,68.1572
fp_F_che32_xi,10,27,429.06367137187664,559440.5625,4202084.0,2134.929443359375,559421.6875,559450.0,4202075.0,4202102.0,2128.355712890625,2140.2041015625,124.86566,62.97654
fp_F_che32_xi,11,20,21788.2273175752,559514.25,4200214.0,1564.1024169921875,559450.0,559640.0,4200105.5,4200275.0,1540.517333984375,1615.2015380859375,137.32172,62.930996
fp_F_che32_xi,11,21,98391.42551817962,559620.125,4200436.5,1606.1080322265625,559450.0,559750.0,4200275.0,4200575.0,1536.3203125,1749.951416015625,124.68881,58.208897
fp_F_che32_xi,11,22,107267.51769233502,559648.75,4200740.5,1691.7545166015625,559450.0,559750.0,4200575.0,4200875.0,1581.9501953125,1844.4052734375,121.89105,57.197937
fp_F_che32_xi,11,23,103943.59103729068,559620.8125,4201007.0,1792.1893310546875,559450.0,559750.0,4200875.0,4201175.0,1685.59130859375,1924.6226806640625,121.23071,59.673817
fp_F_che32_xi,11,24,102029.9009684979,559575.9375,4201324.0,1907.560302734375,559450.0,559750.0,4201175.0,4201475.0,1791.682861328125,2008.595458984375,121.81613,61.378807
fp_F_che32_xi,11,25,100689.34545221445,559583.375,4201635.5,1978.387451171875,559450.0,559750.0,4201475.0,4201775.0,1868.7955322265625,2063.212890625,115.85141,64.13382
fp_F_che32_xi,11,26,98534.86929440116,559593.9375,4201916.0,2040.0450439453125,559450.0,559750.0,4201775.0,4202075.0,1937.36376953125,2128.355712890625,123.50589,66.41488
fp_F_che32_xi,11,27,52075.98824201022,559625.125,4202145.0,2092.443603515625,559450.0,559750.0,4202075.0,4202337.5,2032.7080078125,2136.22802734375,137.18845,65.5115
fp_F_che32_xi,12,21,10700.986362228716,559766.0625,4200480.0,1550.4110107421875,559750.0,559856.3125,4200404.0,4200575.0,1534.39697265625,1581.9501953125,126.0542,65.819534
fp_F_che32_xi,12,22,65244.835228401855,559832.4375,4200784.5,1616.3955078125,559750.0,560026.1875,4200575.0,4200875.0,1545.947265625,1685.59130859375,128.67474,61.453415
fp_F_che32_xi,12,23,103659.38381114745,559917.6875,4201006.0,1660.618408203125,559750.0,560050.0,4200875.0,4201175.0,1568.2962646484375,1791.682861328125,129.0726,60.688583
fp_F_che32_xi,12,24,101236.37775939766,559898.0,4201313.0,1761.547119140625,559750.0,560050.0,4201175.0,4201475.0,1660.23974609375,1868.7955322265625,117.433044,62.7782
fp_F_che32_xi,12,25,101531.37059228057,559910.9375,4201615.0,1824.851318359375,559750.0,560050.0,4201475.0,4201775.0,1727.79833984375,1937.36376953125,117.716095,62.446114
fp_F_che32_xi,12,26,103194.0954378257,559880.25,4201924.5,1930.0675048828125,559750.0,560050.0,4201775.0,4202075.0,1805.386474609375,2034.3106689453125,129.6885,61.24133
fp_F_che32_xi,12,27,94808.43531207621,559887.5,4202207.0,2040.561767578125,559750.0,560050.0,4202075.0,4202375.0,1914.966552734375,2131.965576171875,140.10474,60.04399
fp_F_che32_xi,12,28,1804.9776867430078,559882.4375,4202380.5,2123.91357421875,559824.1875,559926.625,4202375.0,4202407.0,2107.28076171875,2137.2080078125,157.40576,57.949085
fp_F_che32_xi,13,23,17759.03565314591,560080.125,4201054.0,1604.3260498046875,560050.0,560165.6875,4200917.0,4201175.0,1571.4251708984375,1660.23974609375,125.697815,59.13134
fp_F_che32_xi,13,24,56783.63739147907,560121.4375,4201351.5,1668.0494384765625,560050.0,560272.1875,4201175.0,4201475.0,1605.0445556640625,1727.79833984375,118.986694,64.45319
fp_F_che32_xi,13,25,91112.11362767614,560162.0,4201630.5,1719.47607421875,560050.0,560350.0,4201475.0,4201775.0,1647.9365234375,1805.386474609375,125.992004,64.81555
fp_F_che32_xi,13,26,100564.69690601267,560192.8125,4201883.5,1789.2265625,560050.0,560350.0,4201775.0,4202075.0,1695.2962646484375,1914.966552734375,135.1131,61.1329
fp_F_che32_xi,13,27,27032.401519662846,560116.4375,4202127.0,1919.054931640625,560050.0,560280.3125,4202075.0,4202274.0,1834.5240478515625,2012.8226318359375,144.44174,59.079426
fp_F_che32_xi,14,25,1116.288238320623,560359.1875,4201749.0,1688.6339111328125,560350.0,560377.5625,4201696.5,4201775.0,1679.6802978515625,1695.2962646484375,141.43896,75.726875
fp_F_che32_xi,14,26,13592.315940169297,560368.6875,4201880.0,1722.421875,560350.0,560434.625,4201775.0,4202013.0,1690.92529296875,1780.1778564453125,130.54907,62.585922
fp_F_che32_xi_01,5,18,71555.33971890982,557908.125,4199576.0,1519.537841796875,557801.6875,557950.0,4199377.5,4199675.0,1390.9000244140625,1695.4443359375,106.83679,24.778614
fp_F_che32_xi_01,5,19,17104.863447100575,557931.5625,4199716.0,1484.42626953125,557878.5,557950.0,4199675.0,4199865.5,1404.844970703125,1550.80029296875,106.6304,23.350353
fp_F_che32_xi_01,6,18,38940.76727633861,558021.1875,4199599.0,1673.83447265625,557950.0,558147.0625,4199435.5,4199675.0,1550.80029296875,1741.6220703125,119.89685,40.19653
fp_F_che32_xi_01,6,19,127315.27426880883,558088.0,4199810.0,1620.7366943359375,557950.0,558250.0,4199675.0,4199975.0,1426.71826171875,1765.5579833984375,118.41345,39.96076
fp_F_che32_xi_01,6,20,74651.15461715336,558180.9375,4200105.5,1539.3753662109375,558005.75,558250.0,4199975.0,4200275.0,1422.8560791015625,1698.4541015625,125.97574,39.511433
fp_F_che32_xi_01,6,21,3764.6781357877226,558221.25,4200299.0,1434.7314453125,558186.5625,558250.0,4200275.0,4200354.0,1418.813232421875,1475.701171875,131.5014,43.517967
fp_F_che32_xi_01,7,19,17726.2292141703,558303.625,4199929.5,1759.29296875,558250.0,558393.25,4199800.5,4199975.0,1698.4541015625,1795.799072265625,121.35626,53.98097
fp_F_che32_xi_01,7,20,109786.65725484984,558369.1875,4200119.0,1687.5394287109375,558250.0,558550.0,4199975.0,4200275.0,1475.701171875,1811.8671875,130.664,43.61119
fp_F_che32_xi_01,7,21,85683.90020050401,558397.75,4200343.5,1561.66015625,558250.0,558550.0,4200275.0,4200516.0,1414.531005859375,1738.204833984375,123.05014,42.35373
fp_F_che32_xi_01,8,20,8105.298636298247,558583.875,4200239.0,1793.998779296875,558550.0,558628.1875,4200173.0,4200275.0,1738.204833984375,1830.8896484375,119.94748,35.82148
fp_F_che32_xi_01,8,21,46330.18277699046,558601.25,4200332.5,1760.3287353515625,558550.0,558752.6875,4200275.0,4200503.5,1616.221435546875,1861.1949462890625,117.12317,40.607735
fp_F_che32_xi_02,1,23,1098.9884142359983,556744.3125,4201085.0,1901.861572265625,556710.0625,556750.0,4201060.5,4201105.0,1884.1781005859375,1908.5567626953125,150.37726,59.231644
fp_F_che32_xi_02,2,23,46192.38078529998,556868.25,4201140.5,1900.196044921875,556750.0,557050.0,4201045.0,4201175.0,1767.446044921875,1931.780517578125,162.54248,52.14922
fp_F_che32_xi_02,2,24,32569.52527388593,556954.4375,4201236.5,1930.7691650390625,556815.5,557050.0,4201175.0,4201425.5,1899.6669921875,1974.951171875,163.69073,73.18766
fp_F_che32_xi_02,3,23,59577.33785871109,557184.875,4201132.5,1809.2659912109375,557050.0,557350.0,4201029.5,4201175.0,1650.714111328125,1899.6707763671875,160.00458,43.822384
fp_F_che32_xi_02,3,24,107038.82327736537,557173.375,4201349.0,1935.3341064453125,557050.0,557350.0,4201175.0,4201475.0,1784.1748046875,2017.2669677734375,159.20831,65.42757
fp_F_che32_xi_02,3,25,37906.96866350604,557241.1875,4201545.5,1999.5052490234375,557095.875,557350.0,4201475.0,4201746.5,1961.3211669921875,2041.3455810546875,108.926605,73.989334
fp_F_che32_xi_02,4,23,63510.98022710004,557560.5625,4201110.0,1652.1195068359375,557350.0,557650.0,4201015.0,4201175.0,1536.3291015625,1784.1748046875,158.26465,46.93381
fp_F_che32_xi_02,4,24,120543.43143151618,557518.5,4201347.0,1860.3310546875,557350.0,557650.0,4201175.0,4201475.0,1677.049072265625,2000.1270751953125,160.79706,49.23153
fp_F_che32_xi_02,4,25,102466.87165225745,557533.875,4201634.5,2020.052978515625,557350.0,557650.0,4201475.0,4201775.0,1935.1082763671875,2102.621826171875,10.795624,70.19999
fp_F_che32_xi_02,4,26,43772.79879892283,557579.6875,4201821.0,2072.186279296875,557376.6875,557650.0,4201775.0,4202067.0,2006.15966796875,2107.739990234375,117.00299,68.11628
fp_F_che32_xi_02,5,23,49020.98790485198,557789.4375,4201120.0,1573.413818359375,557650.0,557950.0,4201017.5,4201175.0,1500.108642578125,1677.049072265625,154.91418,46.372562
fp_F_che32_xi_02,5,24,125144.17069804264,557815.625,4201340.0,1756.21435546875,557650.0,557950.0,4201175.0,4201475.0,1556.7906494140625,1935.1082763671875,156.21338,46.31861
fp_F_che32_xi_02,5,25,111334.09381376133,557796.1875,4201628.5,1966.5006103515625,557650.0,557950.0,4201475.0,4201775.0,1810.0885009765625,2098.91943359375,138.72293,55.274143
fp_F_che32_xi_02,5,26,103354.13391395597,557785.625,4201916.0,2067.316650390625,557650.0,557950.0,4201775.0,4202075.0,1962.932861328125,2128.787353515625,124.78381,75.29752
fp_F_che32_xi_02,5,27,51259.1980641522,557870.0,4202150.5,2100.461669921875,557657.5,557950.0,4202075.0,4202375.0,2050.998291015625,2132.052978515625,92.80426,80.65712
fp_F_che32_xi_02,5,28,79.42561828335414,557946.0625,4202379.0,2097.924560546875,557938.3125,557950.0,4202375.0,4202387.5,2095.8369140625,2100.23193359375,118.25104,66.88385
fp_F_che32_xi_02,6,23,7656.898280533734,558014.875,4201162.5,1521.4150390625,557950.0,558105.5625,4201112.0,4201175.0,1493.609619140625,1556.7906494140625,159.10443,46.177032
fp_F_che32_xi_02,6,24,118655.55126337857,558084.75,4201316.0,1632.02490234375,557950.0,558250.0,4201175.0,4201475.0,1492.220947265625,1810.0885009765625,156.41571,48.36227
fp_F_che32_xi_02,6,25,111264.6909359754,558104.75,4201636.0,1816.3892822265625,557950.0,558250.0,4201475.0,4201775.0,1662.1578369140625,1962.932861328125,132.5733,54.49372
fp_F_che32_xi_02,6,26,107632.68722075537,558104.0,4201940.0,1952.2164306640625,557950.0,558250.0,4201775.0,4202075.0,1804.0516357421875,2080.812255859375,129.64972,56.867447
fp_F_che32_xi_02,6,27,102914.30855817685,558061.1875,4202195.5,2063.642333984375,557950.0,558250.0,4202075.0,4202375.0,1939.099853515625,2131.593505859375,126.88159,64.15407
fp_F_che32_xi_02,6,28,49056.57427874376,558142.0625,4202435.5,2106.272216796875,557950.0,558250.0,4202375.0,4202612.0,2066.947265625,2143.48291015625,156.9349,75.45835
fp_F_che32_xi_02,7,24,44520.36055298072,558335.25,4201384.5,1576.6705322265625,558250.0,558526.4375,4201233.5,4201475.0,1515.9927978515625,1662.1578369140625,142.1929,54.40385
fp_F_che32_xi_02,7,25,108546.55625059824,558373.0625,4201625.0,1672.4527587890625,558250.0,558550.0,4201475.0,4201775.0,1545.8575439453125,1804.0516357421875,132.34238,56.614956
fp_F_che32_xi_02,7,26,109770.31522618874,558419.5625,4201951.5,1799.1126708984375,558250.0,558550.0,4201775.0,4202075.0,1647.87255859375,1939.099853515625,132.50027,54.967506
fp_F_che32_xi_02,7,27,107259.19282444911,558402.125,4202211.0,1927.0877685546875,558250.0,558550.0,4202075.0,4202375.0,1790.933349609375,2066.947265625,134.85938,56.934
fp_F_che32_xi_02,7,28,80103.67895839109,558347.4375,4202450.5,2059.43017578125,558250.0,558550.0,4202375.0,4202641.5,1942.125,2158.26611328125,139.82074,59.75744
fp_F_che32_xi_02,8,25,27876.89171948444,558636.6875,4201724.5,1586.4962158203125,558550.0,558736.5625,4201508.5,4201775.0,1548.2423095703125,1647.87255859375,131.20966,59.94882
fp_F_che32_xi_02,8,26,97015.94522357042,558686.9375,4201908.0,1643.8125,558550.0,558850.0,4201775.0,4202075.0,1567.1505126953125,1790.933349609375,132.73694,56.141846
fp_F_che32_xi_02,8,27,104633.43602985963,558696.0,4202235.0,1801.1534423828125,558550.0,558850.0,4202075.0,4202375.0,1642.119873046875,1942.125,139.07098,54.113876
fp_F_che32_xi_02,8,28,15604.431119848268,558614.3125,4202404.0,1930.6246337890625,558550.0,558731.9375,4202375.0,4202516.0,1862.663818359375,2018.804931640625,140.51993,55.195805
fp_F_che32_xi_02,9,26,5418.620617136253,558857.6875,4201983.0,1597.474609375,558850.0,558918.5,4201937.0,4202075.0,1578.6444091796875,1642.119873046875,145.54126,60.836845
fp_F_che32_xi_02,9,27,20247.181616621667,558877.5625,4202149.5,1674.0101318359375,558850.0,558974.25,4202075.0,4202283.5,1620.491455078125,1761.338134765625,145.24008,55.316734
fp_F_che32_xi_03,7,22,87.96193864109503,558512.75,4200875.0,1887.075439453125,558503.75,558519.1875,4200871.0,4200875.0,1868.5277099609375,1895.7362060546875,141.20712,20.020107
fp_F_che32_xi_03,7,23,104540.18072547951,558503.6875,4201015.0,1742.452880859375,558342.75,558550.0,4200875.0,4201175.0,1490.9840087890625,1924.2535400390625,118.2814,29.009373
fp_F_che32_xi_03,7,24,13651.707666242313,558507.3125,4201197.5,1591.7109375,558407.5625,558550.0,4201175.0,4201284.0,1507.21728515625,1650.05322265625,130.88007,37.381504
fp_F_che32_xi_03,8,23,103985.79277353249,558633.0625,4201052.0,1847.781494140625,558550.0,558850.0,4200893.5,4201175.0,1650.05322265625,2022.0899658203125,134.60477,35.57068
fp_F_che32_xi_03,8,24,73763.17328652219,558671.25,4201231.0,1726.970703125,558550.0,558850.0,4201175.0,4201336.0,1559.40087890625,1957.7152099609375,128.1966,36.98166
fp_F_che32_xi_03,9,23,1704.3400376404518,558862.1875,4201155.5,1988.6341552734375,558850.0,558877.25,4201111.5,4201175.0,1957.7152099609375,2009.73046875,122.45279,33.12789
fp_F_che32_xi_03,9,24,14152.720810341048,558868.5625,4201211.0,1953.4595947265625,558850.0,558936.3125,4201175.0,4201319.5,1854.15185546875,1993.7769775390625,121.37564,35.71466
fp_F_che32_xibei,11,20,18991.559798697494,559675.3125,4200238.0,1779.50146484375,559587.0625,559750.0,4200187.5,4200275.0,1704.6236572265625,1853.237548828125,105.81085,48.488274
fp_F_che32_xibei,11,21,56134.24420486106,559678.25,4200426.5,1855.0062255859375,559588.6875,559750.0,4200275.0,4200575.0,1720.285888671875,1942.2154541015625,122.45065,47.74492
fp_F_che32_xibei,11,22,12062.398611357678,559706.75,4200635.0,1961.0391845703125,559658.1875,559750.0,4200575.0,4200765.0,1890.39990234375,2034.139404296875,142.14581,46.103397
fp_F_che32_xibei,12,20,24010.578380514493,559879.8125,4200250.0,1614.0712890625,559750.0,559997.5625,4200187.5,4200275.0,1548.3089599609375,1720.285888671875,110.64511,51.634357
fp_F_che32_xibei,12,21,121746.82988362796,559925.8125,4200430.5,1690.5928955078125,559750.0,560050.0,4200275.0,4200575.0,1561.3785400390625,1890.39990234375,139.23862,47.604256
fp_F_che32_xibei,12,22,118363.48024376296,559932.25,4200719.0,1887.1329345703125,559750.0,560050.0,4200575.0,4200875.0,1720.0841064453125,2057.412109375,137.24738,47.66285
fp_F_che32_xibei,12,23,32893.17010692781,559967.9375,4200932.5,1998.9989013671875,559832.875,560050.0,4200875.0,4201102.0,1903.1024169921875,2052.93017578125,131.75998,46.672287
fp_F_che32_xibei,13,21,29033.83103175495,560115.8125,4200518.0,1638.279541015625,560050.0,560241.25,4200339.5,4200575.0,1571.0126953125,1720.0841064453125,138.09647,47.72467
fp_F_che32_xibei,13,22,109064.0329658941,560160.9375,4200731.5,1744.9014892578125,560050.0,560350.0,4200575.0,4200875.0,1606.1551513671875,1903.1024169921875,132.68707,48.980194
fp_F_che32_xibei,13,23,99077.0687175973,560153.1875,4201000.0,1908.9290771484375,560050.0,560350.0,4200875.0,4201175.0,1707.82958984375,2036.6522216796875,132.57202,48.55556
fp_F_che32_xibei,13,24,507.35549871841494,560138.6875,4201178.0,2021.0533447265625,560119.8125,560161.125,4201175.0,4201193.5,2004.9783935546875,2031.419189453125,129.15875,49.43212
fp_F_che32_xibei,14,22,7492.562452820571,560373.875,4200837.5,1675.6353759765625,560350.0,560431.5625,4200720.5,4200875.0,1630.7470703125,1707.82958984375,135.86963,56.052876
fp_F_che32_xibei,14,23,14719.6335865645,560389.0,4200921.5,1716.1441650390625,560350.0,560464.5625,4200875.0,4201027.0,1667.3826904296875,1804.0609130859375,138.14496,50.001175
fp_F_che40,71,10,5107.2584341165275,577677.0,4197265.5,2315.222412109375,577629.6875,577750.0,4197236.5,4197275.0,2270.91552734375,2336.337890625,172.87573,39.752842
fp_F_che40,71,11,54159.59585540487,577687.5,4197386.5,2464.419921875,577562.875,577750.0,4197275.0,4197523.5,2315.263671875,2609.524658203125,165.5286,37.386326
fp_F_che40,72,10,20789.94198894452,577919.375,4197262.0,2262.8505859375,577750.0,578050.0,4197212.5,4197275.0,2221.609130859375,2315.263671875,166.32056,42.48913
fp_F_che40,72,11,133739.1714892995,577902.0625,4197428.0,2453.252197265625,577750.0,578050.0,4197275.0,4197575.0,2236.869140625,2628.50537109375,164.91754,40.582077
fp_F_che40,72,12,13850.793445728385,577949.625,4197600.0,2625.120361328125,577861.5,578050.0,4197575.0,4197658.5,2580.78076171875,2664.2607421875,162.2662,47.68234
fp_F_che40,73,10,1921.609076583454,578078.375,4197271.0,2229.694580078125,578050.0,578174.625,4197248.0,4197275.0,2218.6689453125,2236.869140625,165.3291,60.82714
fp_F_che40,73,11,133345.3976191729,578198.75,4197428.0,2368.6845703125,578050.0,578350.0,4197275.0,4197575.0,2214.531005859375,2580.78076171875,166.2009,39.768745
fp_F_che40,73,12,76533.9902486358,578236.75,4197672.5,2621.520751953125,578050.0,578350.0,4197575.0,4197790.0,2508.00048828125,2694.60791015625,164.12723,47.429554
fp_F_che40,74,11,119418.1401686068,578500.125,4197491.5,2383.487548828125,578350.0,578650.0,4197313.0,4197575.0,2207.45263671875,2526.811279296875,175.79846,33.64265
fp_F_che40,74,12,125013.3157596364,578515.0,4197739.0,2625.90478515625,578350.0,578650.0,4197575.0,4197875.0,2461.655029296875,2713.6328125,168.97278,55.065777
fp_F_che40,74,13,5487.546969581547,578602.5625,4197889.5,2645.55322265625,578543.9375,578650.0,4197875.0,4197921.5,2624.00537109375,2694.548095703125,156.9978,27.201704
fp_F_che40,75,11,97071.57317470435,578819.25,4197501.0,2323.01318359375,578650.0,578950.0,4197378.0,4197575.0,2200.37451171875,2503.335693359375,167.02222,28.156874
fp_F_che40,75,12,125629.51897139457,578802.0625,4197796.5,2634.274658203125,578650.0,578950.0,4197575.0,4197875.0,2376.169677734375,2722.732421875,165.46344,47.250046
fp_F_che40,75,13,52036.81039391683,578847.25,4197919.5,2689.05126953125,578650.0,578950.0,4197875.0,4198053.0,2620.494873046875,2728.694091796875,164.53552,62.12925
fp_F_che40,76,11,52229.72879741498,579103.75,4197533.0,2261.098388671875,578950.0,579250.0,4197443.0,4197575.0,2193.296142578125,2376.169677734375,165.25436,35.923443
fp_F_che40,76,12,131214.96159665415,579108.125,4197733.5,2459.87451171875,578950.0,579250.0,4197575.0,4197875.0,2254.039306640625,2669.303955078125,155.56415,43.36764
fp_F_che40,76,13,109654.95974209745,579110.125,4198003.5,2647.93115234375,578950.0,579250.0,4197875.0,4198175.0,2523.24658203125,2729.425048828125,135.27313,65.16016
fp_F_che40,76,14,196.032572219926,579242.875,4198178.5,2621.948974609375,579228.3125,579250.0,4198175.0,4198184.5,2616.984375,2630.760498046875,156.65659,32.42635
fp_F_che40,77,11,13144.778721984476,579313.8125,4197548.5,2214.194091796875,579250.0,579464.0625,4197508.0,4197575.0,2178.367919921875,2254.039306640625,163.05566,42.170387
fp_F_che40,77,12,124991.460590996,579380.125,4197735.0,2356.54638671875,579250.0,579550.0,4197575.0,4197875.0,2165.262939453125,2523.24658203125,154.31143,45.890247
fp_F_che40,77,13,124380.15518339643,579391.9375,4198050.5,2588.633056640625,579250.0,579550.0,4197875.0,4198175.0,2398.082763671875,2722.06982421875,163.24176,52.758102
fp_F_che40,77,14,37243.17212885635,579453.875,4198206.0,2665.681884765625,579250.0,579550.0,4198175.0,4198316.0,2613.4736328125,2711.59130859375,160.29626,57.936584
fp_F_che40,78,12,78584.00542342005,579708.3125,4197806.0,2264.821533203125,579550.0,579850.0,4197616.5,4197875.0,2151.9150390625,2398.082763671875,154.30035,44.772636
fp_F_che40,78,13,129366.62020004635,579662.125,4197989.0,2453.238525390625,579550.0,579850.0,4197875.0,4198175.0,2267.091064453125,2660.940185546875,158.18338,44.34367
fp_F_che40,78,14,84289.32253940642,579709.0,4198272.0,2650.7861328125,579550.0,579850.0,4198175.0,4198447.5,2578.05859375,2702.456298828125,131.52762,81.301796
fp_F_che40,79,12,13007.222656148158,579928.9375,4197847.0,2200.850830078125,579850.0,580020.0625,4197777.5,4197875.0,2171.83642578125,2267.091064453125,151.48166,42.715042
fp_F_che40,79,13,132374.9014032166,580006.125,4197995.0,2313.001953125,579850.0,580150.0,4197875.0,4198175.0,2178.914794921875,2578.05859375,154.99088,40.05055
fp_F_che40,79,14,116941.76247890251,579995.3125,4198359.0,2615.4658203125,579850.0,580150.0,4198175.0,4198475.0,2440.089111328125,2682.8427734375,154.52197,62.71644
fp_F_che40,79,15,19717.811163556595,580069.125,4198496.0,2644.23828125,579911.625,580150.0,4198475.0,4198579.5,2606.45263671875,2671.28955078125,159.30823,60.830727
fp_F_che40,80,13,67376.70060333991,580311.4375,4198122.5,2278.529541015625,580150.0,580450.0,4197950.0,4198175.0,2184.323486328125,2440.089111328125,151.16226,37.56586
fp_F_che40,80,14,140608.853306088,580286.3125,4198332.5,2519.021728515625,580150.0,580450.0,4198175.0,4198475.0,2260.0595703125,2663.979248046875,151.94327,40.80455
fp_F_che40,80,15,64119.585901184706,580327.1875,4198571.5,2637.018310546875,580150.0,580450.0,4198475.0,4198711.0,2578.4580078125,2663.22900390625,88.67316,86.57512
fp_F_che40,81,13,2887.4549144695684,580475.1875,4198165.0,2218.05615234375,580450.0,580502.0625,4198134.5,4198175.0,2197.18701171875,2260.0595703125,143.04343,22.007778
fp_F_che40,81,14,115740.20423360859,580581.9375,4198340.5,2317.763671875,580450.0,580750.0,4198175.0,4198475.0,2199.66650390625,2578.4580078125,140.10571,36.04745
fp_F_che40,81,15,123412.30829073425,580568.375,4198644.0,2565.57958984375,580450.0,580750.0,4198475.0,4198775.0,2311.534912109375,2643.615478515625,139.9415,49.054184
fp_F_che40,81,16,8208.800777721792,580687.8125,4198794.5,2613.775634765625,580596.0,580750.0,4198775.0,4198842.5,2587.359619140625,2630.901123046875,156.15118,65.11229
fp_F_che40,82,14,16750.281678109524,580804.375,4198451.0,2241.341796875,580750.0,580887.5,4198368.0,4198475.0,2196.068115234375,2311.534912109375,141.04651,34.629566
fp_F_che40,82,15,140417.27571394847,580881.25,4198605.0,2333.52587890625,580750.0,581050.0,4198475.0,4198775.0,2186.419921875,2587.359619140625,145.55005,38.968857
fp_F_che40,82,16,61914.75677873903,580921.8125,4198840.5,2548.37939453125,580750.0,581050.0,4198775.0,4198974.0,2397.611328125,2623.1845703125,151.2074,39.773617
fp_F_che40,83,15,27115.9379644498,581094.375,4198697.0,2281.918701171875,581050.0,581195.1875,4198601.5,4198775.0,2212.9677734375,2397.611328125,146.05768,37.345158
fp_F_che40,83,16,68237.99385974872,581106.625,4198878.0,2469.964111328125,581050.0,581259.3125,4198775.0,4199012.5,2280.18017578125,2601.3017578125,140.61575,35.44823
fp_F_che401,69,10,690.0443778791195,577143.75,4197262.5,2217.030517578125,577120.75,577150.0,4197249.5,4197275.0,2207.275146484375,2234.23486328125,162.17871,47.772797
fp_F_che401,69,11,36234.14913502059,577120.0,4197428.5,2366.760009765625,577013.9375,577150.0,4197275.0,4197575.0,2226.17529296875,2501.913330078125,162.56146,47.791534
fp_F_che401,69,12,4071.277352606873,577138.6875,4197621.5,2529.45751953125,577091.3125,577150.0,4197575.0,4197671.0,2485.766357421875,2569.20703125,162.3927,47.653637
fp_F_che401,70,10,1146.8467635056395,577187.4375,4197270.0,2210.79150390625,577150.0,577225.0,4197253.0,4197275.0,2205.164306640625,2226.17529296875,161.94806,47.702404
fp_F_che401,70,11,112866.22639524145,577298.0625,4197382.5,2276.72412109375,577150.0,577450.0,4197275.0,4197575.0,2197.849853515625,2485.766357421875,161.52325,47.507324
fp_F_che401,70,12,96728.75119212127,577323.75,4197700.0,2545.92919921875,577150.0,577450.0,4197575.0,4197875.0,2401.96044921875,2696.5341796875,162.31564,47.434647
fp_F_che401,70,13,8605.004303923513,577420.1875,4197916.5,2707.287109375,577334.5625,577450.0,4197875.0,4197973.0,2665.15771484375,2736.44921875,161.53223,49.46569
fp_F_che401,71,11,79490.30150299813,577611.375,4197467.0,2258.851318359375,577450.0,577750.0,4197341.0,4197575.0,2191.958984375,2401.96044921875,162.51831,47.708553
fp_F_che401,71,12,124451.60311648557,577590.5,4197731.0,2501.37109375,577450.0,577750.0,4197575.0,4197875.0,2314.439697265625,2665.15771484375,164.00098,46.523552
fp_F_che401,71,13,72319.80475537699,577615.8125,4197967.0,2693.002685546875,577450.0,577750.0,4197875.0,4198164.0,2589.75048828125,2752.779541015625,157.6308,55.187824
fp_F_che401,72,11,43727.8110091023,577883.625,4197517.0,2240.865478515625,577750.0,578050.0,4197429.5,4197575.0,2194.958251953125,2314.439697265625,166.1087,49.24677
fp_F_che401,72,12,119154.26805411745,577897.25,4197729.5,2415.044921875,577750.0,578050.0,4197575.0,4197875.0,2252.208984375,2589.75048828125,161.15643,48.620354
fp_F_che401,72,13,116595.36045177578,577886.75,4198037.0,2653.0712890625,577750.0,578050.0,4197875.0,4198175.0,2488.707763671875,2761.148193359375,159.89142,53.52681
fp_F_che401,72,14,27948.97984250951,577944.8125,4198210.0,2747.354736328125,577767.25,578050.0,4198175.0,4198355.0,2720.49365234375,2769.110107421875,73.49066,88.007385
fp_F_che401,73,11,7324.051434120039,578114.75,4197554.0,2216.966064453125,578050.0,578229.375,4197517.5,4197575.0,2200.437744140625,2252.208984375,161.24814,48.89574
fp_F_che401,73,12,115227.94937135496,578189.625,4197708.5,2314.962158203125,578050.0,578350.0,4197575.0,4197875.0,2193.843017578125,2488.707763671875,158.96164,49.94682
fp_F_che401,73,13,117883.70622752614,578196.375,4198003.0,2545.0224609375,578050.0,578350.0,4197875.0,4198175.0,2397.0029296875,2720.49365234375,159.62286,50.12779
fp_F_che401,73,14,91183.59470870174,578235.75,4198274.5,2720.77490234375,578050.0,578350.0,4198175.0,4198475.0,2635.614501953125,2775.912353515625,155.1897,64.61864
fp_F_che401,73,15,4135.3880256962475,578313.0,4198498.5,2745.8046875,578239.0,578350.0,4198475.0,4198545.5,2738.60546875,2759.478515625,146.656,71.113686
fp_F_che401,74,12,82072.79528390142,578508.0,4197759.0,2259.335693359375,578350.0,578650.0,4197617.0,4197875.0,2191.822998046875,2397.0029296875,160.03726,50.17037
fp_F_che401,74,13,117823.2638987984,578518.4375,4197978.0,2428.8603515625,578350.0,578650.0,4197875.0,4198175.0,2309.581298828125,2635.614501953125,159.3562,49.943657
fp_F_che401,74,14,112107.79198086372,578504.9375,4198363.5,2715.9697265625,578350.0,578650.0,4198175.0,4198475.0,2545.45458984375,2776.67626953125,163.9137,55.172764
fp_F_che401,74,15,52131.325590824184,578554.1875,4198524.5,2769.7763671875,578350.0,578650.0,4198475.0,4198736.5,2739.330078125,2778.79150390625,150.63617,83.42723
fp_F_che401,75,12,39452.176126426486,578805.125,4197822.0,2225.996337890625,578650.0,578950.0,4197722.0,4197875.0,2192.319580078125,2309.581298828125,160.20331,50.128555
fp_F_che401,75,13,116933.09988401027,578830.8125,4197998.0,2357.721435546875,578650.0,578950.0,4197875.0,4198175.0,2223.26416015625,2545.45458984375,160.0698,50.165848
fp_F_che401,75,14,117341.70349941621,578807.0625,4198331.5,2625.271728515625,578650.0,578950.0,4198175.0,4198475.0,2458.7333984375,2775.65576171875,162.05328,50.321083
fp_F_che401,75,15,94788.28285071897,578831.8125,4198622.0,2763.611572265625,578650.0,578950.0,4198475.0,4198775.0,2704.015625,2781.0830078125,155.27536,86.17416
fp_F_che401,75,16,19418.328823067564,578885.75,4198802.5,2768.292236328125,578710.625,578950.0,4198775.0,4198927.0,2741.68408203125,2781.670654296875,146.62195,70.58823
fp_F_che401,76,12,2414.9915107762736,578988.5625,4197865.5,2204.478759765625,578950.0,579046.9375,4197832.5,4197875.0,2194.68115234375,2223.26416015625,158.06567,55.275723
fp_F_che401,76,13,105826.30790221228,579102.0625,4198020.5,2288.459228515625,578950.0,579250.0,4197875.0,4198175.0,2197.6474609375,2458.7333984375,157.93344,49.892178
fp_F_che401,76,14,120600.64109465566,579117.5625,4198323.0,2528.5546875,578950.0,579250.0,4198175.0,4198475.0,2364.587158203125,2704.015625,160.37585,48.210304
fp_F_che401,76,15,104690.5656355013,579102.0625,4198631.5,2742.405517578125,578950.0,579250.0,4198475.0,4198775.0,2618.490966796875,2787.57861328125,158.01114,66.205894
fp_F_che401,76,16,76168.72312514702,579152.75,4198871.0,2772.223876953125,578950.0,579250.0,4198775.0,4199075.0,2743.24658203125,2784.5498046875,153.26349,85.87558
fp_F_che401,76,17,1534.7426291020856,579227.5,4199089.5,2749.138671875,579182.4375,579250.0,4199075.0,4199118.0,2744.763916015625,2757.447509765625,146.59918,71.16987
fp_F_che401,77,13,56738.7373038576,579373.0625,4198112.0,2271.059814453125,579250.0,579550.0,4197964.0,4198175.0,2190.8662109375,2364.587158203125,154.39264,48.984364
fp_F_che401,77,14,122794.22701659902,579386.25,4198331.0,2449.142578125,579250.0,579550.0,4198175.0,4198475.0,2250.55419921875,2618.490966796875,157.03632,46.957558
fp_F_che401,77,15,117135.9418388582,579393.3125,4198646.5,2703.503173828125,579250.0,579550.0,4198475.0,4198775.0,2516.05126953125,2791.26806640625,162.0127,51.499775
fp_F_che401,77,16,91651.09388355371,579411.625,4198918.0,2779.52783203125,579250.0,579550.0,4198775.0,4199075.0,2757.447509765625,2790.253662109375,143.30646,87.9619
fp_F_che401,77,17,44430.82572847722,579444.125,4199123.5,2772.688720703125,579250.0,579550.0,4199075.0,4199308.5,2745.205078125,2787.428955078125,147.05093,81.572586
fp_F_che401,78,13,8487.404009565911,579605.3125,4198158.0,2212.45556640625,579550.0,579710.0,4198098.5,4198175.0,2179.88623046875,2250.55419921875,150.30087,47.81343
fp_F_che401,78,14,120871.23474075207,579683.25,4198334.5,2333.9853515625,579550.0,579850.0,4198175.0,4198475.0,2176.566162109375,2516.05126953125,154.03827,44.761665
fp_F_che401,78,15,125840.63106683991,579674.5,4198628.0,2600.2294921875,579550.0,579850.0,4198475.0,4198775.0,2388.580078125,2776.2998046875,154.55115,45.660557
fp_F_che401,78,16,98395.40613442149,579689.375,4198948.5,2767.96142578125,579550.0,579850.0,4198775.0,4199075.0,2655.0556640625,2788.355224609375,142.03833,80.55921
fp_F_che401,78,17,90106.15450176926,579732.8125,4199208.5,2774.604248046875,579550.0,579850.0,4199075.0,4199375.0,2747.163330078125,2789.90380859375,117.02542,87.38095
fp_F_che401,78,18,13365.389465672226,579794.0625,4199400.0,2771.744384765625,579654.4375,579850.0,4199375.0,4199499.5,2747.84521484375,2790.307861328125,146.72205,65.28527
fp_F_che401,79,14,59401.318688530395,579927.9375,4198422.0,2292.18212890625,579850.0,580134.1875,4198245.5,4198475.0,2175.677001953125,2388.580078125,143.87256,39.904625
fp_F_che401,79,15,141270.70051739895,580025.875,4198617.0,2393.080322265625,579850.0,580150.0,4198475.0,4198775.0,2177.707275390625,2655.0556640625,142.01349,40.13199
fp_F_che401,79,16,120608.85051386768,580018.625,4198961.0,2683.946044921875,579850.0,580150.0,4198775.0,4199075.0,2466.517333984375,2782.977783203125,150.43729,51.67725
fp_F_che401,79,17,93207.91132991065,580011.75,4199211.0,2770.10400390625,579850.0,580150.0,4199075.0,4199375.0,2727.6455078125,2789.6748046875,126.06494,84.445015
fp_F_che401,79,18,70471.87210910831,580052.875,4199469.5,2772.727783203125,579850.0,580150.0,4199375.0,4199675.0,2749.12158203125,2793.18701171875,23.444275,88.19496
fp_F_che401,79,19,187.41956294463498,580142.125,4199680.0,2752.468505859375,580126.375,580150.0,4199675.0,4199690.0,2750.925537109375,2755.400146484375,146.6712,70.98012
fp_F_che401,80,15,73491.30457950824,580262.3125,4198696.5,2307.5068359375,580150.0,580450.0,4198488.5,4198775.0,2180.7939453125,2466.517333984375,147.8504,39.64101
fp_F_che401,80,16,138438.55239442355,580283.125,4198949.5,2524.182373046875,580150.0,580450.0,4198775.0,4199075.0,2265.779541015625,2727.6455078125,136.44229,41.492123
fp_F_che401,80,17,127212.31769704193,580288.6875,4199268.0,2707.4951171875,580150.0,580450.0,4199075.0,4199375.0,2459.093017578125,2777.600341796875,129.87363,52.454647
fp_F_che401,80,18,97678.4083154099,580312.0625,4199487.5,2759.58544921875,580150.0,580450.0,4199375.0,4199675.0,2654.070068359375,2794.318115234375,130.03156,81.82018
fp_F_che401,80,19,36749.29553060727,580322.875,4199728.0,2775.282958984375,580150.0,580450.0,4199675.0,4199881.0,2751.079833984375,2796.066162109375,145.60785,75.11533
fp_F_che401,81,15,354.19795801515176,580457.1875,4198767.5,2254.152099609375,580450.0,580471.5625,4198753.5,4198775.0,2246.09912109375,2265.779541015625,142.37878,40.890053
fp_F_che401,81,16,81452.08765297255,580582.5,4199010.0,2290.44140625,580450.0,580750.0,4198775.0,4199075.0,2177.9619140625,2459.093017578125,123.52203,38.489815
fp_F_che401,81,17,159053.7705761895,580629.375,4199203.0,2348.863037109375,580450.0,580750.0,4199075.0,4199375.0,2180.09521484375,2654.070068359375,121.73041,39.08937
fp_F_che401,81,18,146929.92750837226,580573.3125,4199548.5,2649.914306640625,580450.0,580750.0,4199375.0,4199675.0,2324.505615234375,2778.23583984375,129.74005,39.23538
fp_F_che401,81,19,96760.34222301445,580627.5625,4199794.0,2752.378662109375,580450.0,580750.0,4199675.0,4199975.0,2618.187744140625,2798.731689453125,138.62979,72.72271
fp_F_che401,81,20,8496.717214867289,580703.1875,4199995.5,2776.382568359375,580598.0625,580750.0,4199975.0,4200071.5,2754.004638671875,2798.9453125,146.7883,57.78276
fp_F_che401,82,17,49042.87025182782,580833.1875,4199306.0,2246.360107421875,580750.0,581004.75,4199075.0,4199375.0,2196.04248046875,2324.505615234375,108.38864,75.96364
fp_F_che401,82,18,142096.65669480234,580889.5,4199481.0,2324.333740234375,580750.0,581050.0,4199375.0,4199675.0,2210.7314453125,2618.187744140625,149.32977,41.287643
fp_F_che401,82,19,140371.56336718655,580869.875,4199828.5,2660.58984375,580750.0,581050.0,4199675.0,4199975.0,2394.969482421875,2798.608154296875,140.25415,43.692284
fp_F_che401,82,20,69272.4142476233,580917.9375,4200076.0,2776.077880859375,580750.0,581050.0,4199975.0,4200262.5,2658.394287109375,2801.824462890625,139.95062,73.47183
fp_F_che401,83,18,37131.828280648166,581101.125,4199610.5,2297.86279296875,581050.0,581239.5,4199428.5,4199675.0,2209.614013671875,2394.969482421875,132.61774,39.6479
fp_F_che401,83,19,136819.69761222738,581183.8125,4199836.5,2402.30712890625,581050.0,581350.0,4199675.0,4199975.0,2217.36376953125,2658.394287109375,127.398834,36.315556
fp_F_che401,83,20,149318.0364416787,581145.125,4200145.5,2660.8837890625,581050.0,581350.0,4199975.0,4200275.0,2328.90380859375,2802.6640625,122.62207,40.21976
fp_F_che401,83,21,38006.97885692227,581209.875,4200333.0,2747.395751953125,581069.6875,581350.0,4200275.0,4200453.0,2609.94140625,2796.6396484375,146.2138,43.17169
fp_F_che401,84,19,10031.54806578698,581375.875,4199924.0,2264.8779296875,581350.0,581415.6875,4199830.0,4199975.0,2225.763916015625,2328.90380859375,123.77084,39.08944
fp_F_che401,84,20,28897.165103739637,581378.375,4200129.0,2443.35986328125,581350.0,581413.75,4199975.0,4200275.0,2263.2705078125,2609.94140625,131.8735,35.55751
fp_F_che401,84,21,14008.392901363917,581365.3125,4200379.0,2685.67919921875,581350.0,581398.0625,4200275.0,4200477.0,2559.61767578125,2765.683837890625,134.08148,37.719303
fp_F_che57_che49,45,19,5011.945400508727,569926.375,4199936.0,2841.297607421875,569889.0625,569950.0,4199821.0,4199975.0,2823.47265625,2867.80419921875,41.84462,69.06232
fp_F_che57_che49,45,20,20347.748632822473,569920.125,4200123.0,2782.753662109375,569887.5,569950.0,4199975.0,4200275.0,2725.541015625,2839.6669921875,37.32303,67.32308
fp_F_che57_che49,45,21,20122.443210969283,569914.625,4200382.0,2696.20654296875,569887.5,569950.0,4200275.0,4200575.0,2621.474609375,2739.864013671875,26.98227,68.15738
fp_F_che57_che49,45,22,20326.765445442285,569918.75,4200702.0,2578.240478515625,569887.5,569950.0,4200575.0,4200875.0,2505.961669921875,2631.1669921875,22.776443,67.39185
fp_F_che57_che49,45,23,15444.463941574313,569926.625,4200979.0,2467.20361328125,569887.5,569950.0,4200875.0,4201106.5,2410.10888671875,2516.80029296875,19.94809,65.77341
fp_F_che57_che49,46,17,6987.646235091164,570200.5625,4199347.5,2952.345703125,570126.8125,570250.0,4199288.0,4199375.0,2939.52001953125,2964.07763671875,8.454529,73.576584
fp_F_che57_che49,46,18,58395.77255561537,570135.875,4199535.0,2905.409423828125,570007.875,570250.0,4199375.0,4199675.0,2838.61376953125,2949.46533203125,36.71765,70.51777
fp_F_che57_che49,46,19,91871.06940483346,570117.25,4199854.5,2817.465087890625,569950.0,570250.0,4199675.0,4199975.0,2756.95263671875,2894.536376953125,39.50435,69.37176
fp_F_che57_che49,46,20,95876.72880274423,570096.875,4200091.0,2752.686279296875,569950.0,570250.0,4199975.0,4200275.0,2667.961669921875,2823.47265625,35.066864,69.55104
fp_F_che57_che49,46,21,96064.76716137548,570139.8125,4200450.5,2633.19970703125,569950.0,570250.0,4200275.0,4200575.0,2572.862548828125,2725.541015625,27.9859,69.587456
fp_F_che57_che49,46,22,97394.57077546531,570118.75,4200718.0,2540.09228515625,569950.0,570250.0,4200575.0,4200875.0,2463.6826171875,2621.474609375,22.426758,67.67495
fp_F_che57_che49,46,23,85588.91379012553,570105.5,4200981.5,2440.7607421875,569950.0,570250.0,4200875.0,4201167.0,2350.5634765625,2505.961669921875,18.124786,67.04758
fp_F_che57_che49,47,17,52417.599315813924,570438.125,4199288.0,2962.44482421875,570250.0,570550.0,4199128.0,4199375.0,2933.49560546875,2989.86083984375,3.0126648,77.25943
fp_F_che57_che49,47,18,97642.03295325825,570409.1875,4199555.0,2863.530029296875,570250.0,570550.0,4199375.0,4199675.0,2809.102294921875,2939.52001953125,3.889145,68.30514
fp_F_che57_che49,47,19,93107.46989622904,570397.8125,4199834.0,2781.5966796875,570250.0,570550.0,4199675.0,4199975.0,2737.35205078125,2838.61376953125,11.043945,76.11715
fp_F_che57_che49,47,20,94394.3097297473,570376.5625,4200095.0,2712.571533203125,570250.0,570550.0,4199975.0,4200275.0,2647.147705078125,2756.95263671875,13.692169,72.74794
fp_F_che57_che49,47,21,95398.58258400038,570391.0625,4200438.5,2604.252685546875,570250.0,570550.0,4200275.0,4200575.0,2545.586181640625,2667.961669921875,13.010864,70.99577
fp_F_che57_che49,47,22,95969.49327803464,570363.25,4200691.0,2517.412109375,570250.0,570550.0,4200575.0,4200875.0,2433.63232421875,2572.862548828125,15.449097,69.74504
fp_F_che57_che49,47,23,96548.88956185758,570408.6875,4201056.5,2373.77099609375,570250.0,570550.0,4200875.0,4201175.0,2320.8564453125,2463.6826171875,18.403595,67.346115
fp_F_che57_che49,47,24,1799.0342212455937,570388.75,4201178.0,2330.8505859375,570289.3125,570457.375,4201175.0,4201195.0,2323.484619140625,2344.648193359375,21.413574,71.39965
fp_F_che57_che49,48,16,10730.125745868505,570782.0625,4199050.0,3003.296875,570650.3125,570850.0,4198968.5,4199075.0,2990.571533203125,3012.79443359375,55.498627,82.30665
fp_F_che57_che49,48,17,90961.5471967681,570700.9375,4199242.0,2970.168212890625,570550.0,570850.0,4199075.0,4199375.0,2930.36279296875,3015.64404296875,172.12253,77.05878
fp_F_che57_che49,48,18,95752.14420382392,570660.125,4199537.5,2873.678955078125,570550.0,570850.0,4199375.0,4199675.0,2819.867919921875,2934.96044921875,179.63086,69.99237
fp_F_che57_che49,48,19,94598.97993405614,570664.125,4199802.0,2784.74072265625,570550.0,570850.0,4199675.0,4199975.0,2725.227783203125,2829.054443359375,3.0191956,73.056206
fp_F_che57_che49,48,20,94471.00148704616,570708.75,4200160.0,2671.10595703125,570550.0,570850.0,4199975.0,4200275.0,2626.050537109375,2737.35205078125,10.237473,72.20045
fp_F_che57_che49,48,21,95807.3303058856,570711.75,4200409.0,2590.91064453125,570550.0,570850.0,4200275.0,4200575.0,2512.883544921875,2647.147705078125,13.982666,70.02675
fp_F_che57_che49,48,22,98389.26400793114,570682.125,4200740.5,2467.211669921875,570550.0,570850.0,4200575.0,4200875.0,2374.289306640625,2545.586181640625,19.896622,66.85999
fp_F_che57_che49,48,23,76214.01207177731,570690.1875,4200975.0,2363.293701171875,570550.0,570850.0,4200875.0,4201148.5,2312.343017578125,2433.63232421875,23.636368,65.0219
fp_F_che57_che49,49,16,56712.865392687,571056.5,4199027.0,3024.72802734375,570850.0,571150.0,4198808.5,4199075.0,3004.653076171875,3040.848876953125,95.66269,86.67378
fp_F_che57_che49,49,17,95675.45115210985,570997.0625,4199221.0,2971.598876953125,570850.0,571150.0,4199075.0,4199375.0,2905.51953125,3025.397705078125,8.980804,70.690765
fp_F_che57_che49,49,18,95388.30608778306,570989.125,4199528.0,2864.849365234375,570850.0,571150.0,4199375.0,4199675.0,2810.659423828125,2930.36279296875,12.806519,70.27564
fp_F_che57_che49,49,19,94329.06326959397,570962.8125,4199802.0,2778.749267578125,570850.0,571150.0,4199675.0,4199975.0,2720.49853515625,2822.404541015625,4.226837,72.41822
fp_F_che57_che49,49,20,94945.0777435319,571052.9375,4200135.0,2667.97216796875,570850.0,571150.0,4199975.0,4200275.0,2614.917724609375,2725.227783203125,4.1399536,71.15461
fp_F_che57_che49,49,21,96577.47450184982,571008.9375,4200440.5,2559.2099609375,570850.0,571150.0,4200275.0,4200575.0,2500.221435546875,2626.050537109375,6.2648926,69.021324
fp_F_che57_che49,49,22,101622.60946304334,571007.3125,4200732.0,2426.887939453125,570850.0,571150.0,4200575.0,4200875.0,2337.0595703125,2512.883544921875,8.905121,62.484623
fp_F_che57_che49,49,23,46268.79124137078,570991.375,4200925.0,2335.281494140625,570850.0,571150.0,4200875.0,4201062.0,2303.82958984375,2374.289306640625,16.639679,69.74407
fp_F_che57_che49,50,15,15060.37973308613,571398.25,4198753.0,3047.6318359375,571213.0,571450.0,4198649.0,4198775.0,3030.251953125,3052.748779296875,65.7294,84.37765
fp_F_che57_che49,50,16,91689.59376929587,571322.125,4198914.0,3027.437744140625,571150.0,571450.0,4198775.0,4199075.0,2976.392333984375,3050.63134765625,25.355103,79.77318
fp_F_che57_che49,50,17,95383.10435150626,571343.5625,4199250.5,2937.4814453125,571150.0,571450.0,4199075.0,4199375.0,2886.459228515625,3018.528076171875,19.218094,71.48885
fp_F_che57_che49,50,18,94631.33238737228,571331.75,4199514.0,2852.69775390625,571150.0,571450.0,4199375.0,4199675.0,2795.916015625,2905.51953125,6.923172,72.63364
fp_F_che57_che49,50,19,94286.7332519472,571339.9375,4199852.0,2751.572021484375,571150.0,571450.0,4199675.0,4199975.0,2703.783447265625,2810.659423828125,9.098572,73.27322
fp_F_che57_che49,50,20,97281.4603325424,571335.8125,4200141.5,2647.996337890625,571150.0,571450.0,4199975.0,4200275.0,2580.41162109375,2720.49853515625,11.900375,67.57947
fp_F_che57_che49,50,21,100612.4421678723,571321.625,4200422.5,2532.5615234375,571150.0,571450.0,4200275.0,4200575.0,2428.13037109375,2614.917724609375,22.919434,62.913647
fp_F_che57_che49,50,22,102110.37575003131,571327.125,4200746.5,2371.427978515625,571150.0,571450.0,4200575.0,4200875.0,2299.29150390625,2500.221435546875,21.303375,62.67106
fp_F_che57_che49,50,23,18200.820653933428,571257.9375,4200890.5,2316.5888671875,571150.0,571450.0,4200875.0,4200976.0,2295.316162109375,2337.0595703125,20.849762,72.19769
fp_F_che57_che49,51,15,54911.48167707276,571615.9375,4198721.5,3027.64453125,571450.0,571750.0,4198549.0,4198775.0,2996.05029296875,3060.18603515625,36.984253,76.864456
fp_F_che57_che49,51,16,94491.00762559743,571590.5625,4198933.5,2983.9208984375,571450.0,571750.0,4198775.0,4199075.0,2922.9140625,3048.223388671875,37.62732,72.686195
fp_F_che57_che49,51,17,94312.29994547654,571629.0625,4199267.5,2890.833740234375,571450.0,571750.0,4199075.0,4199375.0,2849.77783203125,2976.392333984375,30.651978,72.83304
fp_F_che57_che49,51,18,94740.53767566924,571616.5,4199500.0,2826.8671875,571450.0,571750.0,4199375.0,4199675.0,2765.214599609375,2886.459228515625,20.734253,72.11283
fp_F_che57_che49,51,19,95503.06113420287,571625.0,4199854.0,2715.442138671875,571450.0,571750.0,4199675.0,4199975.0,2657.777587890625,2795.916015625,21.72931,70.34209
fp_F_che57_che49,51,20,97548.93596251753,571620.4375,4200154.0,2605.88623046875,571450.0,571750.0,4199975.0,4200275.0,2545.68115234375,2703.783447265625,17.831604,67.79649
fp_F_che57_che49,51,21,100633.68666314412,571609.3125,4200418.5,2490.927978515625,571450.0,571750.0,4200275.0,4200575.0,2398.884521484375,2580.41162109375,12.932556,63.231014
fp_F_che57_che49,51,22,88074.81855589933,571572.0625,4200699.5,2360.56494140625,571450.0,571750.0,4200575.0,4200875.0,2289.9951171875,2428.13037109375,12.82074,65.45018
fp_F_che57_che49,51,23,406.0140786013488,571467.3125,4200880.0,2296.1484375,571450.0,571502.0625,4200875.0,4200890.0,2293.838134765625,2299.29150390625,21.565704,74.09398
fp_F_che57_che49,52,15,10223.334738621572,571798.5625,4198753.0,2998.852294921875,571750.0,571902.375,4198645.0,4198775.0,2986.661865234375,3028.95458984375,12.973633,75.3299
fp_F_che57_che49,52,16,83359.82099977475,571898.0625,4198901.0,2955.819091796875,571750.0,572050.0,4198775.0,4199075.0,2903.2412109375,2996.05029296875,14.0203705,75.591484
fp_F_che57_che49,52,17,92949.92956147154,571911.3125,4199239.0,2870.85693359375,571750.0,572050.0,4199075.0,4199375.0,2825.838623046875,2922.9140625,16.787796,75.44584
fp_F_che57_che49,52,18,94402.74336826259,571897.25,4199521.5,2798.84619140625,571750.0,572050.0,4199375.0,4199675.0,2731.3916015625,2849.77783203125,16.091843,73.041115
fp_F_che57_che49,52,19,96972.63597998407,571924.6875,4199843.5,2683.739501953125,571750.0,572050.0,4199675.0,4199975.0,2618.15283203125,2765.214599609375,18.744019,68.213554
fp_F_che57_che49,52,20,97960.75287985837,571922.4375,4200127.5,2577.131591796875,571750.0,572050.0,4199975.0,4200275.0,2488.18701171875,2657.777587890625,22.066025,66.71246
fp_F_che57_che49,52,21,101244.1836061658,571936.5,4200472.0,2420.9462890625,571750.0,572050.0,4200275.0,4200575.0,2362.563720703125,2545.68115234375,19.009064,63.87198
fp_F_che57_che49,52,22,42029.105160776024,571907.0625,4200611.0,2361.318603515625,571750.0,572050.0,4200575.0,4200779.0,2304.022705078125,2398.884521484375,14.075836,65.289116
fp_F_che57_che49,53,16,18280.731536342697,572116.0625,4199042.5,2907.131591796875,572050.0,572253.875,4198901.0,4199075.0,2889.063720703125,2945.670654296875,16.59909,75.911766
fp_F_che57_che49,53,17,88896.46623866927,572197.625,4199225.5,2855.8271484375,572050.0,572350.0,4199075.0,4199375.0,2810.638916015625,2903.177490234375,12.746796,75.48246
fp_F_che57_che49,53,18,95122.17636124288,572184.4375,4199509.0,2777.347412109375,572050.0,572350.0,4199375.0,4199675.0,2711.8310546875,2825.838623046875,10.8559265,71.27921
fp_F_che57_che49,53,19,96593.41266994225,572176.375,4199849.0,2655.63720703125,572050.0,572350.0,4199675.0,4199975.0,2601.616455078125,2731.3916015625,6.868698,68.83816
fp_F_che57_che49,53,20,99657.03814907592,572177.3125,4200098.0,2553.864990234375,572050.0,572350.0,4199975.0,4200275.0,2463.32080078125,2618.103515625,7.824936,65.58686
fp_F_che57_che49,53,21,86671.64791396447,572193.3125,4200402.5,2419.089111328125,572050.0,572350.0,4200275.0,4200575.0,2354.103271484375,2488.18701171875,10.326233,67.69319
fp_F_che57_che49,53,22,2836.4416575046334,572096.0,4200588.0,2353.447265625,572050.0,572151.625,4200575.0,4200626.5,2341.42919921875,2362.563720703125,11.483276,67.282104
fp_F_che57_che49,54,17,28670.38039890805,572411.1875,4199336.5,2815.4140625,572350.0,572605.3125,4199157.0,4199375.0,2791.513427734375,2862.38671875,17.79657,76.0679
fp_F_che57_che49,54,18,89967.33946794782,572472.375,4199520.5,2757.93603515625,572350.0,572637.5,4199375.0,4199675.0,2705.79052734375,2810.638916015625,8.021545,72.503716
fp_F_che57_che49,54,19,91292.44852382453,572466.5625,4199837.0,2654.129638671875,572350.0,572637.5,4199675.0,4199975.0,2601.23291015625,2711.8310546875,178.64124,70.85588
fp_F_che57_che49,54,20,96815.8087885018,572451.6875,4200098.5,2544.178466796875,572350.0,572637.5,4199975.0,4200275.0,2444.177490234375,2607.966796875,2.0761414,63.56173
fp_F_che57_che49,54,21,39977.79655215743,572424.9375,4200335.5,2431.30517578125,572350.0,572637.5,4200275.0,4200474.5,2378.8359375,2463.32080078125,9.985504,66.21502
fp_F_che6_nan,15,16,36955.65020943579,560889.3125,4198999.5,1966.0,560762.5,560950.0,4198863.0,4199075.0,1918.5322265625,2039.47802734375,10.774139,60.22653
fp_F_che6_nan,15,17,64564.764818568925,560873.8125,4199250.5,1828.9920654296875,560762.5,560950.0,4199075.0,4199375.0,1753.5692138671875,1939.2730712890625,11.680618,60.61233
fp_F_che6_nan,15,18,63585.36045518601,560892.0,4199521.5,1685.141845703125,560762.5,560950.0,4199375.0,4199675.0,1610.3526611328125,1776.4427490234375,10.97493,63.627735
fp_F_che6_nan,15,19,1708.5180633117077,560915.5,4199677.0,1617.20361328125,560852.5,560950.0,4199675.0,4199681.5,1608.50244140625,1631.447509765625,177.46399,10.024964
fp_F_che6_nan,16,16,89702.30002154277,561131.125,4198941.0,1989.4847412109375,560950.0,561250.0,4198783.5,4199075.0,1910.5238037109375,2073.201904296875,1.2315063,60.864044
fp_F_che6_nan,16,17,102290.24353404695,561123.625,4199210.0,1843.78662109375,560950.0,561250.0,4199075.0,4199375.0,1751.3035888671875,1918.5322265625,178.26163,62.013237
fp_F_che6_nan,16,18,100412.5125480461,561082.9375,4199518.5,1683.1226806640625,560950.0,561250.0,4199375.0,4199675.0,1603.9609375,1765.27880859375,179.15237,63.676216
fp_F_che6_nan,16,19,16374.145996044848,561123.3125,4199684.5,1611.222412109375,560950.0,561250.0,4199675.0,4199701.5,1595.11572265625,1654.7730712890625,177.25879,12.909799
fp_F_che6_nan,17,15,9478.242681011125,561464.75,4198764.0,2081.385498046875,561289.5625,561550.0,4198719.0,4198775.0,2072.007568359375,2102.7470703125,178.7168,69.37772
fp_F_che6_nan,17,16,102177.17169349267,561396.75,4198867.5,2037.2901611328125,561250.0,561550.0,4198775.0,4199075.0,1915.640625,2079.160400390625,172.89746,64.364075
fp_F_che6_nan,17,17,102280.3581327954,561449.6875,4199218.5,1869.420654296875,561250.0,561550.0,4199075.0,4199375.0,1765.27880859375,1954.134521484375,165.495,62.42746
fp_F_che6_nan,17,18,103188.78230194532,561388.5625,4199547.0,1690.16796875,561250.0,561550.0,4199375.0,4199675.0,1603.943603515625,1809.91748046875,163.30682,61.42726
fp_F_che6_nan,17,19,27376.273343274122,561362.0,4199690.5,1622.7442626953125,561250.0,561550.0,4199675.0,4199721.0,1594.5579833984375,1678.0986328125,0.33262634,23.026436
fp_F_che6_nan,18,15,31437.19513068696,561724.25,4198728.5,2098.0517578125,561550.0,561850.0,4198654.0,4198775.0,2079.160400390625,2132.292236328125,176.77985,71.63436
fp_F_che6_nan,18,16,99650.80378737942,561698.25,4198935.0,2020.538818359375,561550.0,561850.0,4198775.0,4199075.0,1948.7821044921875,2091.471435546875,176.99915,65.55541
fp_F_che6_nan,18,17,99670.00220754856,561640.25,4199201.0,1893.889404296875,561550.0,561850.0,4199075.0,4199375.0,1809.91748046875,1959.166748046875,178.22714,64.815285
fp_F_che6_nan,18,18,99458.53578950044,561698.1875,4199544.0,1735.5941162109375,561550.0,561850.0,4199375.0,4199675.0,1654.411376953125,1814.5745849609375,171.74252,65.24752
fp_F_che6_nan,18,19,32375.399121110306,561733.625,4199700.0,1677.35546875,561550.0,561850.0,4199675.0,4199741.0,1628.63916015625,1701.42431640625,156.5333,71.45706
fp_F_che6_nan,19,15,53408.92744566625,562022.0625,4198710.5,2110.50927734375,561850.0,562150.0,4198589.5,4198775.0,2085.468505859375,2161.83740234375,178.77719,73.33699
fp_F_che6_nan,19,16,97794.3857191761,561945.4375,4198893.0,2043.915283203125,561850.0,562150.0,4198775.0,4199075.0,1956.453125,2096.078369140625,177.03012,66.70301
fp_F_che6_nan,19,17,99765.98430529515,561987.0625,4199245.0,1887.807373046875,561850.0,562150.0,4199075.0,4199375.0,1814.456787109375,1976.8558349609375,168.7063,64.49931
fp_F_che6_nan,19,18,97282.98050198573,561984.875,4199535.0,1759.8941650390625,561850.0,562150.0,4199375.0,4199675.0,1696.803466796875,1843.1702880859375,166.45468,67.96716
fp_F_che6_nan,19,19,34526.11953809315,561999.75,4199710.5,1703.2467041015625,561850.0,562150.0,4199675.0,4199760.5,1664.2022705078125,1725.3172607421875,151.2562,78.52185
fp_F_che6_nan,20,15,77537.69392427821,562332.75,4198655.5,2134.0537109375,562150.0,562450.0,4198524.5,4198775.0,2075.596435546875,2191.38232421875,170.72058,69.63742
fp_F_che6_nan,20,16,96615.27966486322,562323.625,4198959.5,2020.7340087890625,562150.0,562450.0,4198775.0,4199075.0,1965.8206787109375,2101.608154296875,174.1524,69.520706
fp_F_che6_nan,20,17,97206.26482606037,562335.125,4199250.0,1908.61865234375,562150.0,562450.0,4199075.0,4199375.0,1843.1702880859375,1985.640625,174.69064,68.14875
fp_F_che6_nan,20,18,97571.11402044754,562323.0,4199503.0,1803.7703857421875,562150.0,562450.0,4199375.0,4199675.0,1725.3172607421875,1866.9796142578125,169.75269,67.741615
fp_F_che6_nan,20,19,36779.44242346631,562295.25,4199725.0,1728.3580322265625,562150.0,562450.0,4199675.0,4199780.5,1699.7652587890625,1748.0755615234375,127.72302,84.39501
fp_F_che6_nan,21,14,937.9815622965647,562719.0,4198471.0,2193.125,562680.25,562750.0,4198460.0,4198475.0,2183.427734375,2210.6103515625,15.16748,33.868164
fp_F_che6_nan,21,15,95683.80520217324,562610.875,4198612.5,2165.98095703125,562450.0,562750.0,4198475.0,4198775.0,2101.608154296875,2220.927490234375,171.5639,72.63059
fp_F_che6_nan,21,16,96763.12547295397,562595.375,4198948.0,2045.8326416015625,562450.0,562750.0,4198775.0,4199075.0,1985.640625,2117.56689453125,172.34088,68.74928
fp_F_che6_nan,21,17,96841.85344191213,562613.125,4199244.5,1933.332275390625,562450.0,562750.0,4199075.0,4199375.0,1866.9796142578125,2005.3828125,168.91174,68.65002
fp_F_che6_nan,21,18,98153.21987833844,562599.375,4199523.0,1822.6439208984375,562450.0,562750.0,4199375.0,4199675.0,1731.544677734375,1893.19873046875,158.35138,66.53311
fp_F_che6_nan,21,19,38991.17312283411,562599.0625,4199742.5,1755.493408203125,562450.0,562750.0,4199675.0,4199800.0,1726.384765625,1798.345703125,102.4176,81.22811
fp_F_che6_nan,22,14,19898.663671858383,562916.1875,4198457.0,2231.218017578125,562750.0,563050.0,4198395.0,4198475.0,2189.017333984375,2252.955078125,20.34607,65.22996
fp_F_che6_nan,22,15,96339.27168679069,562867.4375,4198558.5,2203.573974609375,562750.0,563050.0,4198475.0,4198775.0,2117.56689453125,2251.80419921875,164.56177,69.998726
fp_F_che6_nan,22,16,96497.46559722965,562911.75,4198904.5,2082.457275390625,562750.0,563050.0,4198775.0,4199075.0,2005.3828125,2143.109619140625,167.62463,68.856926
fp_F_che6_nan,22,17,96364.36482731558,562901.6875,4199237.5,1956.1185302734375,562750.0,563050.0,4199075.0,4199375.0,1893.19873046875,2029.2095947265625,168.73044,69.030785
fp_F_che6_nan,22,18,95245.65254532006,562914.25,4199569.5,1838.865234375,562750.0,563050.0,4199375.0,4199675.0,1798.345703125,1915.0982666015625,170.95831,71.36502
fp_F_che6_nan,22,19,36815.217465134774,562888.25,4199737.5,1787.360595703125,562750.0,563050.0,4199675.0,4199801.0,1770.1964111328125,1811.42431640625,1.8425598,74.201454
fp_F_che6_nan,23,14,39459.08310994695,563236.1875,4198424.0,2261.392333984375,563050.0,563350.0,4198330.5,4198475.0,2213.052734375,2278.957275390625,26.649323,75.97647
fp_F_che6_nan,23,15,100581.61020688748,563200.1875,4198598.5,2213.632568359375,563050.0,563350.0,4198475.0,4198775.0,2128.802490234375,2276.4296875,171.15652,67.19052
fp_F_che6_nan,23,16,95960.63536348827,563175.625,4198935.0,2082.89794921875,563050.0,563350.0,4198775.0,4199075.0,2022.968505859375,2146.920654296875,176.1258,70.1348
fp_F_che6_nan,23,17,95939.65295206892,563168.8125,4199265.5,1962.085693359375,563050.0,563350.0,4199075.0,4199375.0,1915.0982666015625,2039.1572265625,172.3934,69.84625
fp_F_che6_nan,23,18,96275.22611586351,563173.75,4199541.0,1862.888427734375,563050.0,563350.0,4199375.0,4199675.0,1801.90087890625,1933.3690185546875,166.7774,69.799
fp_F_che6_nan,23,19,30738.544727432327,563185.6875,4199713.0,1801.463623046875,563050.0,563350.0,4199675.0,4199779.0,1777.2958984375,1833.792236328125,167.35397,71.86325
fp_F_che6_nan,24,14,59594.86194424659,563527.1875,4198378.5,2274.858642578125,563350.0,563650.0,4198265.5,4198475.0,2237.08837890625,2307.572265625,132.44348,85.542244
fp_F_che6_nan,24,15,95360.4529430868,563496.5,4198657.0,2201.10693359375,563350.0,563650.0,4198475.0,4198775.0,2146.920654296875,2266.093505859375,176.94727,71.216934
fp_F_che6_nan,24,16,96536.18922507323,563533.6875,4198929.0,2107.6640625,563350.0,563650.0,4198775.0,4199075.0,2039.1572265625,2171.5458984375,167.9317,70.00554
fp_F_che6_nan,24,17,96197.41469859451,563526.1875,4199262.5,1985.7984619140625,563350.0,563650.0,4199075.0,4199375.0,1933.3690185546875,2064.466552734375,170.20667,69.59541
fp_F_che6_nan,24,18,95510.56256119744,563502.625,4199540.0,1885.79052734375,563350.0,563650.0,4199375.0,4199675.0,1833.792236328125,1945.96337890625,176.05182,70.97852
fp_F_che6_nan,24,19,22116.21101370828,563468.75,4199697.0,1826.437744140625,563350.0,563650.0,4199675.0,4199756.5,1791.8623046875,1839.8580322265625,179.62347,62.16726
fp_F_che6_nan,25,14,81195.77153577287,563832.4375,4198349.0,2294.93408203125,563650.0,563950.0,4198201.0,4198475.0,2261.123779296875,2330.662109375,151.08011,84.32754
fp_F_che6_nan,25,15,95376.4393101677,563849.0625,4198661.5,2208.754150390625,563650.0,563950.0,4198475.0,4198775.0,2165.0537109375,2279.259521484375,177.28699,70.46765
fp_F_che6_nan,25,16,95983.69295387318,563827.0625,4198949.0,2104.1025390625,563650.0,563950.0,4198775.0,4199075.0,2052.224365234375,2171.691162109375,4.4263,69.60115
fp_F_che6_nan,25,17,96539.11024725193,563847.875,4199205.0,2006.9775390625,563650.0,563950.0,4199075.0,4199375.0,1940.835693359375,2063.6337890625,2.58667,69.13064
fp_F_che6_nan,25,18,92775.34476385912,563798.1875,4199544.0,1884.20947265625,563650.0,563950.0,4199375.0,4199675.0,1834.6129150390625,1943.8326416015625,0.4106598,70.98074
fp_F_che6_nan,25,19,2994.6395606462393,563710.1875,4199683.0,1833.0594482421875,563650.0,563805.3125,4199675.0,4199711.5,1821.345458984375,1839.24658203125,175.57281,69.799164
fp_F_che6_nan,26,13,4350.518518760954,564192.0,4198167.0,2314.054443359375,564070.0,564250.0,4198136.0,4198175.0,2294.7734375,2322.66943359375,21.09851,68.6874
fp_F_che6_nan,26,14,94330.76406240111,564116.0625,4198295.0,2302.9599609375,563950.0,564250.0,4198175.0,4198475.0,2260.3095703125,2331.48095703125,6.5377502,82.54244
fp_F_che6_nan,26,15,96421.25145088186,564087.1875,4198648.0,2206.166748046875,563950.0,564250.0,4198475.0,4198775.0,2153.04931640625,2281.8193359375,10.205383,69.13285
fp_F_che6_nan,26,16,95821.45867561891,564054.375,4198921.5,2106.188720703125,563950.0,564250.0,4198775.0,4199075.0,2045.788818359375,2168.17138671875,5.0676575,69.82479
fp_F_che6_nan,26,17,95416.15015456094,564090.9375,4199253.5,1986.2716064453125,563950.0,564250.0,4199075.0,4199375.0,1939.493408203125,2052.224365234375,3.52182,70.505714
fp_F_che6_nan,26,18,67272.49146935498,564119.75,4199466.0,1911.1396484375,563950.0,564250.0,4199375.0,4199641.0,1855.921630859375,1947.3582763671875,2.5335083,71.428856
fp_F_che6_nan,27,13,11180.490150765316,564308.6875,4198155.5,2315.822265625,564250.0,564486.5,4198106.5,4198175.0,2300.605712890625,2321.969970703125,100.65927,87.887856
fp_F_che6_nan,27,14,83358.86588161376,564328.875,4198305.0,2291.45751953125,564250.0,564512.5,4198175.0,4198475.0,2206.513671875,2322.146240234375,38.073914,72.58821
fp_F_che6_nan,27,15,84534.79407816495,564364.25,4198650.5,2179.205078125,564250.0,564512.5,4198475.0,4198775.0,2111.89599609375,2260.21630859375,30.271698,68.75223
fp_F_che6_nan,27,16,84049.49355159607,564364.875,4198950.5,2077.791015625,564250.0,564512.5,4198775.0,4199075.0,2017.2784423828125,2152.98974609375,22.697662,69.97011
fp_F_che6_nan,27,17,83567.86613405599,564369.625,4199253.0,1975.2987060546875,564250.0,564512.5,4199075.0,4199375.0,1922.6610107421875,2045.763427734375,13.8638,70.922035
fp_F_che6_nan,27,18,25390.465155771595,564332.0625,4199410.5,1922.9671630859375,564250.0,564512.5,4199375.0,4199522.5,1886.4608154296875,1939.4561767578125,9.643036,69.338715
fp_F_cheX54_bei,4,11,33841.74680222444,557614.625,4197488.0,1388.462646484375,557512.5,557650.0,4197343.0,4197575.0,1291.9969482421875,1459.364013671875,41.005676,50.71388
fp_F_cheX54_bei,4,12,27210.404112181757,557613.3125,4197637.5,1483.9764404296875,557512.5,557650.0,4197575.0,4197740.5,1395.3526611328125,1558.1944580078125,31.108871,52.357254
fp_F_cheX54_bei,5,11,100456.8848673599,557835.1875,4197421.0,1421.66259765625,557650.0,557950.0,4197275.0,4197575.0,1319.0355224609375,1549.269775390625,24.465576,55.584496
fp_F_cheX54_bei,5,12,67213.45858183892,557822.8125,4197661.0,1561.71728515625,557650.0,557950.0,4197575.0,4197780.0,1459.364013671875,1653.707763671875,27.088898,59.43463
fp_F_cheX54_bei,6,10,16423.444535860912,558144.625,4197259.5,1412.0721435546875,557950.0,558250.0,4197203.0,4197275.0,1376.9105224609375,1453.7813720703125,156.24408,70.87182
fp_F_cheX54_bei,6,11,119627.8503001777,558069.3125,4197378.0,1456.6259765625,557950.0,558250.0,4197275.0,4197575.0,1350.7567138671875,1651.86669921875,22.512405,54.49051
fp_F_cheX54_bei,6,12,75103.44013386934,558096.4375,4197675.0,1643.6015625,557950.0,558250.0,4197575.0,4197775.0,1549.269775390625,1745.897216796875,27.75322,60.97904
fp_F_cheX54_bei,7,10,45921.40463676274,558398.0625,4197223.5,1484.064208984375,558250.0,558550.0,4197132.5,4197275.0,1422.1168212890625,1599.32861328125,38.458237,53.162266
fp_F_cheX54_bei,7,11,121808.49477668879,558398.1875,4197418.0,1611.97607421875,558250.0,558550.0,4197275.0,4197575.0,1441.78271484375,1776.09228515625,34.52057,48.586765
fp_F_cheX54_bei,7,12,81310.19998503447,558406.375,4197658.5,1739.3505859375,558250.0,558550.0,4197575.0,4197751.0,1651.86669921875,1820.588134765625,69.77603,73.65682
fp_F_cheX54_bei,8,10,66965.14153190405,558712.1875,4197184.0,1581.4739990234375,558550.0,558850.0,4197062.5,4197275.0,1492.66064453125,1668.24462890625,24.703949,56.39633
fp_F_cheX54_bei,8,11,104872.46742878245,558707.3125,4197434.0,1725.9478759765625,558550.0,558850.0,4197275.0,4197575.0,1599.32861328125,1824.4111328125,17.043304,60.81801
fp_F_cheX54_bei,8,12,67625.93526266998,558707.0625,4197639.5,1792.7908935546875,558550.0,558850.0,4197575.0,4197727.0,1702.143798828125,1841.6929931640625,172.28543,64.851776
fp_F_cheX54_bei,9,10,78090.65427293489,558989.5625,4197187.0,1633.02978515625,558850.0,559150.0,4197031.5,4197275.0,1550.53564453125,1687.798828125,8.012207,62.724083
fp_F_cheX54_bei,9,11,99481.36241380258,558998.1875,4197425.5,1749.4530029296875,558850.0,559150.0,4197275.0,4197575.0,1668.24462890625,1829.4749755859375,6.2954407,64.76955
fp_F_cheX54_bei,9,12,54178.392361114165,559010.0,4197629.5,1808.5560302734375,558850.0,559150.0,4197575.0,4197703.5,1730.7127685546875,1836.170654296875,175.07751,68.883385
fp_F_cheX54_bei,10,10,83358.46161766717,559302.125,4197192.0,1621.082763671875,559150.0,559450.0,4197024.0,4197275.0,1543.531982421875,1682.71826171875,157.73901,65.31179
fp_F_cheX54_bei,10,11,101612.02957551855,559317.875,4197410.0,1714.0299072265625,559150.0,559450.0,4197275.0,4197575.0,1616.7393798828125,1827.50927734375,156.24063,62.951424
fp_F_cheX54_bei,10,12,43384.224491865505,559288.875,4197620.0,1798.3551025390625,559150.0,559450.0,4197575.0,4197679.5,1759.28173828125,1828.4071044921875,115.552155,84.31315
fp_F_cheX54_bei,11,10,76279.46497421319,559592.3125,4197180.5,1606.0682373046875,559450.0,559750.0,4197035.0,4197275.0,1553.616943359375,1665.4566650390625,7.25885,66.479256
fp_F_cheX54_bei,11,11,100347.67802893002,559579.4375,4197405.5,1707.92431640625,559450.0,559750.0,4197275.0,4197575.0,1631.0069580078125,1801.838134765625,12.589966,64.66344
fp_F_cheX54_bei,11,12,29168.93120814418,559584.5625,4197612.0,1796.691650390625,559450.0,559750.0,4197575.0,4197655.5,1767.5704345703125,1818.351318359375,14.144608,69.65246
fp_F_cheX54_bei,12,10,3143.0246268939454,559754.125,4197153.0,1606.8465576171875,559750.0,559762.5,4197053.0,4197275.0,1557.77001953125,1667.76708984375,18.964386,62.452263
fp_F_cheX54_bei,12,11,4110.283368085368,559755.0,4197427.5,1733.7965087890625,559750.0,559762.5,4197275.0,4197575.0,1665.4566650390625,1797.8773193359375,5.2048035,66.25168
fp_F_cheX54_bei,12,12,757.324676179484,559753.9375,4197609.0,1809.4324951171875,559750.0,559762.5,4197575.0,4197631.5,1797.1383056640625,1817.6396484375,1.33255,70.648125
fp_F_cheX54_bei_01,7,11,768.361965439725,558539.25,4197562.5,1637.94921875,558517.8125,558550.0,4197537.0,4197575.0,1617.9490966796875,1649.197021484375,174.14752,52.744976
fp_F_cheX54_bei_01,7,12,50208.90943638509,558503.8125,4197762.0,1765.13671875,558316.4375,558550.0,4197575.0,4197875.0,1646.7015380859375,1844.5394287109375,156.1278,58.507317
fp_F_cheX54_bei_01,7,13,4767.536487879229,558521.9375,4197888.5,1827.367431640625,558428.75,558550.0,4197875.0,4197942.5,1817.5009765625,1844.585205078125,150.87708,65.492905
fp_F_cheX54_bei_01,8,11,36483.930163586185,558714.5,4197550.5,1587.826904296875,558550.0,558850.0,4197434.0,4197575.0,1528.66552734375,1646.7015380859375,155.69019,53.475494
fp_F_cheX54_bei_01,8,12,106338.20419704373,558696.875,4197730.0,1694.0438232421875,558550.0,558850.0,4197575.0,4197875.0,1559.0126953125,1817.5009765625,149.389,57.837723
fp_F_cheX54_bei_01,8,13,52817.689817914965,558703.5,4197927.0,1794.313232421875,558550.0,558850.0,4197875.0,4198110.0,1720.4903564453125,1844.6986083984375,147.73172,59.632008
fp_F_cheX54_bei_01,9,11,5203.242089441153,558903.125,4197564.5,1538.608154296875,558850.0,559007.875,4197515.0,4197575.0,1525.3875732421875,1559.0126953125,156.21008,63.029667
fp_F_cheX54_bei_01,9,12,101194.05047520544,559002.6875,4197725.0,1596.3153076171875,558850.0,559150.0,4197575.0,4197875.0,1522.4375,1720.4903564453125,150.33951,59.353844
fp_F_cheX54_bei_01,9,13,100926.04481303203,559035.5625,4198026.5,1751.9931640625,558850.0,559150.0,4197875.0,4198175.0,1626.470947265625,1844.74267578125,157.46527,58.006233
fp_F_cheX54_bei_01,9,14,7304.617802669265,559044.875,4198184.5,1831.7506103515625,558966.6875,559150.0,4198175.0,4198240.5,1810.982666015625,1844.760009765625,145.95605,72.644585
fp_F_cheX54_bei_01,10,12,68631.8350800424,559284.125,4197807.0,1574.913818359375,559150.0,559450.0,4197629.0,4197875.0,1517.5069580078125,1626.470947265625,168.61496,64.77818
fp_F_cheX54_bei_01,10,13,106433.67315049136,559291.375,4198017.0,1691.6484375,559150.0,559450.0,4197875.0,4198175.0,1593.8726806640625,1810.982666015625,163.7702,59.082478
fp_F_cheX54_bei_01,10,14,35294.426418261624,559324.4375,4198222.0,1783.8621826171875,559150.0,559450.0,4198175.0,4198315.0,1743.15087890625,1826.6314697265625,145.11823,69.74474
fp_F_cheX54_bei_01,11,12,16336.459568146334,559558.4375,4197852.0,1560.0423583984375,559450.0,559675.9375,4197753.0,4197875.0,1524.291259765625,1598.3990478515625,159.67725,59.34943
fp_F_cheX54_bei_01,11,13,100472.99911108972,559620.0625,4197995.5,1617.267822265625,559450.0,559750.0,4197875.0,4198175.0,1548.8154296875,1743.15087890625,158.64172,62.72105
fp_F_cheX54_bei_01,11,14,59529.459185309286,559622.3125,4198258.5,1733.85498046875,559450.0,559750.0,4198175.0,4198382.5,1679.608154296875,1792.947265625,156.12622,66.77453
fp_F_cheX54_bei_01,12,13,28544.63541681914,559778.0625,4198059.5,1614.70263671875,559750.0,559887.5,4197915.0,4198175.0,1556.856201171875,1679.608154296875,136.79419,56.65635
fp_F_cheX54_bei_01,12,14,35776.71553141564,559778.0625,4198264.5,1710.37060546875,559750.0,559887.5,4198175.0,4198412.5,1630.8590087890625,1785.883056640625,160.82733,63.603157
fp_F_cheX54_bei_02,2,12,14152.94704573214,556961.0625,4197857.5,1246.6246337890625,556762.5,557050.0,4197838.0,4197875.0,1223.675048828125,1275.721923828125,4.4026184,42.08466
fp_F_cheX54_bei_02,2,13,62511.86012798344,556963.3125,4197949.5,1339.121337890625,556762.5,557050.0,4197875.0,4198051.0,1247.6422119140625,1437.6239013671875,8.753891,46.89828
fp_F_cheX54_bei_02,3,12,18320.256277495177,557220.75,4197852.0,1272.7691650390625,557050.0,557350.0,4197836.5,4197875.0,1233.9173583984375,1330.2518310546875,10.603882,46.01918
fp_F_cheX54_bei_02,3,13,88933.12629287443,557218.3125,4197969.5,1394.5518798828125,557050.0,557350.0,4197875.0,4198065.5,1257.5589599609375,1510.2952880859375,7.9649353,40.259315
fp_F_cheX54_bei_02,4,12,22549.743940224474,557531.8125,4197855.0,1327.275634765625,557350.0,557650.0,4197835.0,4197875.0,1276.9041748046875,1373.21435546875,7.527008,39.366856
fp_F_cheX54_bei_02,4,13,96303.96806446408,557488.5,4197978.5,1443.9488525390625,557350.0,557650.0,4197875.0,4198079.5,1303.46044921875,1559.650634765625,7.9172363,42.076775
fp_F_cheX54_bei_02,5,12,17231.83539480132,557776.9375,4197859.0,1366.6461181640625,557650.0,557950.0,4197834.0,4197875.0,1320.77978515625,1414.5804443359375,9.062973,45.213814
fp_F_cheX54_bei_02,5,13,101068.23966798668,557810.6875,4197997.5,1508.8839111328125,557650.0,557950.0,4197875.0,4198094.0,1360.409912109375,1640.470947265625,8.324921,44.116936
fp_F_cheX54_bei_02,6,12,184.07418176358325,557959.1875,4197871.0,1403.0750732421875,557950.0,557977.4375,4197862.5,4197875.0,1398.3408203125,1410.027099609375,58.97525,68.69111
fp_F_cheX54_bei_02,6,13,57162.316127873804,557990.5625,4198007.5,1531.1307373046875,557950.0,558137.5,4197875.0,4198103.0,1400.8572998046875,1656.248046875,3.6927185,41.692394
fp_F_F05_east,8,32,35018.88279306353,558790.6875,4203815.0,1758.08740234375,558688.375,558850.0,4203692.0,4203875.0,1661.697021484375,1880.24462890625,126.979004,43.8008
fp_F_F05_east,8,33,20179.43452011947,558806.4375,4203945.0,1686.71630859375,558717.6875,558850.0,4203875.0,4204077.5,1643.946044921875,1764.5411376953125,129.74118,45.628254
fp_F_F05_east,9,32,80094.77651018229,559033.0625,4203808.5,1951.67236328125,558850.0,559150.0,4203686.5,4203875.0,1764.5411376953125,2131.31396484375,132.65503,43.810837
fp_F_F05_east,9,33,121945.91425739058,559019.3125,4204030.0,1803.317138671875,558850.0,559150.0,4203875.0,4204175.0,1644.677490234375,1993.853271484375,126.29108,45.46322
fp_F_F05_east,9,34,36378.12228641988,559071.625,4204239.5,1717.9532470703125,558923.1875,559150.0,4204175.0,4204383.5,1651.3782958984375,1820.827880859375,133.07428,44.48534
fp_F_F05_east,10,32,78692.88332346288,559273.625,4203803.5,2125.747314453125,559150.0,559450.0,4203684.5,4203875.0,1993.853271484375,2300.572021484375,137.5586,46.312126
fp_F_F05_east,10,33,120362.90910170237,559311.0,4204039.0,2008.047119140625,559150.0,559450.0,4203875.0,4204175.0,1820.827880859375,2196.06494140625,130.06628,48.77792
fp_F_F05_east,10,34,118272.26154417705,559310.4375,4204332.5,1840.111572265625,559150.0,559450.0,4204175.0,4204475.0,1680.0091552734375,2023.8685302734375,127.689606,46.201794
fp_F_F05_east,10,35,21150.816589183356,559382.375,4204514.0,1792.5545654296875,559260.0,559450.0,4204475.0,4204633.0,1716.041015625,1868.8223876953125,125.55182,45.42467
fp_F_F05_east,11,32,47759.39887551673,559604.375,4203838.5,2325.166748046875,559450.0,559750.0,4203701.0,4203875.0,2196.06494140625,2410.649658203125,132.23822,47.215847
fp_F_F05_east,11,33,120151.46869220264,559609.1875,4204015.0,2222.415283203125,559450.0,559750.0,4203875.0,4204175.0,2023.8685302734375,2401.695068359375,132.01266,49.03223
fp_F_F05_east,11,34,116714.59915318248,559602.5625,4204322.0,2055.01318359375,559450.0,559750.0,4204175.0,4204475.0,1868.8223876953125,2218.486572265625,123.89972,50.20377
fp_F_F05_east,11,35,82610.27792471454,559562.5625,4204542.5,1916.753173828125,559450.0,559750.0,4204475.0,4204685.0,1778.2601318359375,2098.096923828125,127.3353,46.278545
fp_F_F05_east,12,32,100.78780924707365,559754.0,4203871.5,2407.909912109375,559750.0,559762.0625,4203864.0,4203875.0,2401.695068359375,2411.38427734375,135.36322,41.183037
fp_F_F05_east,12,33,71242.18776070044,559865.3125,4204086.5,2343.083740234375,559750.0,560050.0,4203875.0,4204175.0,2218.486572265625,2428.881103515625,133.34229,49.013023
fp_F_F05_east,12,34,116610.02224393845,559882.5625,4204316.0,2246.66845703125,559750.0,560050.0,4204175.0,4204475.0,2098.096923828125,2408.04296875,118.3938,51.4554
fp_F_F05_east,12,35,74207.60106213333,559914.0,4204529.5,2183.723876953125,559750.0,560050.0,4204475.0,4204671.0,1983.52783203125,2309.9208984375,127.30072,47.87029
fp_F_F05_east,13,33,1087.188641378129,560063.5625,4204165.5,2420.02392578125,560050.0,560091.9375,4204137.0,4204175.0,2408.04296875,2431.430419921875,134.10773,50.905724
fp_F_F05_east,13,34,25508.21709389411,560076.0625,4204296.0,2383.885009765625,560050.0,560121.4375,4204175.0,4204475.0,2309.9208984375,2432.26904296875,112.86844,52.50332
fp_F_F05_east,13,35,3810.4315701121845,560067.5625,4204510.5,2305.28564453125,560050.0,560102.75,4204475.0,4204581.0,2255.39453125,2350.54150390625,123.742065,47.19812
fp_F_F09_east,4,32,2126.8103856916855,557626.8125,4203857.0,2043.446044921875,557592.5625,557650.0,4203826.5,4203875.0,2014.275146484375,2070.1396484375,139.27026,50.969494
fp_F_F09_east,4,33,44521.14094737531,557606.25,4204045.0,1931.514404296875,557514.625,557650.0,4203875.0,4204175.0,1820.5718994140625,2044.6646728515625,130.56192,51.629208
fp_F_F09_east,4,34,29962.13902420457,557614.75,4204287.0,1810.989501953125,557539.9375,557650.0,4204175.0,4204475.0,1703.8623046875,1891.2938232421875,130.57886,50.285984
fp_F_F09_east,4,35,4936.183430295029,557638.875,4204539.0,1690.334228515625,557607.375,557650.0,4204475.0,4204630.5,1649.5487060546875,1730.4853515625,130.96497,50.934517
fp_F_F09_east,5,32,1963.2738883993507,557674.5,4203861.0,2066.127197265625,557650.0,557723.5,4203833.5,4203875.0,2044.6646728515625,2083.577392578125,139.2221,50.97233
fp_F_F09_east,5,33,90650.2311176088,557770.5,4204054.0,2013.7894287109375,557650.0,557950.0,4203875.0,4204175.0,1891.2938232421875,2116.7373046875,135.27783,54.985622
fp_F_F09_east,5,34,112861.1425413063,557817.8125,4204340.0,1894.79345703125,557650.0,557950.0,4204175.0,4204475.0,1730.4853515625,2044.92138671875,132.58032,52.997032
fp_F_F09_east,5,35,100634.37219094507,557799.9375,4204592.0,1762.5498046875,557650.0,557950.0,4204475.0,4204775.0,1634.9503173828125,1909.083984375,126.00189,52.35782
fp_F_F09_east,5,36,25902.760833949647,557834.5,4204808.5,1687.0244140625,557733.5625,557915.375,4204775.0,4204988.5,1629.8990478515625,1755.830810546875,122.50717,51.223377
fp_F_F09_east,6,33,8481.881213509538,557970.1875,4204118.5,2080.469970703125,557950.0,558008.4375,4204023.0,4204175.0,2044.92138671875,2124.85205078125,132.13159,55.748173
fp_F_F09_east,6,34,9010.067474776915,557961.25,4204303.0,1992.093017578125,557950.0,557993.75,4204175.0,4204475.0,1909.083984375,2066.590576171875,129.38861,54.738853
fp_F_F09_east,6,35,95.43623634211008,557952.0,4204484.0,1906.0235595703125,557950.0,557954.5625,4204475.0,4204510.0,1893.1005859375,1911.2264404296875,134.10962,56.75043
fp_F_west,1,14,7499.811341373164,556704.6875,4198462.0,1257.71142578125,556637.5,556750.0,4198434.0,4198475.0,1232.1241455078125,1302.57763671875,168.71692,34.927242
fp_F_west,1,15,27659.210614200358,556697.9375,4198535.5,1344.048095703125,556637.5,556750.0,4198475.0,4198714.0,1246.2840576171875,1494.720703125,154.77551,40.086697
fp_F_west,2,14,23326.866293825617,556900.5625,4198457.0,1268.9232177734375,556750.0,557050.0,4198416.0,4198475.0,1232.04296875,1319.7662353515625,15.575836,48.472626
fp_F_west,2,15,110339.39106111042,556897.6875,4198564.0,1384.113037109375,556750.0,557050.0,4198475.0,4198733.5,1240.28564453125,1585.5899658203125,14.564331,42.483025
fp_F_west,3,14,7515.874151366208,557074.3125,4198447.5,1300.7777099609375,557050.0,557137.5,4198410.5,4198475.0,1269.1171875,1343.4168701171875,17.33191,47.8927
fp_F_west,3,15,27743.82563592325,557083.5625,4198564.0,1424.38330078125,557050.0,557137.5,4198475.0,4198703.0,1319.7662353515625,1572.1644287109375,4.3835754,43.594078
fp_F_wj2_che87_T5,24,27,2518.171155403016,563638.0,4202227.0,1903.90234375,563589.9375,563650.0,4202187.5,4202259.0,1891.2249755859375,1923.64990234375,121.41022,57.9018
fp_F_wj2_che87_T5,25,27,60319.55373368389,563777.75,4202316.5,1947.8477783203125,563650.0,563950.0,4202187.5,4202375.0,1900.6475830078125,2085.60546875,123.87866,57.931263
fp_F_wj2_che87_T5,25,28,27711.506961686566,563867.25,4202446.0,1950.560791015625,563747.75,563950.0,4202375.0,4202615.0,1918.6917724609375,2012.330078125,118.80939,62.069885
fp_F_wj2_che87_T5,26,27,67502.98256479777,564128.25,4202327.0,2134.08642578125,563950.0,564250.0,4202187.5,4202375.0,2012.330078125,2247.561279296875,119.095764,56.297737
fp_F_wj2_che87_T5,26,28,107862.16979766326,564069.5,4202551.0,2028.19482421875,563950.0,564250.0,4202375.0,4202675.0,1951.7789306640625,2193.483642578125,118.65314,56.71886
fp_F_wj2_che87_T5,26,29,42493.92507301618,564137.375,4202738.0,2007.8106689453125,564000.5625,564250.0,4202675.0,4202971.0,1962.691650390625,2087.138427734375,118.6918,60.138706
fp_F_wj2_che87_T5,27,27,50958.496907527406,564369.5625,4202321.0,2270.718505859375,564250.0,564550.0,4202187.5,4202375.0,2193.483642578125,2364.25439453125,119.286804,58.374134
fp_F_wj2_che87_T5,27,28,106831.24613993423,564425.75,4202556.5,2224.4697265625,564250.0,564550.0,4202375.0,4202675.0,2087.138427734375,2352.142578125,120.344025,57.258713
fp_F_wj2_che87_T5,27,29,110842.11305391701,564381.0625,4202839.0,2115.014892578125,564250.0,564550.0,4202675.0,4202975.0,2006.1048583984375,2260.850341796875,114.342896,56.201035
fp_F_wj2_che87_T5,27,30,62355.95711256727,564439.0625,4203100.5,2066.50439453125,564253.375,564550.0,4202975.0,4203275.0,2006.6915283203125,2191.30419921875,121.6373,53.44851
fp_F_wj2_che87_T5,27,31,1224.2760719581854,564541.8125,4203284.5,2062.158447265625,564506.1875,564550.0,4203275.0,4203327.0,2050.69140625,2066.822021484375,113.65106,68.390205
fp_F_wj2_che87_T5,28,27,780.5416033802258,564562.75,4202363.5,2363.800048828125,564550.0,564588.1875,4202341.5,4202375.0,2352.142578125,2375.003173828125,121.11865,55.039635
fp_F_wj2_che87_T5,28,28,57798.75260857641,564610.375,4202553.5,2333.85595703125,564550.0,564799.8125,4202375.0,4202675.0,2260.850341796875,2427.546875,114.45755,54.98285
fp_F_wj2_che87_T5,28,29,110693.52105403523,564714.1875,4202838.0,2342.72216796875,564550.0,564850.0,4202675.0,4202975.0,2191.30419921875,2452.1953125,102.911316,54.887024
fp_F_wj2_che87_T5,28,30,118088.67409534528,564694.3125,4203127.5,2233.694580078125,564550.0,564850.0,4202975.0,4203275.0,2066.822021484375,2418.609375,123.57486,49.60066
fp_F_wj2_che87_T5,28,31,79646.71772935265,564735.4375,4203416.5,2136.282958984375,564550.0,564850.0,4203275.0,4203575.0,2058.318115234375,2270.129150390625,120.45569,52.662186
fp_F_wj2_che87_T5,28,32,5985.26562271955,564807.4375,4203610.5,2109.862060546875,564759.0,564850.0,4203575.0,4203683.0,2094.69140625,2150.52294921875,119.90317,54.861618
fp_F_wj2_che87_T5,29,29,22702.64212878923,564910.0,4202924.0,2440.047607421875,564850.0,564962.6875,4202767.5,4202975.0,2411.95849609375,2479.81298828125,124.53995,85.12521
fp_F_wj2_che87_T5,29,30,94576.81354269684,565015.75,4203145.5,2422.326904296875,564850.0,565125.5625,4202975.0,4203275.0,2270.129150390625,2474.868896484375,122.82764,54.672832
fp_F_wj2_che87_T5,29,31,120796.55642220586,565060.8125,4203382.0,2367.130126953125,564850.0,565150.0,4203275.0,4203575.0,2150.52294921875,2467.538330078125,114.162415,52.64851
fp_F_wj2_che87_T5,29,32,91818.54893486483,564984.375,4203663.5,2200.472412109375,564850.0,565150.0,4203575.0,4203875.0,2110.53125,2362.93505859375,135.51715,48.05727
fp_F_wj2_che87_T5,29,33,2436.7185161999364,565128.25,4203892.5,2134.8271484375,565084.6875,565150.0,4203875.0,4203928.0,2119.916259765625,2162.1748046875,139.23944,45.25951
fp_F_wj2_che87_T5,30,31,44246.67554205701,565212.5625,4203496.5,2421.865478515625,565150.0,565288.75,4203319.5,4203575.0,2362.93505859375,2473.823974609375,126.81476,55.895714
fp_F_wj2_che87_T5,30,32,101124.73330982798,565291.5625,4203721.0,2351.50390625,565150.0,565450.0,4203575.0,4203875.0,2162.1748046875,2439.83642578125,133.06458,49.00571
fp_F_wj2_che87_T5,30,33,26447.986443299505,565292.75,4203896.5,2244.55517578125,565150.0,565450.0,4203875.0,4203937.5,2122.390625,2365.51953125,135.80783,45.111088
fp_F_wj2_che87_T5,31,32,30.35913715384027,565450.5,4203874.5,2361.184326171875,565450.0,565451.625,4203872.0,4203875.0,2354.23779296875,2366.052490234375,113.870026,4.477647
fp_F_wj2_che87_T5,31,33,1929.9426803764688,565456.3125,4203898.0,2353.680419921875,565450.0,565485.5,4203875.0,4203937.5,2325.326416015625,2365.681884765625,129.09503,45.73193
fp_F11_bei,0,33,70967.16233839771,556366.9375,4204102.5,1938.1795654296875,556187.375,556450.0,4203918.5,4204175.0,1794.977783203125,2074.27099609375,156.90817,46.479816
fp_F11_bei,0,34,104463.90516366233,556353.5,4204309.5,1753.0343017578125,556183.6875,556450.0,4204175.0,4204475.0,1540.659912109375,1910.604736328125,148.61343,43.446815
fp_F11_bei,0,35,16383.180329491794,556366.9375,4204498.5,1595.9329833984375,556258.625,556450.0,4204475.0,4204575.0,1532.321044921875,1664.764404296875,135.73318,46.450703
fp_F11_bei,1,33,23586.88436938003,556486.625,4204102.5,1975.125244140625,556450.0,556616.625,4203993.5,4204175.0,1910.604736328125,2046.883056640625,156.41171,51.418324
fp_F11_bei,1,34,64834.77986080357,556508.625,4204299.5,1837.1298828125,556450.0,556632.4375,4204175.0,4204475.0,1664.764404296875,1967.34521484375,148.7934,48.767635
fp_F11_bei,1,35,15183.308691050126,556489.5,4204522.5,1666.2550048828125,556450.0,556565.6875,4204475.0,4204604.5,1600.6820068359375,1746.6619873046875,130.74527,45.990242
fp_F11_bei_02,0,36,55945.56181363025,556362.875,4205050.5,1806.3531494140625,556177.6875,556450.0,4204901.0,4205075.0,1582.2183837890625,1921.718994140625,128.91055,36.071712
fp_F11_bei_02,0,37,131793.56243710103,556347.125,4205245.0,1613.3040771484375,556179.0625,556450.0,4205075.0,4205375.0,1367.5045166015625,1893.0693359375,131.20432,34.957638
fp_F11_bei_02,0,38,75199.29354906628,556374.625,4205523.0,1403.596923828125,556236.625,556450.0,4205375.0,4205675.0,1300.4801025390625,1591.317138671875,129.36777,38.237984
fp_F11_bei_02,0,39,2317.174233054626,556413.4375,4205689.0,1309.8060302734375,556386.75,556450.0,4205675.0,4205728.5,1300.177001953125,1340.8001708984375,131.677,50.50643
fp_F11_bei_02,1,36,6534.834308248353,556493.3125,4205065.0,1895.087158203125,556450.0,556556.5,4205012.0,4205075.0,1861.5540771484375,1929.239013671875,154.14508,39.466797
fp_F11_bei_02,1,37,118189.28688077946,556594.0,4205218.5,1819.5999755859375,556450.0,556750.0,4205075.0,4205375.0,1591.317138671875,1917.2774658203125,145.58841,44.809944
fp_F11_bei_02,1,38,131899.95765156086,556599.3125,4205530.5,1569.1781005859375,556450.0,556750.0,4205375.0,4205675.0,1340.8001708984375,1802.5057373046875,138.90634,43.0613
fp_F11_bei_02,1,39,77430.21535778604,556630.375,4205772.5,1409.4510498046875,556450.0,556750.0,4205675.0,4205975.0,1311.1695556640625,1562.242431640625,133.31268,44.58326
fp_F11_bei_02,2,37,43119.496268985706,556853.875,4205325.5,1866.31201171875,556750.0,557050.0,4205189.5,4205375.0,1802.5057373046875,1918.7344970703125,148.31445,56.949604
fp_F11_bei_02,2,38,117497.15830345148,556921.75,4205501.0,1772.95556640625,556750.0,557050.0,4205375.0,4205675.0,1562.242431640625,1913.2335205078125,144.6513,50.804657
fp_F11_bei_02,2,39,120373.46630320975,556875.6875,4205822.0,1539.6905517578125,556750.0,557050.0,4205675.0,4205975.0,1368.9989013671875,1734.867431640625,135.06613,48.555454
fp_F11_bei_02,2,40,49458.97534517743,556931.75,4206036.0,1447.6387939453125,556750.0,557050.0,4205975.0,4206227.5,1366.880859375,1551.5670166015625,131.65591,51.074028
fp_F11_bei_02,3,37,105.30960830625011,557054.8125,4205372.0,1916.3062744140625,557050.0,557064.3125,4205366.5,4205375.0,1913.118408203125,1919.2542724609375,146.11899,57.778473
fp_F11_bei_02,3,38,52828.47665698227,557107.25,4205543.5,1842.4619140625,557050.0,557248.6875,4205375.0,4205675.0,1734.867431640625,1925.1610107421875,136.02881,51.96745
fp_F11_bei_02,3,39,85971.68384877087,557147.875,4205793.5,1720.628662109375,557050.0,557294.375,4205675.0,4205975.0,1551.5670166015625,1841.6566162109375,135.80014,49.811054
fp_F11_bei_02,3,40,54861.46424348817,557105.625,4206122.5,1507.9659423828125,557050.0,557242.125,4205975.0,4206275.0,1422.0841064453125,1675.0576171875,127.2337,50.152992
fp_F11_bei_02,3,41,630.9427510683493,557124.3125,4206280.0,1440.3857421875,557106.9375,557145.6875,4206275.0,4206300.5,1432.560791015625,1456.741943359375,129.55396,51.155712
